GEOID,year,delta_sum_value,zscore_sum_value,delta_n_indicators,zscore_n_indicators,baseline_sum,baseline_n
18011810605,2024,-0.13139403780906833,1.1139954238747878,2,2,1.207981802229563,2
18011810605,2025,-0.44451432370216876,1.0796451867772716,2,2,1.207981802229563,2
18011810605,2026,-0.4832298979632709,1.07044896167738,2,2,1.207981802229563,2
18011810605,2027,-0.5082745735971175,0.9888879592928544,2,2,1.207981802229563,2
18011810605,2028,-0.53815979576761,0.8757852605875521,2,2,1.207981802229563,2
18057110805,2024,-0.7383152819997306,1.5375073746847172,1,1,1.2956483618940313,2
18057110805,2025,-1.0224416709663235,1.5473911127769877,1,1,1.2956483618940313,2
18057110805,2026,-0.5760957134461725,1.5452374322772602,1,1,1.2956483618940313,2
18057110805,2027,-1.0909715669020454,1.5499301317200866,1,1,1.2956483618940313,2
18057110805,2028,-1.123172064338848,1.5512375818742516,1,1,1.2956483618940313,2
18057110807,2024,-0.7383152819997306,1.5375073746847172,1,1,1.2956483618940313,2
18057110807,2025,-1.0224416709663235,1.5473911127769877,1,1,1.2956483618940313,2
18057110807,2026,-0.5760957134461725,1.5452374322772602,1,1,1.2956483618940313,2
18057110807,2027,-1.0909715669020454,1.5499301317200866,1,1,1.2956483618940313,2
18057110807,2028,-1.123172064338848,1.5512375818742516,1,1,1.2956483618940313,2
18057110810,2024,-0.7383152819997306,1.5375073746847172,1,1,1.2956483618940313,2
18057110810,2025,-1.0224416709663235,1.5473911127769877,1,1,1.2956483618940313,2
18057110810,2026,-0.5760957134461725,1.5452374322772602,1,1,1.2956483618940313,2
18057110810,2027,-1.0909715669020454,1.5499301317200866,1,1,1.2956483618940313,2
18057110810,2028,-1.123172064338848,1.5512375818742516,1,1,1.2956483618940313,2
18057110813,2024,-0.7383152819997384,1.5375073746847172,1,1,1.2956483618940322,2
18057110813,2025,-1.0224416709663235,1.5473911127769877,1,1,1.2956483618940322,2
18057110813,2026,-0.5760957134461725,1.5452374322772602,1,1,1.2956483618940322,2
18057110813,2027,-1.0909715669020454,1.5499301317200866,1,1,1.2956483618940322,2
18057110813,2028,-1.123172064338848,1.5512375818742516,1,1,1.2956483618940322,2
18057110822,2024,-0.7383152819997306,1.5375073746847172,1,1,1.2956483618940313,2
18057110822,2025,-1.0224416709663235,1.5473911127769877,1,1,1.2956483618940313,2
18057110822,2026,-0.5760957134461725,1.5452374322772602,1,1,1.2956483618940313,2
18057110822,2027,-1.0909715669020454,1.5499301317200866,1,1,1.2956483618940313,2
18057110822,2028,-1.123172064338848,1.5512375818742516,1,1,1.2956483618940313,2
18057111006,2024,-0.6075062423018829,1.2601941187648762,1,1,1.2255959823782168,1
18057111006,2025,-0.7861757746872261,1.2847811954439736,1,1,1.2255959823782168,1
18057111006,2026,-0.3127377533659294,1.2843045232938997,1,1,1.2255959823782168,1
18057111006,2027,-0.8243021233719385,1.3092673373267227,1,1,1.2255959823782168,1
18057111006,2028,-0.8418296339518894,1.3356413946779655,1,1,1.2255959823782168,1
18057111101,2024,-0.6075062423018829,1.2601941187648762,1,1,1.2255959823782168,1
18057111101,2025,-0.7861757746872261,1.2847811954439736,1,1,1.2255959823782168,1
18057111101,2026,-0.3127377533659294,1.2843045232938997,1,1,1.2255959823782168,1
18057111101,2027,-0.8243021233719385,1.3092673373267227,1,1,1.2255959823782168,1
18057111101,2028,-0.8418296339518894,1.3356413946779655,1,1,1.2255959823782168,1
18057111103,2024,-3.923752369059256,-0.4685912702029066,2,2,1.1815452312766754,2
18057111103,2025,-0.8077394874926513,-0.4584462444620713,2,2,1.1815452312766754,2
18057111103,2026,-0.5074377865775523,-0.45692615417636073,2,2,1.1815452312766754,2
18057111103,2027,-0.8843911181565992,-0.42417449029746523,2,2,1.1815452312766754,2
18057111103,2028,-0.9131511987841744,-0.3768339399758175,2,2,1.1815452312766754,2
18057111104,2024,-0.6075062423018829,1.2601941187648762,1,1,1.2255959823782168,1
18057111104,2025,-0.7861757746872261,1.2847811954439736,1,1,1.2255959823782168,1
18057111104,2026,-0.3127377533659294,1.2843045232938997,1,1,1.2255959823782168,1
18057111104,2027,-0.8243021233719385,1.3092673373267227,1,1,1.2255959823782168,1
18057111104,2028,-0.8418296339518894,1.3356413946779655,1,1,1.2255959823782168,1
18059410801,2024,0.20153798202791903,-0.20316600133647245,1,1,0.855079950343095,2
18059410801,2025,-0.08075170012608196,-0.20401754296501273,1,1,0.855079950343095,2
18059410801,2026,-0.5923428064674942,-0.20670687898133727,1,1,0.855079950343095,2
18059410801,2027,-0.15599970829082585,-0.21656119995118908,1,1,0.855079950343095,2
18059410801,2028,-0.20240514703872425,-0.2351108618446856,1,1,0.855079950343095,2
18059410802,2024,-0.546206236159009,2.1553557765582942,2,2,2.515211899728579,2
18059410802,2025,-1.4014329162111867,2.002845280403875,2,2,2.515211899728579,2
18059410802,2026,-0.9213725918872935,1.9861724957417397,2,2,2.515211899728579,2
18059410802,2027,-1.5188272457802485,1.7886026489868891,2,2,2.515211899728579,2
18059410802,2028,-1.5600949172340057,1.5825058911211554,2,2,2.515211899728579,2
18059410901,2024,0.22989244174531595,-0.20957223208171155,1,1,0.8225455673687342,2
18059410901,2025,-0.06066887787239192,-0.20917402379103645,1,1,0.8225455673687342,2
18059410901,2026,-0.5918516708563427,-0.21186229471609208,1,1,0.8225455673687342,2
18059410901,2027,-0.13597050753517856,-0.22024763988230148,1,1,0.8225455673687342,2
18059410901,2028,-0.1826357352536899,-0.23705697875911144,1,1,0.8225455673687342,2
18059410902,2024,-0.13945571182621866,0.4700657646065306,2,2,0.8477008628339924,2
18059410902,2025,-0.950827310759686,0.3115631048256336,2,2,0.8477008628339924,2
18059410902,2026,2.844289063650203,0.3578911225697184,2,2,0.8477008628339924,2
18059410902,2027,-0.21190744168670944,0.28832111375307323,2,2,0.8477008628339924,2
18059410902,2028,-0.10975397994500448,0.2105081244048242,2,2,0.8477008628339924,2
18063210106,2024,-0.8836977960069708,4.331363564759748,2,2,4.4412420944443864,2
18063210106,2025,-1.9408364268441347,4.181967661776897,2,2,4.4412420944443864,2
18063210106,2026,2.83052505229946,4.231454189863166,2,2,4.4412420944443864,2
18063210106,2027,-1.5600272384570646,4.097722989630913,2,2,4.4412420944443864,2
18063210106,2028,-1.3149448502723642,3.9682730764955565,2,2,4.4412420944443864,2
18063210107,2024,-1.3145437310461052,2.6633182466429357,1,1,2.6660045631368976,1
18063210107,2025,-1.413059422835181,2.670356702423858,1,1,2.6660045631368976,1
18063210107,2026,-0.08426316845917137,2.6726374420803953,1,1,2.6660045631368976,1
18063210107,2027,-1.421687590812725,2.687635421700842,1,1,2.6660045631368976,1
18063210107,2028,-1.4156794700541773,2.710715748487313,1,1,2.6660045631368976,1
18063210108,2024,-0.08786489712448742,2.4204150408832144,2,2,2.511674611208849,2
18063210108,2025,-1.1292606634722664,2.2781646211359674,2,2,2.511674611208849,2
18063210108,2026,2.5222756022280177,2.3241205242725176,2,2,2.511674611208849,2
18063210108,2027,-0.7897848795284109,2.186080894420927,2,2,2.511674611208849,2
18063210108,2028,-0.5781123954612707,2.0413294049458433,2,2,2.511674611208849,2
18063210109,2024,-0.08786489712448742,2.4204150408832144,2,2,2.511674611208849,2
18063210109,2025,-1.1292606634722664,2.2781646211359674,2,2,2.511674611208849,2
18063210109,2026,2.5222756022280177,2.3241205242725176,2,2,2.511674611208849,2
18063210109,2027,-0.7897848795284109,2.186080894420927,2,2,2.511674611208849,2
18063210109,2028,-0.5781123954612707,2.0413294049458433,2,2,2.511674611208849,2
18063210607,2024,-0.5079828665953148,0.3788071682721845,1,1,0.38200013807202743,1
18063210607,2025,-0.4925217944681147,0.3810376943702025,1,1,0.38200013807202743,1
18063210607,2026,-0.17167221180105774,0.3807875116350584,1,1,0.38200013807202743,1
18063210607,2027,-0.5165914418001593,0.38012335434752176,1,1,0.38200013807202743,1
18063210607,2028,-0.5308121279552467,0.375844620040336,1,1,0.38200013807202743,1
18063210608,2024,-0.5079828665953148,0.3788071682721845,1,1,0.38200013807202743,1
18063210608,2025,-0.4925217944681147,0.3810376943702025,1,1,0.38200013807202743,1
18063210608,2026,-0.17167221180105774,0.3807875116350584,1,1,0.38200013807202743,1
18063210608,2027,-0.5165914418001593,0.38012335434752176,1,1,0.38200013807202743,1
18063210608,2028,-0.5308121279552467,0.375844620040336,1,1,0.38200013807202743,1
18063210611,2024,-0.08786489712448742,2.4204150408832144,2,2,2.511674611208849,2
18063210611,2025,-1.1292606634722664,2.2781646211359674,2,2,2.511674611208849,2
18063210611,2026,2.5222756022280177,2.3241205242725176,2,2,2.511674611208849,2
18063210611,2027,-0.7897848795284109,2.186080894420927,2,2,2.511674611208849,2
18063210611,2028,-0.5781123954612707,2.0413294049458433,2,2,2.511674611208849,2
18063210614,2024,-0.507982871608995,0.3788071677451893,1,1,0.38200013807202743,1
18063210614,2025,-0.49252179744424335,0.3810376935040353,1,1,0.38200013807202743,1
18063210614,2026,-0.17167220462870517,0.3807875108073923,1,1,0.38200013807202743,1
18063210614,2027,-0.5165914438861573,0.3801233532288276,1,1,0.38200013807202743,1
18063210614,2028,-0.5308121294945276,0.3758446186442312,1,1,0.38200013807202743,1
18063210616,2024,-0.08786489712448742,2.4204150408832144,2,2,2.511674611208849,2
18063210616,2025,-1.1292606634722664,2.2781646211359674,2,2,2.511674611208849,2
18063210616,2026,2.5222756022280177,2.3241205242725176,2,2,2.511674611208849,2
18063210616,2027,-0.7897848795284109,2.186080894420927,2,2,2.511674611208849,2
18063210616,2028,-0.5781123954612707,2.0413294049458433,2,2,2.511674611208849,2
18063210617,2024,-0.08786489712448742,2.4204150408832144,2,2,2.511674611208849,2
18063210617,2025,-1.1292606634722664,2.2781646211359674,2,2,2.511674611208849,2
18063210617,2026,2.5222756022280177,2.3241205242725176,2,2,2.511674611208849,2
18063210617,2027,-0.7897848795284109,2.186080894420927,2,2,2.511674611208849,2
18063210617,2028,-0.5781123954612707,2.0413294049458433,2,2,2.511674611208849,2
18097310103,2024,NA,4.870416639322499,NA,5,5.53840957775999,5
18097310103,2025,-0.13548866160813972,4.7863862464862486,4,5,5.53840957775999,5
18097310103,2026,-0.12048985533623127,4.74388225120313,4,5,5.53840957775999,5
18097310103,2027,-0.059891700674424585,4.587891995183918,4,5,5.53840957775999,5
18097310103,2028,-0.010823516372227074,4.367233226591105,4,5,5.53840957775999,5
18097310104,2024,-2.0216255617904912,2.649652437826714,5,7,2.175521453786209,7
18097310104,2025,-1.844631540984042,2.4101240991931423,7,7,2.175521453786209,7
18097310104,2026,-0.1360386656890554,2.4067377043722797,7,7,2.175521453786209,7
18097310104,2027,-1.9037242032027195,2.106925646462672,7,7,2.175521453786209,7
18097310104,2028,-1.2090220508327347,1.7989797601887783,7,7,2.175521453786209,7
18097310105,2024,-0.2775967406323206,4.059808732021258,5,7,4.3044688339741555,7
18097310105,2025,0.23982873177296654,4.137314292076586,7,7,4.3044688339741555,7
18097310105,2026,-0.43822713960818915,4.123392147706834,7,7,4.3044688339741555,7
18097310105,2027,0.18498627117908933,4.081081195344619,7,7,4.3044688339741555,7
18097310105,2028,0.1527121689625488,3.9693604550582715,7,7,4.3044688339741555,7
18097310106,2024,1.949426342670511,3.016046773717212,5,7,1.2976852591384613,7
18097310106,2025,1.2231925597524322,2.926791632419446,7,7,1.2976852591384613,7
18097310106,2026,1.4772127241945046,3.0033956312674817,7,7,1.2976852591384613,7
18097310106,2027,2.8436163724060113,2.912514742899119,7,7,1.2976852591384613,7
18097310106,2028,4.277521302093231,2.8155669447779808,7,7,1.2976852591384613,7
18097310108,2024,1.4146894990323156,7.016042128215959,5,7,7.175616572505578,7
18097310108,2025,4.416319033672436,7.697308417318168,7,7,7.175616572505578,7
18097310108,2026,-0.5620442633227951,7.678615088516394,7,7,7.175616572505578,7
18097310108,2027,4.471196903594612,8.264031096245722,7,7,7.175616572505578,7
18097310108,2028,4.419350545800455,8.692777109444966,7,7,7.175616572505578,7
18097310110,2024,0.08059379182533107,0.8826363323556692,5,7,0.7732595152808759,7
18097310110,2025,-0.7487946672998355,0.7497791543216603,7,7,0.7732595152808759,7
18097310110,2026,-1.031340699299087,0.7402331289739641,7,7,0.7732595152808759,7
18097310110,2027,-0.9738154410736611,0.5614094505699718,7,7,0.7732595152808759,7
18097310110,2028,-0.9931670991256103,0.36142281094760165,7,7,0.7732595152808759,7
18097310111,2024,-0.13042700546258246,-0.8994725122703564,5,6,-0.5547289469040322,7
18097310111,2025,-1.5420217503625355,-1.0789516762203653,6,6,-0.5547289469040322,7
18097310111,2026,-1.266593470354112,-1.096854263715717,6,6,-0.5547289469040322,7
18097310111,2027,-1.990293180155287,-1.3180031133857832,6,6,-0.5547289469040322,7
18097310111,2028,-1.952008087015773,-1.5524808021463312,6,6,-0.5547289469040322,7
18097310112,2024,-1.252443175794698,5.803548546736512,4,5,7.6286101812173035,6
18097310112,2025,-3.798643880764332,5.48963173881143,5,5,7.6286101812173035,6
18097310112,2026,1.2248606626078602,5.588381381042048,5,5,7.6286101812173035,6
18097310112,2027,-3.5236740771478536,5.386184496920012,5,5,7.6286101812173035,6
18097310112,2028,-3.0818148885876058,5.284157685682012,5,5,7.6286101812173035,6
18097310113,2024,0.5714404676171843,7.053029917362994,4,4,12.512439700592989,6
18097310113,2025,-1.7388464438024673,6.903069552032638,4,4,12.512439700592989,6
18097310113,2026,3.568603545636983,6.993005628751607,4,4,12.512439700592989,6
18097310113,2027,-0.8736958279532072,6.906379709225352,4,4,12.512439700592989,6
18097310113,2028,-0.5212795516665585,6.847889382959625,4,4,12.512439700592989,6
18097310201,2024,-0.8280838240985074,1.0114692707495994,5,7,1.4276694708669793,7
18097310201,2025,-0.26309991803370236,0.8870058488233015,7,7,1.4276694708669793,7
18097310201,2026,-1.2604948661809587,0.8509012849416105,7,7,1.4276694708669793,7
18097310201,2027,-0.8683379537976732,0.6305525589122659,7,7,1.4276694708669793,7
18097310201,2028,-1.309793785141466,0.3535704288634178,7,7,1.4276694708669793,7
18097310203,2024,-1.3523866414425842,1.856035107412048,5,7,2.5143596948422666,7
18097310203,2025,-2.279530472841884,1.6157128874330007,7,7,2.5143596948422666,7
18097310203,2026,-0.38438918128764366,1.6092749324220597,7,7,2.5143596948422666,7
18097310203,2027,-2.3793889706849316,1.3221997064978532,7,7,2.5143596948422666,7
18097310203,2028,-2.0540074750057067,1.0212564602173464,7,7,2.5143596948422666,7
18097310204,2024,-0.21237289890512778,1.242797569341787,5,7,2.323018382326982,7
18097310204,2025,-0.8489968947991269,1.1157530515410818,7,7,2.323018382326982,7
18097310204,2026,-0.912389188163081,1.100022895791675,7,7,2.323018382326982,7
18097310204,2027,-1.1260174548980264,0.9107951912411246,7,7,2.323018382326982,7
18097310204,2028,-0.9647656858358922,0.6867334683472881,7,7,2.323018382326982,7
18097310305,2024,-1.8633172922585037,-1.596640315273536,5,7,-2.5156469179624152,7
18097310305,2025,-2.360723200558885,-1.6796999358920124,7,7,-2.5156469179624152,7
18097310305,2026,-0.6988755416371217,-1.6883252354226577,7,7,-2.5156469179624152,7
18097310305,2027,-2.786005117034242,-1.8280478069889785,7,7,-2.5156469179624152,7
18097310305,2028,-2.5600010527972503,-1.9952601302184436,7,7,-2.5156469179624152,7
18097310306,2024,-0.870551306040718,-1.408736000028396,5,7,-2.603691497705914,7
18097310306,2025,1.3974714210409294,-1.3127105129394048,7,7,-2.603691497705914,7
18097310306,2026,-1.7029944967224089,-1.3363430767841171,7,7,-2.603691497705914,7
18097310306,2027,1.6170729680575948,-1.3265464399680074,7,7,-2.603691497705914,7
18097310306,2028,1.9012427313111355,-1.3723099430468668,7,7,-2.603691497705914,7
18097310308,2024,0.4755526342836394,-4.66833852016474,5,7,-2.625258371650424,7
18097310308,2025,-2.2215064831118467,-4.857446720026892,7,7,-2.625258371650424,7
18097310308,2026,-1.5187036126332358,-4.812522407179424,7,7,-2.625258371650424,7
18097310308,2027,-2.6070120207760876,-4.824617093879466,7,7,-2.625258371650424,7
18097310308,2028,-2.8404461925459166,-4.7074895150317415,7,7,-2.625258371650424,7
18097310309,2024,-0.1470365867019732,-2.4728273049094263,5,7,-2.8552617244082366,7
18097310309,2025,0.41704607348229294,-2.5622246010471392,7,7,-2.8552617244082366,7
18097310309,2026,-1.999601168771553,-2.5991722925916405,7,7,-2.8552617244082366,7
18097310309,2027,-0.5265404707479253,-2.7386573111565395,7,7,-2.8552617244082366,7
18097310309,2028,-1.2256277899546941,-2.8876674350883302,7,7,-2.8552617244082366,7
18097310310,2024,0.8474946699829342,-1.068054375090415,5,6,1.7005458330228205,7
18097310310,2025,-1.20720485620341,-1.181995101098506,6,6,1.7005458330228205,7
18097310310,2026,-0.09995030499358509,-1.1769399201711592,6,6,1.7005458330228205,7
18097310310,2027,-1.0482127651897912,-1.3080986535495474,6,6,1.7005458330228205,7
18097310310,2028,-0.6983551313296278,-1.4571421871044337,6,6,1.7005458330228205,7
18097310311,2024,0.845223859371548,-3.7716099210711618,5,6,-3.4793262587600258,7
18097310311,2025,-2.8192881245544537,-3.6255389393361384,6,6,-3.4793262587600258,7
18097310311,2026,1.2010765706517685,-3.6063461732918753,6,6,-3.4793262587600258,7
18097310311,2027,-2.4389801848989627,-3.3321292792873423,6,6,-3.4793262587600258,7
18097310311,2028,-2.3127254855671353,-2.9866752654447484,6,6,-3.4793262587600258,7
18097310312,2024,-0.6663053861271188,-0.9369329467033494,5,6,0.14299289488278555,7
18097310312,2025,-0.3899384918758475,-1.1105151188138105,6,6,0.14299289488278555,7
18097310312,2026,-0.9965641615406792,-1.0754703872284423,6,6,0.14299289488278555,7
18097310312,2027,-0.5339176789770745,-1.2358940734335846,6,6,0.14299289488278555,7
18097310312,2028,-0.45243081636536187,-1.3881132408396248,6,6,0.14299289488278555,7
18097320105,2024,-2.467496867807885,2.5750254936520456,4,6,2.4257842199298683,7
18097320105,2025,-0.10466422184606541,2.5094031757466055,6,6,2.4257842199298683,7
18097320105,2026,-0.9261228393256746,2.479040162349757,6,6,2.4257842199298683,7
18097320105,2027,0.28364505362283726,2.3646962385294126,6,6,2.4257842199298683,7
18097320105,2028,1.045897345943092,2.2228793664009796,6,6,2.4257842199298683,7
18097320106,2024,-2.529017061446526,1.7007612275132273,4,6,1.3855269995925976,7
18097320106,2025,-3.934691235787783,1.250038711277062,6,6,1.3855269995925976,7
18097320106,2026,0.40811971247075496,1.2712339622172844,6,6,1.3855269995925976,7
18097320106,2027,-3.600768401187785,0.9052727033788376,6,6,1.3855269995925976,7
18097320106,2028,-2.492586940338948,0.6095928491187027,6,6,1.3855269995925976,7
18097320107,2024,-0.9002321808930454,5.464721091805844,4,6,4.834230738877084,7
18097320107,2025,-3.374888173765246,5.266002773671617,6,6,4.834230738877084,7
18097320107,2026,1.8754877322929684,5.276400380478901,6,6,4.834230738877084,7
18097320107,2027,-2.6430919804476076,5.084539577262117,6,6,4.834230738877084,7
18097320107,2028,-2.0601426015210555,4.888905892134098,6,6,4.834230738877084,7
18097320108,2024,-1.4302696979254081,1.183671839992847,4,6,0.2381413032041777,7
18097320108,2025,1.8936847322637995,1.1908369826354912,6,6,0.2381413032041777,7
18097320108,2026,-3.4790447615146287,1.119257480354447,6,6,0.2381413032041777,7
18097320108,2027,0.27171132676681253,1.0281948189509662,6,6,0.2381413032041777,7
18097320108,2028,-1.0287481783680372,0.908515126978799,6,6,0.2381413032041777,7
18097320109,2024,-1.5596322771694828,1.9493803288354716,4,5,3.043672287135829,7
18097320109,2025,-2.5320123132812853,1.9552856889866574,5,5,3.043672287135829,7
18097320109,2026,-0.8366791948927175,1.907127305986809,5,5,3.043672287135829,7
18097320109,2027,-3.4085096283495537,1.8594485449345735,5,5,3.043672287135829,7
18097320109,2028,-4.15158514747835,1.7825734743005774,5,5,3.043672287135829,7
18097320202,2024,-1.4319069795009554,5.5462868858667616,5,7,6.168716983701492,7
18097320202,2025,-2.6652268958703362,5.241419807426719,7,7,6.168716983701492,7
18097320202,2026,-0.6576030523214597,5.239028139734849,7,7,6.168716983701492,7
18097320202,2027,-2.8429279933566507,4.902370187892615,7,7,6.168716983701492,7
18097320202,2028,-2.396737000579763,4.574983062993827,7,7,6.168716983701492,7
18097320203,2024,0.01537791208661246,2.7133610207683185,3,5,1.4644134239793314,5
18097320203,2025,-1.5561422291936304,2.3596469808022813,5,5,1.4644134239793314,5
18097320203,2026,0.818593683501257,2.4351223720969206,5,5,1.4644134239793314,5
18097320203,2027,-1.3495732708580657,2.159806738563668,5,5,1.4644134239793314,5
18097320203,2028,-0.8927553758191349,1.9548883683227607,5,5,1.4644134239793314,5
18097320204,2024,NA,-0.8338734681709002,NA,5,-1.341089859038355,5
18097320204,2025,-1.4036476996606204,-1.070285425012028,5,5,-1.341089859038355,5
18097320204,2026,-0.7907672745772567,-1.0809570126204606,5,5,-1.341089859038355,5
18097320204,2027,-1.9159764762962292,-1.305330518945826,5,5,-1.341089859038355,5
18097320204,2028,-2.022563187523461,-1.4968150371493611,5,5,-1.341089859038355,5
18097320205,2024,0.5805613358727498,2.3784452840360717,3,5,0.07654702034585419,5
18097320205,2025,0.14118566987951559,2.182913800100968,5,5,0.07654702034585419,5
18097320205,2026,1.9277739597332173,2.5154710429657077,5,5,0.07654702034585419,5
18097320205,2027,2.0232993784178013,2.694404554777237,5,5,0.07654702034585419,5
18097320205,2028,2.6362799225849094,3.1844589581248073,5,5,0.07654702034585419,5
18097320206,2024,0.48101395265250657,-1.5698850776445403,4,6,-2.434120469732383,6
18097320206,2025,0.2180359719539935,-1.811202409715989,6,6,-2.434120469732383,6
18097320206,2026,-0.5588258196936897,-1.8066866107319903,6,6,-2.434120469732383,6
18097320206,2027,0.5883320922465874,-1.996800151317073,6,6,-2.434120469732383,6
18097320206,2028,0.5755524070897884,-2.103269098778371,6,6,-2.434120469732383,6
18097320301,2024,-0.7023350659341041,5.6132970056334415,5,7,6.2056151089533,7
18097320301,2025,-2.3817332222571275,5.284300396304798,7,7,6.2056151089533,7
18097320301,2026,-0.4082671234329867,5.3158001034305435,7,7,6.2056151089533,7
18097320301,2027,-2.343200288146008,5.024492469754044,7,7,6.2056151089533,7
18097320301,2028,-2.192683131348639,4.766213507455313,7,7,6.2056151089533,7
18097320303,2024,-0.40784337021406725,2.4474027994819902,2,4,-0.18470069398827801,5
18097320303,2025,1.5304808417331541,2.4667975294736424,4,4,-0.18470069398827801,5
18097320303,2026,-0.6577048632903695,2.449031398077477,4,4,-0.18470069398827801,5
18097320303,2027,1.7128094132400207,2.3573703582841232,4,4,-0.18470069398827801,5
18097320303,2028,3.158238060247956,2.2089525610417846,4,4,-0.18470069398827801,5
18097320304,2024,NA,3.7995918171818923,NA,4,4.290840678525653,5
18097320304,2025,-0.701288212392442,3.630220737622632,4,4,4.290840678525653,5
18097320304,2026,0.6902541197891896,3.644039246485873,4,4,4.290840678525653,5
18097320304,2027,-0.37494149912252517,3.4777949271799264,4,4,4.290840678525653,5
18097320304,2028,0.006175867026274832,3.317221720491921,4,4,4.290840678525653,5
18097320305,2024,-2.361966307051025,4.911938112471152,5,6,8.53786052141759,7
18097320305,2025,-3.3746034735641155,4.514020171624675,6,6,8.53786052141759,7
18097320305,2026,-1.6551446164411125,4.434637418124033,6,6,8.53786052141759,7
18097320305,2027,-3.928597812269511,3.9556920983953563,6,6,8.53786052141759,7
18097320305,2028,-4.18144414803955,3.410785340772758,6,6,8.53786052141759,7
18097320306,2024,-0.8109632010559851,4.813576207723973,5,6,5.560497381776403,7
18097320306,2025,-1.7705515641094398,4.621226037464124,6,6,5.560497381776403,7
18097320306,2026,-0.42727774530998247,4.6282610199820455,6,6,5.560497381776403,7
18097320306,2027,-1.6138275958483321,4.411006979833633,6,6,5.560497381776403,7
18097320306,2028,-1.3284161883695271,4.200135966010344,6,6,5.560497381776403,7
18097320400,2024,-0.8470600291872763,4.9549276361673735,5,7,4.49652404058619,7
18097320400,2025,-0.7419060023899259,4.900651386719126,7,7,4.49652404058619,7
18097320400,2026,-1.0788695731066016,4.879792092315939,7,7,4.49652404058619,7
18097320400,2027,-0.6674929992203074,4.7565059772025124,7,7,4.49652404058619,7
18097320400,2028,-0.7218915155762294,4.612699155016313,7,7,4.49652404058619,7
18097320500,2024,-0.1531035658307503,5.390124338364575,5,7,5.622665472514802,7
18097320500,2025,-0.2943390135309749,5.447701155900635,7,7,5.622665472514802,7
18097320500,2026,-2.134799192619179,5.350286776987057,7,7,5.622665472514802,7
18097320500,2027,-0.8700362827183695,5.227837217321126,7,7,5.622665472514802,7
18097320500,2028,-1.2140167366755352,5.021232291184935,7,7,5.622665472514802,7
18097320600,2024,-1.6620641948589303,2.499664009017079,5,7,2.952879870939193,7
18097320600,2025,-3.090532329280863,2.223939270457806,7,7,2.952879870939193,7
18097320600,2026,-1.0192034810893105,2.213834479851081,7,7,2.952879870939193,7
18097320600,2027,-3.381751647912028,1.935302279159234,7,7,2.952879870939193,7
18097320600,2028,-3.3755342860359088,1.6768304620458225,7,7,2.952879870939193,7
18097320700,2024,-1.1728384923907085,7.268705463240412,5,7,7.34193170406737,7
18097320700,2025,-2.299220614372314,7.00035669109652,7,7,7.34193170406737,7
18097320700,2026,-0.7655139670579452,6.998679605695559,7,7,7.34193170406737,7
18097320700,2027,-1.8264043798082132,6.725242048703857,7,7,7.34193170406737,7
18097320700,2028,-1.4599822352116867,6.4767695833747805,7,7,7.34193170406737,7
18097320800,2024,-8.166973288150738,5.082879085622542,5,7,8.299436651439617,7
18097320800,2025,-0.7394289804006091,5.162677226444981,7,7,8.299436651439617,7
18097320800,2026,-1.1464784706536701,5.1099544167579145,7,7,8.299436651439617,7
18097320800,2027,-0.871999489826897,5.180269102607941,7,7,8.299436651439617,7
18097320800,2028,-0.9823108593568552,5.223657413505927,7,7,8.299436651439617,7
18097320901,2024,-1.5843247202367121,3.115829427843726,4,6,4.354351234568424,7
18097320901,2025,-1.6960414319348143,2.867442771929309,6,6,4.354351234568424,7
18097320901,2026,-0.2646881197858393,2.866731575531131,6,6,4.354351234568424,7
18097320901,2027,-2.0602392852284126,2.6117539824671727,6,6,4.354351234568424,7
18097320901,2028,-1.8671434975803767,2.356446463922447,6,6,4.354351234568424,7
18097320902,2024,-1.2821820604321583,-0.05342615862184027,4,6,0.012585499653022886,7
18097320902,2025,-1.9380064392802092,-0.1596823985952452,6,6,0.012585499653022886,7
18097320902,2026,-0.10275986872476367,-0.1774184430726854,6,6,0.012585499653022886,7
18097320902,2027,-2.188898470871467,-0.3224837469128209,6,6,0.012585499653022886,7
18097320902,2028,-2.1321133320528514,-0.46995621411798594,6,6,0.012585499653022886,7
18097320903,2024,-9.011061688495612,-4.035254842806402,5,7,-1.2771481336322192,7
18097320903,2025,1.354231749367596,-3.9624599717822484,7,7,-1.2771481336322192,7
18097320903,2026,-3.5294798133988246,-3.936714548308764,7,7,-1.2771481336322192,7
18097320903,2027,0.28623033988107677,-3.7255750192137573,7,7,-1.2771481336322192,7
18097320903,2028,-0.4805078654463881,-3.4274682029185866,7,7,-1.2771481336322192,7
18097321001,2024,-6.124865760170796,-3.6449217722554885,5,7,-4.766329334927736,7
18097321001,2025,0.9058935461683731,-3.478224907695097,7,7,-4.766329334927736,7
18097321001,2026,-0.32630470001799206,-3.4593391915599114,7,7,-4.766329334927736,7
18097321001,2027,2.044090782370242,-3.168760050011623,7,7,-4.766329334927736,7
18097321001,2028,3.9358403203928836,-2.8077767942400844,7,7,-4.766329334927736,7
18097321002,2024,-0.06653960348303875,-0.3180480001339807,5,7,0.2682877827125111,7
18097321002,2025,0.97085236132092,0.03951937457108168,7,7,0.2682877827125111,7
18097321002,2026,-1.5767684330271745,0.003055517529597873,7,7,0.2682877827125111,7
18097321002,2027,0.5561489458290483,0.37822582251725134,7,7,0.2682877827125111,7
18097321002,2028,0.00804491250366245,0.7750228704630263,7,7,0.2682877827125111,7
18097321100,2024,-2.243608336377445,-0.9770872402927302,5,7,-1.3402815511617598,7
18097321100,2025,-0.6266229765124138,-0.9573140484697734,7,7,-1.3402815511617598,7
18097321100,2026,0.1375352875781528,-0.9046490283193045,7,7,-1.3402815511617598,7
18097321100,2027,-0.31898344229878417,-0.7337177562078353,7,7,-1.3402815511617598,7
18097321100,2028,-0.15913086527581963,-0.46667481137325817,7,7,-1.3402815511617598,7
18097321200,2024,-1.1269084144317625,6.389958451340154,4,6,7.039494174225229,7
18097321200,2025,-1.6541299851291924,6.095153179331717,6,6,7.039494174225229,7
18097321200,2026,-0.3553610370183761,6.087321490596362,6,6,7.039494174225229,7
18097321200,2027,-1.6440507658797436,5.768573915660953,6,6,7.039494174225229,7
18097321200,2028,-1.181891691792704,5.443585318955055,6,6,7.039494174225229,7
18097321300,2024,-1.1996855170533163,5.940429098743632,5,6,6.946421381700067,7
18097321300,2025,-1.9909885897505797,5.780948007780766,6,6,6.946421381700067,7
18097321300,2026,-1.1943269853537501,5.73410649567686,6,6,6.946421381700067,7
18097321300,2027,-2.196525370771966,5.4907193363959985,6,6,6.946421381700067,7
18097321300,2028,-2.2821044952106955,5.213932379701734,6,6,6.946421381700067,7
18097321400,2024,-0.2727290714649327,4.959141477197355,5,7,4.5654376645070585,7
18097321400,2025,-1.301469436081479,4.833646332474127,7,7,4.5654376645070585,7
18097321400,2026,-1.766208865987069,4.739071170458724,7,7,4.5654376645070585,7
18097321400,2027,-1.7974275531679578,4.501635160199031,7,7,4.5654376645070585,7
18097321400,2028,-1.4170751362558072,4.314368175689785,7,7,4.5654376645070585,7
18097321600,2024,1.1910570468405373,1.673940780317565,5,7,2.178072709882481,7
18097321600,2025,-0.12800595310735152,1.7375394552830772,7,7,2.178072709882481,7
18097321600,2026,0.3101853186042149,1.7594294331033025,7,7,2.178072709882481,7
18097321600,2027,0.0049651092689378465,1.8053933804289353,7,7,2.178072709882481,7
18097321600,2028,0.34464003134799426,1.8347291744298093,7,7,2.178072709882481,7
18097321700,2024,2.2769345510726064,8.446764386942473,5,7,7.659499793630848,7
18097321700,2025,7.9830620880103265,9.756181637816468,7,7,7.659499793630848,7
18097321700,2026,-1.0420595314089793,9.671242798914909,7,7,7.659499793630848,7
18097321700,2027,7.948822665014382,10.7427814832969,7,7,7.659499793630848,7
18097321700,2028,7.325590184838517,11.560946748874294,7,7,7.659499793630848,7
18097321800,2024,0.07105191766503294,7.14009619930195,5,7,7.962221161784148,7
18097321800,2025,3.0782580465127305,7.523415566991064,7,7,7.962221161784148,7
18097321800,2026,-1.904511269753492,7.418020925895248,7,7,7.962221161784148,7
18097321800,2027,2.0653775320206216,7.610275682666068,7,7,7.962221161784148,7
18097321800,2028,1.746559352335074,7.641788408889729,7,7,7.962221161784148,7
18097321900,2024,-0.4351772451766166,5.676054335900014,5,7,7.001685287029633,7
18097321900,2025,1.8662036537485944,5.623435453904224,7,7,7.001685287029633,7
18097321900,2026,1.1447990488540165,5.608829267148502,7,7,7.001685287029633,7
18097321900,2027,2.6004772420665208,5.486919497577571,7,7,7.001685287029633,7
18097321900,2028,3.282244552231484,5.324034677724268,7,7,7.001685287029633,7
18097322000,2024,-0.019550077442756567,-1.9826281191247628,5,7,-2.118293655486269,7
18097322000,2025,-0.04156886386453848,-2.03447685374959,7,7,-2.118293655486269,7
18097322000,2026,2.2051745600527117,-1.9754847290382487,7,7,-2.118293655486269,7
18097322000,2027,0.3053406004954504,-1.9794071802004845,7,7,-2.118293655486269,7
18097322000,2028,0.1896635965060118,-1.9761557069355165,7,7,-2.118293655486269,7
18097322100,2024,2.1139257003759595,2.486058967503408,5,7,1.836502241697988,7
18097322100,2025,0.28817089800878254,2.798269642167231,7,7,1.836502241697988,7
18097322100,2026,-0.5225166149167338,2.7820763755449995,7,7,1.836502241697988,7
18097322100,2027,0.47870822535708335,3.0802090615471984,7,7,1.836502241697988,7
18097322100,2028,0.16171502203389565,3.376218205700838,7,7,1.836502241697988,7
18097322200,2024,1.3564434865389325,3.230887262961169,5,6,4.119592745687106,7
18097322200,2025,0.6191959863934269,3.434171389261934,6,6,4.119592745687106,7
18097322200,2026,-0.5987712883480737,3.4399470578509495,6,6,4.119592745687106,7
18097322200,2027,1.007890021471712,3.654800955239183,6,6,4.119592745687106,7
18097322200,2028,0.9427161157465805,3.8743041034279653,6,6,4.119592745687106,7
18097322300,2024,0.7173564208216577,4.2868570998673015,5,7,3.251683434186095,7
18097322300,2025,-3.9993510594166457,3.808677252199846,7,7,3.251683434186095,7
18097322300,2026,1.034508932239723,3.994418283793684,7,7,3.251683434186095,7
18097322300,2027,-1.580738710131515,3.918817479287516,7,7,3.251683434186095,7
18097322300,2028,-1.4997939748849947,3.8712997921738483,7,7,3.251683434186095,7
18097322400,2024,1.1272688540322326,2.57225111965739,5,7,2.3240529459679276,7
18097322400,2025,2.1529116810783697,2.929291451482009,7,7,2.3240529459679276,7
18097322400,2026,-1.1678355955283308,2.904935856290764,7,7,2.3240529459679276,7
18097322400,2027,2.143404752667405,3.182969326057011,7,7,2.3240529459679276,7
18097322400,2028,1.8781170795554794,3.4284886030425383,7,7,2.3240529459679276,7
18097322500,2024,0.6173826978789019,-0.2792703339054038,4,6,-2.0585068922246137,7
18097322500,2025,0.26373306027513405,-0.1920814985534246,6,6,-2.0585068922246137,7
18097322500,2026,-0.8527194578017927,-0.18246592712553883,6,6,-2.0585068922246137,7
18097322500,2027,0.13812073293697305,-0.09400791163233174,6,6,-2.0585068922246137,7
18097322500,2028,0.04901599268270389,0.021445017914056563,6,6,-2.0585068922246137,7
18097322600,2024,NA,-4.26356270202287,NA,5,-5.93167712782103,5
18097322600,2025,-0.2928902377607218,-4.387932786263616,5,5,-5.93167712782103,5
18097322600,2026,0.08611476102709324,-4.366841854900297,5,5,-5.93167712782103,5
18097322600,2027,-0.257928772860181,-4.403780195855498,5,5,-5.93167712782103,5
18097322600,2028,-0.49791193425652014,-4.367760696883044,5,5,-5.93167712782103,5
18097322601,2024,1.235155173216552,-2.358821359079229,3,5,-5.2522130834427685,7
18097322601,2025,5.1247487855235505,-2.0369365747993142,5,5,-5.2522130834427685,7
18097322601,2026,-6.071585207425019,-2.264228928982151,5,5,-5.2522130834427685,7
18097322601,2027,2.6147944550336346,-2.182375953515083,5,5,-5.2522130834427685,7
18097322601,2028,0.6470192668973491,-2.2583857361117965,5,5,-5.2522130834427685,7
18097322602,2024,0.21710108161181568,0.07485203322626593,5,6,-0.20200733805592078,7
18097322602,2025,1.2776036553624428,0.16900967065127392,6,6,-0.20200733805592078,7
18097322602,2026,-1.4962730981410457,0.15277730405277257,6,6,-0.20200733805592078,7
18097322602,2027,0.6645594895186184,0.21438457332346364,6,6,-0.20200733805592078,7
18097322602,2028,0.2789678297144221,0.27808204079282156,6,6,-0.20200733805592078,7
18097322700,2024,1.7039758211918137,-4.266198209693386,5,7,-4.689459772580823,7
18097322700,2025,-2.6483407111731947,-4.37400932047627,7,7,-4.689459772580823,7
18097322700,2026,3.3826351132593118,-4.250033825204044,7,7,-4.689459772580823,7
18097322700,2027,0.28630879541725357,-4.03630076602996,7,7,-4.689459772580823,7
18097322700,2028,0.24636898163664708,-3.765073538365752,7,7,-4.689459772580823,7
18097330103,2024,-1.3702757908339467,2.0453294068545844,4,5,2.340204428253122,7
18097330103,2025,-1.7386386293599347,1.9185309647006576,5,5,2.340204428253122,7
18097330103,2026,-0.8007965139091928,1.90966357843872,5,5,2.340204428253122,7
18097330103,2027,-1.9122069447166745,1.7720329987642647,5,5,2.340204428253122,7
18097330103,2028,-1.7107452118615951,1.6351925580309192,5,5,2.340204428253122,7
18097330105,2024,-1.4705422841644242,2.0746902351401126,4,6,1.367926717438485,7
18097330105,2025,-2.460524427242105,1.8559829939412122,6,6,1.367926717438485,7
18097330105,2026,-0.8848432086651938,1.8135408960119181,6,6,1.367926717438485,7
18097330105,2027,-2.8901574960985985,1.5481219509485005,6,6,1.367926717438485,7
18097330105,2028,-2.697298906521008,1.290817661117732,6,6,1.367926717438485,7
18097330106,2024,-1.6132746766463129,0.5684613214491179,4,6,-0.23150653236656812,7
18097330106,2025,-3.218760271964489,0.27247906127021315,6,6,-0.23150653236656812,7
18097330106,2026,-0.6173441831461108,0.25345863817381586,6,6,-0.23150653236656812,7
18097330106,2027,-3.4967451215265952,-0.05577893399371189,6,6,-0.23150653236656812,7
18097330106,2028,-3.245848190842788,-0.3388480764718331,6,6,-0.23150653236656812,7
18097330107,2024,-0.4555050315014026,6.0102496673474395,4,4,3.992370597540043,7
18097330107,2025,-0.9187886199830115,5.955297506474185,4,4,3.992370597540043,7
18097330107,2026,-0.8450134578415391,5.926965314605088,4,4,3.992370597540043,7
18097330107,2027,-1.122593924305813,5.7896032088598695,4,4,3.992370597540043,7
18097330107,2028,-1.2183969528053495,5.606302173189329,4,4,3.992370597540043,7
18097330108,2024,-0.6128643080878522,6.0544530251414805,4,5,5.922893490926565,7
18097330108,2025,1.7593435612881272,5.897418137458068,5,5,5.922893490926565,7
18097330108,2026,0.966932783239367,5.925457318642494,5,5,5.922893490926565,7
18097330108,2027,2.262430408724373,5.8163131375830925,5,5,5.922893490926565,7
18097330108,2028,3.259770699554724,5.747312499735265,5,5,5.922893490926565,7
18097330109,2024,-1.9982823355149708,3.680481509328523,4,6,3.8085292428017588,7
18097330109,2025,-2.8856524460083297,3.29396408080447,6,6,3.8085292428017588,7
18097330109,2026,-0.11993353455883723,3.30597067453393,6,6,3.8085292428017588,7
18097330109,2027,-2.7619161936033065,2.9754017509914865,6,6,3.8085292428017588,7
18097330109,2028,-1.978543603940977,2.6965490354250816,6,6,3.8085292428017588,7
18097330202,2024,NA,-1.668149182840263,NA,4,-4.3258314709667305,5
18097330202,2025,-1.257728729276767,-1.7601917411237564,4,4,-4.3258314709667305,5
18097330202,2026,0.27782658974559826,-1.7383417324199986,4,4,-4.3258314709667305,5
18097330202,2027,-1.3913323780021691,-1.7872679040019839,4,4,-4.3258314709667305,5
18097330202,2028,-1.2787407775897373,-1.8013494036995166,4,4,-4.3258314709667305,5
18097330203,2024,0.4590419353519139,6.4030484045408596,3,4,6.203836934760388,5
18097330203,2025,1.1687530459059847,6.375388190524388,4,4,6.203836934760388,5
18097330203,2026,0.3746075895754363,6.4106998324864914,4,4,6.203836934760388,5
18097330203,2027,1.6379826572386833,6.383560773149526,4,4,6.203836934760388,5
18097330203,2028,2.0900390528024833,6.348200068699704,4,4,6.203836934760388,5
18097330204,2024,0.2271508286813877,1.2431283219716742,5,6,3.3069340184364835,7
18097330204,2025,-2.1334536326658955,1.121851789768995,6,6,3.3069340184364835,7
18097330204,2026,-1.0051623150216038,1.0714371745977198,6,6,3.3069340184364835,7
18097330204,2027,-2.6260257921144228,0.8795598459106547,6,6,3.3069340184364835,7
18097330204,2028,-2.977134097536783,0.65527492553028,6,6,3.3069340184364835,7
18097330206,2024,-0.7654355957879367,3.3480986591179662,3,5,4.007513651699325,5
18097330206,2025,-1.5454530079248052,3.212059957572133,5,5,4.007513651699325,5
18097330206,2026,-0.10530586769437952,3.1745481258164503,5,5,4.007513651699325,5
18097330206,2027,-1.4981060658730503,2.982312923156038,5,5,4.007513651699325,5
18097330206,2028,-1.1787599316805146,2.7542523440256907,5,5,4.007513651699325,5
18097330208,2024,-0.5411873455420896,2.6932217303916564,3,5,3.766125954271296,5
18097330208,2025,-1.0214586947527327,2.5510015005131397,5,5,3.766125954271296,5
18097330208,2026,-0.3925534024463086,2.5209504815462465,5,5,3.766125954271296,5
18097330208,2027,-1.0946538819549358,2.3284136860755718,5,5,3.766125954271296,5
18097330208,2028,-1.0062379150606313,2.114011176779731,5,5,3.766125954271296,5
18097330209,2024,NA,1.4782105606897844,NA,5,2.49114976760848,5
18097330209,2025,-0.9451939307198796,1.4442354388255976,5,5,2.49114976760848,5
18097330209,2026,0.24296452733228505,1.4502906512214473,5,5,2.49114976760848,5
18097330209,2027,-1.157943038107537,1.4044365726361336,5,5,2.49114976760848,5
18097330209,2028,-0.47876921629078667,1.3546440481871622,5,5,2.49114976760848,5
18097330210,2024,1.1091216875172956,0.8439283046206052,4,6,1.13788240718276,7
18097330210,2025,-1.2876810322291103,0.6055731677911881,6,6,1.13788240718276,7
18097330210,2026,-1.0157238620163362,0.6029733114111437,6,6,1.13788240718276,7
18097330210,2027,-1.699830969047557,0.34425134796433887,6,6,1.13788240718276,7
18097330210,2028,-1.535938956040343,0.10466999373536835,6,6,1.13788240718276,7
18097330211,2024,-0.6669234617401427,-1.175621424316696,3,5,-2.1257711689154433,7
18097330211,2025,-2.9200743725563187,-1.4161304902605834,5,5,-2.1257711689154433,7
18097330211,2026,-1.9844769589518616,-1.5974934591678789,5,5,-2.1257711689154433,7
18097330211,2027,-3.998113657851581,-1.9785773945400527,5,5,-2.1257711689154433,7
18097330211,2028,-4.25629135095508,-2.467441266776037,5,5,-2.1257711689154433,7
18097330212,2024,-1.109201634810269,-1.7209589932422094,5,6,0.44651596989254283,7
18097330212,2025,-3.02206791616989,-1.9025283805958342,6,6,0.44651596989254283,7
18097330212,2026,-1.8859118545626685,-1.937856049438163,6,6,0.44651596989254283,7
18097330212,2027,-3.840883001455661,-2.1443647350225175,6,6,0.44651596989254283,7
18097330212,2028,-4.108355100767453,-2.3564856696731846,6,6,0.44651596989254283,7
18097330213,2024,0.5775227393440009,1.7400028122345415,3,4,1.4148471722822031,5
18097330213,2025,-0.7853836099675855,1.8374977581285046,4,4,1.4148471722822031,5
18097330213,2026,0.1237585563026934,1.8298762590608866,4,4,1.4148471722822031,5
18097330213,2027,-0.8962003590728104,1.9239822687316877,4,4,1.4148471722822031,5
18097330213,2028,-1.2805667063260868,2.0166486367160634,4,4,1.4148471722822031,5
18097330401,2024,-1.008479759291001,3.4911047113411096,4,5,5.131120149396582,7
18097330401,2025,-2.7758234852232784,3.2166098635660623,5,5,5.131120149396582,7
18097330401,2026,0.44986415875301233,3.2392091067977447,5,5,5.131120149396582,7
18097330401,2027,-2.580607322060929,3.009379131530711,5,5,5.131120149396582,7
18097330401,2028,-2.2273796551735487,2.8083574653171306,5,5,5.131120149396582,7
18097330500,2024,1.5061329963605843,-2.312784058295457,5,6,-0.308499893120774,7
18097330500,2025,0.7895400519554577,-2.271676245638074,6,6,-0.308499893120774,7
18097330500,2026,-0.5901471892714232,-2.2766493808343,6,6,-0.308499893120774,7
18097330500,2027,0.8590150237012734,-2.2159421598769153,6,6,-0.308499893120774,7
18097330500,2028,0.5404792341110307,-2.1374276710378464,6,6,-0.308499893120774,7
18097330600,2024,0.14598315700043216,-1.433828157805992,5,7,-1.4661048120546214,7
18097330600,2025,-0.1943031661464321,-1.5617998116850687,7,7,-1.4661048120546214,7
18097330600,2026,0.4130872720059176,-1.5293358916125983,7,7,-1.4661048120546214,7
18097330600,2027,0.253910721955222,-1.6381673149315228,7,7,-1.4661048120546214,7
18097330600,2028,0.6810588684637816,-1.7271931173774533,7,7,-1.4661048120546214,7
18097330700,2024,NA,3.2479025947062987,NA,4,-0.12201024433475624,5
18097330700,2025,1.2164931005300457,3.0225881605327447,4,4,-0.12201024433475624,5
18097330700,2026,-0.20549222679104376,3.0108844174055003,4,4,-0.12201024433475624,5
18097330700,2027,1.5679823521771947,2.67381831669461,4,4,-0.12201024433475624,5
18097330700,2028,1.5537538637718622,2.3280460795415965,4,4,-0.12201024433475624,5
18097330701,2024,-2.6531994072486107,-2.219328446564119,3,5,-4.361542922325846,7
18097330701,2025,-6.69229160453142,-2.9669559639407943,5,5,-4.361542922325846,7
18097330701,2026,0.2260658730225167,-2.871590609302612,5,5,-4.361542922325846,7
18097330701,2027,-8.153745032644457,-3.475082372552036,5,5,-4.361542922325846,7
18097330701,2028,-10.363636878809864,-3.9290089791664524,5,5,-4.361542922325846,7
18097330702,2024,1.9403047966893903,-2.7837164788041657,5,6,-1.1923934227436788,7
18097330702,2025,1.4705333402927576,-2.6939279303990986,6,6,-1.1923934227436788,7
18097330702,2026,-0.5292125281251217,-2.709093966724329,6,6,-1.1923934227436788,7
18097330702,2027,1.4608945135553262,-2.6077187904384838,6,6,-1.1923934227436788,7
18097330702,2028,0.4741974245649442,-2.48891072173718,6,6,-1.1923934227436788,7
18097330803,2024,-4.063191180742001,-3.234555572815042,4,6,-5.634088848169106,7
18097330803,2025,-3.546418984359981,-3.3239152866816317,6,6,-5.634088848169106,7
18097330803,2026,-1.172504747675558,-3.3386661667593236,6,6,-5.634088848169106,7
18097330803,2027,-5.311295911980899,-3.4439466356382944,6,6,-5.634088848169106,7
18097330803,2028,-6.173089317371222,-3.526734043136988,6,6,-5.634088848169106,7
18097330804,2024,1.792613374548736,-1.6440142353157894,5,7,-2.4079894719665393,7
18097330804,2025,1.4242088675376756,-1.4322136775294336,7,7,-2.4079894719665393,7
18097330804,2026,-1.7755541015522947,-1.4962340381235903,7,7,-2.4079894719665393,7
18097330804,2027,0.6703590436037145,-1.3785329237370005,7,7,-2.4079894719665393,7
18097330804,2028,-0.1703769433122074,-1.299251672628325,7,7,-2.4079894719665393,7
18097330805,2024,-1.869448789413806,-5.4055732391529245,5,7,-4.841566223728355,7
18097330805,2025,-0.6310822012519877,-4.956057847282571,7,7,-4.841566223728355,7
18097330805,2026,-3.2065228319436407,-5.384413208688143,7,7,-4.841566223728355,7
18097330805,2027,-1.9404584546411046,-5.470584281828159,7,7,-4.841566223728355,7
18097330805,2028,-2.1680660754483623,-5.81014522650562,7,7,-4.841566223728355,7
18097330806,2024,1.8160324062378015,-3.591962130776628,5,7,-4.426193749902852,7
18097330806,2025,2.019418853381045,-3.544064091003114,7,7,-4.426193749902852,7
18097330806,2026,-0.6722080016829617,-3.5395108214247277,7,7,-4.426193749902852,7
18097330806,2027,2.1657945166009753,-3.4936311547845476,7,7,-4.426193749902852,7
18097330806,2028,1.8416282754042161,-3.4385484043688446,7,7,-4.426193749902852,7
18097330900,2024,2.2536354082405987,-4.008591067189777,5,6,-4.280594778351363,7
18097330900,2025,-1.2664201438948357,-4.165967408392737,6,6,-4.280594778351363,7
18097330900,2026,1.6044351255256029,-4.150131526080315,6,6,-4.280594778351363,7
18097330900,2027,-0.5298513153303933,-4.264622053064102,6,6,-4.280594778351363,7
18097330900,2028,-0.16836679399259696,-4.327650671649222,6,6,-4.280594778351363,7
18097331000,2024,0.638675606156626,-4.28619708412187,5,7,-3.898785523080174,7
18097331000,2025,-1.060246374286116,-4.419336600765723,7,7,-3.898785523080174,7
18097331000,2026,0.06556266289947749,-4.406707290325956,7,7,-3.898785523080174,7
18097331000,2027,-0.7799318550814772,-4.514745042982842,7,7,-3.898785523080174,7
18097331000,2028,-0.37294376514277233,-4.587388445239108,7,7,-3.898785523080174,7
18097340101,2024,-1.7205694280948425,0.037846866733101,5,6,1.6024827617069515,7
18097340101,2025,-2.317576132975774,-0.15727960250161727,6,6,1.6024827617069515,7
18097340101,2026,1.1311365196740883,-0.16789748269514243,6,6,1.6024827617069515,7
18097340101,2027,-2.9810495561730597,-0.3826590944163767,6,6,1.6024827617069515,7
18097340101,2028,-2.990498031398767,-0.5987749617627875,6,6,1.6024827617069515,7
18097340102,2024,-0.6573683689120197,-0.1471903000848624,4,6,-1.90472250108223,7
18097340102,2025,1.861602493658982,-0.014423070652153673,6,6,-1.90472250108223,7
18097340102,2026,-1.8359037560403078,-0.042127446453902,6,6,-1.90472250108223,7
18097340102,2027,1.5434626986537656,0.0033058741809701003,6,6,-1.90472250108223,7
18097340102,2028,1.2637653325956646,0.014324116879785923,6,6,-1.90472250108223,7
18097340108,2024,1.5403862964085042,-0.48308693367401867,3,4,-3.9647069964210537,7
18097340108,2025,1.8191909002580455,-0.4813604154428769,4,4,-3.9647069964210537,7
18097340108,2026,-0.5865156406521987,-0.4852918364704849,4,4,-3.9647069964210537,7
18097340108,2027,2.0402217475716755,-0.4892976957157647,4,4,-3.9647069964210537,7
18097340108,2028,1.8134680407666366,-0.47307219061225075,4,4,-3.9647069964210537,7
18097340109,2024,NA,-2.9676035506904874,NA,5,-3.1635912696799084,5
18097340109,2025,-1.694217409468126,-3.2037323551577837,5,5,-3.1635912696799084,5
18097340109,2026,0.9944614974317223,-3.155652839052206,5,5,-3.1635912696799084,5
18097340109,2027,-1.4158137424925485,-3.3030314505315874,5,5,-3.1635912696799084,5
18097340109,2028,-0.6417764674760849,-3.3573384612114094,5,5,-3.1635912696799084,5
18097340110,2024,NA,1.7579309563389467,NA,3,-2.3713912331783353,5
18097340110,2025,-0.3344463044776445,1.7366644351694165,3,3,-2.3713912331783353,5
18097340110,2026,0.6550461914364503,1.755067227171327,3,3,-2.3713912331783353,5
18097340110,2027,-0.17420597686873973,1.694319687652997,3,3,-2.3713912331783353,5
18097340110,2028,0.13882514797996845,1.6314942600692879,3,3,-2.3713912331783353,5
18097340111,2024,-0.3660222358389997,0.5976976808788583,5,6,4.412652220470894,7
18097340111,2025,0.29101102690783237,0.7003572553848273,6,6,4.412652220470894,7
18097340111,2026,-1.011864029541677,0.6731766288009932,6,6,4.412652220470894,7
18097340111,2027,0.2567302078084437,0.707868996077372,6,6,4.412652220470894,7
18097340111,2028,0.6208964400596796,0.6857999006671774,6,6,4.412652220470894,7
18097340112,2024,-0.5968710222192394,-0.16838044053043805,4,6,-0.0012046314879418513,7
18097340112,2025,-1.2566533912491422,-0.2818220461300648,6,6,-0.0012046314879418513,7
18097340112,2026,-0.7662771028436167,-0.2893851316781105,6,6,-0.0012046314879418513,7
18097340112,2027,-1.582271643309208,-0.4349954979243596,6,6,-0.0012046314879418513,7
18097340112,2028,-1.4625876884021614,-0.5860180328319904,6,6,-0.0012046314879418513,7
18097340113,2024,-1.704965897834018,0.9899734687472057,5,6,2.635749977716925,7
18097340113,2025,-5.819050930803227,0.574025585507023,6,6,2.635749977716925,7
18097340113,2026,2.9437794391929177,0.6050874614767301,6,6,2.635749977716925,7
18097340113,2027,-6.950457827565741,0.18880173603804482,6,6,2.635749977716925,7
18097340113,2028,-6.933619741694132,-0.2179202326924462,6,6,2.635749977716925,7
18097340114,2024,-0.1481268452322693,2.1655858105127113,5,6,3.5968265074600163,7
18097340114,2025,-3.219148914431968,1.7502086033073807,6,6,3.5968265074600163,7
18097340114,2026,4.70495518741688,1.8892466452425607,6,6,3.5968265074600163,7
18097340114,2027,-1.9669761109983792,1.6056661010141122,6,6,3.5968265074600163,7
18097340114,2028,-0.5192125218257642,1.4113307812948035,6,6,3.5968265074600163,7
18097340115,2024,2.191477240465561,-0.5295323032969044,3,4,-1.161708777528773,7
18097340115,2025,1.9206081160496784,-0.3530188531268536,4,4,-1.161708777528773,7
18097340115,2026,-0.8889662651328669,-0.3916996396942268,4,4,-1.161708777528773,7
18097340115,2027,1.9094695560492725,-0.2670184394933763,4,4,-1.161708777528773,7
18097340115,2028,1.247860173484686,-0.15748798607645834,4,4,-1.161708777528773,7
18097340201,2024,-1.4859345057249902,-2.894721276016771,4,6,-3.1376256295368785,7
18097340201,2025,-2.2264362535524707,-2.949978591758987,6,6,-3.1376256295368785,7
18097340201,2026,-0.15615797488728955,-2.947632519597357,6,6,-3.1376256295368785,7
18097340201,2027,-2.6799637323988366,-2.980634097641557,6,6,-3.1376256295368785,7
18097340201,2028,-2.3394535588285743,-2.9999440646117885,6,6,-3.1376256295368785,7
18097340202,2024,1.2590086820061492,-0.8453497156963891,4,6,-2.3773703001368665,7
18097340202,2025,2.562887463941051,-0.7290652771930903,6,6,-2.3773703001368665,7
18097340202,2026,-1.5466396350655767,-0.7712511364968165,6,6,-2.3773703001368665,7
18097340202,2027,2.1862123226498897,-0.6932230845976208,6,6,-2.3773703001368665,7
18097340202,2028,1.470032010027835,-0.642990526221869,6,6,-2.3773703001368665,7
18097340300,2024,NA,-0.8935472980969422,NA,5,-1.5357085578952252,5
18097340300,2025,-3.1138293644604276,-1.0257922601478016,4,5,-1.5357085578952252,5
18097340300,2026,-0.21972290507847556,-1.0286497290765197,4,5,-1.5357085578952252,5
18097340300,2027,-3.928167905240879,-1.193596818046768,4,5,-1.5357085578952252,5
18097340300,2028,-4.0891044742585025,-1.35856413848675,4,5,-1.5357085578952252,5
18097340301,2024,0.9917595941027012,-2.2586970688443295,3,5,-3.214894585246479,7
18097340301,2025,0.9643495771821893,-2.202693770854729,5,5,-3.214894585246479,7
18097340301,2026,-1.8662418226727118,-2.3608609445038242,5,5,-3.214894585246479,7
18097340301,2027,-0.0011277335462780702,-2.465300858302342,5,5,-3.214894585246479,7
18097340301,2028,-0.5040580344139949,-2.659141320673091,5,5,-3.214894585246479,7
18097340302,2024,1.5394531846444943,1.0173764756648118,2,4,-2.8047088698658578,7
18097340302,2025,1.824409407065478,1.1718806894291207,4,4,-2.8047088698658578,7
18097340302,2026,1.0841224414560198,1.2027414825498,4,4,-2.8047088698658578,7
18097340302,2027,3.3986072900091084,1.3761489237448046,4,4,-2.8047088698658578,7
18097340302,2028,3.981619572059668,1.6070218992030216,4,4,-2.8047088698658578,7
18097340400,2024,-1.346372497004907,-5.184954668476576,5,7,-4.41409496140843,7
18097340400,2025,3.4210936910239522,-4.8198520185610345,7,7,-4.41409496140843,7
18097340400,2026,-3.6085241946583264,-5.025124081622426,7,7,-4.41409496140843,7
18097340400,2027,2.370796359305411,-4.869879498889252,7,7,-4.41409496140843,7
18097340400,2028,1.279174958922415,-4.876886517868697,7,7,-4.41409496140843,7
18097340500,2024,3.0489270503773844,-2.3703751226554686,5,7,-4.219503517938511,7
18097340500,2025,5.484287484575748,-2.141588824080936,7,7,-4.219503517938511,7
18097340500,2026,-2.1571362189688212,-2.163099042913526,7,7,-4.219503517938511,7
18097340500,2027,4.476362890163553,-1.9927365841439653,7,7,-4.219503517938511,7
18097340500,2028,3.5171718072169997,-1.8462443611660546,7,7,-4.219503517938511,7
18097340600,2024,4.423002522708156,-4.8185462165998265,5,7,-5.021293071551207,7
18097340600,2025,4.176937079558089,-4.669921450687786,7,7,-5.021293071551207,7
18097340600,2026,-1.2869114352070026,-4.681677069685736,7,7,-5.021293071551207,7
18097340600,2027,3.847033644143142,-4.510496656969866,7,7,-5.021293071551207,7
18097340600,2028,2.993496859682396,-4.302133287074161,7,7,-5.021293071551207,7
18097340700,2024,-1.38906502695851,-3.196036942555966,4,6,-4.4190478592199165,7
18097340700,2025,2.4042406618933923,-3.176414877236109,6,6,-4.4190478592199165,7
18097340700,2026,-0.5228258574909058,-3.1734598004114862,6,6,-4.4190478592199165,7
18097340700,2027,2.426737790299673,-3.1403533503960497,6,6,-4.4190478592199165,7
18097340700,2028,2.3759182901959357,-3.086593987665874,6,6,-4.4190478592199165,7
18097340800,2024,1.1206744887011957,0.3415420193504835,4,6,-0.4657984327579234,7
18097340800,2025,0.3719364732265784,0.34170819229182525,6,6,-0.4657984327579234,7
18097340800,2026,-0.11786416367550584,0.3485767203019178,6,6,-0.4657984327579234,7
18097340800,2027,0.5593144277766412,0.3696490841913463,6,6,-0.4657984327579234,7
18097340800,2028,0.45686980653997955,0.4014428889792906,6,6,-0.4657984327579234,7
18097340901,2024,0.2851347379075544,0.3862679624358841,3,5,-0.5462442668848915,7
18097340901,2025,-2.626150371689959,0.04306453052711736,5,5,-0.5462442668848915,7
18097340901,2026,2.5338086708500085,0.17971347332328105,5,5,-0.5462442668848915,7
18097340901,2027,-1.4336461093361474,-0.002131358272304769,5,5,-0.5462442668848915,7
18097340901,2028,0.07427380357108043,-0.06901769277754134,5,5,-0.5462442668848915,7
18097340902,2024,NA,-0.3363448174366951,NA,4,-0.06280206159038756,5
18097340902,2025,1.5530039941732483,-0.1354542371849065,4,4,-0.06280206159038756,5
18097340902,2026,-2.580124777962311,-0.2319726557762283,4,4,-0.06280206159038756,5
18097340902,2027,0.899994256215299,-0.11829875311926843,4,4,-0.06280206159038756,5
18097340902,2028,0.0924637172602584,-0.07556200474647426,4,4,-0.06280206159038756,5
18097340903,2024,0.1462453622389541,0.7204158447782179,3,4,-1.573795376753833,7
18097340903,2025,0.8159035443515834,1.1525038935809622,4,4,-1.573795376753833,7
18097340903,2026,-0.478155766923625,1.1857293594693035,4,4,-1.573795376753833,7
18097340903,2027,0.5956456735442076,1.6175402100187468,4,4,-1.573795376753833,7
18097340903,2028,1.0053494339603084,2.0770530178850084,4,4,-1.573795376753833,7
18097340904,2024,0.26133963098731894,-0.052294598734956066,4,6,-1.5009304365982545,7
18097340904,2025,-0.34946147569211394,-0.031881211352650436,6,6,-1.5009304365982545,7
18097340904,2026,-0.517044325874991,-0.08413450279477336,6,6,-1.5009304365982545,7
18097340904,2027,-0.4511192351822861,-0.11955320468130544,6,6,-1.5009304365982545,7
18097340904,2028,-0.0729328290731509,-0.2085642606298631,6,6,-1.5009304365982545,7
18097341000,2024,0.6920075719226877,1.6676336195487413,4,6,1.2884519406190418,7
18097341000,2025,0.651665417665588,1.7673957938245723,6,6,1.2884519406190418,7
18097341000,2026,-2.627131494459223,1.6314247293962822,6,6,1.2884519406190418,7
18097341000,2027,-0.776095942263436,1.558999115831079,6,6,1.2884519406190418,7
18097341000,2028,-0.19142810326485488,1.5143870436637055,6,6,1.2884519406190418,7
18097341100,2024,2.081614177834684,-5.570463760603172,5,7,-5.81227968182089,7
18097341100,2025,3.422323326007092,-5.143924856016471,7,7,-5.81227968182089,7
18097341100,2026,-2.435041795055928,-5.361278251289273,7,7,-5.81227968182089,7
18097341100,2027,2.597978784197319,-5.179359478146265,7,7,-5.81227968182089,7
18097341100,2028,1.9613982145389757,-5.124297976896031,7,7,-5.81227968182089,7
18097341200,2024,-3.7161970649191294,-6.760452428019652,5,7,-6.438464501256409,7
18097341200,2025,3.067762669986649,-6.4756170956878325,7,7,-6.438464501256409,7
18097341200,2026,-0.7330534283915152,-6.473307295906665,7,7,-6.438464501256409,7
18097341200,2027,3.274469675368641,-6.166710290383538,7,7,-6.438464501256409,7
18097341200,2028,3.26069020203382,-5.833320422099418,7,7,-6.438464501256409,7
18097341600,2024,4.149873530440202,-5.698521475288672,5,7,-5.844069577382927,7
18097341600,2025,3.5344381923921953,-5.503294888099981,7,7,-5.844069577382927,7
18097341600,2026,-0.14746674002238125,-5.476550793130924,7,7,-5.844069577382927,7
18097341600,2027,3.630197778131425,-5.230882631464722,7,7,-5.844069577382927,7
18097341600,2028,3.227758176333819,-4.952183347748451,7,7,-5.844069577382927,7
18097341700,2024,NA,-1.5363676965042032,NA,5,-2.835461161876549,5
18097341700,2025,-2.9702717199732103,-1.4799520004516977,5,5,-2.835461161876549,5
18097341700,2026,3.6784334391636495,-1.489919340214393,5,5,-2.835461161876549,5
18097341700,2027,-2.4041718044852285,-1.4847990086737326,5,5,-2.835461161876549,5
18097341700,2028,-0.6098880736496198,-1.4894099568770753,5,5,-2.835461161876549,5
18097341701,2024,5.331414300880503,-5.839367339641249,4,6,-6.655245283303918,7
18097341701,2025,1.867217263866794,-5.709578770904796,6,6,-6.655245283303918,7
18097341701,2026,5.902844008108712,-5.752968935141144,6,6,-6.655245283303918,7
18097341701,2027,2.380307961620499,-5.576129933300036,6,6,-6.655245283303918,7
18097341701,2028,2.078120599917002,-5.307586347304529,6,6,-6.655245283303918,7
18097341702,2024,0.8102656487101045,-2.382254021499533,4,5,-2.7503085982894087,7
18097341702,2025,1.3295550780469305,-2.2612704796108143,5,5,-2.7503085982894087,7
18097341702,2026,-0.6050073430350387,-2.2485747406483343,5,5,-2.7503085982894087,7
18097341702,2027,0.03387436158904922,-2.0570054596971086,5,5,-2.7503085982894087,7
18097341702,2028,-0.5589771127741172,-1.8627725623800682,5,5,-2.7503085982894087,7
18097341902,2024,-0.5052954662582861,-1.604287222727094,4,5,0.12089532169967139,7
18097341902,2025,-1.5391154944272916,-1.7271504759307044,5,5,0.12089532169967139,7
18097341902,2026,-0.06510128991137465,-1.7187096347827355,5,5,0.12089532169967139,7
18097341902,2027,-1.6250693556854605,-1.8308076302547072,5,5,0.12089532169967139,7
18097341902,2028,-0.9474758355115455,-1.9365958979582172,5,5,0.12089532169967139,7
18097341903,2024,-0.009545217605141876,-3.986679659108858,4,6,-5.3788733779350375,7
18097341903,2025,-0.712402647383042,-4.352829023712398,6,6,-5.3788733779350375,7
18097341903,2026,-1.0790080804343924,-4.331352153344869,6,6,-5.3788733779350375,7
18097341903,2027,-0.9065226789161088,-4.5917596900559,6,6,-5.3788733779350375,7
18097341903,2028,-0.8805019777192593,-4.753941398388124,6,6,-5.3788733779350375,7
18097341904,2024,4.138621913167329,0.2892615281125079,4,6,-1.487412860180204,7
18097341904,2025,4.466176161237624,0.8173686416256958,6,6,-1.487412860180204,7
18097341904,2026,0.03882785426230739,0.8060082394192283,6,6,-1.487412860180204,7
18097341904,2027,5.412476385500892,1.3824618544753573,6,6,-1.487412860180204,7
18097341904,2028,4.925666684946858,1.964213571797135,6,6,-1.487412860180204,7
18097342000,2024,-1.2895005632814422,-1.4385754049344117,4,6,-1.4624418937760701,6
18097342000,2025,-4.442141203890948,-1.6626766043622043,6,6,-1.4624418937760701,6
18097342000,2026,0.03548454511875191,-1.654615305185278,6,6,-1.4624418937760701,6
18097342000,2027,-5.702280576885972,-1.8317277596643753,6,6,-1.4624418937760701,6
18097342000,2028,-6.096924828084822,-1.9788382624918943,6,6,-1.4624418937760701,6
18097342101,2024,0.9307731389059541,-1.803234032513299,3,5,-2.486730821935323,7
18097342101,2025,2.8225236928166666,-1.627663329892408,5,5,-2.486730821935323,7
18097342101,2026,-3.924358788716889,-1.767946711598292,5,5,-2.486730821935323,7
18097342101,2027,1.3489090221316746,-1.7667297767847827,5,5,-2.486730821935323,7
18097342101,2028,0.3408294165249948,-1.8838709361237265,5,5,-2.486730821935323,7
18097342200,2024,2.1490472643717884,-2.1640352821227165,4,6,-3.1694387687538326,7
18097342200,2025,-1.2943348702118715,-2.426808739459215,6,6,-3.1694387687538326,7
18097342200,2026,3.269662779013787,-2.2584543807114943,6,6,-3.1694387687538326,7
18097342200,2027,0.7922760116269156,-2.3464392838123587,6,6,-3.1694387687538326,7
18097342200,2028,2.524699482675392,-2.315983374585893,6,6,-3.1694387687538326,7
18097342300,2024,2.4687840741374476,-1.0937086161560103,4,6,-2.1373342036513807,7
18097342300,2025,3.2740724574064326,-1.0557967392472876,6,6,-2.1373342036513807,7
18097342300,2026,-0.5463955308383074,-1.0728670988253695,6,6,-2.1373342036513807,7
18097342300,2027,3.8877662742735706,-1.095494461037742,6,6,-2.1373342036513807,7
18097342300,2028,3.9889625853564614,-1.1531106338854666,6,6,-2.1373342036513807,7
18097342400,2024,0.737035215036728,-3.199843353755967,4,6,-2.75234842845052,7
18097342400,2025,-0.8577312661137462,-3.4324883353926126,6,6,-2.75234842845052,7
18097342400,2026,-0.30894736441570936,-3.4296104324884835,6,6,-2.75234842845052,7
18097342400,2027,-0.844482111894991,-3.6217705020499937,6,6,-2.75234842845052,7
18097342400,2028,-0.7032513818059934,-3.778661024777142,6,6,-2.75234842845052,7
18097342500,2024,1.0649782854433723,-1.8500206352075867,4,6,-1.9260908974676152,7
18097342500,2025,2.32118992966209,-1.8916500228983149,6,6,-1.9260908974676152,7
18097342500,2026,-0.4772862158569412,-1.8852368867981284,6,6,-1.9260908974676152,7
18097342500,2027,2.796713013267662,-1.9369853041666918,6,6,-1.9260908974676152,7
18097342500,2028,3.5345199816037454,-1.9988275381162972,6,6,-1.9260908974676152,7
18097342600,2024,1.443331213327118,-2.8881693348649256,4,6,-5.232131180999144,7
18097342600,2025,0.28807363369507866,-2.87470746214041,6,6,-5.232131180999144,7
18097342600,2026,-0.6656522691358616,-2.8624484346780465,6,6,-5.232131180999144,7
18097342600,2027,0.05886239585741508,-2.810701273743588,6,6,-5.232131180999144,7
18097342600,2028,-0.22120733769036333,-2.7266777358275753,6,6,-5.232131180999144,7
18097350100,2024,-0.7450033081701257,-4.658392070018619,5,7,-4.436419199200579,7
18097350100,2025,1.2352965377431748,-4.412332144272987,7,7,-4.436419199200579,7
18097350100,2026,1.1662846206675634,-4.410236476633273,7,7,-4.436419199200579,7
18097350100,2027,1.1201825839007085,-4.1432364615843635,7,7,-4.436419199200579,7
18097350100,2028,0.45448306763515445,-3.870096094531937,7,7,-4.436419199200579,7
18097350300,2024,0.9242225336176434,-2.9214456922259107,5,7,-4.489204698255791,7
18097350300,2025,2.922380584709758,-2.715018199422871,7,7,-4.489204698255791,7
18097350300,2026,-0.0913768080157406,-2.722608447303446,7,7,-4.489204698255791,7
18097350300,2027,2.8158088034251083,-2.5541822764607853,7,7,-4.489204698255791,7
18097350300,2028,2.208158916376767,-2.3898702269089713,7,7,-4.489204698255791,7
18097350400,2024,1.2907296817424507,0.1757512898787949,5,7,-0.36199979181323994,7
18097350400,2025,1.1376361321856046,0.3733315367753824,7,7,-0.36199979181323994,7
18097350400,2026,-0.9265529575142789,0.36731699334081364,7,7,-0.36199979181323994,7
18097350400,2027,0.988803937362451,0.5534314830675551,7,7,-0.36199979181323994,7
18097350400,2028,0.5833400724492134,0.7480747119199953,7,7,-0.36199979181323994,7
18097350500,2024,-0.21792406335444964,-7.642862491386203,5,7,-7.145939380119184,7
18097350500,2025,6.287463272131449,-7.34336668662017,7,7,-7.145939380119184,7
18097350500,2026,-4.3925458450495425,-7.383368572564637,7,7,-7.145939380119184,7
18097350500,2027,4.443642865912813,-7.0686370665812985,7,7,-7.145939380119184,7
18097350500,2028,3.0819136345469924,-6.738696364544272,7,7,-7.145939380119184,7
18097350600,2024,4.674885243574258,-5.688596033665421,5,7,-5.076331023057774,7
18097350600,2025,2.420416159917858,-5.613589557107094,7,7,-5.076331023057774,7
18097350600,2026,0.4432325221561139,-5.5836821902563845,7,7,-5.076331023057774,7
18097350600,2027,2.966224229931316,-5.444776181225561,7,7,-5.076331023057774,7
18097350600,2028,3.2386240548390157,-5.248378630028736,7,7,-5.076331023057774,7
18097350700,2024,2.6289151204871843,-6.350786871996813,5,7,-6.695006191726534,7
18097350700,2025,3.318614152962859,-6.2872010203837325,7,7,-6.695006191726534,7
18097350700,2026,-0.27908078708682676,-6.260269670634841,7,7,-6.695006191726534,7
18097350700,2027,3.232153644311056,-6.107290428617013,7,7,-6.695006191726534,7
18097350700,2028,3.007353707451958,-5.87404758691678,7,7,-6.695006191726534,7
18097350800,2024,4.362598171561186,-5.859350072963222,5,7,-7.4458668446557015,7
18097350800,2025,6.6591144091729495,-5.220152516873603,7,7,-7.4458668446557015,7
18097350800,2026,2.208619844297303,-5.1849987868616445,7,7,-7.4458668446557015,7
18097350800,2027,7.614477249042804,-4.487358939925932,7,7,-7.4458668446557015,7
18097350800,2028,7.9809357440034745,-3.7513958098512137,7,7,-7.4458668446557015,7
18097350900,2024,5.266905280650054,3.508631443037103,5,7,2.8607311288053525,7
18097350900,2025,7.317849527147846,4.889018391098345,7,7,2.8607311288053525,7
18097350900,2026,-3.3274612938802117,4.690451123219198,7,7,2.8607311288053525,7
18097350900,2027,7.488260710959755,5.762841130594942,7,7,2.8607311288053525,7
18097350900,2028,6.181266063010061,6.578589207594982,7,7,2.8607311288053525,7
18097351000,2024,0.8999267430561314,-4.774831318899456,4,7,-3.6745695538462617,6
18097351000,2025,1.1849934256222374,-4.683877873847715,7,7,-3.6745695538462617,6
18097351000,2026,-0.9027992288865282,-4.671677387499503,7,7,-3.6745695538462617,6
18097351000,2027,0.6845621186886959,-4.488754992158276,7,7,-3.6745695538462617,6
18097351000,2028,-0.23065316693648358,-4.233865542949397,7,7,-3.6745695538462617,6
18097351200,2024,1.2573100666084964,-5.140871913799286,5,7,-5.666821975814136,7
18097351200,2025,1.1419761200757665,-4.881281469325599,7,7,-5.666821975814136,7
18097351200,2026,4.591785878407482,-4.815950153583112,7,7,-5.666821975814136,7
18097351200,2027,3.2287341286655074,-4.457844893782071,7,7,-5.666821975814136,7
18097351200,2028,4.458942528211022,-4.061151849616659,7,7,-5.666821975814136,7
18097351500,2024,0.8167401285619896,0.017929556390693907,5,7,-1.2407698885362648,7
18097351500,2025,2.6735394491134836,0.35261430716816494,7,7,-1.2407698885362648,7
18097351500,2026,0.5642771418551417,0.36901230186953854,7,7,-1.2407698885362648,7
18097351500,2027,2.9264012627258644,0.6884190935170956,7,7,-1.2407698885362648,7
18097351500,2028,2.5496743797799626,1.002752056929013,7,7,-1.2407698885362648,7
18097351600,2024,1.835210048524239,5.363458262596637,5,6,5.2040991854014775,7
18097351600,2025,3.173527272453639,6.014477238702681,6,6,5.2040991854014775,7
18097351600,2026,-1.211145384257766,5.985307504708568,6,6,5.2040991854014775,7
18097351600,2027,3.319751928464867,6.549746025141483,6,6,5.2040991854014775,7
18097351600,2028,1.973757021986228,6.84923812120786,6,6,5.2040991854014775,7
18097351700,2024,0.1436574026186052,0.5145440636626838,5,7,-0.04052049677339889,7
18097351700,2025,4.701668619771814,1.5446673231192258,7,7,-0.04052049677339889,7
18097351700,2026,-0.61170023395852,1.533600444747137,7,7,-0.04052049677339889,7
18097351700,2027,5.4307542331519105,2.458955247869965,7,7,-0.04052049677339889,7
18097351700,2028,5.110677538064539,3.2693645137982683,7,7,-0.04052049677339889,7
18097351900,2024,4.341238586120394,-3.791267511134216,4,6,-5.262120796191646,7
18097351900,2025,4.7737324131910395,-3.576904791299693,6,6,-5.262120796191646,7
18097351900,2026,-2.000753070019776,-3.676332751864402,6,6,-5.262120796191646,7
18097351900,2027,4.165337291237958,-3.5839078756231304,6,6,-5.262120796191646,7
18097351900,2028,3.660046301963421,-3.5164026197894023,6,6,-5.262120796191646,7
18097352100,2024,3.4353731187645877,-8.080422680908875,5,7,-8.952786556644696,7
18097352100,2025,4.561209430417531,-7.997742272088585,7,7,-8.952786556644696,7
18097352100,2026,-3.180191268097201,-7.979063076324663,7,7,-8.952786556644696,7
18097352100,2027,2.6039143691442166,-7.78991536336693,7,7,-8.952786556644696,7
18097352100,2028,0.8737755557655933,-7.51655641335639,7,7,-8.952786556644696,7
18097352300,2024,0.8081711945832344,-7.511371336282893,5,7,-8.040383810925675,7
18097352300,2025,0.49508538203461205,-7.379109802125314,7,7,-8.040383810925675,7
18097352300,2026,-0.4906773679436292,-7.369774265617835,7,7,-8.040383810925675,7
18097352300,2027,0.15366449854246927,-7.1741289931256125,7,7,-8.040383810925675,7
18097352300,2028,0.11939370408126554,-6.922002555533337,7,7,-8.040383810925675,7
18097352400,2024,1.71841779888124,-4.218627669132153,4,6,-5.376582097970409,7
18097352400,2025,0.5155316328962308,-4.274522496491173,6,6,-5.376582097970409,7
18097352400,2026,-1.326924235198069,-4.369333030878197,6,6,-5.376582097970409,7
18097352400,2027,0.01982218135301149,-4.52162082687993,6,6,-5.376582097970409,7
18097352400,2028,0.1835061626827647,-4.698518033740145,6,6,-5.376582097970409,7
18097352500,2024,-0.7293232644836691,-1.8336696297925896,5,6,-0.9588740996382359,7
18097352500,2025,0.35376672881924276,-1.9427270043320173,6,6,-0.9588740996382359,7
18097352500,2026,2.3150052086099118,-1.9372791979570505,6,6,-0.9588740996382359,7
18097352500,2027,0.7305635227802544,-2.0252424763147667,6,6,-0.9588740996382359,7
18097352500,2028,1.1145809812023362,-2.0795986836710143,6,6,-0.9588740996382359,7
18097352600,2024,-4.223589322260597,-5.216880367019672,5,7,-5.058260164019768,7
18097352600,2025,4.082951864671874,-4.942954398207092,7,7,-5.058260164019768,7
18097352600,2026,1.1637964751222658,-4.9268219741626575,7,7,-5.058260164019768,7
18097352600,2027,3.6404880274095386,-4.603790779024986,7,7,-5.058260164019768,7
18097352600,2028,3.043910689948449,-4.269624791168389,7,7,-5.058260164019768,7
18097352700,2024,-1.258640725765704,-2.966560996020602,5,7,-1.9462330706664548,7
18097352700,2025,7.26628731793518,-2.246860161926183,7,7,-1.9462330706664548,7
18097352700,2026,-3.2759701505432988,-2.4321901727390354,7,7,-1.9462330706664548,7
18097352700,2027,5.2509665188550185,-1.9023276921354098,7,7,-1.9462330706664548,7
18097352700,2028,2.544952544441468,-1.537757892179655,7,7,-1.9462330706664548,7
18097352800,2024,3.0265980207967136,-2.1769226749826696,4,6,-4.000245358795914,7
18097352800,2025,1.085643293269206,-1.6738948590840697,6,6,-4.000245358795914,7
18097352800,2026,2.135198971331152,-1.7524197594282225,6,6,-4.000245358795914,7
18097352800,2027,2.182934000588083,-1.3850070225486313,6,6,-4.000245358795914,7
18097352800,2028,2.9813436449643556,-1.0851854014350313,6,6,-4.000245358795914,7
18097353300,2024,-1.1229860964421874,3.9923438797070028,5,7,3.0249077981838974,7
18097353300,2025,-1.7640716210446332,3.785696581837582,7,7,3.0249077981838974,7
18097353300,2026,1.9169600461776497,3.8213982228037993,7,7,3.0249077981838974,7
18097353300,2027,-1.0858445734299023,3.6699651849892323,7,7,3.0249077981838974,7
18097353300,2028,-0.6992504713035903,3.601776731550322,7,7,3.0249077981838974,7
18097353500,2024,1.0580479737016917,6.317147291547345,5,7,3.8488176225440207,7
18097353500,2025,3.9863827397147595,6.465144042305202,7,7,3.8488176225440207,7
18097353500,2026,-3.954076369942906,6.506799368238092,7,7,3.8488176225440207,7
18097353500,2027,2.4218502795540413,6.5590699275374735,7,7,3.8488176225440207,7
18097353500,2028,2.2452092124863894,6.687529524028192,7,7,3.8488176225440207,7
18097353600,2024,0.33558413761922407,-1.393552757803275,4,6,-2.5808011692023856,7
18097353600,2025,1.482783728954526,-1.0960413274120115,6,6,-2.5808011692023856,7
18097353600,2026,1.1814346115852687,-1.0717996079344674,6,6,-2.5808011692023856,7
18097353600,2027,2.1553007490614373,-0.7541453690399403,6,6,-2.5808011692023856,7
18097353600,2028,2.1624170773539424,-0.4175677581947469,6,6,-2.5808011692023856,7
18097354200,2024,NA,2.93313465707513,NA,5,2.4720103353303324,5
18097354200,2025,-0.08562057118825431,2.8875574171270184,5,5,2.4720103353303324,5
18097354200,2026,-0.22455437562442812,2.877871703755644,5,5,2.4720103353303324,5
18097354200,2027,-0.035724615362330125,2.7905664471113294,5,5,2.4720103353303324,5
18097354200,2028,0.10518977286898146,2.6945460428402503,5,5,2.4720103353303324,5
18097354201,2024,-0.9275587103520102,5.2265835090787585,4,5,5.7121500482318694,7
18097354201,2025,-3.693845574129232,4.75228776294464,5,5,5.7121500482318694,7
18097354201,2026,5.412192715682248,5.025633338613501,5,5,5.7121500482318694,7
18097354201,2027,-1.7183489944401267,4.7934544605423115,5,5,5.7121500482318694,7
18097354201,2028,0.21320008538033003,4.780313004121087,5,5,5.7121500482318694,7
18097354202,2024,-0.47621949473920233,5.404814867199286,4,5,4.555035013414455,7
18097354202,2025,1.3842853862060052,5.827004114858342,5,5,4.555035013414455,7
18097354202,2026,1.7392506307436892,5.838594894575398,5,5,4.555035013414455,7
18097354202,2027,1.4755248109354404,6.25412246595129,5,5,4.555035013414455,7
18097354202,2028,1.4766035684696144,6.596583717846143,5,5,4.555035013414455,7
18097354400,2024,-0.8967191613032799,2.215480710035831,4,6,2.325925121027243,7
18097354400,2025,-2.039193343542523,2.1709132836149694,6,6,2.325925121027243,7
18097354400,2026,1.712730848031826,2.234100451228442,6,6,2.325925121027243,7
18097354400,2027,-1.7478274171493413,2.309506494799418,6,6,2.325925121027243,7
18097354400,2028,-1.7445905727119841,2.4631231069753117,6,6,2.325925121027243,7
18097354500,2024,-1.7989609770379091,-2.766656901384148,5,7,-3.014007013260785,7
18097354500,2025,0.29125532676932536,-2.795368250266868,7,7,-3.014007013260785,7
18097354500,2026,2.422832180579692,-2.7791702082742553,7,7,-3.014007013260785,7
18097354500,2027,0.6585017391626934,-2.750805159094806,7,7,-3.014007013260785,7
18097354500,2028,0.8252855135254495,-2.6667343568789548,7,7,-3.014007013260785,7
18097354700,2024,7.8706642972109835,-3.832524838782816,5,7,-5.952445576047696,7
18097354700,2025,2.212406476385263,-3.558133811635449,7,7,-5.952445576047696,7
18097354700,2026,2.550734873654166,-3.5238349445429957,7,7,-5.952445576047696,7
18097354700,2027,2.898399269478864,-3.1749970992981877,7,7,-5.952445576047696,7
18097354700,2028,2.7493632484976547,-2.7794179177997123,7,7,-5.952445576047696,7
18097354800,2024,0.6958502524586687,-5.12728729894111,5,7,-5.012003849704257,7
18097354800,2025,3.1935360861618967,-4.688126950111964,7,7,-5.012003849704257,7
18097354800,2026,1.6890437123489817,-4.694987906971661,7,7,-5.012003849704257,7
18097354800,2027,3.8443663788119626,-4.200043016442662,7,7,-5.012003849704257,7
18097354800,2028,3.59463827415057,-3.6632399759484335,7,7,-5.012003849704257,7
18097354900,2024,0.8648561323727832,-3.494011381828634,5,7,-4.798333015299164,7
18097354900,2025,2.8874637893832844,-3.3593477736374213,7,7,-4.798333015299164,7
18097354900,2026,2.575719849190011,-3.335361696946139,7,7,-4.798333015299164,7
18097354900,2027,3.7345054117381844,-3.1749854413634586,7,7,-4.798333015299164,7
18097354900,2028,3.8517649413348587,-2.9924934006674033,7,7,-4.798333015299164,7
18097355000,2024,0.4192371827474661,-6.4806266810850355,5,7,-7.008855686595932,7
18097355000,2025,2.4112112867814703,-6.239482661400085,7,7,-7.008855686595932,7
18097355000,2026,1.323763444027236,-6.258442842689546,7,7,-7.008855686595932,7
18097355000,2027,1.9938574095255839,-5.972758321197859,7,7,-7.008855686595932,7
18097355000,2028,0.9758670107942878,-5.66122514262052,7,7,-7.008855686595932,7
18097355100,2024,0.6209920853376705,-1.9205836565977479,5,7,-3.449920344377342,7
18097355100,2025,1.676538476483888,-1.72691990165338,7,7,-3.449920344377342,7
18097355100,2026,2.3230949182804315,-1.7180028765574398,7,7,-3.449920344377342,7
18097355100,2027,2.0252134141078293,-1.573164748371365,7,7,-3.449920344377342,7
18097355100,2028,2.1823248687844554,-1.4385958505019172,7,7,-3.449920344377342,7
18097355300,2024,-0.22492418356420527,-1.4177096161604401,5,7,-1.7796317512921445,7
18097355300,2025,0.782162677950229,-1.4974555392371567,7,7,-1.7796317512921445,7
18097355300,2026,2.760341081773052,-1.4688575337196426,7,7,-1.7796317512921445,7
18097355300,2027,1.4714937560468815,-1.4789255127989218,7,7,-1.7796317512921445,7
18097355300,2028,1.7820000355811931,-1.4246330106289664,7,7,-1.7796317512921445,7
18097355400,2024,-0.5726388529489765,-4.847477758342755,5,7,-5.277271687530498,7
18097355400,2025,-0.3683073659696591,-5.067863630930056,7,7,-5.277271687530498,7
18097355400,2026,2.7919901350705114,-5.035025048502612,7,7,-5.277271687530498,7
18097355400,2027,0.29279919439795277,-5.13814929452781,7,7,-5.277271687530498,7
18097355400,2028,0.7280916778099162,-5.134705894332564,7,7,-5.277271687530498,7
18097355500,2024,-0.26033362805232646,-1.7872429757641561,5,7,-1.7899552602540643,7
18097355500,2025,1.4207743858523405,-1.5858217568337871,7,7,-1.7899552602540643,7
18097355500,2026,2.7681450722719543,-1.6121071399290365,7,7,-1.7899552602540643,7
18097355500,2027,2.0756505259517866,-1.4321390273138324,7,7,-1.7899552602540643,7
18097355500,2028,2.266020114388015,-1.2603407631273906,7,7,-1.7899552602540643,7
18097355600,2024,-0.894544136351959,-3.5485670723046203,5,7,-3.9320534297001015,7
18097355600,2025,1.997805116354634,-3.410096617172457,7,7,-3.9320534297001015,7
18097355600,2026,1.2222337051920211,-3.4166482922154042,7,7,-3.9320534297001015,7
18097355600,2027,2.220842329838699,-3.278579849302694,7,7,-3.9320534297001015,7
18097355600,2028,2.2276403001311325,-3.122527580579247,7,7,-3.9320534297001015,7
18097355700,2024,-3.3654534538115053,-3.135735520954745,5,7,-3.024472113024557,7
18097355700,2025,0.7293139683093581,-2.921156369780125,7,7,-3.024472113024557,7
18097355700,2026,1.1126005240670425,-2.908347892507281,7,7,-3.024472113024557,7
18097355700,2027,0.885221618186253,-2.664718479368281,7,7,-3.024472113024557,7
18097355700,2028,1.000980761468673,-2.398806782125061,7,7,-3.024472113024557,7
18097355900,2024,2.793666577696247,3.6331371271482844,5,7,2.3920021501930706,7
18097355900,2025,4.474154039401936,4.351851427777555,7,7,2.3920021501930706,7
18097355900,2026,2.445604897989782,4.4363346321609525,7,7,2.3920021501930706,7
18097355900,2027,6.12784976219981,5.222434631290661,7,7,2.3920021501930706,7
18097355900,2028,6.244613941193212,6.03746987655942,7,7,2.3920021501930706,7
18097356200,2024,0.5449302572527888,2.98173505094835,5,7,0.911058575117869,7
18097356200,2025,1.932122234421856,3.569028550032917,7,7,0.911058575117869,7
18097356200,2026,3.0276508716544295,3.617489539708776,7,7,0.911058575117869,7
18097356200,2027,2.542798088313025,4.296198255846568,7,7,0.911058575117869,7
18097356200,2028,2.813476697757487,4.940722461907239,7,7,0.911058575117869,7
18097356400,2024,0.7336906889704626,-1.9796191058181825,5,7,-3.2439018789842664,7
18097356400,2025,4.446286721307332,-1.6243380814645068,7,7,-3.2439018789842664,7
18097356400,2026,-1.296973650387248,-1.6530040073734558,7,7,-3.2439018789842664,7
18097356400,2027,3.9545981672135397,-1.3685365820258362,7,7,-3.2439018789842664,7
18097356400,2028,3.4796489629106033,-1.1314725379138646,7,7,-3.2439018789842664,7
18097356900,2024,-0.19823670956884626,-3.1210521769690254,4,6,-3.015739153270079,6
18097356900,2025,-1.1315020438934607,-3.1440169541961867,6,6,-3.015739153270079,6
18097356900,2026,4.581534407189295,-3.0954048261579334,6,6,-3.015739153270079,6
18097356900,2027,-0.20348840064932866,-3.003644574189585,6,6,-3.015739153270079,6
18097356900,2028,0.10046686376548736,-2.8267017386817535,6,6,-3.015739153270079,6
18097357000,2024,1.1594376637052344,0.4915991996257478,5,6,-0.08501396882557383,7
18097357000,2025,2.607269248839178,0.7562245331854058,6,6,-0.08501396882557383,7
18097357000,2026,3.3749580855655963,0.7946178122760549,6,6,-0.08501396882557383,7
18097357000,2027,3.8885446622635778,1.1559651707506564,6,6,-0.08501396882557383,7
18097357000,2028,3.9576414802565147,1.581365355076418,6,6,-0.08501396882557383,7
18097357100,2024,2.189764700492191,1.6797189414090756,5,7,-0.00721295410254566,7
18097357100,2025,6.137592967765491,2.8340544343153353,7,7,-0.00721295410254566,7
18097357100,2026,0.8508935994706227,2.7968693995385543,7,7,-0.00721295410254566,7
18097357100,2027,6.2799339100537255,3.6957271252046606,7,7,-0.00721295410254566,7
18097357100,2028,5.86543360830289,4.388690099842253,7,7,-0.00721295410254566,7
18097357200,2024,2.4179606594887266,-2.1314833489871483,5,7,-2.5432168928834984,7
18097357200,2025,3.846839253587714,-1.3350536334148595,7,7,-2.5432168928834984,7
18097357200,2026,-0.7720599063200014,-1.4694520192912661,7,7,-2.5432168928834984,7
18097357200,2027,3.324555705906186,-0.8911377188567413,7,7,-2.5432168928834984,7
18097357200,2028,2.1253747172983335,-0.4250294430841534,7,7,-2.5432168928834984,7
18097357300,2024,1.9499217538019997,-4.167616662947671,5,7,-4.301083051051959,7
18097357300,2025,-4.058231774320475,-4.670280355521582,7,7,-4.301083051051959,7
18097357300,2026,8.064354055486628,-4.5215138966999,7,7,-4.301083051051959,7
18097357300,2027,-0.9147668465461318,-4.7565694723271426,7,7,-4.301083051051959,7
18097357300,2028,1.6927322563845362,-4.812639009454897,7,7,-4.301083051051959,7
18097357400,2024,-0.7934038085438728,-3.734734049879798,5,7,-3.3432002102408362,7
18097357400,2025,-1.2468562921303392,-3.8819916167849127,7,7,-3.3432002102408362,7
18097357400,2026,1.2332955260888916,-3.8698023014016245,7,7,-3.3432002102408362,7
18097357400,2027,-1.2558829844508643,-3.979088897434355,7,7,-3.3432002102408362,7
18097357400,2028,-0.8345525562888136,-4.041830775223833,7,7,-3.3432002102408362,7
18097357500,2024,0.6528207925445095,-0.03878308006956631,4,6,1.6660634755070998,7
18097357500,2025,2.4703826701931773,0.15225472941975943,6,6,1.6660634755070998,7
18097357500,2026,-1.5832921709066126,0.026661959323883766,6,6,1.6660634755070998,7
18097357500,2027,1.6035659923850776,0.05459358410922824,6,6,1.6660634755070998,7
18097357500,2028,1.06385242582343,0.003193363058195134,6,6,1.6660634755070998,7
18097357600,2024,NA,-1.4448411526395413,NA,4,-4.218575312549728,5
18097357600,2025,-0.7122687391575722,-1.5150626946321966,4,4,-4.218575312549728,5
18097357600,2026,-0.1804367356671262,-1.5204121558521488,4,4,-4.218575312549728,5
18097357600,2027,-0.8060410409075021,-1.5887766143983817,4,4,-4.218575312549728,5
18097357600,2028,-0.7315627145726828,-1.637297846570864,4,4,-4.218575312549728,5
18097357601,2024,0.34294105896208216,-1.610019205962141,4,6,-2.7346392001177042,7
18097357601,2025,0.16210493808828624,-1.6434819713894577,6,6,-2.7346392001177042,7
18097357601,2026,1.8060152931849776,-1.7113223034673657,6,6,-2.7346392001177042,7
18097357601,2027,0.779277772175673,-1.8129788534861735,6,6,-2.7346392001177042,7
18097357601,2028,1.6097571232417838,-1.939799848375721,6,6,-2.7346392001177042,7
18097357602,2024,0.5699869059831001,-2.935418792871236,3,5,-4.7752584453493325,7
18097357602,2025,2.318899800271875,-2.2962462344257126,5,5,-4.7752584453493325,7
18097357602,2026,0.43789585728311975,-2.622231499525223,5,5,-4.7752584453493325,7
18097357602,2027,2.087637724034867,-2.2966641480439467,5,5,-4.7752584453493325,7
18097357602,2028,2.2800430139583105,-2.227300239149276,5,5,-4.7752584453493325,7
18097357800,2024,-0.3254384069496073,-3.66966804684071,5,7,-4.052251064986874,7
18097357800,2025,-0.4328609140262337,-3.6898046151304147,7,7,-4.052251064986874,7
18097357800,2026,3.167429025690388,-3.6635727697962572,7,7,-4.052251064986874,7
18097357800,2027,0.2581807061315406,-3.5845048815042557,7,7,-4.052251064986874,7
18097357800,2028,0.6694882654030341,-3.406564389235375,7,7,-4.052251064986874,7
18097357900,2024,-0.5826504816750481,-3.5927455044209764,5,7,-4.144824387433595,7
18097357900,2025,0.6976233224034718,-3.345778133390454,7,7,-4.144824387433595,7
18097357900,2026,3.002688501581973,-3.3329783088163145,7,7,-4.144824387433595,7
18097357900,2027,1.25129042530101,-3.0401803371685125,7,7,-4.144824387433595,7
18097357900,2028,1.4297551464661056,-2.7145770104613924,7,7,-4.144824387433595,7
18097358000,2024,-3.896235163743025,-1.1331421234375787,4,6,-0.2572248528995258,6
18097358000,2025,-0.7059138515617461,-0.9529164915084749,6,6,-0.2572248528995258,6
18097358000,2026,3.761830128938061,-0.9186131198639653,6,6,-0.2572248528995258,6
18097358000,2027,-0.29939439355221525,-0.7001828699342872,6,6,-0.2572248528995258,6
18097358000,2028,0.04317588810435813,-0.44981676520950553,6,6,-0.2572248528995258,6
18097358100,2024,0.4771297678125757,-2.168000240285175,5,7,-1.4732882765206499,7
18097358100,2025,-1.010140468989236,-2.3544654025638954,7,7,-1.4732882765206499,7
18097358100,2026,-1.2470855019159897,-2.3506035890365524,7,7,-1.4732882765206499,7
18097358100,2027,-1.1618109585344893,-2.51004080904495,7,7,-1.4732882765206499,7
18097358100,2028,-1.3204627314160264,-2.6215933965466967,7,7,-1.4732882765206499,7
18097360101,2024,4.746504825251927,-4.424648012235864,5,7,-5.770454776186479,7
18097360101,2025,5.07337268075832,-4.197777468313273,7,7,-5.770454776186479,7
18097360101,2026,-1.0368294751249811,-4.193814045652942,7,7,-5.770454776186479,7
18097360101,2027,5.2643799774227675,-3.960105603956704,7,7,-5.770454776186479,7
18097360101,2028,4.914942022471106,-3.6979018170856857,7,7,-5.770454776186479,7
18097360102,2024,2.508970546172054,-8.287035784314076,5,7,-7.905463289228616,7
18097360102,2025,2.5534825270717487,-8.299879152106117,7,7,-7.905463289228616,7
18097360102,2026,-1.9472356885955133,-8.302431959045341,7,7,-7.905463289228616,7
18097360102,2027,1.7669554101267815,-8.243289820326138,7,7,-7.905463289228616,7
18097360102,2028,1.5165941321160628,-8.101166334655709,7,7,-7.905463289228616,7
18097360201,2024,-1.1124693374406327,-3.2839184748397323,5,7,-4.505819715954956,7
18097360201,2025,-1.8868317493891869,-3.478466439484484,7,7,-4.505819715954956,7
18097360201,2026,-0.0051219304796203645,-3.4402398450389495,7,7,-4.505819715954956,7
18097360201,2027,-1.9366446059168814,-3.5813117697046835,7,7,-4.505819715954956,7
18097360201,2028,-1.5332307854900067,-3.686143082554236,7,7,-4.505819715954956,7
18097360202,2024,-2.668254070923895,-5.8920379788917945,5,6,-3.9073520261636547,7
18097360202,2025,-3.4691046791441646,-5.972986744200254,6,6,-3.9073520261636547,7
18097360202,2026,-0.577896916984215,-5.98117575225572,6,6,-3.9073520261636547,7
18097360202,2027,-5.535988603370579,-6.0186638156141505,6,6,-3.9073520261636547,7
18097360202,2028,-7.025198780494006,-6.025632186669265,6,6,-3.9073520261636547,7
18097360301,2024,-0.31783775208167847,-4.4405327343354175,5,6,-3.176456584593136,7
18097360301,2025,-3.486029874766686,-4.606581025641695,6,6,-3.176456584593136,7
18097360301,2026,-0.1912758650808572,-4.605118656377325,6,6,-3.176456584593136,7
18097360301,2027,-4.396541471917964,-4.73253281532104,6,6,-3.176456584593136,7
18097360301,2028,-4.426469453936298,-4.8215654034589726,6,6,-3.176456584593136,7
18097360302,2024,1.6952205656712989,-4.283431120324755,5,7,-5.188566307046968,7
18097360302,2025,0.9071459129177945,-4.038552695483378,7,7,-5.188566307046968,7
18097360302,2026,-1.3913486198665692,-4.07687181326955,7,7,-5.188566307046968,7
18097360302,2027,0.5474044579929892,-3.9024086047820363,7,7,-5.188566307046968,7
18097360302,2028,0.360598429823512,-3.7429337771823104,7,7,-5.188566307046968,7
18097360401,2024,-1.7638076481313476,-1.3995271824629867,5,7,-2.135598309483366,7
18097360401,2025,-2.9642447674690113,-1.5719161536207298,7,7,-2.135598309483366,7
18097360401,2026,1.9337314511746917,-1.5755695509297374,7,7,-2.135598309483366,7
18097360401,2027,-3.228364766030908,-1.7314568208603416,7,7,-2.135598309483366,7
18097360401,2028,-3.922431226324461,-1.923241978440086,7,7,-2.135598309483366,7
18097360402,2024,8.49225274134269,0.2057059050194721,4,5,-1.1093021296195964,7
18097360402,2025,-0.6474280800766297,0.1440236931373604,5,5,-1.1093021296195964,7
18097360402,2026,-1.0615754949976153,0.12995978124238183,5,5,-1.1093021296195964,7
18097360402,2027,-0.7817199552235987,-0.006520439002918349,5,5,-1.1093021296195964,7
18097360402,2028,-0.6305706920073432,-0.1555931276059849,5,5,-1.1093021296195964,7
18097360404,2024,NA,-1.8033011495269478,NA,4,-4.549473163839268,5
18097360404,2025,-1.6965273037791433,-1.8722583209298673,4,4,-4.549473163839268,5
18097360404,2026,-0.15967106555211727,-1.8493740406094183,4,4,-4.549473163839268,5
18097360404,2027,-2.005020541647509,-1.9117505271067583,4,4,-4.549473163839268,5
18097360404,2028,-1.6652656133070036,-1.9302507935454567,4,4,-4.549473163839268,5
18097360405,2024,-1.066679755940424,-1.3636593807321291,5,6,0.5129604904088194,7
18097360405,2025,-1.0115348579879624,-1.5215174313673703,6,6,0.5129604904088194,7
18097360405,2026,2.4254843925203997,-1.476326750254255,6,6,0.5129604904088194,7
18097360405,2027,-0.3009281916819971,-1.5344168522543762,6,6,0.5129604904088194,7
18097360405,2028,-0.06478968792907652,-1.5899494291354423,6,6,0.5129604904088194,7
18097360406,2024,0.5685754352195136,1.4447899821814996,2,3,-3.6956972235532612,7
18097360406,2025,-0.7741242451173603,1.1569167446269857,3,3,-3.6956972235532612,7
18097360406,2026,0.2679386303769135,1.2499405717088776,3,3,-3.6956972235532612,7
18097360406,2027,-0.5269469215944088,1.0156108112599453,3,3,-3.6956972235532612,7
18097360406,2028,-0.05727836153552943,0.8708320441727772,3,3,-3.6956972235532612,7
18097360407,2024,1.1998426785459138,-1.7254584907181907,5,6,-1.0063286941065863,7
18097360407,2025,0.9993565062081966,-1.721949113734902,6,6,-1.0063286941065863,7
18097360407,2026,-1.2825872981335709,-1.768478017992694,6,6,-1.0063286941065863,7
18097360407,2027,1.1167357513569232,-1.8434682225198138,6,6,-1.0063286941065863,7
18097360407,2028,0.8759697520587387,-1.9515571682013337,6,6,-1.0063286941065863,7
18097360501,2024,1.589581342991379,0.008645153182551685,5,7,0.6612546804709105,7
18097360501,2025,-0.7944968770377143,-0.25580824182361567,7,7,0.6612546804709105,7
18097360501,2026,3.9514565173337513,-0.17706164474566888,7,7,0.6612546804709105,7
18097360501,2027,1.174832426603324,-0.29376274682998166,7,7,0.6612546804709105,7
18097360501,2028,2.083778347667731,-0.3953357339478212,7,7,0.6612546804709105,7
18097360502,2024,-0.8891925535120294,-0.9842269673901209,5,7,1.5167567909087492,7
18097360502,2025,-2.6745490238513985,-1.2846816371952534,7,7,1.5167567909087492,7
18097360502,2026,3.361842924451351,-1.2217092848208428,7,7,1.5167567909087492,7
18097360502,2027,-1.605331258743319,-1.4168559977924917,7,7,1.5167567909087492,7
18097360502,2028,-0.9187328465987877,-1.5988681191034688,7,7,1.5167567909087492,7
18097360601,2024,0.88116661918103,-1.6187353522235934,5,7,-0.6912414878845816,7
18097360601,2025,-0.40538234220158925,-1.7372155673042555,7,7,-0.6912414878845816,7
18097360601,2026,-0.6054064928471923,-1.7315970178204836,7,7,-0.6912414878845816,7
18097360601,2027,-0.23564497758947275,-1.8088230410060557,7,7,-0.6912414878845816,7
18097360601,2028,0.11155228559144884,-1.852020525608996,7,7,-0.6912414878845816,7
18097360602,2024,-0.02896446667845455,-2.122026285829358,5,7,-2.151340652496213,7
18097360602,2025,-1.9864228319363717,-2.3750389544635,7,7,-2.151340652496213,7
18097360602,2026,-1.0547612321129032,-2.3765474399356865,7,7,-2.151340652496213,7
18097360602,2027,-2.6208563058747463,-2.613428808913717,7,7,-2.151340652496213,7
18097360602,2028,-2.4076726944811857,-2.811898528874768,7,7,-2.151340652496213,7
18097360700,2024,1.5517504779491937,0.32332427602626307,5,7,1.2494896090877752,7
18097360700,2025,0.5699061175668866,0.27121700174997465,7,7,1.2494896090877752,7
18097360700,2026,-0.1246606424212493,0.3057322457107906,7,7,1.2494896090877752,7
18097360700,2027,0.8121235641771763,0.31658621532790177,7,7,1.2494896090877752,7
18097360700,2028,0.9453965351375521,0.3663486323125903,7,7,1.2494896090877752,7
18097360800,2024,-0.03372740514658035,-4.294965227605894,5,7,-4.917687558804789,7
18097360800,2025,-1.594379557525987,-4.511818109208494,7,7,-4.917687558804789,7
18097360800,2026,-0.8138677122557348,-4.496266107035865,7,7,-4.917687558804789,7
18097360800,2027,-1.8252719423775836,-4.646241004688142,7,7,-4.917687558804789,7
18097360800,2028,-1.6516518391939385,-4.720716227523203,7,7,-4.917687558804789,7
18097360900,2024,1.8503492172394294,-1.6619251313716756,5,7,-1.8110142775732485,7
18097360900,2025,5.038118428985156,-1.5579347607320102,7,7,-1.8110142775732485,7
18097360900,2026,-7.408352250569398,-1.558732336192392,7,7,-1.8110142775732485,7
18097360900,2027,6.20395156705154,-1.6222982885786466,7,7,-1.8110142775732485,7
18097360900,2028,0.5496937566336877,-1.7130249282544197,6,7,-1.8110142775732485,7
18097361000,2024,1.2490333084684448,1.0016688792451132,5,6,3.395335336125042,7
18097361000,2025,0.8273288099642262,0.9757753039522001,6,6,3.395335336125042,7
18097361000,2026,-1.6408865658217968,0.9698000234937817,6,6,3.395335336125042,7
18097361000,2027,0.4973067046805432,0.9578441095455548,6,6,3.395335336125042,7
18097361000,2028,0.4339016583855245,0.9630327413513772,6,6,3.395335336125042,7
18097361100,2024,1.3267335627610488,2.2932705280785317,4,6,0.14523929971667104,7
18097361100,2025,2.2703945922272637,2.4032612613365507,6,6,0.14523929971667104,7
18097361100,2026,-0.36449967096237085,2.401364744743635,6,6,0.14523929971667104,7
18097361100,2027,2.704466221655012,2.474394436550236,6,6,0.14523929971667104,7
18097361100,2028,2.792944649422352,2.515881764392903,6,6,0.14523929971667104,7
18097361200,2024,1.8053222996743934,0.11773628884475365,4,6,-1.579538339536697,7
18097361200,2025,1.099500606701251,0.24731302173732525,6,6,-1.579538339536697,7
18097361200,2026,-1.3353958380933564,0.16434205896200857,6,6,-1.579538339536697,7
18097361200,2027,0.6448637361398918,0.20635696711430312,6,6,-1.579538339536697,7
18097361200,2028,0.09012251456826792,0.19250949483959018,6,6,-1.579538339536697,7
18097361300,2024,0.597778665561293,-2.1667072720955525,5,7,-3.4502218843082724,7
18097361300,2025,1.6698948584154336,-2.154384870750303,7,7,-3.4502218843082724,7
18097361300,2026,-0.6444701506126147,-2.1495006094712004,7,7,-3.4502218843082724,7
18097361300,2027,2.2956699642948726,-2.1061019230882794,7,7,-3.4502218843082724,7
18097361300,2028,3.1373758326383236,-2.0387578568422557,7,7,-3.4502218843082724,7
18097361400,2024,NA,0.12113312020684597,NA,5,-0.7069282505789524,5
18097361400,2025,0.17281255760751058,0.09874613517897524,5,5,-0.7069282505789524,5
18097361400,2026,-0.763441372907843,0.08311332306839403,5,5,-0.7069282505789524,5
18097361400,2027,-0.18896938904672195,0.050743572604970866,5,5,-0.7069282505789524,5
18097361400,2028,-0.4821653158429263,0.020247459465637885,5,5,-0.7069282505789524,5
18097361401,2024,-1.6594287606571565,0.5716608003759004,4,5,2.649881118258626,7
18097361401,2025,-3.6908210188643644,0.4665875220215135,5,5,2.649881118258626,7
18097361401,2026,-0.6928959722240802,0.3885630279451817,5,5,2.649881118258626,7
18097361401,2027,-4.527421410716794,0.15145266826786763,5,5,2.649881118258626,7
18097361401,2028,-4.157458032568256,-0.1364648777703088,5,5,2.649881118258626,7
18097361402,2024,1.5369559400159771,0.3777986250813121,5,7,-0.013149340901818574,7
18097361402,2025,3.3538030716774068,0.4792994510164369,7,7,-0.013149340901818574,7
18097361402,2026,-2.317321617358484,0.47905106642162626,7,7,-0.013149340901818574,7
18097361402,2027,2.7906095347142896,0.5603846053305553,7,7,-0.013149340901818574,7
18097361402,2028,1.7514521061330546,0.63794183074903,7,7,-0.013149340901818574,7
18097361600,2024,NA,0.10643304182554841,NA,5,2.112888803567735,5
18097361600,2025,-1.8476207579860333,-0.07524980732043819,5,5,2.112888803567735,5
18097361600,2026,3.076923320461706,-0.07290883618806299,5,5,2.112888803567735,5
18097361600,2027,-0.4980652326380115,-0.23230869579625554,5,5,2.112888803567735,5
18097361600,2028,1.1437958616933703,-0.37774869670314715,5,5,2.112888803567735,5
18097361601,2024,0.17050422524357292,1.335497499468351,5,6,4.813869662937571,7
18097361601,2025,6.455481682859588,2.211983238195655,6,6,4.813869662937571,7
18097361601,2026,5.867519252611749,2.595355690893058,6,6,4.813869662937571,7
18097361601,2027,8.044468451157625,4.567326359249313,6,6,4.813869662937571,7
18097361601,2028,3.5363715597984293,5.541991624981512,6,6,4.813869662937571,7
18097361602,2024,-4.639610458467246,2.131074291160385,4,4,2.235109335780274,7
18097361602,2025,2.9589451644051485,2.522863246696251,4,4,2.235109335780274,7
18097361602,2026,-12.774691218587773,1.9565373623844091,4,4,2.235109335780274,7
18097361602,2027,-2.778451791282733,1.7625316970016185,4,4,2.235109335780274,7
18097361602,2028,-8.137505816554166,1.1600115437139817,4,4,2.235109335780274,7
18097370201,2024,-1.1010379953103953,0.7455795457014092,5,7,0.21683538192337087,7
18097370201,2025,-0.07174129736402601,1.1661163340085472,7,7,0.21683538192337087,7
18097370201,2026,-1.3617079763013695,1.1702255073980872,7,7,0.21683538192337087,7
18097370201,2027,-1.2421322012071543,1.46342496915433,7,7,0.21683538192337087,7
18097370201,2028,-1.3234443406068037,1.6743775369462532,7,7,0.21683538192337087,7
18097370202,2024,NA,-0.7484739724405582,NA,5,-0.9804990923847917,5
18097370202,2025,-0.9714035208623426,-0.8417656518907446,5,5,-0.9804990923847917,5
18097370202,2026,0.1573878039318048,-0.8340693617874472,5,5,-0.9804990923847917,5
18097370202,2027,-1.0487503467103225,-0.9122488484500985,5,5,-0.9804990923847917,5
18097370202,2028,-0.9871881692411892,-0.9623648016482932,5,5,-0.9804990923847917,5
18097370203,2024,2.0631669678370343,-0.37836553138826773,3,4,-0.7232349327580545,7
18097370203,2025,0.3197725409804698,-0.4571850463929977,4,4,-0.7232349327580545,7
18097370203,2026,1.1148445845396773,-0.3974684510234021,4,4,-0.7232349327580545,7
18097370203,2027,1.203719984383162,-0.4597692401313721,4,4,-0.7232349327580545,7
18097370203,2028,2.146284157262415,-0.48773453676103373,4,4,-0.7232349327580545,7
18097370204,2024,-0.716440867823204,0.38056083361111886,4,5,1.619723145512025,7
18097370204,2025,2.5886373718246505,-0.030073810724971506,5,5,1.619723145512025,7
18097370204,2026,-1.5141734703111913,0.0888532548123879,5,5,1.619723145512025,7
18097370204,2027,0.9707276977105442,-0.17771690096435966,5,5,1.619723145512025,7
18097370204,2028,-0.4469559869500955,-0.3343934585673514,5,5,1.619723145512025,7
18097370301,2024,NA,1.6730938884888897,NA,4,2.698398536832934,5
18097370301,2025,1.4412788799118625,2.01339035006663,4,4,2.698398536832934,5
18097370301,2026,0.5679893543756035,2.041334460156434,4,4,2.698398536832934,5
18097370301,2027,1.8693998069974835,2.3733096867727053,4,4,2.698398536832934,5
18097370301,2028,2.5362308240408638,2.7169551042376345,4,4,2.698398536832934,5
18097370302,2024,NA,0.06597344521829301,NA,4,0.1257393032633653,5
18097370302,2025,-1.944533843507897,-0.09611688649829409,4,4,0.1257393032633653,5
18097370302,2026,4.5458535215250535,-0.012719008057802739,4,4,0.1257393032633653,5
18097370302,2027,-0.5144431898791089,-0.09034734408902079,4,4,0.1257393032633653,5
18097370302,2028,1.5395259427127437,-0.09400428459126514,4,4,0.1257393032633653,5
18097370303,2024,1.339906521791955,-1.04155991470532,4,5,0.31924508080580466,7
18097370303,2025,-1.6980198571678133,-1.561097896743191,5,5,0.31924508080580466,7
18097370303,2026,3.1274219719822187,-1.263931091635326,5,5,0.31924508080580466,7
18097370303,2027,-0.5730252285852213,-1.4789451517584438,5,5,0.31924508080580466,7
18097370303,2028,1.6662292044752536,-1.4023361456333043,5,5,0.31924508080580466,7
18097370304,2024,2.47819621593866,0.24827803663097667,5,6,2.9932296776585594,7
18097370304,2025,-3.4295528644996325,-0.34323524937485816,6,6,2.9932296776585594,7
18097370304,2026,3.44397147145094,-0.10905102474445838,6,6,2.9932296776585594,7
18097370304,2027,-2.9999036651574813,-0.451546386060212,6,6,2.9932296776585594,7
18097370304,2028,-0.5345972991157235,-0.5615509505890758,6,6,2.9932296776585594,7
18097370305,2024,0.49074371085492685,2.328157068926248,2,3,1.1637873588279297,7
18097370305,2025,0.11131036464274258,2.230077646047306,3,3,1.1637873588279297,7
18097370305,2026,-1.2802844271435807,2.199226551881652,3,3,1.1637873588279297,7
18097370305,2027,-0.04421799116869468,1.9891301363568747,3,3,1.1637873588279297,7
18097370305,2028,-0.07286609418405218,1.7476227444852144,3,3,1.1637873588279297,7
18097370306,2024,0.4912385231250071,-0.774281678832835,4,5,1.66912258396931,7
18097370306,2025,2.0615744159027223,-0.7603047630410464,5,5,1.66912258396931,7
18097370306,2026,-5.67927887659803,-0.8336006046595019,5,5,1.66912258396931,7
18097370306,2027,0.38198645968448675,-0.9101847143771669,5,5,1.66912258396931,7
18097370306,2028,-1.0524064455328621,-1.0265738828650548,5,5,1.66912258396931,7
18097380100,2024,NA,1.262906368417599,NA,5,1.574154186358489,5
18097380100,2025,-2.0549069822069352,1.0467402470028704,5,5,1.574154186358489,5
18097380100,2026,0.9413718360694102,1.110883640441738,5,5,1.574154186358489,5
18097380100,2027,-2.0490151738515747,0.9543446696837425,5,5,1.574154186358489,5
18097380100,2028,-1.227137706032214,0.8578502267317442,5,5,1.574154186358489,5
18097380101,2024,-1.495042831252338,1.886820537660541,4,5,5.056506372846063,7
18097380101,2025,-4.967409799115978,1.5973838062077441,5,5,5.056506372846063,7
18097380101,2026,7.283818962715683,1.6478561162608691,5,5,5.056506372846063,7
18097380101,2027,-3.895705922159874,1.422211391172519,5,5,5.056506372846063,7
18097380101,2028,-2.12341067216246,1.2302695306541642,5,5,5.056506372846063,7
18097380102,2024,-2.4027470975293896,-1.6137369979135878,2,3,0.4714304340376902,7
18097380102,2025,-2.111593153456627,-1.6414292569065545,3,3,0.4714304340376902,7
18097380102,2026,-2.9583708748223385,-1.7079876009367958,3,3,0.4714304340376902,7
18097380102,2027,-3.021452182232732,-1.7761509626264331,3,3,0.4714304340376902,7
18097380102,2028,-3.6058032163095044,-1.8938833677683333,3,3,0.4714304340376902,7
18097380103,2024,-0.009993955128685644,1.0667558089175786,4,5,3.577136918550552,7
18097380103,2025,-1.961088351459003,0.741243591319458,5,5,3.577136918550552,7
18097380103,2026,0.2893027782987444,0.7802147306591909,5,5,3.577136918550552,7
18097380103,2027,-2.320653073119968,0.49473365499447997,5,5,3.577136918550552,7
18097380103,2028,-2.5765048910960333,0.2586560025428553,5,5,3.577136918550552,7
18097380200,2024,0.03796839115376896,0.7276647758103452,4,6,-0.6459216180386679,7
18097380200,2025,0.8166866680864171,0.7453470265063017,6,6,-0.6459216180386679,7
18097380200,2026,0.2661112664265705,0.7756887045215262,6,6,-0.6459216180386679,7
18097380200,2027,1.2871715459149162,0.8023774781552965,6,6,-0.6459216180386679,7
18097380200,2028,1.432583826741639,0.8389247930272208,6,6,-0.6459216180386679,7
18097380300,2024,NA,-2.5718328178689096,NA,5,-1.363315749201869,5
18097380300,2025,-0.7964566378631693,-2.603707770650454,5,5,-1.363315749201869,5
18097380300,2026,0.15030847760562807,-2.5641699245016487,5,5,-1.363315749201869,5
18097380300,2027,-0.6149522335744027,-2.559684418366356,5,5,-1.363315749201869,5
18097380300,2028,-0.05478056490873259,-2.4974385494884044,5,5,-1.363315749201869,5
18097380301,2024,0.4857769903703861,0.8277568588492992,3,4,3.416923563344443,7
18097380301,2025,-0.045554576747448394,0.7527523023626987,4,4,3.416923563344443,7
18097380301,2026,0.702261505850861,0.8153581436087569,4,4,3.416923563344443,7
18097380301,2027,0.4479130128714325,0.8210279075000352,4,4,3.416923563344443,7
18097380301,2028,0.5325824122643124,0.8840295889814446,4,4,3.416923563344443,7
18097380302,2024,0.8112406603903423,-0.7599507183842107,3,5,-2.8305267357750963,7
18097380302,2025,1.6000781365328387,-0.6268533121474545,5,5,-2.8305267357750963,7
18097380302,2026,3.0612904726751693,-0.45063843070043497,5,5,-2.8305267357750963,7
18097380302,2027,2.7839702142232974,-0.16541182356595366,5,5,-2.8305267357750963,7
18097380302,2028,3.6406979150907905,0.2778622074036211,5,5,-2.8305267357750963,7
18097380402,2024,-0.6211819111919429,0.7661850640714808,4,6,1.5340403060749805,7
18097380402,2025,-0.8145229746782612,0.6706331488936312,6,6,1.5340403060749805,7
18097380402,2026,0.2965626921135241,0.6814861625955422,6,6,1.5340403060749805,7
18097380402,2027,-0.49434833637755105,0.5829851799373587,6,6,1.5340403060749805,7
18097380402,2028,-0.1976007427664912,0.5150899141539386,6,6,1.5340403060749805,7
18097380403,2024,0.3614243633556389,-0.39775357228119806,5,7,-0.09049040892559441,7
18097380403,2025,0.37412202674858336,-0.5042457470147964,7,7,-0.09049040892559441,7
18097380403,2026,1.1356469048437123,-0.5080593481601318,7,7,-0.09049040892559441,7
18097380403,2027,0.5884879679307816,-0.6055057040816668,7,7,-0.09049040892559441,7
18097380403,2028,0.6113364066882363,-0.683637098671235,7,7,-0.09049040892559441,7
18097380404,2024,-0.7405695295653854,0.4504675375151727,4,6,3.1890688484358534,7
18097380404,2025,-1.4646246240254202,0.3434490652290296,6,6,3.1890688484358534,7
18097380404,2026,-0.6831792311336324,0.3147522570586752,6,6,3.1890688484358534,7
18097380404,2027,-1.9054950936745212,0.17053988659457536,6,6,3.1890688484358534,7
18097380404,2028,-1.8841530731975586,0.025353315971292673,6,6,3.1890688484358534,7
18097380501,2024,-1.2120056296760375,-0.6964260609662947,4,6,-0.1574733533825079,7
18097380501,2025,-0.7815855874400844,-0.8270934621312668,6,6,-0.1574733533825079,7
18097380501,2026,-1.4744556683093435,-0.8332438101111407,6,6,-0.1574733533825079,7
18097380501,2027,-1.5067242642030467,-0.9819173269816779,6,6,-0.1574733533825079,7
18097380501,2028,-1.5504712876510007,-1.1239955080311617,6,6,-0.1574733533825079,7
18097380502,2024,-0.05373290228155936,-0.9144837849252625,4,6,-1.7801681296782166,7
18097380502,2025,-1.880367264530163,-1.1592115226597108,6,6,-1.7801681296782166,7
18097380502,2026,0.27028881170808927,-1.1159285408581752,6,6,-1.7801681296782166,7
18097380502,2027,-1.4532075136203526,-1.3097258822679256,6,6,-1.7801681296782166,7
18097380502,2028,-0.8638711998945808,-1.4582492435035939,6,6,-1.7801681296782166,7
18097380600,2024,-0.6695381922171508,-0.5248175500624225,4,6,-0.4114350514122924,7
18097380600,2025,-1.0145944159159968,-0.6868817550312419,6,6,-0.4114350514122924,7
18097380600,2026,-0.4560204125056971,-0.6852224221013886,6,6,-0.4114350514122924,7
18097380600,2027,-0.9082454243010136,-0.8407055561051137,6,6,-0.4114350514122924,7
18097380600,2028,-0.7357230762770366,-0.9829881904959445,6,6,-0.4114350514122924,7
18097380700,2024,1.246611924891763,0.29218469170310146,4,5,2.741696621540386,7
18097380700,2025,-1.2856580496089576,0.10839623847797958,5,5,2.741696621540386,7
18097380700,2026,1.4491571111661352,0.17739570243910832,5,5,2.741696621540386,7
18097380700,2027,0.054394107213607386,0.07680054963360088,5,5,2.741696621540386,7
18097380700,2028,0.8763629723735152,0.02814030886354313,5,5,2.741696621540386,7
18097380800,2024,-0.5604218101701763,1.2673837972792035,3,5,-0.026581120369465208,7
18097380800,2025,0.6914178420709814,1.2206036301714467,5,5,-0.026581120369465208,7
18097380800,2026,-0.04741041622736378,1.2291040791284495,5,5,-0.026581120369465208,7
18097380800,2027,1.1946453851908772,1.1759293654876484,5,5,-0.026581120369465208,7
18097380800,2028,1.6983246534072087,1.1131977599691756,5,5,-0.026581120369465208,7
18097380901,2024,-0.26901557665396525,-0.3449415722743309,4,5,0.14027094548345667,7
18097380901,2025,-3.24526788927795,-0.3894256996758805,5,5,0.14027094548345667,7
18097380901,2026,0.8591374239848613,-0.4080323951340696,5,5,0.14027094548345667,7
18097380901,2027,-3.644795799524778,-0.4720026927970412,5,5,0.14027094548345667,7
18097380901,2028,-4.1449737737188705,-0.5561061683508276,5,5,0.14027094548345667,7
18097380902,2024,-1.744155586851527,0.738452306010071,4,5,3.643411880174615,7
18097380902,2025,-2.307345092691836,0.5145858702301878,5,5,3.643411880174615,7
18097380902,2026,0.10576467439904226,0.5206561904629642,5,5,3.643411880174615,7
18097380902,2027,-2.257808678461044,0.3307065763855696,5,5,3.643411880174615,7
18097380902,2028,-1.753337967697297,0.16937511716007117,5,5,3.643411880174615,7
18097381001,2024,NA,-1.1287137659056123,NA,5,-2.72702279520013,5
18097381001,2025,-1.6163459343625008,-1.5647427985901143,5,5,-2.72702279520013,5
18097381001,2026,-0.21725298306241364,-1.3666431026278951,5,5,-2.72702279520013,5
18097381001,2027,-2.1914633340653733,-1.5972208033186055,5,5,-2.72702279520013,5
18097381001,2028,-2.026939403407675,-1.6305262392028896,5,5,-2.72702279520013,5
18097381002,2024,-0.01768600193703061,2.5823596247621987,4,6,3.0822364892333844,7
18097381002,2025,-1.4771748320833966,2.5383106058070797,6,6,3.0822364892333844,7
18097381002,2026,2.6905780035190454,2.5693779168452044,6,6,3.0822364892333844,7
18097381002,2027,-0.44386739394463604,2.5611242013707782,6,6,3.0822364892333844,7
18097381002,2028,0.1562473872496879,2.561154239696134,6,6,3.0822364892333844,7
18097381003,2024,-1.5570496750938831,-0.16743819965634668,4,6,-0.6025894459009964,7
18097381003,2025,-1.5201767669812793,-0.11285544338025182,6,6,-0.6025894459009964,7
18097381003,2026,-2.372324440688487,-0.16591225777150365,6,6,-0.6025894459009964,7
18097381003,2027,-3.2216409952241176,-0.20408775785386513,6,6,-0.6025894459009964,7
18097381003,2028,-3.981601091163273,-0.2875018284452065,6,6,-0.6025894459009964,7
18097381004,2024,-1.849561764896037,-1.0636541450503048,4,5,-1.2714178696215637,7
18097381004,2025,2.9311640604704463,-1.0474537508728081,5,5,-1.2714178696215637,7
18097381004,2026,-4.490032688052103,-1.195994132003189,5,5,-1.2714178696215637,7
18097381004,2027,0.9019971921197306,-1.3468234468076135,5,5,-1.2714178696215637,7
18097381004,2028,-1.0950829499816341,-1.6041638730138486,5,5,-1.2714178696215637,7
18097381101,2024,-0.9144337924929251,1.6529624005835175,4,6,3.1084975194095383,7
18097381101,2025,-3.097984086233642,1.2150569321336129,6,6,3.1084975194095383,7
18097381101,2026,0.8946298052794948,1.2717361852356621,6,6,3.1084975194095383,7
18097381101,2027,-2.975805034947535,0.9030314413269052,6,6,3.1084975194095383,7
18097381101,2028,-2.3700714330635027,0.602818171662949,6,6,3.1084975194095383,7
18097381102,2024,-1.618368666614571,-1.479479544538601,4,5,1.6575229401700065,7
18097381102,2025,-3.122512995942803,-1.6670258001264173,5,5,1.6575229401700065,7
18097381102,2026,-0.4234273311222229,-1.6732835106890582,5,5,1.6575229401700065,7
18097381102,2027,-3.555317707280662,-1.8401338822344253,5,5,1.6575229401700065,7
18097381102,2028,-3.55095978850783,-1.9938014909128574,5,5,1.6575229401700065,7
18097381201,2024,NA,-0.7184123645970262,NA,5,-1.1554416634742444,5
18097381201,2025,-2.964135651670558,-1.043293144242951,5,5,-1.1554416634742444,5
18097381201,2026,0.009271359696934378,-1.0429776341998287,5,5,-1.1554416634742444,5
18097381201,2027,-3.230597427533601,-1.3213374384529983,5,5,-1.1554416634742444,5
18097381201,2028,-3.0905189718569046,-1.5561197990924118,5,5,-1.1554416634742444,5
18097381203,2024,-1.5828056141545355,-1.2807304088152924,4,6,-1.8353027174471184,7
18097381203,2025,-3.115228920267895,-1.6986014656098398,6,6,-1.8353027174471184,7
18097381203,2026,-0.6349333014390607,-1.6950432182976511,6,6,-1.8353027174471184,7
18097381203,2027,-3.3945153994672435,-2.104288994578351,6,6,-1.8353027174471184,7
18097381203,2028,-2.906928720555674,-2.4741185390036042,6,6,-1.8353027174471184,7
18097381204,2024,0.1860863287784303,0.8042626807553751,4,6,-1.2185662313420123,7
18097381204,2025,-3.4132120559499954,0.6818274980748389,6,6,-1.2185662313420123,7
18097381204,2026,2.105829282554157,0.7161506098406933,6,6,-1.2185662313420123,7
18097381204,2027,-2.9847847663306073,0.5483798165553327,6,6,-1.2185662313420123,7
18097381204,2028,-1.785872464187868,0.37725800444999347,6,6,-1.2185662313420123,7
18097381205,2024,1.3403455294252504,-0.3505772870167549,4,5,0.42214736525753205,7
18097381205,2025,0.07864333474566716,-0.39303847246899326,5,5,0.42214736525753205,7
18097381205,2026,-0.23643122568209385,-0.38778102797885944,5,5,0.42214736525753205,7
18097381205,2027,0.28058631805804757,-0.43702097157094144,5,5,0.42214736525753205,7
18097381205,2028,0.13827660254083624,-0.4890415281731921,5,5,0.42214736525753205,7
18097381206,2024,-0.937042255777273,-0.06957568612964331,4,5,0.2579573873769712,7
18097381206,2025,-0.7478144471719778,-0.15365703113301232,5,5,0.2579573873769712,7
18097381206,2026,0.7760882075405098,-0.0961172938582918,5,5,0.2579573873769712,7
18097381206,2027,-0.23217492086282782,-0.13496781350862683,5,5,0.2579573873769712,7
18097381206,2028,0.9044364957789387,-0.12978758307788738,5,5,0.2579573873769712,7
18097381207,2024,0.4852669125878045,0.990409919512869,3,3,0.8047420319077476,7
18097381207,2025,-1.3362004140602195,0.8289632423129516,3,3,0.8047420319077476,7
18097381207,2026,1.9626765225631648,0.926511653826407,3,3,0.8047420319077476,7
18097381207,2027,-0.7789159793804312,0.857603966136227,3,3,0.8047420319077476,7
18097381207,2028,-0.3873664492955548,0.8753855552895162,3,3,0.8047420319077476,7
18097390101,2024,NA,-0.1016178060818928,NA,4,0.9197575679568328,5
18097390101,2025,-0.7882500145703117,-0.14796564818426156,4,4,0.9197575679568328,5
18097390101,2026,-1.799205115335492,-0.18548460547345258,4,4,0.9197575679568328,5
18097390101,2027,-1.5546341624026887,-0.2586847672824014,4,4,0.9197575679568328,5
18097390101,2028,-2.2177825227793186,-0.353231805479019,4,4,0.9197575679568328,5
18097390102,2024,3.123114591384699,1.1162655776796173,5,6,1.4149789518094513,7
18097390102,2025,2.99513974749016,1.5917323971646349,6,6,1.4149789518094513,7
18097390102,2026,-1.2232680331383035,1.548427460280118,6,6,1.4149789518094513,7
18097390102,2027,2.4677974548844612,1.8614760898324745,6,6,1.4149789518094513,7
18097390102,2028,2.179753993506105,2.0624260906821767,6,6,1.4149789518094513,7
18097390103,2024,1.0684598051771357,2.4507660950575474,5,6,4.337092612323366,7
18097390103,2025,5.386327693538963,3.2889775293622727,6,6,4.337092612323366,7
18097390103,2026,-1.6305182629934782,3.216700555047316,6,6,4.337092612323366,7
18097390103,2027,5.205524190419532,3.904260141499778,6,6,4.337092612323366,7
18097390103,2028,4.639017337107147,4.436876096752778,6,6,4.337092612323366,7
18097390104,2024,0.5746962513331119,2.6752186368069037,5,6,4.027767408118445,7
18097390104,2025,-0.722216490221991,2.4944662686185306,6,6,4.027767408118445,7
18097390104,2026,0.8413430550569024,2.5580013564583566,6,6,4.027767408118445,7
18097390104,2027,0.24645259470787476,2.420512463196471,6,6,4.027767408118445,7
18097390104,2028,1.0716011258957556,2.3343843866971814,6,6,4.027767408118445,7
18097390200,2024,-1.134710185410075,3.73684032850893,5,7,4.4625587627500005,7
18097390200,2025,-1.4969750907131911,3.560642412621832,7,7,4.4625587627500005,7
18097390200,2026,-0.9290933153986856,3.5153505477402005,7,7,4.4625587627500005,7
18097390200,2027,-1.3846492345637107,3.2562352257904568,7,7,4.4625587627500005,7
18097390200,2028,-1.2582557236172347,2.959613611978213,7,7,4.4625587627500005,7
18097390300,2024,-0.7070504641725883,5.088782961107844,5,7,5.730443910047388,7
18097390300,2025,0.28323293126598176,5.024273230384664,7,7,5.730443910047388,7
18097390300,2026,-1.372124028869224,4.9601302500270625,7,7,5.730443910047388,7
18097390300,2027,0.2716192323558656,4.761975615287716,7,7,5.730443910047388,7
18097390300,2028,0.11755476124829525,4.49542365675942,7,7,5.730443910047388,7
18097390402,2024,NA,2.9576855611512407,NA,5,2.1119801564131016,5
18097390402,2025,-1.6721279967941363,2.6570827613859183,5,5,2.1119801564131016,5
18097390402,2026,2.1051166406162687,2.794190319028951,5,5,2.1119801564131016,5
18097390402,2027,-1.0849344619557069,2.64344106765898,5,5,2.1119801564131016,5
18097390402,2028,-0.6040455869354909,2.6170254016316035,5,5,2.1119801564131016,5
18097390403,2024,NA,2.2346523180455367,NA,4,6.103644384934066,5
18097390403,2025,2.1869275457997692,2.345224733866294,4,4,6.103644384934066,5
18097390403,2026,-0.9119730163119735,2.265457427746393,4,4,6.103644384934066,5
18097390403,2027,1.8894894540676856,2.280566481896996,4,4,6.103644384934066,5
18097390403,2028,1.9571557120334613,2.2275420042965544,4,4,6.103644384934066,5
18097390404,2024,NA,2.092469721318352,NA,5,2.0513009809068734,5
18097390404,2025,0.06493917321093129,2.0749420095380877,4,5,2.0513009809068734,5
18097390404,2026,-0.42914971046982225,2.0517690173611065,4,5,2.0513009809068734,5
18097390404,2027,0.06995245058062166,2.0077502506843388,4,5,2.0513009809068734,5
18097390404,2028,-0.033329902696647096,1.9466292347944163,4,5,2.0513009809068734,5
18097390405,2024,0.6631747281283265,1.3061513478695699,4,5,2.4945968948965946,7
18097390405,2025,-2.8858708424706085,0.9146535753513674,5,5,2.4945968948965946,7
18097390405,2026,1.9200234285106494,1.0471517836967008,5,5,2.4945968948965946,7
18097390405,2027,-1.8725154337199654,0.8353341515977057,5,5,2.4945968948965946,7
18097390405,2028,-0.7832693059381268,0.7343418137725208,5,5,2.4945968948965946,7
18097390406,2024,-0.7718169733977673,3.663944327099162,5,6,6.262600148084283,7
18097390406,2025,-2.7250675477045494,3.4198060684713414,6,6,6.262600148084283,7
18097390406,2026,-0.9477501011353084,3.3980172264889323,6,6,6.262600148084283,7
18097390406,2027,-2.775557864416983,3.10955802793738,6,6,6.262600148084283,7
18097390406,2028,-2.788607114157631,2.8023542955258094,6,6,6.262600148084283,7
18097390407,2024,-0.8993983379321608,4.3569598743353675,3,3,3.408570843519839,5
18097390407,2025,-0.39821044218963925,4.161444731813715,3,3,3.408570843519839,5
18097390407,2026,-1.1612710385318477,4.068291440283589,3,3,3.408570843519839,5
18097390407,2027,-0.921853796577,3.7579162939231123,3,3,3.408570843519839,5
18097390407,2028,-1.2982951966844303,3.3647382840239803,3,3,3.408570843519839,5
18097390408,2024,-1.5121692444592967,2.2867949257723343,4,4,3.680906866855277,7
18097390408,2025,-1.1786498933492584,2.178503782811201,4,4,3.680906866855277,7
18097390408,2026,-1.3560936973636015,2.119061760712707,4,4,3.680906866855277,7
18097390408,2027,-1.4268838720603214,1.9366426317083976,4,4,3.680906866855277,7
18097390408,2028,-1.202799871640803,1.696780276479133,4,4,3.680906866855277,7
18097390409,2024,-1.5532966035606905,0.6710317471065839,3,4,5.52321199636607,7
18097390409,2025,0.7180479217861184,0.6016866557301392,4,4,5.52321199636607,7
18097390409,2026,0.47412037469244167,0.6326210756660935,4,4,5.52321199636607,7
18097390409,2027,0.16753128793325267,0.6572386933762628,4,4,5.52321199636607,7
18097390409,2028,1.1061771920916197,0.7940327599526348,4,4,5.52321199636607,7
18097390410,2024,-1.7474805532215256,2.5670580957303133,4,5,5.378007140311606,7
18097390410,2025,1.285879430860326,2.8452708253379893,5,5,5.378007140311606,7
18097390410,2026,-4.918393653848006,2.630870528957548,5,5,5.378007140311606,7
18097390410,2027,-0.18737606670748502,2.682207336122363,5,5,5.378007140311606,7
18097390410,2028,-2.0743319275761,2.5271748150766165,5,5,5.378007140311606,7
18097390411,2024,-2.7002637824892703,-0.2184274356646768,3,4,1.7050775984236644,7
18097390411,2025,-2.112298628622964,-0.3984837956697389,4,4,1.7050775984236644,7
18097390411,2026,-3.2582060651521503,-0.5157860113964798,4,4,1.7050775984236644,7
18097390411,2027,-3.1946569496513213,-0.7842992962704558,4,4,1.7050775984236644,7
18097390411,2028,-3.7201286831826033,-1.126819688758386,4,4,1.7050775984236644,7
18097390500,2024,-7.95685621016039,-5.6562035909625,5,7,-5.324440782223902,7
18097390500,2025,1.247784710864247,-5.445378282705808,7,7,-5.324440782223902,7
18097390500,2026,1.3458602377758588,-5.435409317529743,7,7,-5.324440782223902,7
18097390500,2027,1.4720855416535643,-5.18627701162489,7,7,-5.324440782223902,7
18097390500,2028,1.1804433469420559,-4.91933353975271,7,7,-5.324440782223902,7
18097390600,2024,NA,1.785156367219086,NA,5,0.7293720616187465,5
18097390600,2025,-0.24971232504082572,1.7296286546901554,5,5,0.7293720616187465,5
18097390600,2026,0.04571858997874271,1.74710186768048,5,5,0.7293720616187465,5
18097390600,2027,-0.08812593304496524,1.676355535132862,5,5,0.7293720616187465,5
18097390600,2028,0.07474281666180593,1.6253635661455783,5,5,0.7293720616187465,5
18097390601,2024,2.7149093115435976,3.1035199031259983,5,6,0.5723129977725576,7
18097390601,2025,2.1439153738165206,3.3694235263635335,6,6,0.5723129977725576,7
18097390601,2026,1.2606611753843004,3.492419135976669,6,6,0.5723129977725576,7
18097390601,2027,2.639871344088079,3.8377304934410583,6,6,0.5723129977725576,7
18097390601,2028,1.5277693004902213,3.8168254896956753,6,6,0.5723129977725576,7
18097390602,2024,0.5333570490672194,-0.2724418866226987,4,5,-0.10501045102947579,7
18097390602,2025,-0.19089240523902787,-0.44525949037205403,5,5,-0.10501045102947579,7
18097390602,2026,-0.5067838810074096,-0.4417835362618733,5,5,-0.10501045102947579,7
18097390602,2027,0.0022118040295795727,-0.6069969806052606,5,5,-0.10501045102947579,7
18097390602,2028,0.07739581108553614,-0.7410304592893475,5,5,-0.10501045102947579,7
18097390700,2024,0.29173095160908946,-6.360013478296246,5,7,-6.228318232567782,7
18097390700,2025,-1.3723585175867676,-6.270900472282039,7,7,-6.228318232567782,7
18097390700,2026,0.17854669648773552,-6.256360526537655,7,7,-6.228318232567782,7
18097390700,2027,-1.8541992789722337,-6.089515257174963,7,7,-6.228318232567782,7
18097390700,2028,-2.3386850212808508,-5.877188739412631,7,7,-6.228318232567782,7
18097390800,2024,NA,-3.305329770688525,NA,5,-2.654035573827802,5
18097390800,2025,-2.7630294293481583,-3.81893770738886,5,5,-2.654035573827802,5
18097390800,2026,1.2907241225863637,-3.7499693529297957,5,5,-2.654035573827802,5
18097390800,2027,-2.4636411412822636,-4.121186387687788,5,5,-2.654035573827802,5
18097390800,2028,-1.5822136529801476,-4.36664063838176,5,5,-2.654035573827802,5
18097390801,2024,1.302567803222905,-1.1395805795560894,1,1,-1.1988104096053018,2
18097390801,2025,0.857250736393248,-1.153925071011537,1,1,-1.1988104096053018,2
18097390801,2026,-0.46129500556086855,-1.1563872597297833,1,1,-1.1988104096053018,2
18097390801,2027,0.7908476908110068,-1.178855078467531,1,1,-1.1988104096053018,2
18097390801,2028,0.7375019638925131,-1.2097673027675562,1,1,-1.1988104096053018,2
18097390802,2024,1.1530550447821162,0.8443333888159523,5,7,-0.15103576220080928,7
18097390802,2025,4.099360501079578,1.3231390985934293,7,7,-0.15103576220080928,7
18097390802,2026,0.3973921241471441,1.4767424614550344,7,7,-0.15103576220080928,7
18097390802,2027,5.534701671977122,2.114652250618528,7,7,-0.15103576220080928,7
18097390802,2028,6.12813420060158,2.7890895028648823,7,7,-0.15103576220080928,7
18097390900,2024,-1.1998917893290673,4.79303682879097,5,7,4.351270257084262,7
18097390900,2025,-1.4922658973021838,4.754648227821602,7,7,4.351270257084262,7
18097390900,2026,1.81448529419038,4.779724064367674,7,7,4.351270257084262,7
18097390900,2027,-1.0809758467665491,4.771905878903936,7,7,4.351270257084262,7
18097390900,2028,-0.9833238509547731,4.807778691231327,7,7,4.351270257084262,7
18097391000,2024,NA,3.4544780909451442,NA,4,3.4772386616397735,5
18097391000,2025,-0.0619731148878537,3.3374859788450086,4,4,3.4772386616397735,5
18097391000,2026,-0.0988897426448896,3.3425187263506935,4,4,3.4772386616397735,5
18097391000,2027,0.07983691895216057,3.2165198208918886,4,4,3.4772386616397735,5
18097391000,2028,0.11815116202488271,3.104356832800975,4,4,3.4772386616397735,5
18097391001,2024,-4.741315949294188,-0.2773157559684004,4,6,-1.0892416035349273,7
18097391001,2025,-2.024615333866762,-0.9131982528596134,6,6,-1.0892416035349273,7
18097391001,2026,-4.453275215971667,-1.0984694541683073,6,6,-1.0892416035349273,7
18097391001,2027,-4.3312715067334,-1.8455657454897951,6,6,-1.0892416035349273,7
18097391001,2028,-5.21425171094794,-2.681909336150249,6,6,-1.0892416035349273,7
18097391002,2024,-1.9034075055931954,4.634040491229719,3,4,6.745529624619009,7
18097391002,2025,-0.9920818816338288,4.665618357761805,4,4,6.745529624619009,7
18097391002,2026,2.175163626486703,4.723470907580853,4,4,6.745529624619009,7
18097391002,2027,-0.07109554660393524,4.758410104586573,4,4,6.745529624619009,7
18097391002,2028,0.520345287270065,4.792692045882209,4,4,6.745529624619009,7
