GEOID,Year,Score,Confidence,normalized_score,cumulative_score
18097310104,2024,-0.11024787213721518,High,-0.45927707231525033,-0.45927707231525033
18097310104,2025,-0.24852770824493065,High,-0.915423307680661,-1.3747003799959114
18097310104,2026,-0.21689643927318797,High,-0.7160123405984702,-2.0907127205943814
18097310104,2027,-0.25112243809654983,High,-0.8801952433555899,-2.9709079639499714
18097310104,2028,-0.21294159488719047,High,-0.6898273366430133,-3.6607353005929846
18097310105,2024,5.3655438151844877E-2,High,0.29187019060143604,0.29187019060143604
18097310105,2025,1.1160818630308995E-2,High,0.1690937026921723,0.4609638932936083
18097310105,2026,1.4692090389697137E-3,High,0.16259586540400592,0.6235597586976143
18097310105,2027,-1.7322689031572233E-2,High,0.07359447151929008,0.6971542302169044
18097310105,2028,-1.8723972551776838E-2,High,0.07412672308912022,0.7712809533060245
18097310106,2024,0.28925866317057869,High,1.371608710189947,1.371608710189947
18097310106,2025,0.14555326759950402,High,0.7303464416041885,2.1019551517941357
18097310106,2026,0.34422233058053758,High,1.5416850561584614,3.643640207952597
18097310106,2027,0.27139054661114048,High,1.25140460949226,4.895044817444857
18097310106,2028,0.34869932410852045,High,1.5193844486678991,6.414429266112756
18097310108,2024,-0.13115926717275728,High,-0.5551112389163714,-0.5551112389163714
18097310108,2025,-8.4992210512826516E-2,High,-0.2324627193776543,-0.7875739582940257
18097310108,2026,-4.5643661404379914E-2,High,-0.026965793674739707,-0.8145397519687654
18097310108,2027,-9.4421861749789143E-2,High,-0.24093280345892218,-1.0554725554276876
18097310108,2028,-8.2429210210271997E-2,High,-0.17645751509786778,-1.2319300705255554
18097310110,2024,3.8406616564506599E-3,High,0.0635756372374374,0.0635756372374374
18097310110,2025,-5.4323917698548246E-2,High,-0.10438511180526154,-0.04080947456782415
18097310110,2026,-6.5706758695396245E-2,High,-0.10769095376271297,-0.14850042833053712
18097310110,2027,-8.7168032979663121E-2,High,-0.2113406961017544,-0.35984112443229155
18097310110,2028,-9.0306771551795173E-2,High,-0.2074438637889886,-0.5672849882212802
18097310111,2024,-9.0566060857278884E-3,High,0.004469159482010947,0.004469159482010947
18097310111,2025,-0.15364638426902805,High,-0.5191778090568506,-0.5147086495748396
18097310111,2026,-0.18244083215074788,High,-0.5773779931424206,-1.0920866427172602
18097310111,2027,-0.19964415133333585,High,-0.6701887713619546,-1.762275414079215
18097310111,2028,-0.19404494722480553,High,-0.6154974662460034,-2.3777728803252183
18097310112,2024,-0.57130023865380053,High,-2.5722192853762724,-2.5722192853762724
18097310112,2025,-0.90567775849727239,High,-3.6598279852443323,-6.232047270620605
18097310112,2026,-0.77525525194837019,High,-2.962604872446352,-9.194652143066957
18097310112,2027,-0.93532136799301935,High,-3.671395425877112,-12.866047568944069
18097310112,2028,-0.80758800796157293,High,-3.0288660701559804,-15.89491363910005
18097310113,2024,-0.11290224933509366,Low,-0.47144173307419757,-0.47144173307419757
18097310113,2025,-0.66046701915281325,Low,-2.6357734336432666,-3.107215166717464
18097310113,2026,-0.49609704136274319,Low,-1.8393938889912975,-4.946609055708762
18097310113,2027,-0.61450388996854666,Low,-2.362615531477831,-7.309224587186593
18097310113,2028,-0.58162106261330826,Low,-2.1400262049147774,-9.44925079210137
18097310201,2024,-7.3825963730299635E-2,High,-0.29236026775646573,-0.29236026775646573
18097310201,2025,-3.8102266361120254E-2,High,-0.036639890160449336,-0.32900015791691506
18097310201,2026,-9.8137665827676468E-2,High,-0.2381787908138633,-0.5671789487307783
18097310201,2027,-0.11486417441143222,High,-0.32432753610045684,-0.8915064848312352
18097310201,2028,-0.15058052860400162,High,-0.44453038993242666,-1.336036874763662
18097310203,2024,-0.12204543392874306,High,-0.5133437426782108,-0.5133437426782108
18097310203,2025,-0.19491813403903194,High,-0.691537809754625,-1.2048815524328358
18097310203,2026,-0.20110044854599349,High,-0.6524561577367202,-1.8573377101695558
18097310203,2027,-0.19920678851298923,High,-0.6684045429297875,-2.5257422530993434
18097310203,2028,-0.18595771744457107,High,-0.5836863877851268,-3.1094286408844702
18097310204,2024,-0.11174770443687013,High,-0.4661506060146795,-0.4661506060146795
18097310204,2025,-0.10375925429942173,High,-0.31083806566606553,-0.776988671680745
18097310204,2026,-0.14423494324065145,High,-0.4236541461294341,-1.2006428178101791
18097310204,2027,-0.1302105634304439,High,-0.3869333689353508,-1.58757618674553
18097310204,2028,-0.12015443890552549,High,-0.32484951614033436,-1.9124257028858642
18097310305,2024,4.0180411881483996E-3,High,0.06438854424643692,0.06438854424643692
18097310305,2025,-8.7577795010317955E-2,High,-0.2432606949487234,-0.1788721507022865
18097310305,2026,-0.10751453080789619,High,-0.2759072090970407,-0.45477935979932715
18097310305,2027,-0.11403055406613477,High,-0.3209267689284006,-0.7757061287277278
18097310305,2028,-0.11717090602394845,High,-0.31311380426302193,-1.0888199329907498
18097310306,2024,7.9249433978154676E-2,High,0.40916409929753694,0.40916409929753694
18097310306,2025,0.15345519626078002,High,0.7633466520910521,1.172510751388589
18097310306,2026,0.11432622070101867,High,0.6166832977342342,1.7891940491228233
18097310306,2027,0.17941488314334914,High,0.8761884589822267,2.66538250810505
18097310306,2028,0.21396635067843708,High,0.9894129620747093,3.654795470179759
18097310308,2024,-7.6306267854686638E-2,High,-0.303727174568467,-0.303727174568467
18097310308,2025,-5.9765869546443182E-2,High,-0.12711191232928828,-0.4308390868977553
18097310308,2026,-0.12195773159507026,High,-0.334020354780157,-0.7648594416779123
18097310308,2027,-8.8478697601498069E-2,High,-0.21668757282406056,-0.9815470145019729
18097310308,2028,-0.12115114176797478,High,-0.3287700419348464,-1.3103170564368192
18097310309,2024,2.2325473032490148E-2,High,0.14828909083490296,0.14828909083490296
18097310309,2025,4.0254616797338987E-2,High,0.2905958706476193,0.4388849614825223
18097310309,2026,-8.0832533719654695E-2,High,-0.16855048071295473,0.27033448076956756
18097310309,2027,-5.8798599849713765E-2,High,-0.09560715214206315,0.1747273286275044
18097310309,2028,-9.9101927726448824E-2,High,-0.24203956723139264,-0.06731223860388823
18097310310,2024,-9.9308768887493695E-2,High,-0.4091446042747938,-0.4091446042747938
18097310310,2025,-0.21058398031355061,High,-0.756961865915426,-1.1661064701902197
18097310310,2026,-0.15814233247575415,High,-0.47961141963137355,-1.6457178898215934
18097310310,2027,-0.1936127947313119,High,-0.6455837582395737,-2.291301648061167
18097310310,2028,-0.16995093549395682,High,-0.5207237899148869,-2.812025437976054
18097310311,2024,-8.1649996710679032E-2,High,-0.3282167794267742,-0.3282167794267742
18097310311,2025,-0.16422279139074755,High,-0.5633472360629338,-0.891564015489708
18097310311,2026,-0.1416315432827665,High,-0.4131791992493535,-1.3047432147390614
18097310311,2027,-9.6381829309769587E-2,High,-0.24892852162232457,-1.5536717363613861
18097310311,2028,-0.10429256248881551,High,-0.2624569034731499,-1.816128639834536
18097310312,2024,-4.550069596154465E-2,High,-0.16254929982446137,-0.16254929982446137
18097310312,2025,-8.3873226709872559E-2,High,-0.22778959429493445,-0.3903388941193958
18097310312,2026,-9.8621800184655439E-2,High,-0.2401267364826866,-0.6304656306020824
18097310312,2027,-0.11146953305530773,High,-0.310479043858232,-0.9409446744603144
18097310312,2028,-9.7361604646030275E-2,High,-0.23519401497643203,-1.1761386894367465
18097320105,2024,-0.17871825090232435,High,-0.7730677914262688,-0.7730677914262688
18097320105,2025,9.201296457164063E-3,High,0.16091030254527486,-0.612157488880994
18097320105,2026,-1.4472959311262107E-2,High,0.09845152749072988,-0.513705961390264
18097320105,2027,0.10448554369341938,High,0.5705130525905392,0.056807091200275134
18097320105,2028,0.1070056007713822,High,0.5686833797592098,0.625490470959485
18097320106,2024,-0.12116454215900396,High,-0.5093067318295683,-0.5093067318295683
18097320106,2025,-0.32528909714073651,High,-1.2359959298101728,-1.7453026616397411
18097320106,2026,-0.28513436627557642,High,-0.9905720210624529,-2.7358746827021942
18097320106,2027,-0.20361466939360406,High,-0.6863865615809522,-3.4222612442831464
18097320106,2028,-0.15800355747440695,High,-0.47372883738979193,-3.895990081672938
18097320107,2024,-6.7212525565108844E-2,High,-0.26205175252580426,-0.26205175252580426
18097320107,2025,-0.28263595778170081,High,-1.0578669391408984,-1.3199186916667025
18097320107,2026,-9.0792192827913204E-2,High,-0.20862380858819832,-1.528542500254901
18097320107,2027,-0.22616120569814172,High,-0.7783655073211571,-2.306908007576058
18097320107,2028,-0.1663684922543405,High,-0.5066322670975684,-2.813540274673626
18097320108,2024,3.4836242556194393E-2,High,0.20562429820892497,0.20562429820892497
18097320108,2025,0.19892022208879828,High,0.953218705665504,1.158843003874429
18097320108,2026,-0.14876570452973042,High,-0.4418839550705024,0.7169590488039266
18097320108,2027,9.0930441384213578E-2,High,0.5152148017656246,1.2321738505695512
18097320108,2028,-9.0541096126283777E-2,High,-0.20836557834724026,1.023808272222311
18097320109,2024,-0.33444335063630404,Low,-1.4867353935406742,-1.4867353935406742
18097320109,2025,-0.26413952856220818,Low,-0.9806217394354295,-2.4673571329761037
18097320109,2026,-0.41880439813366038,Low,-1.5284019764372891,-3.9957591094133926
18097320109,2027,-0.35358673930850759,Low,-1.298199954774874,-5.293959064188266
18097320109,2028,-0.43155482440574111,Low,-1.5497413969306144,-6.843700461118881
18097320202,2024,-0.13193377301709835,High,-0.5586606970942677,-0.5586606970942677
18097320202,2025,-0.15762989654325438,High,-0.5358138417472857,-1.0944745388415535
18097320202,2026,-0.1704655624550398,High,-0.5291947266576613,-1.6236692654992146
18097320202,2027,-0.18883575854909004,High,-0.6260957647904357,-2.2497650302896504
18097320202,2028,-0.16035286949234223,High,-0.4829698446274338,-2.7327348749170843
18097320206,2024,0.1664424167995931,High,0.8087580445104705,0.8087580445104705
18097320206,2025,4.4124583496847961E-2,High,0.306757711779747,1.1155157562902174
18097320206,2026,4.1011145057454262E-2,High,0.3216953837375913,1.437211140027809
18097320206,2027,4.2483238552800034E-2,High,0.31757368384373513,1.754784823871544
18097320206,2028,3.9253882759511374E-2,High,0.3021823310561867,2.0569671549277304
18097320301,2024,-0.1227477725867698,High,-0.5165624681553654,-0.5165624681553654
18097320301,2025,-0.13108263983169979,High,-0.42494659694117554,-0.941509065096541
18097320301,2026,-0.12067849845998024,High,-0.32887327812882555,-1.2703823432253665
18097320301,2027,-0.17058778087429718,High,-0.5516528558776177,-1.8220351991029842
18097320301,2028,-0.15025929686702058,High,-0.44326682647906684,-2.2653020255820513
18097320305,2024,-0.3747791357748933,High,-1.67158897917609,-1.67158897917609
18097320305,2025,-0.29962763948408566,High,-1.1288279787478976,-2.8004169579239875
18097320305,2026,-0.42158550981270826,High,-1.5395919578373296,-4.3400089157613175
18097320305,2027,-0.34747919299252183,High,-1.2732841245286652,-5.6132930402899825
18097320305,2028,-0.42208224985567999,High,-1.5124810716490245,-7.125774111939007
18097320306,2024,-1.6988172780009712E-2,High,-0.03188016502244113,-0.03188016502244113
18097320306,2025,-7.4426682096078334E-2,High,-0.1883387242615902,-0.22021888928403133
18097320306,2026,-7.8724818376258207E-2,High,-0.16006995270436328,-0.38028884198839463
18097320306,2027,-9.0149039606780931E-2,High,-0.22350175902970745,-0.6037906010181021
18097320306,2028,-6.4416160939685232E-2,High,-0.10560327461780349,-0.7093938756359055
18097320400,2024,1.2695190537446516E-2,High,0.10415477576518879,0.10415477576518879
18097320400,2025,-3.8560166380251372E-2,High,-0.038552182419846384,0.06560259334534241
18097320400,2026,-5.8983629259460199E-2,High,-0.0806400108232537,-0.015037417477911291
18097320400,2027,-5.4896408408659322E-2,High,-0.07968810142949745,-0.09472551890740874
18097320400,2028,-6.1732761197045204E-2,High,-0.09504813496248593,-0.18977365386989467
18097320500,2024,-1.313016768108499E-2,High,-0.014199436272880592,-0.014199436272880592
18097320500,2025,-2.7272940845575494E-2,High,0.008585780275561943,-0.00561365599731865
18097320500,2026,-0.15444749567370661,High,-0.4647450065338416,-0.47035866253116027
18097320500,2027,-6.401712002002527E-2,High,-0.11689618639131254,-0.5872548489224728
18097320500,2028,-0.11691340833996017,High,-0.3121009383928244,-0.8993557873152972
18097320600,2024,-0.19866077988365166,High,-0.8644617726310557,-0.8644617726310557
18097320600,2025,-0.24678590210868159,High,-0.9081491380965676,-1.7726109107276233
18097320600,2026,-0.27394259126577425,High,-0.9455411957501817,-2.718152106477805
18097320600,2027,-0.27928717154220106,High,-0.9950937117674994,-3.7132458182453045
18097320600,2028,-0.27926686147586188,High,-0.9507174457069861,-4.66396326395229
18097320700,2024,-0.14338955136875858,High,-0.6111610190112202,-0.6111610190112202
18097320700,2025,-0.14908985584456708,High,-0.5001487335561478,-1.1113097525673679
18097320700,2026,-0.14694266130747896,High,-0.4345488236185186,-1.5458585761858865
18097320700,2027,-0.13526633448091754,High,-0.40755846561739967,-1.9534170418032861
18097320700,2028,-0.11641333275101046,High,-0.310133893529659,-2.2635509353329453
18097320800,2024,-0.15716065392566847,High,-0.67427216652084,-0.67427216652084
18097320800,2025,-0.16396667146166169,High,-0.5622776223101378,-1.2365497888309778
18097320800,2026,-7.4985560659220005E-2,High,-0.14502480920335167,-1.3815745980343295
18097320800,2027,-0.14982109944512728,High,-0.4669348558008911,-1.8485094538352205
18097320800,2028,-0.14170132209104019,High,-0.4096040748987573,-2.2581135287339777
18097320901,2024,-0.23121165990515427,High,-1.0136381644352248,-1.0136381644352248
18097320901,2025,-0.17737254792256721,High,-0.618263542195592,-1.6319017066308168
18097320901,2026,-0.22509266221560914,High,-0.7489903698402429,-2.38089207647106
18097320901,2027,-0.19988158623441038,High,-0.6711573907360254,-3.0520494672070853
18097320901,2028,-0.1975936088604644,High,-0.6294561092907388,-3.681505576497824
18097320902,2024,-7.4756911989959998E-2,High,-0.2966266808992368,-0.2966266808992368
18097320902,2025,-0.16860345201194266,High,-0.5816418485262674,-0.8782685294255043
18097320902,2026,-0.18422629262631296,High,-0.5845619080001367,-1.462830437425641
18097320902,2027,-0.19158605178197799,High,-0.6373156288360959,-2.100146066261737
18097320902,2028,-0.18897541671151269,High,-0.5955564929707899,-2.6957025592325268
18097320903,2024,-3.1592045472166735E-2,High,-0.09880778827392632,-0.09880778827392632
18097320903,2025,0.2139745275622584,High,1.0160888315111487,0.9172810432372224
18097320903,2026,-2.0126027161214997E-2,High,0.07570604604505302,0.9929870892822754
18097320903,2027,0.13264341150885575,High,0.6853835125571391,1.6783706018394144
18097320903,2028,1.6834518567095284E-2,High,0.2139958725594878,1.8923664743989024
18097321001,2024,-0.1010337477014747,High,-0.417049954767264,-0.417049954767264
18097321001,2025,9.9926771122078081E-2,High,0.5398000507069993,0.12275009593973535
18097321001,2026,0.13624853291662659,High,0.7048891284409364,0.8276392243806718
18097321001,2027,0.31472419514282618,High,1.4281849030675022,2.255824127448174
18097321001,2028,0.24787620920953957,High,1.1227972233908075,3.3786213508389813
18097321002,2024,-0.17138098669454771,High,-0.7394420768678005,-0.7394420768678005
18097321002,2025,5.6297606065031217E-2,High,0.35759495977718975,-0.38184711709061075
18097321002,2026,-4.5480758799803248E-2,High,-0.026310344586174126,-0.4081574616767849
18097321002,2027,1.3100119203166123E-2,High,0.1977047911751074,-0.21045267050167749
18097321002,2028,-3.707960035859087E-2,High,0.0019249516261261987,-0.2085277188755513
18097321100,2024,-0.21203332268677572,High,-0.9257463733330668,-0.9257463733330668
18097321100,2025,1.9222203623011393E-2,High,0.2027598382621516,-0.7229865350709151
18097321100,2026,3.2344592456784053E-2,High,0.2868249529186565,-0.43616158215225864
18097321100,2027,2.4692736566991332E-2,High,0.24499705412370235,-0.1911645280285563
18097321100,2028,2.6039751078373873E-2,High,0.2502046092498413,0.059040081221284985
18097321200,2024,-0.19393691634515897,High,-0.8428129288031129,-0.8428129288031129
18097321200,2025,-0.15715316570133436,High,-0.5338229077863103,-1.3766358365894231
18097321200,2026,-0.13275938942893983,High,-0.37748151858785445,-1.7541173551772775
18097321200,2027,-0.15826775869487067,High,-0.5013931336633665,-2.255510488840644
18097321200,2028,-0.11618827555503261,High,-0.30924863215908016,-2.564759120999724
18097321300,2024,-0.15552514413761798,High,-0.6667768407790903,-0.6667768407790903
18097321300,2025,-0.13999717856800875,High,-0.46217569217879195,-1.1289525329578822
18097321300,2026,-0.19533073679933766,High,-0.6292413520836166,-1.7581938850414989
18097321300,2027,-0.19174452190884811,High,-0.6379621101848917,-2.3961559952263904
18097321300,2028,-0.18731805751052005,High,-0.5890372787264403,-2.985193273952831
18097321400,2024,2.7568969421020786E-3,High,0.05860888642933638,0.05860888642933638
18097321400,2025,-8.3383221578429034E-2,High,-0.22574322395037247,-0.1671343375210361
18097321400,2026,-0.19083183704503012,High,-0.6111397400733495,-0.7782740775943856
18097321400,2027,-9.9948323243492634E-2,High,-0.2634780891293594,-1.041752166723745
18097321400,2028,-5.0403484583210513E-2,High,-0.0504844812687955,-1.0922366479925405
18097321600,2024,3.9228169156872085E-2,High,0.22575191881165682,0.22575191881165682
18097321600,2025,-2.4876612886224475E-2,High,0.018593378476451084,0.24434529728810792
18097321600,2026,4.8757890959256749E-2,High,0.35286491324806596,0.5972102105361738
18097321600,2027,-3.5053747049810506E-2,High,0.0012603443900717388,0.5984705549262456
18097321600,2028,3.0584696715400379E-2,High,0.26808213050108937,0.866552685427335
18097321700,2024,5.8530531746599362E-2,High,0.3142121018398628,0.3142121018398628
18097321700,2025,0.22608361878234112,High,1.066659087988614,1.380871189828477
18097321700,2026,0.21282013382167167,High,1.0129798809101451,2.393851070738622
18097321700,2027,0.19145817672933449,High,0.9253192625928801,3.319170333331502
18097321700,2028,0.20819730652608054,High,0.9667204553496742,4.285890788681177
18097321800,2024,-0.12339045640211699,High,-0.5195078033530958,-0.5195078033530958
18097321800,2025,0.13648399688687166,High,0.6924711512404702,0.17296334788737444
18097321800,2026,5.2386194259955152E-2,High,0.36746362453118125,0.5404269724185558
18097321800,2027,0.105253990409263,High,0.5736479429269584,1.114074915345514
18097321800,2028,0.10345956280844321,High,0.5547350569181803,1.6688099722636944
18097321900,2024,-6.7866159310445318E-2,High,-0.26504726980909515,-0.26504726980909515
18097321900,2025,-1.1232669108742446E-2,High,0.07557352039222658,-0.18947374941686856
18097321900,2026,0.11844824991111197,High,0.6332685469131375,0.44379479749626893
18097321900,2027,0.10286776659131769,High,0.5639133057254737,1.0077081032217425
18097321900,2028,0.18875838156504346,High,0.8902575398724891,1.8979656430942318
18097322000,2024,-1.9350752540231532E-2,High,-0.04270755659362547,-0.04270755659362547
18097322000,2025,2.4252643138424675E-5,High,0.12258492775492427,0.07987737116129881
18097322000,2026,0.10400036178143526,High,0.5751365414065142,0.6550139125678129
18097322000,2027,-2.6841578084872433E-2,High,0.034762015486372894,0.6897759280541859
18097322000,2028,-3.7975837233145938E-2,High,-0.001600391700420841,0.688175536353765
18097322100,2024,0.14014038671412082,High,0.6882193081480877,0.6882193081480877
18097322100,2025,3.9522065767679221E-2,High,0.287536574720334,0.9757558828684217
18097322100,2026,0.13071866695354642,High,0.6826393576971856,1.6583952405656075
18097322100,2027,7.9876689738596324E-2,High,0.47012084990068514,2.1285160904662925
18097322100,2028,0.12324182947813769,High,0.6325485053132857,2.7610645957795783
18097322200,2024,0.11370067779894225,High,0.5670496078600034,0.5670496078600034
18097322200,2025,3.2920440491257537E-2,High,0.25996672019292855,0.8270163280529319
18097322200,2026,0.16018633861655099,High,0.8012044265851797,1.6282207546381116
18097322200,2027,0.10153351057134351,High,0.5584701875273118,2.1866909421654235
18097322200,2028,0.15396582386391744,High,0.7534011857238617,2.940092127889285
18097322300,2024,0.10253644419127868,High,0.5158853970690838,0.5158853970690838
18097322300,2025,-0.2459890722031336,High,-0.904821399296017,-0.38893600222693325
18097322300,2026,5.1263445023786089E-2,High,0.362946170894101,-0.02598983133283228
18097322300,2027,-5.3074873559639454E-3,High,0.12261067374437311,0.09662084241154083
18097322300,2028,-6.092835615106372E-2,High,-0.0918840116807928,0.004736830730748029
18097322400,2024,9.9291156583030546E-2,High,0.5010126718018887,0.5010126718018887
18097322400,2025,0.1753950667025298,High,0.8549724277299006,1.3559850995317893
18097322400,2026,0.15504589292238552,High,0.7805215132958716,2.136506612827661
18097322400,2027,0.17027398010220687,High,0.8388980027684052,2.975404615596066
18097322400,2028,0.15983713498695293,High,0.7764959590737646,3.751900574669831
18097322500,2024,0.20988780399134144,High,1.007862526402168,1.007862526402168
18097322500,2025,8.7492462543610816E-2,High,0.487871614253389,1.4957341406555569
18097322500,2026,8.6521172312738606E-2,High,0.5048079003396954,2.0005420409952523
18097322500,2027,7.7234186252705589E-2,High,0.45934071580540375,2.459882756800656
18097322500,2028,7.9058370339023604E-2,High,0.4587530866666621,2.9186358434673183
18097322601,2024,0.19490046714004947,High,0.9391775374632365,0.9391775374632365
18097322601,2025,0.51472803627607944,High,2.272102333740894,3.2112798712041304
18097322601,2026,-4.1288934124478219E-2,High,-0.009444268871740508,3.2018356023323897
18097322601,2027,0.332090504122726,High,1.4990310308183254,4.700866633150715
18097322601,2028,-4.465858101621685E-2,High,-0.02788693141724342,4.672979701733472
18097322602,2024,0.11533494298646252,High,0.5745392297616045,0.5745392297616045
18097322602,2025,0.1207235886783857,High,0.6266521834247136,1.2011914131863182
18097322602,2026,3.0839735556209068E-2,High,0.2807700645608753,1.4819614777471934
18097322602,2027,6.9580595920284538E-2,High,0.42811777493346886,1.9100792526806623
18097322602,2028,5.3307980019787385E-2,High,0.3574640533260427,2.267543306006705
18097322700,2024,3.1645438191861323E-2,High,0.19100126246581237,0.19100126246581237
18097322700,2025,-0.19016883679106619,High,-0.671703688799369,-0.48070242633355664
18097322700,2026,6.7145847667786418E-2,High,0.4268500376511379,-0.05385238868241879
18097322700,2027,0.15133643409887318,High,0.7616419891277334,0.7077896004453146
18097322700,2028,-0.16108399013833413,High,-0.4858457040831473,0.2219438963621673
18097330103,2024,-0.13752993285896248,Low,-0.5843071598816705,-0.5843071598816705
18097330103,2025,-0.16151604428142627,Low,-0.5520432584935023,-1.136350418375173
18097330103,2026,-0.17543228302034702,Low,-0.549178645737104,-1.6855290641122767
18097330103,2027,-0.16961444017407348,Low,-0.5476820973432085,-2.2332111614554853
18097330103,2028,-0.15287266609766315,Low,-0.45354650146077624,-2.6867576629162615
18097330105,2024,-3.4029557554914512E-2,High,-0.10997858480056945,-0.10997858480056945
18097330105,2025,-0.17656560314542571,High,-0.6148935614429887,-0.7248721462435581
18097330105,2026,-0.22143333812455493,High,-0.7342668444154622,-1.4591389906590204
18097330105,2027,-0.20779093808624685,High,-0.7034237147067651,-2.1625627053657857
18097330105,2028,-0.19924303374744787,High,-0.6359441139500589,-2.798506819315844
18097330106,2024,-6.2332260022061645E-2,High,-0.23968613893019403,-0.23968613893019403
18097330106,2025,-0.15613778793569424,High,-0.5295824645443948,-0.7692686034745888
18097330106,2026,-0.2749268399139625,High,-0.9495013833791847,-1.7187699868537736
18097330106,2027,-0.17621885521395028,High,-0.5746249112811687,-2.293394898134942
18097330106,2028,-0.21569390702626512,High,-0.7006535428698862,-2.9940484410048285
18097330107,2024,0.16933648684620742,Low,0.8220211859953476,0.8220211859953476
18097330107,2025,-1.4640789113558927E-2,Low,0.06134045371388564,0.8833616397092332
18097330107,2026,6.7377060898537566E-2,Low,0.42778033892995393,1.3111419786391871
18097330107,2027,-3.7714416695767056E-2,Low,-0.009593898837913346,1.3015480798012737
18097330107,2028,5.238610509172098E-3,Low,0.16838342539528586,1.4699315051965596
18097330108,2024,3.2418761580254848E-2,Low,0.19454530160398975,0.19454530160398975
18097330108,2025,-0.23364942333607303,Low,-0.8532882828376825,-0.6587429812336928
18097330108,2026,-9.4009111451768393E-2,Low,-0.22156728721136051,-0.8803102684450533
18097330108,2027,-0.22456647348256736,Low,-0.7718597724293215,-1.6521700408743747
18097330108,2028,-0.17101189690335883,Low,-0.5248970763869661,-2.1770671172613407
18097330109,2024,-0.28278928010499316,High,-1.2500115980927835,-1.2500115980927835
18097330109,2025,-0.23924143532914252,High,-0.8766417678825045,-2.126653365975288
18097330109,2026,-0.20492848927595633,High,-0.6678585253904873,-2.7945118913657754
18097330109,2027,-0.19649491058416912,High,-0.6573413947149194,-3.4518532860806945
18097330109,2028,-0.15760367012276516,High,-0.4721558824640299,-3.9240091685447247
18097330204,2024,-0.11763489397731094,High,-0.4931308195428563,-0.4931308195428563
18097330204,2025,-0.22323307771030776,High,-0.8097873082162959,-1.3029181277591522
18097330204,2026,-0.22596066445957619,High,-0.7524828325983404,-2.0554009603574928
18097330204,2027,-0.27730996142346437,High,-0.9870276523173094,-3.0424286126748017
18097330204,2028,-0.26922833393569667,High,-0.9112309471296443,-3.9536595598044464
18097330210,2024,-6.4342787672154858E-2,High,-0.24890012209333112,-0.24890012209333112
18097330210,2025,-0.12271319476051284,High,-0.3899939340095397,-0.6388940561028709
18097330210,2026,-0.14324849325901845,High,-0.41968510129398096,-1.0585791573968517
18097330210,2027,-0.20410396822765048,High,-0.6883826637892743,-1.746961821186126
18097330210,2028,-0.14554693549017825,High,-0.4247307762408121,-2.1716925974269383
18097330211,2024,-7.6183870257279851E-2,Low,-0.303166242515798,-0.303166242515798
18097330211,2025,-0.28689356287882412,Low,-1.075647644383601,-1.3788138868993989
18097330211,2026,-0.54174620511433458,Low,-2.0230662302194573,-3.401880117118856
18097330211,2027,-0.36267133411978081,Low,-1.3352607006886343,-4.73714081780749
18097330211,2028,-0.4833036607432738,Low,-1.7532951894808966,-6.4904360072883875
18097330212,2024,-0.28786788630183463,High,-1.273286180756559,-1.273286180756559
18097330212,2025,-0.34705800779704715,High,-1.3269077393850237,-2.6001939201415825
18097330212,2026,-0.45438352799621068,High,-1.6715568897731887,-4.271750809914772
18097330212,2027,-0.41862266797355141,High,-1.5635150379010565,-5.835265847815828
18097330212,2028,-0.43581620108553309,High,-1.5665035010869133,-7.401769348902741
18097330401,2024,-0.1938448168146108,High,-0.8423908487965214,-0.8423908487965214
18097330401,2025,-0.28511722174840631,High,-1.0682292489876097,-1.9106200977841312
18097330401,2026,-0.18077904394990829,High,-0.5706916816223568,-2.481311779406488
18097330401,2027,-0.2847052573228479,High,-1.0171968770298991,-3.498508656436387
18097330401,2028,-0.21791921093852115,High,-0.7094067648353464,-4.207915421271734
18097330500,2024,-4.7326892571685618E-2,High,-0.1709185181327183,-0.1709185181327183
18097330500,2025,-1.7840319246222744E-2,High,0.047978504705867286,-0.12294001342685101
18097330500,2026,-2.6331161891357042E-2,High,0.05073928806185505,-0.07220072536499597
18097330500,2027,-3.6511147601560205E-2,High,-0.00468514384193451,-0.07688586920693047
18097330500,2028,-4.8332327503251005E-2,High,-0.04233759510804619,-0.11922346431497666
18097330600,2024,4.3498521722657883E-2,High,0.24532238164015133,0.24532238164015133
18097330600,2025,-3.9112123773998468E-2,High,-0.040857279182197254,0.20446510245795407
18097330600,2026,1.2479715380029024E-2,High,0.20689734458935818,0.4113624470473123
18097330600,2027,-5.9897837950070171E-4,High,0.14181910939114778,0.55318155643846
18097330600,2028,9.8870816390679919E-3,High,0.18666816366223177,0.7398497201006918
18097330701,2024,-0.18326373056573383,High,-0.7938991254718838,-0.7938991254718838
18097330701,2025,-0.56217596100776468,High,-2.2252881272320875,-3.019187252703971
18097330701,2026,-0.45571225450137381,High,-1.6769031061766977,-4.696090358880669
18097330701,2027,-0.54882721237932586,High,-2.0946865031436603,-6.790776862024329
18097330701,2028,-0.50051318444231196,High,-1.8209887660876127,-8.611765628111941
18097330702,2024,-1.2633433772557615E-2,High,-0.011922970256848272,-0.011922970256848272
18097330702,2025,5.2882927308147483E-2,High,0.34333450229237256,0.33141153203552426
18097330702,2026,-1.8484266063423821E-2,High,0.08231177723017481,0.4137233092656991
18097330702,2027,-2.5159034139591092E-2,High,0.04162597969613918,0.4553492889618383
18097330702,2028,-7.2514425681384109E-2,High,-0.13745775904518479,0.3178915299166535
18097330803,2024,-0.17329053468233577,High,-0.7481932835512131,-0.7481932835512131
18097330803,2025,-0.1463819265537166,High,-0.4888398189338814,-1.2370331024850945
18097330803,2026,-0.28175647969551976,High,-0.9769808775326755,-2.21401398001777
18097330803,2027,-0.29291766784237738,High,-1.050699533551915,-3.264713513569685
18097330803,2028,-0.32859757613184615,High,-1.1447595685471177,-4.4094730821168024
18097330804,2024,0.19487821678570491,High,0.9390755670226434,0.9390755670226434
18097330804,2025,0.13657834033973212,High,0.6928651504697609,1.6319407174924043
18097330804,2026,4.1364145855863711E-2,High,0.32311570511416887,1.9550564226065732
18097330804,2027,5.9442904750028974E-2,High,0.3867609060341769,2.34181732864075
18097330804,2028,2.0418363596387337E-3,High,0.15580893004200072,2.4976262586827507
18097330805,2024,-0.11009220472182768,High,-0.45856366907289103,-0.45856366907289103
18097330805,2025,-4.6343724156530361E-2,High,-0.07105804978013124,-0.5296217188530222
18097330805,2026,-0.26831304165376169,High,-0.9228903414448302,-1.4525120602978525
18097330805,2027,-4.2906245673496372E-2,High,-0.030774045951635652,-1.4832861062494882
18097330805,2028,-0.17511098946576395,High,-0.5410208367677778,-2.0243069430172658
18097330806,2024,0.19269626771441728,High,0.9290759820854579,0.9290759820854579
18097330806,2025,0.13413322993358956,High,0.6826538259279755,1.6117298080134335
18097330806,2026,0.13236042219507083,High,0.6892450653192421,2.3009748733326756
18097330806,2027,0.11868877744763101,High,0.6284553657320552,2.9294302390647307
18097330806,2028,0.10152068179010001,High,0.5471084779935202,3.476538717058251
18097330900,2024,0.23089699730141458,High,1.104144889602262,1.104144889602262
18097330900,2025,-0.11509076308732055,High,-0.3581609650699716,0.7459839245322906
18097330900,2026,4.3264922117995687E-3,High,0.17409232769981717,0.9200762522321076
18097330900,2027,-7.3228540780842538E-2,High,-0.15447432073999703,0.7656019314921106
18097330900,2028,-4.7824395875347703E-2,High,-0.040339648554396486,0.7252622829377141
18097331000,2024,4.0482610384695958E-2,High,0.23150085757993408,0.23150085757993408
18097331000,2025,-0.10537549384183967,High,-0.3175878412440662,-0.08608698366413212
18097331000,2026,-5.2286476364424156E-2,High,-0.053693586163911795,-0.1397805698280439
18097331000,2027,-7.4962785144713356E-2,High,-0.16154919761199918,-0.3013297674400431
18097331000,2028,-6.5647802599212698E-2,High,-0.11044793101209435,-0.41177769845213746
18097340101,2024,-0.29348023416046304,High,-1.2990068310906508,-1.2990068310906508
18097340101,2025,-0.25691618838936797,High,-0.9504554653092022,-2.249462296399853
18097340101,2026,-0.31060907207342725,High,-1.0930711354263327,-3.342533431826186
18097340101,2027,-0.30971750057138497,High,-1.1192347126213016,-4.461768144447487
18097340101,2028,-0.29906521951692294,High,-1.0285941894320125,-5.4903623338795
18097340102,2024,0.10292265284540225,High,0.5176553404152434,0.5176553404152434
18097340102,2025,0.2817466757456813,High,1.2991203863466134,1.8167757267618567
18097340102,2026,0.12411752647022722,High,0.6560792451407983,2.472854971902655
18097340102,2027,0.25402183129062283,High,1.1805486650374375,3.6534036369400926
18097340102,2028,0.22838994193038831,High,1.0461480871387743,4.699551724078867
18097340108,2024,0.24736367158241959,Low,1.1796094869536133,1.1796094869536133
18097340108,2025,0.19893660902882068,Low,0.9532871411694368,2.13289662812305
18097340108,2026,6.5099641853949841E-2,Low,0.4186169971839084,2.5515136253069586
18097340108,2027,0.14680014956742116,Low,0.7431361457846659,3.2946497710916245
18097340108,2028,6.6079327427468415E-2,Low,0.407700085376201,3.7023498564678254
18097340111,2024,-0.26152786454830568,High,-1.1525733335880912,-1.1525733335880912
18097340111,2025,-0.10416225094298703,High,-0.31252106922547845,-1.4650944028135697
18097340111,2026,-0.12008393712300061,High,-0.3264810224160802,-1.7915754252296499
18097340111,2027,-8.4336304722281846E-2,High,-0.19978861660632175,-1.9913640418359715
18097340111,2028,-5.9551734043976984E-2,High,-0.08646907541095383,-2.0778331172469255
18097340112,2024,-4.9558001754374366E-2,High,-0.18114339737944818,-0.18114339737944818
18097340112,2025,-0.11642067863971134,High,-0.3637149880230923,-0.5448583854025405
18097340112,2026,-0.13329981238674854,High,-0.3796559450560877,-0.9245143304586282
18097340112,2027,-0.14534647423752542,High,-0.4486805526290583,-1.3731948830876866
18097340112,2028,-0.13432491617435496,High,-0.3805890185999433,-1.7537839016876298
18097340113,2024,-0.20960428166426592,High,-0.9146143985587148,-0.9146143985587148
18097340113,2025,-0.58011153902612489,High,-2.3001910876586975,-3.2148054862174122
18097340113,2026,-0.492705429043721,High,-1.8257475190695407,-5.040553005286953
18097340113,2027,-0.6516274151312299,High,-2.5140615301227034,-7.554614535409656
18097340113,2028,-0.61114752629772673,High,-2.2561684042168015,-9.810782939626458
18097340114,2024,-0.14623963281137892,High,-0.6242225665232157,-0.6242225665232157
18097340114,2025,-0.39443086833134372,High,-1.5247473347559315,-2.1489699012791474
18097340114,2026,-0.10771799558773143,High,-0.27672586270202615,-2.4256957639811736
18097340114,2027,-0.37484211466975254,High,-1.3849115893529167,-3.81060735333409
18097340114,2028,-0.16092990341077926,High,-0.48523960470014127,-4.2958469580342316
18097340115,2024,0.36874190944359314,Low,1.735869949211992,1.735869949211992
18097340115,2025,0.25950193538324118,Low,1.2062214061541476,2.9420913553661396
18097340115,2026,0.20100255221048491,Low,0.965431082557714,3.907522437923854
18097340115,2027,0.21482265014978416,Low,1.0206349955267893,4.928157433450643
18097340115,2028,0.12811379865749051,Low,0.6517123720556588,5.579869805506302
18097340201,2024,-0.38601860795617488,High,-1.7230979984308488,-1.7230979984308488
18097340201,2025,-0.22683196734532063,High,-0.8248170712735643,-2.547915069704413
18097340201,2026,-0.3148487406439397,High,-1.1101297141248376,-3.6580447838292507
18097340201,2027,-0.25367500137584564,High,-0.8906084649783514,-4.548653248807602
18097340201,2028,-0.28561578811648863,High,-0.9756909173401207,-5.524344166147722
18097340202,2024,0.19563232869965244,High,0.9425315625061731,0.9425315625061731
18097340202,2025,0.2681023175931187,High,1.2421385139083965,2.1846700764145695
18097340202,2026,0.13080163932837907,High,0.6829732023745099,2.8676432787890795
18097340202,2027,0.22890165582944016,High,1.0780705183048265,3.945713797093906
18097340202,2028,0.13914219857634208,High,0.6950925287533136,4.64080632584722
18097340301,2024,-5.650903475597778E-2,High,-0.2129990652386864,-0.2129990652386864
18097340301,2025,1.5934920384945789E-2,High,0.18903141278069627,-0.023967652457990124
18097340301,2026,-0.26223289577469999,High,-0.8984264841287786,-0.9223941365867687
18097340301,2027,-8.3065675385384175E-2,High,-0.1946050644519759,-1.1169992010387446
18097340301,2028,-0.21701840943047138,High,-0.705863466545457,-1.8228626675842015
18097340302,2024,0.2296391483738057,Low,1.098380333795123,1.098380333795123
18097340302,2025,0.2469680024959795,Low,1.1538769164430667,2.2522572502381895
18097340302,2026,0.39165715143570912,Low,1.7325421033897805,3.98479935362797
18097340302,2027,0.24651927079067223,Low,1.1499418527175036,5.134741206345474
18097340302,2028,0.38153361994607166,Low,1.6485379894327183,6.783279195778192
18097340400,2024,-0.14628296968536725,High,-0.624421173703402,-0.624421173703402
18097340400,2025,0.18544669720535373,High,0.8969502709310064,0.27252909722760443
18097340400,2026,-4.6251854758445433E-2,High,-0.02941289868346458,0.24311619854413985
18097340400,2027,0.18326574331719603,High,0.8918981029913642,1.135014301535504
18097340400,2028,-6.586375688768506E-2,High,-0.11129738614088851,1.0237169153946155
18097340500,2024,0.36119564048316199,High,1.7012863934261797,1.7012863934261797
18097340500,2025,0.414988946549746,High,1.8555697255857493,3.556856119011929
18097340500,2026,0.24487077847920682,High,1.1419377074796642,4.698793826491594
18097340500,2027,0.31008842183507512,High,1.4092731937132055,6.108067020204799
18097340500,2028,0.23245131811057856,High,1.0621234903161303,7.1701905105209285
18097340600,2024,0.29391463453183964,High,1.3929464131201792,1.3929464131201792
18097340600,2025,0.30908100263300664,High,1.4132746111523853,2.8062210242725643
18097340600,2026,0.21602060439572426,High,1.0258571797488907,3.832078204021455
18097340600,2027,0.21775615613838437,High,1.03260227886067,4.864680482882125
18097340600,2028,0.15644429116344499,High,0.7631502246247575,5.627830707506883
18097340700,2024,-4.2292048608819049E-2,High,-0.14784449201787017,-0.14784449201787017
18097340700,2025,0.18775688808473562,High,0.9065981415398666,0.7587536495219964
18097340700,2026,0.14164932696648472,High,0.7266195700548636,1.48537321957686
18097340700,2027,0.16566407326974641,High,0.8200918161026093,2.3054650356794695
18097340700,2028,0.12466610076266474,High,0.6381508693876189,2.9436159050670883
18097340800,2024,4.9768022818858303E-2,High,0.2740546786264584,0.2740546786264584
18097340800,2025,6.1868205760488196E-2,High,0.38085902230777374,0.6549137009342321
18097340800,2026,8.6694850806141227E-2,High,0.5055067069088107,1.160420407843043
18097340800,2027,6.5277760809341723E-2,High,0.410564292134481,1.5709846999775239
18097340800,2028,5.9522698803050174E-2,High,0.3819096190140407,1.9528943189915644
18097340901,2024,-1.7829359516279855E-2,Low,-0.03573521293719525,-0.03573521293719525
18097340901,2025,-0.24095308682531966,Low,-0.8837900049870494,-0.9195252179242447
18097340901,2026,0.10601990614722789,Low,0.5832623078257586,-0.336262910098486
18097340901,2027,-0.18524284403856373,Low,-0.6114384141291554,-0.9477013242276415
18097340901,2028,0.10281390550588902,Low,0.5521953671024429,-0.3955059571251986
18097340903,2024,0.15424743682949738,Low,0.7528700590286262,0.7528700590286262
18097340903,2025,8.7690463025684035E-2,Low,0.48869850827698824,1.2415685673056145
18097340903,2026,-2.0532861565695341E-2,Low,0.07406912169809904,1.3156376890037136
18097340903,2027,0.12035679943017608,Low,0.6352600873688373,1.9508977763725508
18097340903,2028,7.7684173852481844E-2,Low,0.4533476915632756,2.4042454679358265
18097340904,2024,0.14543470300663999,High,0.7124824617422859,0.7124824617422859
18097340904,2025,2.315448500256248E-2,High,0.21918191934910056,0.9316643810913865
18097340904,2026,8.3880338853211354E-3,High,0.19043420139176268,1.122098582483149
18097340904,2027,7.4438409327037713E-2,High,0.4479353003271971,1.5700338828103462
18097340904,2028,4.1258219635232796E-2,High,0.3100663802730687,1.880100263083415
18097341000,2024,0.10270871599091216,High,0.516674896015409,0.516674896015409
18097341000,2025,0.13929558774871248,High,0.7042129796245178,1.2208878756399266
18097341000,2026,-3.3788161198240192E-2,High,0.020735572579022234,1.241623448218949
18097341000,2027,0.10476975021353713,High,0.5716724775123913,1.8132959257313401
18097341000,2028,0.24427633001203999,High,1.1086371163191353,2.9219330420504757
18097341100,2024,0.10227225954484812,High,0.514674673663187,0.514674673663187
18097341100,2025,0.20924118673081463,High,0.9963213480979932,1.5109960217611802
18097341100,2026,2.0765825314985845E-2,High,0.24023703991673157,1.7512330616779117
18097341100,2027,0.15109053329958083,High,0.7606388329901305,2.511871894668042
18097341100,2028,6.4001453837660621E-2,High,0.39952677985708385,2.911398674525126
18097341200,2024,-0.13582379631004191,High,-0.5764881610059086,-0.5764881610059086
18097341200,2025,0.17482850798047772,High,0.8526063525750448,0.2761181915691362
18097341200,2026,0.13084978483810369,High,0.6831669189240368,0.959285110493173
18097341200,2027,0.17992579740102235,High,0.8782727416476295,1.8375578521408025
18097341200,2028,0.1587260359803539,High,0.7721254566103488,2.6096833087511513
18097341600,2024,0.25053658463382678,High,1.194150529168282,1.194150529168282
18097341600,2025,0.21074037116885314,High,1.0025822755417386,2.1967328047100203
18097341600,2026,0.19706962157390825,High,0.9496066836303009,3.1463394883403213
18097341600,2027,0.17377704122168158,High,0.8531887951225257,3.999528283462847
18097341600,2028,0.13580811545942204,High,0.6819779292539097,4.681506212716757
18097341701,2024,0.29789062605411687,High,1.4111678580932636,1.4111678580932636
18097341701,2025,0.10875274939982968,High,0.5766592977849472,1.9878271558782108
18097341701,2026,0.18290577518698392,High,0.8926175383123494,2.88044469419056
18097341701,2027,9.3434488087515505E-2,High,0.5254300992615683,3.4058747934521283
18097341701,2028,9.8649391462627634E-2,High,0.535814271649289,3.9416890651014174
18097341702,2024,-0.1581037721567734,Low,-0.6785943530383174,-0.6785943530383174
18097341702,2025,-0.44227535806371426,Low,-1.7245565584891482,-2.4031509115274656
18097341702,2026,-0.55619393939094619,Low,-2.0811976166883954,-4.484348528215861
18097341702,2027,-0.56301135368850952,Low,-2.152550928358554,-6.636899456574415
18097341702,2028,-0.67721705532611032,Low,-2.516052570848473,-9.152952027422888
18097341902,2024,-0.20240539601953941,Low,-0.8816228547116138,-0.8816228547116138
18097341902,2025,-0.24458676329995427,Low,-0.8989650456188062,-1.7805879003304201
18097341902,2026,-0.18546653315786346,Low,-0.5895520954076333,-2.3701399957380533
18097341902,2027,-0.22290825900014932,Low,-0.765095060641939,-3.1352350563799924
18097341902,2028,-0.15786778400538246,Low,-0.473194773118909,-3.6084298294989012
18097341903,2024,2.8213598135877645E-2,High,0.1752735919247248,0.1752735919247248
18097341903,2025,-7.6562703060919626E-2,High,-0.1972592225937953,-0.0219856306690705
18097341903,2026,-0.20074293904815127,High,-0.651017695318497,-0.6730033259875674
18097341903,2027,-9.4412542185584744E-2,High,-0.2408947841517124,-0.9138981101392798
18097341903,2028,-0.16689049500235242,High,-0.508685562332778,-1.4225836724720577
18097341904,2024,0.43368924549299781,High,2.0335150280160947,2.0335150280160947
18097341904,2025,0.40816214144348384,High,1.8270594700371923,3.8605744980532872
18097341904,2026,0.50413675017402926,High,2.185110990589845,6.045685488643132
18097341904,2027,0.51278528191674955,High,2.2361781889345793,8.28186367757771
18097341904,2028,0.48810087659226814,High,2.067719767947022,10.349583445524733
18097342000,2024,-0.18126837289363457,High,-0.784754664317964,-0.784754664317964
18097342000,2025,-0.37852154659868997,High,-1.4583064709635685,-2.2430611352815326
18097342000,2026,-0.40847346787340494,High,-1.4868348152447732,-3.7298959505263056
18097342000,2027,-0.48718077860494002,High,-1.8431989171737388,-5.5730948677000445
18097342000,2028,-0.52358858794101726,High,-1.911755751960545,-7.484850619660589
18097342101,2024,6.6719160913794959E-3,Low,0.07655090305523507,0.07655090305523507
18097342101,2025,0.28968101785616618,Low,1.332255962602057,1.408806865657292
18097342101,2026,-0.12962214075853123,Low,-0.36485859713754004,1.0439482685197519
18097342101,2027,0.17248141064815353,Low,0.8479032500342585,1.8918515185540103
18097342101,2028,-1.4165261120456718E-2,Low,0.09205839202434053,1.9839099105783509
18097342200,2024,0.26700708676400775,High,1.2696326690477635,1.2696326690477635
18097342200,2025,-9.5784028253928746E-2,High,-0.27753174901057115,0.9921009200371924
18097342200,2026,0.31322722373474132,High,1.416974253744564,2.409075173781756
18097342200,2027,1.5120059074580083E-3,High,0.15043090264249181,2.559506076424248
18097342200,2028,0.27092183929989322,High,1.213447095708807,3.772953172133055
18097342300,2024,0.32840882122568293,High,1.5510287232085007,1.5510287232085007
18097342300,2025,0.30518120506467256,High,1.3969881896814018,2.9480169128899023
18097342300,2026,0.3272458094718026,High,1.4733789335114298,4.4213958464013325
18097342300,2027,0.33811119218597629,High,1.5235925214707475,5.94498836787208
18097342300,2028,0.37430370627385701,High,1.6200991596551484,7.565087527527228
18097342400,2024,-3.573832695997322E-2,High,-0.11780964970891068,-0.11780964970891068
18097342400,2025,-0.11619979465856238,High,-0.36279252742093415,-0.4806021771298448
18097342400,2026,-0.11020632610053746,High,-0.28673782028187594,-0.7673399974117208
18097342400,2027,-0.1150662092336534,High,-0.32515174030192323,-1.092491737713644
18097342400,2028,-0.10682005882737047,High,-0.2723987978572884,-1.3648905355709324
18097342500,2024,9.9631046270342791E-2,High,0.5025703414295974,0.5025703414295974
18097342500,2025,0.18340270380824336,High,0.8884141001770288,1.3909844416066264
18097342500,2026,0.20364936116752791,High,0.9760806883329525,2.367065129939579
18097342500,2027,0.27044016633027879,High,1.247527518345965,3.614592648285544
18097342500,2028,0.27879873084225859,High,1.2444308097482435,4.859023458033787
18097342600,2024,0.1920826580200542,High,0.9262638897512208,0.9262638897512208
18097342600,2025,9.1088486444899711E-2,High,0.5028894093696464,1.429153299120867
18097342600,2026,7.8244805813424897E-2,High,0.4715074083512027,1.9006607074720698
18097342600,2027,5.4904352418001387E-2,High,0.36824581116336824,2.268906518635438
18097342600,2028,5.0098408559295274E-2,High,0.34483921981320725,2.6137457384486456
18097350100,2024,-0.19843274135991748,High,-0.8634167021401644,-0.8634167021401644
18097350100,2025,0.11991525253615237,High,0.6232763920222217,-0.24014031011794268
18097350100,2026,5.5427001230933803E-3,High,0.17898581831671279,-0.06115449180122989
18097350100,2027,4.7676695574219372E-2,High,0.3387604725870277,0.2776059807857978
18097350100,2028,-9.8849652596463139E-3,High,0.10889491468588129,0.3865008954716791
18097350300,2024,0.15928952008185174,High,0.7759772618528076,0.7759772618528076
18097350300,2025,0.31682642817106144,High,1.445621229810021,2.221598491662829
18097350300,2026,0.16404002399232087,High,0.8167099771178484,3.038308468780677
18097350300,2027,0.24643940101126696,High,1.1496160227094272,4.187924491490104
18097350300,2028,0.17187639023091184,High,0.8238523102080083,5.011776801698113
18097350400,2024,0.12528756299402383,High,0.6201507751559291,0.6201507751559291
18097350400,2025,0.10752155689141935,High,0.5715175642071058,1.191668339363035
18097350400,2026,9.2492819055666517E-2,High,0.5288352044153992,1.7205035437784342
18097350400,2027,8.0225448472277569E-2,High,0.4715436165823787,2.1920471603608127
18097350400,2028,7.013782416707548E-2,High,0.42366416228822223,2.615711322649035
18097350500,2024,-9.7137249662176073E-2,High,-0.3991928179466737,-0.3991928179466737
18097350500,2025,0.37038892623371283,High,1.6693101272980293,1.2701173093513556
18097350500,2026,0.1181356915382806,High,0.6320109482324519,1.9021282575838074
18097350500,2027,0.22169738608415432,High,1.0486805877607686,2.950808845344576
18097350500,2028,0.12063313780677337,High,0.6222872294879314,3.5730960748325074
18097350600,2024,0.27297833457921583,High,1.296998110567404,1.296998110567404
18097350600,2025,0.15633975021275714,High,0.7753931905573445,2.0723913011247483
18097350600,2026,0.21231777470942076,High,1.0109586067683771,3.0833499078931257
18097350600,2027,0.12635529858677191,High,0.6597310580312424,3.743080965924368
18097350600,2028,0.15327593486346339,High,0.7506875107425502,4.493768476666919
18097350700,2024,0.14590271627725648,High,0.7146273048611483,0.7146273048611483
18097350700,2025,0.18213588458789964,High,0.8831235815312434,1.5977508863923917
18097350700,2026,0.17992276251601591,High,0.8806151953084019,2.4783660817007935
18097350700,2027,0.12871234068541787,High,0.6693466479546979,3.1477127296554914
18097350700,2028,0.13634311478250985,High,0.6840823464530917,3.831795076108583
18097350800,2024,0.35474601506942849,High,1.6717286104392477,1.6717286104392477
18097350800,2025,0.28220688980887643,High,1.3010423425683748,2.9727709530076227
18097350800,2026,0.2750046248019552,High,1.2631831728824299,4.235954125890053
18097350800,2027,0.24510021971651813,High,1.1441528117761712,5.380106937666223
18097350800,2028,0.2206086903693234,High,1.0155405724941642,6.395647510160388
18097350900,2024,0.38648434685981314,High,1.8171812008222274,1.8171812008222274
18097350900,2025,0.59514236844959811,High,2.6079304589543364,4.425111659776563
18097350900,2026,0.44071280813208691,High,1.92992068769286,6.3550323474694235
18097350900,2027,0.64787838336447034,High,2.787292598709137,9.142324946178562
18097350900,2028,0.53299722148603723,High,2.2443193191942052,11.386644265372766
18097351000,2024,1.3959902547865E-2,High,0.10995078417605193,0.10995078417605193
18097351000,2025,7.0468099650614291E-2,High,0.41677409073019944,0.5267248749062514
18097351000,2026,-4.1665991341872224E-2,High,-0.010961382794628481,0.5157634921116229
18097351000,2027,7.1440825055043622E-2,High,0.4357066086389777,0.9514701007506006
18097351000,2028,-4.8126409070316387E-2,High,-0.04152761596752102,0.9099424847830796
18097351200,2024,8.8730340568054095E-2,High,0.45261384428689766,0.45261384428689766
18097351200,2025,0.21227681860357034,High,1.0089988215422288,1.4616126658291264
18097351200,2026,0.37975459569862785,High,1.6846514061861069,3.1462640720152333
18097351200,2027,0.30419338114782907,High,1.3852242834866095,4.531488355501843
18097351200,2028,0.37671422334543103,High,1.6295809166694644,6.161069272171307
18097351500,2024,0.17453335071896317,High,0.8458377279973772,0.8458377279973772
18097351500,2025,0.247873681926124,High,1.1576592350528077,2.0034969630501847
18097351500,2026,0.25418040378226187,High,1.1793955826046914,3.1828925456548762
18097351500,2027,0.25174428556636358,High,1.1712573818104737,4.35414992746535
18097351500,2028,0.23754321814631485,High,1.0821524539975669,5.436302381462917
18097351600,2024,0.18908219212266988,High,0.9125131501089262,0.9125131501089262
18097351600,2025,0.22706712281117883,High,1.070766419420923,1.983279569529849
18097351600,2026,0.30808345345587651,High,1.3962779637752656,3.379557533305115
18097351600,2027,0.20368795447319554,High,0.9752108312277915,4.354768364532906
18097351600,2028,0.23602729439972236,High,1.0761895754156552,5.430957939948561
18097351700,2024,2.3559302147438371E-2,High,0.1539435670072621,0.1539435670072621
18097351700,2025,0.39244732355128098,High,1.7614308975157993,1.9153744645230615
18097351700,2026,0.43245064007100231,High,1.8966773240321835,3.812051788555245
18097351700,2027,0.46832072973717032,High,2.0547843563277977,5.866836144883043
18097351700,2028,0.52286483960905439,High,2.204463645045805,8.071299789928847
18097351900,2024,0.23124651516312855,High,1.105746683883927,1.105746683883927
18097351900,2025,0.33781076825585821,High,1.5332564982881853,2.6390031821721123
18097351900,2026,0.18454251679717074,High,0.8992030732668223,3.5382062554389346
18097351900,2027,0.22811306071259049,High,1.0748534322529388,4.613059687691873
18097351900,2028,0.1964053546198917,High,0.920336870675049,5.533396558366922
18097352100,2024,0.26235711831047315,High,1.2483224766522496,1.2483224766522496
18097352100,2025,0.33124362829244836,High,1.5058306620931234,2.754153138745373
18097352100,2026,6.8541849500070598E-2,High,0.4324669406526852,3.1866200793980584
18097352100,2027,0.18345931931487919,High,0.8926877992864852,4.079307878684544
18097352100,2028,5.2448431756763808E-2,High,0.3540830244720362,4.43339090315658
18097352300,2024,2.7336639865554735E-2,High,0.1712546077853351,0.1712546077853351
18097352300,2025,1.8513904800632502E-2,High,0.19980182494311885,0.37105643272845396
18097352300,2026,-2.0736276142409499E-2,High,0.07325067008859454,0.4443071028170485
18097352300,2027,-2.3463582939578495E-2,High,0.04854259925245386,0.49284970206950235
18097352300,2028,-3.7143308216363108E-2,High,0.0016743570817347223,0.4945240591512371
18097352400,2024,0.13458225372611943,High,0.6627471174186802,0.6627471174186802
18097352400,2025,3.3045586714862941E-2,High,0.2604893586395211,0.9232364760582012
18097352400,2026,-3.7612215138309715E-2,High,0.005349246030360037,0.9285857220885614
18097352400,2027,-2.1376020779598104E-2,High,0.0570588415722774,0.9856445636608387
18097352400,2028,-5.3529222956371927E-2,High,-0.06277955774601258,0.9228650059148261
18097352500,2024,-9.9046839993677749E-2,High,-0.40794421868574343,-0.40794421868574343
18097352500,2025,-1.72208942203756E-2,High,0.05056536129620328,-0.35737885738954017
18097352500,2026,1.2213071637569579E-2,High,0.20582448637189177,-0.15155437101764838
18097352500,2027,4.0223701929455617E-2,High,0.3083558690242245,0.15680149800657614
18097352500,2028,6.3157958044115781E-2,High,0.39620889331261416,0.5530103913191903
18097352600,2024,-0.18825284947457666,High,-0.8167635996922883,-0.8167635996922883
18097352600,2025,0.27721506728789824,High,1.280195382165831,0.46343178247354266
18097352600,2026,0.18663706334256522,High,0.9076306157711588,1.3710623982447014
18097352600,2027,0.28421847426087549,High,1.3037363399770343,2.6747987382217357
18097352600,2028,0.22523624536274037,High,1.0337430372414116,3.7085417754631473
18097352700,2024,-0.17730859731010726,High,-0.7666075348543476,-0.7666075348543476
18097352700,2025,0.50828384087895595,High,2.245189941382088,1.4785824065277406
18097352700,2026,4.5853879071118223E-2,High,0.34118043496602474,1.8197628414937652
18097352700,2027,0.51789032932541734,High,2.257004309286756,4.076767150780522
18097352700,2028,8.3348531051860908E-2,High,0.47562841267500516,4.552395563455526
18097352800,2024,0.30152805627294593,High,1.4278377212467614,1.4278377212467614
18097352800,2025,0.13090983593903208,High,0.6691922161283609,2.0970299373751224
18097352800,2026,0.32623585685932371,High,1.4693153243317978,3.5663452617069202
18097352800,2027,0.12109429943746781,High,0.6382687301261036,4.204613991833024
18097352800,2028,0.28552876664578292,High,1.2709033723943133,5.475517364227337
18097353300,2024,3.5241012991343537E-2,High,0.20747930775043866,0.20747930775043866
18097353300,2025,-9.8834087801275713E-2,High,-0.29026947563080424,-0.08279016788036558
18097353300,2026,-4.7385416639735722E-2,High,-0.03397385769240867,-0.11676402557277425
18097353300,2027,-4.4340011666044191E-2,High,-0.03662311663155937,-0.15338714220433364
18097353300,2028,-2.644481373168061E-2,High,0.04375683238091225,-0.10963030982342137
18097353500,2024,0.3371353116895891,High,1.591021078550632,1.591021078550632
18097353500,2025,0.37818185354251999,High,1.70185512390876,3.292876202459392
18097353500,2026,0.15836067769828735,High,0.7938587626652235,4.086734965124616
18097353500,2027,1.7138636833022497E-2,High,0.21417998669649937,4.300914951821115
18097353500,2028,0.3597539791967384,High,1.5628678799447873,5.863782831765902
18097353600,2024,0.14628714661927197,High,0.7163890984373599,0.7163890984373599
18097353600,2025,0.2442410922297025,High,1.1424887330484321,1.8588778314857919
18097353600,2026,0.20952791951264149,High,0.9997334452633728,2.8586112767491647
18097353600,2027,0.2746899880466751,High,1.2648647321768671,4.123476008926032
18097353600,2028,0.23827905807382729,High,1.0850468767238697,5.208522885649901
18097354201,2024,-0.1498474673956729,High,-0.6407567967853697,-0.6407567967853697
18097354201,2025,-0.76276986511701639,High,-3.063012857705434,-3.7037696544908036
18097354201,2026,-0.26556543132034,High,-0.9118351548598481,-4.615604809350652
18097354201,2027,-0.71225847425322064,High,-2.761406879396169,-7.377011688746821
18097354201,2028,-0.35657526497565339,High,-1.2548096696509026,-8.631821358397723
18097354202,2024,-0.13265382331409895,Low,-0.5619605926778314,-0.5619605926778314
18097354202,2025,-0.55950887369743629,Low,-2.214149777798613,-2.7761103704764443
18097354202,2026,-0.41671652230949707,Low,-1.5200012740081155,-4.29611164448456
18097354202,2027,-0.53490998321675964,Low,-2.0379109501847767,-6.334022594669337
18097354202,2028,-0.50702064648704459,Low,-1.8465858359510294,-8.180608430620365
18097354400,2024,-8.6478768709726581E-2,High,-0.35034640489886815,-0.35034640489886815
18097354400,2025,-0.13068813545846331,High,-0.42329905899027104,-0.7736454638891392
18097354400,2026,-5.4672493143666914E-2,High,-0.06329387786778584,-0.8369393417569251
18097354400,2027,-9.8549581258848412E-2,High,-0.2577718994347479,-1.0947112411916728
18097354400,2028,-7.275802233273912E-2,High,-0.13841594527206807,-1.233127186463741
18097354500,2024,-0.11039947970616787,High,-0.45997186981662735,-0.45997186981662735
18097354500,2025,2.86124791618774E-2,High,0.2419757161314142,-0.21799615368521316
18097354500,2026,5.7923094502373901E-2,High,0.38974169814948195,0.1717455444642688
18097354500,2027,7.0859672572912688E-2,High,0.4333357880438006,0.6050813325080694
18097354500,2028,8.2433701014283364E-2,High,0.47202993323339565,1.077111265741465
18097354700,2024,0.40417858100805926,High,1.8982715432102004,1.8982715432102004
18097354700,2025,0.1738686953435889,High,0.848597961661507,2.7468695048717073
18097354700,2026,0.26064030434378527,High,1.20538740726752,3.9522569121392275
18097354700,2027,0.21027668391809479,High,1.0020896555369299,4.954346567676157
18097354700,2028,0.25695587821636012,High,1.158512056655553,6.11285862433171
18097354800,2024,-9.9159163398616522E-4,High,0.04143005746586128,0.04143005746586128
18097354800,2025,0.23967675256843413,High,1.1234270360865826,1.1648570935524438
18097354800,2026,0.22960576376226466,High,1.0805179406861192,2.245375034238563
18097354800,2027,0.30819588152280963,High,1.4015525460562088,3.646927580294772
18097354800,2028,0.29644660585604626,High,1.3138486390899324,4.960776219384704
18097354900,2024,0.20253033898732109,High,0.97414423425768,0.97414423425768
18097354900,2025,0.21427641329812785,High,1.0173495734456455,1.9914938077033255
18097354900,2026,0.3097451974652794,High,1.4029640974882462,3.3944579051915715
18097354900,2027,0.25209712510359145,High,1.1726967961937442,4.567154701385316
18097354900,2028,0.31497411411991849,High,1.3867265014831898,5.953881202868506
18097355000,2024,4.780029588720739E-2,High,0.26503684551332396,0.26503684551332396
18097355000,2025,0.16525121574553711,High,0.8126094514139289,1.0776462969272529
18097355000,2026,8.8810004840252713E-2,High,0.51401716496709,1.5916634618943428
18097355000,2027,0.18127205782108227,High,0.8837648319827626,2.4754282938771057
18097355000,2028,9.5990174104603962E-2,High,0.5253542532846118,3.0007825471617173
18097355100,2024,0.19620933671566729,High,0.9451759141739103,0.9451759141739103
18097355100,2025,0.12374624854561644,High,0.6392754828905306,1.584451397064441
18097355100,2026,0.20569683251485987,High,0.9843188207554533,2.5687702178198943
18097355100,2027,0.14106051935450997,High,0.719721235006732,3.2884914528266265
18097355100,2028,0.19717935499852721,High,0.923381397347668,4.211872850174294
18097355300,2024,2.3005164143249424E-2,High,0.15140402558866253,0.15140402558866253
18097355300,2025,6.594648456984617E-2,High,0.3978908211131045,0.549294846701767
18097355300,2026,0.11637252032575525,High,0.624916715655643,1.17421156235741
18097355300,2027,0.13941327381845195,High,0.7130012712067321,1.887212833564142
18097355300,2028,0.16149099747290618,High,0.7830014190067497,2.670214252570892
18097355400,2024,3.9622219609727158E-2,High,0.22755780008758203,0.22755780008758203
18097355400,2025,-1.6130869942346346E-2,High,0.05511754496587316,0.2826753450534552
18097355400,2026,7.9523604167420173E-2,High,0.47665273563288463,0.7593280806863398
18097355400,2027,3.0222203864024903E-2,High,0.26755460201560316,1.026882682701943
18097355400,2028,9.3775280664465083E-2,High,0.51664198085988855,1.5435246635618316
18097355500,2024,-8.8392932856307074E-2,High,-0.3591187668294567,-0.3591187668294567
18097355500,2025,0.1087743669687444,High,0.5767495775577698,0.21763081072831308
18097355500,2026,0.19469516736911613,High,0.9400529146870962,1.1576837254154093
18097355500,2027,0.11251606149535288,High,0.6032736749403738,1.760957400355783
18097355500,2028,0.18290282395364585,High,0.8672247328829303,2.628182133238713
18097355600,2024,-1.9741032599693842E-3,High,0.03692733621307168,0.03692733621307168
18097355600,2025,0.10285440076870209,High,0.5520264828487664,0.5889538190618381
18097355600,2026,0.13416188178334953,High,0.6964933536341739,1.285447172696012
18097355600,2027,0.12022604504807076,High,0.6347266728321423,1.9201738455281543
18097355600,2028,0.16759949266479346,High,0.807029154721881,2.7272030002500354
18097355700,2024,6.2748334364199021E-2,High,0.3335417351837251,0.3335417351837251
18097355700,2025,0.13506286221652791,High,0.6865361769750926,1.0200779121588177
18097355700,2026,0.15351797439519801,High,0.7743738350027588,1.7944517471615766
18097355700,2027,0.1459635858718813,High,0.7397233711694893,2.5341751183310657
18097355700,2028,0.14804499174437941,High,0.7301116217784137,3.2642867401094797
18097355900,2024,0.20062699155450664,High,0.9654214439002634,0.9654214439002634
18097355900,2025,0.40448364004568316,High,1.8116972305628558,2.7771186744631193
18097355900,2026,0.43278444627825413,High,1.8980204147388624,4.6751390892019815
18097355900,2027,0.540554398322454,High,2.3494627314751413,7.024601820677123
18097355900,2028,0.48505674874903004,High,2.055745706086821,9.080347526763944
18097356200,2024,-1.3384335693367062E-2,High,-0.015364254765014466,-0.015364254765014466
18097356200,2025,-0.28258877342992234,High,-1.0576698867999923,-1.0730341415650069
18097356200,2026,-0.16149274364429372,High,-0.4930920140788717,-1.5661261556438786
18097356200,2027,-0.22984492837767526,High,-0.7933933113211261,-2.3595194669650046
18097356200,2028,-0.18931432001603124,High,-0.5968895674479167,-2.9564090344129212
18097356400,2024,0.17907177634373975,High,0.8666367343139044,0.8666367343139044
18097356400,2025,0.36582245894640858,High,1.650239544896937,2.5168762792108414
18097356400,2026,0.22134044838319195,High,1.0472619135894459,3.564138192800287
18097356400,2027,0.33591790387413034,High,1.514644967669,5.078783160469287
18097356400,2028,0.26949246208571925,High,1.2078246474853858,6.286607807954673
18097356900,2024,-8.9892630038749047E-2,High,-0.36599168130451193,-0.36599168130451193
18097356900,2025,-9.9636745363044343E-2,High,-0.2936215520190717,-0.6596132333235836
18097356900,2026,-7.3514554829276022E-3,High,0.12710535537536233,-0.5325078779482213
18097356900,2027,1.1063860057317059E-2,High,0.18939784029984802,-0.3431100376483733
18097356900,2028,4.0881949606065407E-2,High,0.3085863239687982,-0.034523713679575074
18097357000,2024,8.002087339053085E-2,High,0.4126995044220001,0.4126995044220001
18097357000,2025,0.25181800612499122,High,1.174131609630033,1.586831114052033
18097357000,2026,0.34738531032349174,High,1.5544115082312089,3.141242622283242
18097357000,2027,0.35751329160251599,High,1.6027436879903165,4.743986310273558
18097357000,2028,0.38141085011901554,High,1.6480550749233949,6.392041385196953
18097357100,2024,0.300499858842458,High,1.4231256279748994,1.4231256279748994
18097357100,2025,0.53987333299818796,High,2.377114682011098,3.8002403099859974
18097357100,2026,0.5363276676187323,High,2.3146332137246532,6.114873523710651
18097357100,2027,0.54435436884589994,High,2.3649647703634855,8.479838294074137
18097357100,2028,0.52758296719268327,High,2.22302237663002,10.702860670704156
18097357200,2024,0.12884930760037944,High,0.6364737811254483,0.6364737811254483
18097357200,2025,0.31792292023730179,High,1.4502004244008848,2.086674205526333
18097357200,2026,0.19194822289955599,High,0.9290004072481123,3.015674612774445
18097357200,2027,0.25857257419224555,High,1.1991134915266282,4.214788104301073
18097357200,2028,0.19758523233831923,High,0.9249779138622812,5.139766018163355
18097357300,2024,0.10954595182782823,High,0.5480090464712962,0.5480090464712962
18097357300,2025,-0.30305931618251447,High,-1.1431594234148164,-0.5951503769435201
18097357300,2026,0.26338320127732018,High,1.216423629185437,0.6212732522419168
18097357300,2027,-0.11160724216034033,High,-0.31104083029534324,0.3102324219465735
18097357300,2028,0.12941164817360451,High,0.6568174567273491,0.9670498786739227
18097357400,2024,-2.1503290264340169E-2,High,-0.05257235320412466,-0.05257235320412466
18097357400,2025,-0.14025713148416599,High,-0.4632613133375734,-0.515833666541698
18097357400,2026,-1.8337401481438018E-2,High,0.08290269630513568,-0.4329309702365624
18097357400,2027,-0.1454949354515519,High,-0.44928620246214235,-0.8822171726987047
18097357400,2028,-2.8384267729198609E-2,High,0.03612799964549354,-0.8460891730532112
18097357500,2024,-9.5496306677597773E-2,High,-0.39167259258152076,-0.39167259258152076
18097357500,2025,0.1527069025928674,High,0.7602216114072355,0.3685490188257148
18097357500,2026,-4.9394331612006376E-2,High,-0.04205685606436442,0.32649216276135035
18097357500,2027,0.1439983987341644,High,0.7317063596574801,1.0581985224188304
18097357500,2028,1.94920103478501E-3,High,0.1554445494484911,1.2136430718673215
18097357601,2024,6.530431794118749E-2,High,0.3452554709498235,0.3452554709498235
18097357601,2025,4.269601508462878E-2,High,0.3007916925559662,0.6460471635057897
18097357601,2026,0.13082945669087925,High,0.6830851273185243,1.329132290824314
18097357601,2027,8.0227161061266372E-2,High,0.4715506031158111,1.8006828939401252
18097357601,2028,0.18655656845661422,High,0.881596718868044,2.682279612808169
18097357602,2024,9.9015765204743825E-2,Low,0.4997505894213308,0.4997505894213308
18097357602,2025,0.28762261278267459,Low,1.323659605484163,1.8234101949054937
18097357602,2026,0.13937038045079336,Low,0.7174500824307624,2.540860277336256
18097357602,2027,0.3582347898274994,Low,1.605687051227624,4.14654732856388
18097357602,2028,0.29443522127481908,Low,1.305936867758197,5.452484196322077
18097357800,2024,1.4237028343050972E-2,High,0.11122081516060274,0.11122081516060274
18097357800,2025,-8.1602154230177443E-2,High,-0.21830509081818958,-0.10708427565758684
18097357800,2026,6.9781817522523798E-2,High,0.43745603160233243,0.3303717559447456
18097357800,2027,-2.5308503351710886E-2,High,0.04101621771914626,0.37138797366389187
18097357800,2028,8.6984371116265252E-2,High,0.4899299716393174,0.8613179453032093
18097357900,2024,8.0727424046251745E-2,High,0.41593753292929964,0.41593753292929964
18097357900,2025,9.0293792999836531E-2,High,0.49957059290296113,0.9155081258322608
18097357900,2026,0.21735877635207354,High,1.031241400531686,1.9467495263639467
18097357900,2027,0.13116730058413362,High,0.6793616950674072,2.626111221431354
18097357900,2028,0.21910759925038559,High,1.0096360379799896,3.6357472594113434
18097358000,2024,-0.3495703729498596,High,-1.5560605425377736,-1.5560605425377736
18097358000,2025,-8.7813305905513964E-2,High,-0.24424424079513238,-1.800304783332906
18097358000,2026,-3.6599714069738484E-3,High,0.1419582785641964,-1.6583465047687096
18097358000,2027,-1.0171665558751361E-2,High,0.10276718306616954,-1.55557932170254
18097358000,2028,2.0718786827585951E-2,High,0.22927462260805864,-1.3263046990944813
18097358100,2024,-2.3156417567765583E-2,High,-0.060148417696238354,-0.060148417696238354
18097358100,2025,-0.10362350228648881,High,-0.3102711350858446,-0.37041955278208294
18097358100,2026,-0.1225229132564998,High,-0.33629439948202444,-0.7067139522641074
18097358100,2027,-0.13230205848921914,High,-0.3954656555770146,-1.102179607841122
18097358100,2028,-0.13604606838539657,High,-0.387359162334745,-1.4895387701758669
18097360101,2024,0.37034373360027684,High,1.7432108981461216,1.7432108981461216
18097360101,2025,0.35001373298782351,High,1.5842187914169619,3.3274296895630835
18097360101,2026,0.31080796396696325,High,1.4072402067419745,4.734669896305058
18097360101,2027,0.30871293927013338,High,1.4036618911832501,6.138331787488308
18097360101,2028,0.28764156622049847,High,1.2792140591028385,7.417545846591146
18097360102,2024,0.10434147479210866,High,0.5241576143470822,0.5241576143470822
18097360102,2025,0.13865770621391399,High,0.7015490445503894,1.2257066588974714
18097360102,2026,4.4677581962777976E-2,High,0.33644752802725886,1.5621541869247304
18097360102,2027,6.3103776751142759E-2,High,0.4016954903359134,1.9638496772606437
18097360102,2028,4.9081148210680478E-2,High,0.3408378312482362,2.30468750850888
18097360201,2024,6.2872845104234715E-2,High,0.3341123514904769,0.3341123514904769
18097360201,2025,-0.10807250566801374,High,-0.3288511621071696,0.00526118938330733
18097360201,2026,-8.4763032205268207E-2,High,-0.1843650937248131,-0.17910390434150578
18097360201,2027,-9.4692794082232246E-2,High,-0.2420380761255728,-0.42114198046707857
18097360201,2028,-8.671743072515195E-2,High,-0.19332520934711311,-0.6144671898141917
18097360202,2024,-0.38725916103296149,High,-1.728783289633862,-1.728783289633862
18097360202,2025,-0.3822089064261151,High,-1.4737057052090197,-3.2024889948428816
18097360202,2026,-0.46364024993155983,High,-1.7088019048016265,-4.911290899644508
18097360202,2027,-0.47612734861877382,High,-1.798106277523536,-6.709397177168044
18097360202,2028,-0.49671371533622188,High,-1.8060435730947157,-8.51544075026276
18097360301,2024,-3.1718681367898495E-2,High,-0.09938814388906403,-0.09938814388906403
18097360301,2025,-0.36317840193163692,High,-1.3942300884438876,-1.4936182323329517
18097360301,2026,-0.33910651682839782,High,-1.2077324340570905,-2.7013506663900424
18097360301,2027,-0.4172140320648674,High,-1.5577684857893481,-4.25911915217939
18097360301,2028,-0.41797473654093009,High,-1.496324188280389,-5.755443340459779
18097360302,2024,0.22436344692092774,High,1.0742024895569195,1.0742024895569195
18097360302,2025,4.9267380808881774E-2,High,0.3282351764675878,1.4024376660245075
18097360302,2026,7.5447010736202885E-2,High,0.4602503002274624,1.8626879662519698
18097360302,2027,4.3049151738191911E-2,High,0.31988233549070005,2.1825703017426696
18097360302,2028,5.3548448204384091E-2,High,0.35840993374435925,2.5409802354870292
18097360401,2024,-2.7858196104586092E-5,High,0.0458467207581972,0.0458467207581972
18097360401,2025,-0.19160026353840701,High,-0.6776816450659529,-0.6318349243077557
18097360401,2026,-0.2178044917736478,High,-0.719665948134966,-1.3515008724427215
18097360401,2027,-0.18082059485359503,High,-0.593397779756769,-1.9448986521994907
18097360401,2028,-0.29134566157031633,High,-0.998229346315651,-2.9431279985151417
18097360402,2024,0.41296547148514884,High,1.9385407038499356,1.9385407038499356
18097360402,2025,-1.7791083891567864E-3,High,0.11505369124285739,2.053594395092793
18097360402,2026,-7.1008037818271336E-2,High,-0.12902099067863543,1.9245734044141576
18097360402,2027,-2.0561652644701434E-2,High,0.06038106905238651,1.984954473466544
18097360402,2028,-3.9439682399230833E-2,High,-0.007358419442715478,1.9775960540238287
18097360405,2024,-0.20720800033775202,High,-0.9036325571522487,-0.9036325571522487
18097360405,2025,-0.16601114865391725,High,-0.5708158135001771,-1.4744483706524258
18097360405,2026,-9.7598813720236724E-2,High,-0.23601068476294498,-1.7104590554153707
18097360405,2027,-7.1514409290182365E-2,High,-0.1474814946472691,-1.8579405500626398
18097360405,2028,-0.1194873133575905,High,-0.3222253810872557,-2.1801659311498955
18097360406,2024,0.34000962435023563,Low,1.6041936745403271,1.6041936745403271
18097360406,2025,0.15551052733284823,Low,0.7719301714957298,2.376123846036057
18097360406,2026,0.18820271824925314,Low,0.9139301288100302,3.2900539748460873
18097360406,2027,0.1021832779297582,Low,0.5611209235781239,3.851174898424211
18097360406,2028,0.23200558911242863,Low,1.0603702174998826,4.911545115924094
18097360407,2024,7.4105301025187836E-2,High,0.3855892161491367,0.3855892161491367
18097360407,2025,4.7472139615536132E-2,High,0.3207378502078076,0.7063270663569443
18097360407,2026,-9.2261740622823565E-3,High,0.11956230480629218,0.8258893711632365
18097360407,2027,3.731179058659434E-2,High,0.2964766813837078,1.1223660525469443
18097360407,2028,-7.5657096453912095E-3,High,0.11801769520786104,1.2403837477548054
18097360501,2024,5.3647640909402966E-2,High,0.2918344568672716,0.2918344568672716
18097360501,2025,-8.9502024156083271E-2,High,-0.251296703568543,0.04053775329872861
18097360501,2026,9.8302011532630157E-2,High,0.5522088633217297,0.5927466166204582
18097360501,2027,0.11645167616803011,High,0.6193290762465016,1.2120756928669598
18097360501,2028,0.13030563715035409,High,0.6603339579589631,1.872409650825923
18097360502,2024,-0.20015815755540939,High,-0.8713240570944369,-0.8713240570944369
18097360502,2025,-0.2910905884216678,High,-1.0931753559423407,-1.9644994130367777
18097360502,2026,-0.17257014634016771,High,-0.5376626550428559,-2.5021620680796337
18097360502,2027,-0.16820322348837094,High,-0.5419250169114891,-3.044087084991123
18097360502,2028,-0.20830256976861231,High,-0.6715797542150056,-3.7156668392061283
18097360601,2024,-3.4532739091628503E-2,High,-0.11228459944656012,-0.11228459944656012
18097360601,2025,-6.6312098707951919E-2,High,-0.1544504203676726,-0.2667350198142327
18097360601,2026,-4.7681834157418578E-2,High,-0.03516651260609154,-0.30190153242032425
18097360601,2027,-4.2896757404712355E-2,High,-0.03073533841146781,-0.33263687083179205
18097360601,2028,-2.4042979289036502E-2,High,0.053204436317148156,-0.2794324345146439
18097360602,2024,0.11650259611892522,High,0.579890430130521,0.579890430130521
18097360602,2025,-0.11170676644368299,High,-0.3440286429099223,0.2358617872205987
18097360602,2026,-8.6973296866658487E-2,High,-0.19325823549846205,0.042603551722136646
18097360602,2027,-0.13587756613866248,High,-0.4100519946776084,-0.36744844295547174
18097360602,2028,-0.10952340262261796,High,-0.28303238734518943,-0.6504808303006612
18097360700,2024,8.4266270836272899E-3,High,0.0845925122009701,0.0845925122009701
18097360700,2025,5.7692724212965833E-3,High,0.14657740732000799,0.2311699195209781
18097360700,2026,4.1572712715291019E-2,High,0.3239548872639686,0.5551248067849467
18097360700,2027,2.202411147708867E-2,High,0.2341103565383306,0.7892351633232773
18097360700,2028,3.2684112656080379E-2,High,0.2763401727511329,1.0655753360744102
18097360800,2024,0.10951367449739637,High,0.547861123721198,0.547861123721198
18097360800,2025,-0.11600146451852186,High,-0.36196425667238885,0.18589686704880914
18097360800,2026,-8.2473326365626598E-2,High,-0.17515231527000288,0.01074455177880626
18097360800,2027,-0.10970970648696499,High,-0.3032998039849575,-0.2925552522061512
18097360800,2028,-8.8001565630710571E-2,High,-0.1983763476658133,-0.49093159987196455
18097360900,2024,0.2032407966311231,High,0.9774001679762788,0.9774001679762788
18097360900,2025,0.21227019032513578,High,1.0089711403781887,1.9863713083544674
18097360900,2026,0.36388238966191622,High,1.6207885661331622,3.6071598744876296
18097360900,2027,-7.386611930590431E-2,High,-0.15707533225545425,3.4500845422321755
18097360900,2028,5.9939085485080604E-2,High,0.3835474739745251,3.8336320162067006
18097361000,2024,-9.7642351066263774E-2,High,-0.40150763109173304,-0.40150763109173304
18097361000,2025,-1.1660604461814765E-2,High,0.07378636723867274,-0.32772126385306033
18097361000,2026,-6.8341344992443029E-2,High,-0.118291380880709,-0.4460126447337693
18097361000,2027,-4.0258772978723364E-2,High,-0.019973639891384523,-0.4659862846251538
18097361000,2028,-3.6599985093916466E-2,High,0.0038115159046484257,-0.4621747687205054
18097361100,2024,0.18908292373456442,High,0.912516502989787,0.912516502989787
18097361100,2025,0.23066900021183601,High,1.0858086600516264,1.9983251630414134
18097361100,2026,0.25659079349346076,High,1.1890939403651386,3.187419103406552
18097361100,2027,0.26757407413782114,High,1.2358352506425914,4.423254354049144
18097361100,2028,0.32187337044592967,High,1.413864692220003,5.837119046269146
18097361200,2024,0.11548781728774664,High,0.5752398325302572,0.5752398325302572
18097361200,2025,0.11577409628531353,High,0.605982003045214,1.1812218355754713
18097361200,2026,-7.3417802461721035E-3,High,0.1271442843116401,1.3083661198871113
18097361200,2027,7.2172862346808253E-2,High,0.43869296616323633,1.7470590860503477
18097361200,2028,9.1852044189541932E-3,High,0.1839073330780049,1.9309664191283527
18097361300,2024,8.2406184867989979E-2,High,0.4236310724564547,0.4236310724564547
18097361300,2025,0.16555809751389089,High,0.8138910578905711,1.2375221303470259
18097361300,2026,0.20349829480766718,High,0.9754728631349395,2.2129949934819653
18097361300,2027,0.23937716397138248,High,1.1208055167974718,3.333800510279437
18097361300,2028,0.25956416860200066,High,1.1687717540254914,4.502572264304929
18097361401,2024,-0.28800801410757171,Low,-1.2739283680165496,-1.2739283680165496
18097361401,2025,-0.44039133715174905,Low,-1.7166884683909436,-2.990616836407493
18097361401,2026,-0.51986544724814543,Low,-1.9350275961056105,-4.925644432513104
18097361401,2027,-0.50384218003893755,Low,-1.9111693636207616,-6.836813796133866
18097361401,2028,-0.51744142289438899,Low,-1.8875759085624784,-8.724389704696344
18097361402,2024,0.10314454621043359,High,0.5186722484539444,0.5186722484539444
18097361402,2025,0.25714481911688908,High,1.1963775646989823,1.7150498131529268
18097361402,2026,5.4329135572100777E-2,High,0.3752811736458298,2.0903309867987563
18097361402,2027,0.30594881723916784,High,1.3923856123406184,3.482716599139375
18097361402,2028,8.0455439981199084E-2,High,0.4642484532149419,3.946965052354317
18097361601,2024,-0.26623148333011593,High,-1.1741293983651193,-1.1741293983651193
18097361601,2025,3.6809941214556857E-3,High,0.13785629296882235,-1.036273105396297
18097361601,2026,0.13797582044245368,High,0.7118389807004271,-0.3244341246958699
18097361601,2027,0.13410980544923434,High,0.6913656894580187,0.3669315647621488
18097361601,2028,-7.8440486890041933E-2,High,-0.16076789158689989,0.2061636731752489
18097361602,2024,-0.54224671746900754,Low,-2.4390708280476114,-2.4390708280476114
18097361602,2025,0.19540453761926407,Low,0.9385364258736625,-1.5005344021739488
18097361602,2026,-0.97249478108663001,Low,-3.756210781564481,-5.25674518373843
18097361602,2027,7.8620479347362687E-2,Low,0.464996120059574,-4.791749063678856
18097361602,2028,-1.0020616007947631,Low,-3.7938269885788785,-8.585576052257734
18097370201,2024,1.1138675606946955E-2,High,0.0970214730413344,0.0970214730413344
18097370201,2025,2.8778512762750411E-2,High,0.2426691093536983,0.3396905823950327
18097370201,2026,-3.4385152371700797E-2,High,0.01833354026318965,0.35802412265822237
18097370201,2027,-3.2839657004082014E-2,High,0.010292759188925025,0.3683168818471474
18097370201,2028,-2.302554212965869E-2,High,0.057206520366383684,0.4255234022135311
18097370203,2024,0.33562009775513046,Low,1.5840770528467303,1.5840770528467303
18097370203,2025,3.9799665000864001E-2,Low,0.28869589082134905,1.8727729436680793
18097370203,2026,0.30328138308483982,Low,1.3769565253237246,3.249729468991804
18097370203,2027,8.9609909955991926E-2,Low,0.5098276732531094,3.759557142244913
18097370203,2028,0.304980390354329,Low,1.3474162383322055,5.106973380577119
18097370204,2024,-0.11863815618356019,High,-0.49772863796935934,-0.49772863796935934
18097370204,2025,2.0270484837429586E-2,High,0.2071376936197624,-0.290590944349597
18097370204,2026,-0.20538981931934822,High,-0.6697147164394575,-0.9603056607890544
18097370204,2027,2.4969179312132259E-3,High,0.15444886657132928,-0.8058567942177252
18097370204,2028,-0.17594737331442506,High,-0.5443107485121177,-1.3501675427298427
18097370303,2024,-4.6383666197879932E-3,Low,0.024717368477291675,0.024717368477291675
18097370303,2025,-0.2592584905827135,Low,-0.9602374399027013,-0.9355200714254096
18097370303,2026,0.16353131311436717,Low,0.8146631462389644,-0.1208569251864452
18097370303,2027,-0.30538570633111689,Low,-1.1015630906035478,-1.222420015789993
18097370303,2028,0.24520268365424652,Low,1.1122809238027276,-0.11013909198726546
18097370304,2024,2.7922438892974875E-2,High,0.17393924749938278,0.17393924749938278
18097370304,2025,-0.38604320470701825,High,-1.489718587096869,-1.3157793395974862
18097370304,2026,4.3029343524840176E-2,High,0.32981573484818383,-0.9859636047493023
18097370304,2027,-0.45273040557649458,High,-1.7026580842620567,-2.688621689011359
18097370304,2028,-1.9643637254175752E-3,High,0.14005056176277003,-2.548571127248589
18097370305,2024,Lacking good data,NA,NA,NA
18097370305,2025,Lacking good data,NA,NA,NA
18097370305,2026,Lacking good data,NA,NA,NA
18097370305,2027,Lacking good data,NA,NA,NA
18097370305,2028,Lacking good data,NA,NA,NA
18097370306,2024,-0.1911807995582295,High,-0.8301820089203497,-0.8301820089203497
18097370306,2025,-1.4400649667652796E-2,High,0.06234332941686896,-0.7678386795034807
18097370306,2026,-0.31651128093653358,High,-1.1168190517343624,-1.884657731237843
18097370306,2027,-0.10183251773329369,High,-0.2711646898737285,-2.1558224211115715
18097370306,2028,-0.31025094307849044,High,-1.072593177902497,-3.2284155990140686
18097380101,2024,-0.39163747536101801,High,-1.7488485269857403,-1.7488485269857403
18097380101,2025,-0.71008444746071808,High,-2.8429868429469796,-4.59183536993272
18097380101,2026,-0.27826376424609617,High,-0.9629277126744905,-5.55476308260721
18097380101,2027,-0.73561749870441373,High,-2.856700383175195,-8.411463465782406
18097380101,2028,-0.36083762032728972,High,-1.271575623408075,-9.68303908919048
18097380102,2024,-0.48938234616563892,Low,-2.1968003837209773,-2.1968003837209773
18097380102,2025,-0.5554675849198274,Low,-2.197272457587808,-4.394072841308786
18097380102,2026,-0.73833929010820243,Low,-2.8140711298181174,-7.208143971126903
18097380102,2027,-0.61559695399686098,Low,-2.3670747031924084,-9.575218674319311
18097380102,2028,-0.76520019654573079,Low,-2.862133822974165,-12.437352497293476
18097380103,2024,-0.22270121252391184,High,-0.974635906058974,-0.974635906058974
18097380103,2025,-0.47372997848358561,High,-1.8559180449230863,-2.8305539509820603
18097380103,2026,-0.45183486424577113,High,-1.6613021775380659,-4.491856128520126
18097380103,2027,-0.45311775179932162,High,-1.7042382692062479,-6.196094397726374
18097380103,2028,-0.57171294550244678,High,-2.101052675118023,-8.297147072844396
18097380200,2024,6.3148188148025822E-2,High,0.3353742123604135,0.3353742123604135
18097380200,2025,7.655003167648948E-2,High,0.4421735907287565,0.77754780308917
18097380200,2026,0.12361869468120174,High,0.6540721634104972,1.4316199664996672
18097380200,2027,0.11258220052521938,High,0.6035434901420185,2.0351634566416856
18097380200,2028,0.11538729680363456,High,0.6016527397703294,2.636816196412015
18097380301,2024,-0.10183738509593177,Low,-0.42073291899879367,-0.42073291899879367
18097380301,2025,-8.068028760093221E-2,Low,-0.21445517086700192,-0.6351880898657956
18097380301,2026,3.2531160646691329E-2,Low,0.2875756220092327,-0.34761246785656286
18097380301,2027,-5.8465969570955303E-2,Low,-0.09425018174323004,-0.44186264959979293
18097380301,2028,-7.5729754416563808E-3,Low,0.11798911523408102,-0.32387353436571187
18097380302,2024,0.24547865806757821,Low,1.1709707185252212,1.1709707185252212
18097380302,2025,0.24025964928526244,Low,1.1258613423391437,2.296832060864365
18097380302,2026,0.52126221715381593,Low,2.254016406512022,4.550848467376387
18097380302,2027,0.25063976987358522,Low,1.1667514928524958,5.717599960228883
18097380302,2028,0.58743284368781423,Low,2.458441570692438,8.17604153092132
18097380402,2024,-2.2689039211504752E-2,High,-0.0580064843061642,-0.0580064843061642
18097380402,2025,-9.4721020474338322E-2,High,-0.273092392243461,-0.3310988765496252
18097380402,2026,-2.9660094283791072E-2,High,0.03734511484904779,-0.29375376170057743
18097380402,2027,-0.10838433479958758,High,-0.29789292955988866,-0.5916466912604661
18097380402,2028,-3.7403136813959244E-2,High,6.523225743547968e-4,-0.5909943686861112
18097380403,2024,-4.44102411616486E-2,High,-0.15755188923628147,-0.15755188923628147
18097380403,2025,1.1946025550287693E-2,High,0.1723729013214921,0.014821012085210639
18097380403,2026,2.6158717119778466E-2,High,0.2619356863402794,0.27675669842549006
18097380403,2027,2.1036468403395795E-2,High,0.23008125124876982,0.5068379496742599
18097380403,2028,2.0055405987445856E-2,High,0.2266652173446253,0.7335031670188852
18097380404,2024,-0.3994217391505438,High,-1.7845227816973248,-1.7845227816973248
18097380404,2025,-0.10460547113047514,High,-0.3143720552449818,-2.0988948369423066
18097380404,2026,-0.39176225962159722,High,-1.4195961959118206,-3.5184910328541275
18097380404,2027,-0.22268059904921875,High,-0.7641663183291055,-4.282657351183233
18097380404,2028,-0.33588629560314648,High,-1.173429710645409,-5.456087061828642
18097380501,2024,-0.13297247617842103,High,-0.5634209367455257,-0.5634209367455257
18097380501,2025,-9.3970311540382018E-2,High,-0.26995726487179383,-0.8333782016173196
18097380501,2026,-0.19982290278637693,High,-0.647315870348943,-1.4806940719662625
18097380501,2027,-0.13146779628842123,High,-0.39206226994545523,-1.872756341911718
18097380501,2028,-0.14524928668640558,High,-0.4235599761389355,-2.2963163180506534
18097380502,2024,0.10192008256121224,High,0.5130606929763185,0.5130606929763185
18097380502,2025,-0.14142031895220344,High,-0.4681190427510303,0.04494165022528823
18097380502,2026,-5.1160316533374307E-2,High,-0.04916240977935373,-0.004220759554065499
18097380502,2027,-9.9519841433869743E-2,High,-0.26173009091865257,-0.26595085047271805
18097380502,2028,-6.1064235506141158E-2,High,-0.09241849245394283,-0.3583693429266609
18097380600,2024,-4.6961014938349407E-2,High,-0.1692417491744938,-0.1692417491744938
18097380600,2025,-9.8475498806959244E-2,High,-0.28877192828534315,-0.45801367745983695
18097380600,2026,-0.10140272172543832,High,-0.25131595284921,-0.7093296303090469
18097380600,2027,-9.143965576002841E-2,High,-0.22876684771240194,-0.9380964780214489
18097380600,2028,-8.1529181420784802E-2,High,-0.17291725629263388,-1.1110137343140827
18097380700,2024,3.5490853942886168E-2,Low,0.20862429589366024,0.20862429589366024
18097380700,2025,-0.22106372952059036,Low,-0.8007276279852154,-0.5921033320915551
18097380700,2026,3.6036087915589571E-2,Low,0.3016779219071255,-0.2904254101844296
18097380700,2027,-0.10879584642041244,Low,-0.2995716976212913,-0.5899971078057209
18097380700,2028,-1.9243240134389782E-2,Low,0.0720841866135199,-0.517912921192201
18097380800,2024,5.5266481371568071E-3,Low,0.07130229100705006,0.07130229100705006
18097380800,2025,0.1311212914431609,Low,0.6700753013147728,0.7413775923218229
18097380800,2026,0.19238078285385998,Low,0.9307408399964733,1.672118432318296
18097380800,2027,0.21006073326726329,Low,1.0012086814960792,2.6733271138143753
18097380800,2028,0.27928518639198902,Low,1.2463442802543026,3.919671394068678
18097380901,2024,-0.25269276537866536,Low,-1.112083238865973,-1.112083238865973
18097380901,2025,-0.21638937161533614,Low,-0.7812064703822289,-1.8932897092482017
18097380901,2026,-0.45895878445962995,Low,-1.6899657279049978,-3.5832554371531997
18097380901,2027,-0.35360568588973695,Low,-1.29827724764786,-4.881532684801059
18097380901,2028,-0.44828201330775808,Low,-1.6155377119917327,-6.497070396792792
18097380902,2024,-0.61620105811272263,High,-2.7779938214720015,-2.7779938214720015
18097380902,2025,-0.29305207873950639,High,-1.1013669754989472,-3.879360796970949
18097380902,2026,-0.59554868188194177,High,-2.239543949845495,-6.118904746816444
18097380902,2027,-0.37071391769937012,High,-1.3680705455661923,-7.4869752923826365
18097380902,2028,-0.50601362244507309,High,-1.8426247118477626,-9.329600004230398
18097381002,2024,-0.16120204512044031,High,-0.6927933295710232,-0.6927933295710232
18097381002,2025,-9.7673563651684669E-2,High,-0.2854228688271674,-0.9782161983981906
18097381002,2026,1.649490717509134E-2,High,0.22305272656946035,-0.7551634718287303
18097381002,2027,-9.1328655836834055E-2,High,-0.22831402179826782,-0.9834774936269981
18097381002,2028,-3.2166735610889535E-2,High,0.021249680884934345,-0.9622278127420637
18097381003,2024,-6.7798473082214206E-2,High,-0.2647370727485032,-0.2647370727485032
18097381003,2025,-0.10986265574995364,High,-0.3363272267540952,-0.6010642995025984
18097381003,2026,-0.32289153552022049,High,-1.1424904156917497,-1.7435547151943482
18097381003,2027,-0.17058533435955126,High,-0.5516428752826372,-2.2951975904769855
18097381003,2028,-0.3337814765745642,High,-1.1651504153757455,-3.460348005852731
18097381004,2024,1.5396674580522112E-2,High,0.11653532098535924,0.11653532098535924
18097381004,2025,0.1154233959292754,High,0.6045174004066466,0.7210527213920058
18097381004,2026,-0.22591095484782323,High,-0.7522828227838804,-0.031230101391874543
18097381004,2027,0.13215325833639791,High,0.6833839250619718,0.6521538236700972
18097381004,2028,-0.19970826874214115,High,-0.6377741135075222,0.014379710162574999
18097381101,2024,-0.22240393076567982,High,-0.9732735029530378,-0.9732735029530378
18097381101,2025,-0.32450704866224389,High,-1.23272992153454,-2.206003424487578
18097381101,2026,-0.29110290427386853,High,-1.0145868169045198,-3.2205902413920975
18097381101,2027,-0.33489654118375389,High,-1.2219530006542794,-4.442543242046377
18097381101,2028,-0.2861279531469515,High,-0.9777055159618627,-5.42024875800824
18097381102,2024,-0.42035003402023879,Low,-1.8804343980103846,-1.8804343980103846
18097381102,2025,-0.45479983746381925,Low,-1.7768615683365936,-3.657295966346978
18097381102,2026,-0.48233682924744936,Low,-1.7840287920803164,-5.441324758427294
18097381102,2027,-0.49108247425785878,Low,-1.8591159453108892,-7.300440703738184
18097381102,2028,-0.48185434224101908,Low,-1.7475943022991443,-9.048035006037328
18097381203,2024,-5.0638428082098626E-2,High,-0.18609484880176502,-0.18609484880176502
18097381203,2025,-0.26483094546628816,High,-0.9835092501112258,-1.1696040989129908
18097381203,2026,-0.27366307325316119,High,-0.9444165370801684,-2.114020635993159
18097381203,2027,-0.2720391695587297,High,-0.96552537487717,-3.079546010870329
18097381203,2028,-0.2446309163707123,High,-0.8144771264323455,-3.894023137302675
18097381204,2024,0.26073311379602976,High,1.2408798780626475,1.2408798780626475
18097381204,2025,-0.2125046363614421,High,-0.7649829524843159,0.47589692557833163
18097381204,2026,2.8213626726342488E-2,High,0.27020374707636885,0.7461006726547005
18097381204,2027,-0.19337602896323539,High,-0.6446178686039818,0.10148280405071863
18097381204,2028,-5.5496590912528877E-2,High,-0.07051818990008854,0.030964614150630093
18097381205,2024,0.15239900950832388,Low,0.7443989603024855,0.7443989603024855
18097381205,2025,-2.6864281765232319E-2,Low,0.010292431429574667,0.7546913917320602
18097381205,2026,1.9483957652933308E-3,Low,0.16452390396322808,0.9192152956952883
18097381205,2027,-5.5240465197453889E-2,Low,-0.08109168645385063,0.8381236092414377
18097381205,2028,-5.4170587794527846E-2,Low,-0.06530236317420629,0.7728212460672313
18097381206,2024,-7.1107570331517878E-2,Low,-0.2799022291883332,-0.2799022291883332
18097381206,2025,-9.167706010872298E-2,Low,-0.26038013716183184,-0.540282366350165
18097381206,2026,6.3082023738855006E-2,Low,0.41049898115802025,-0.12978338519214477
18097381206,2027,-5.2369084683745265E-2,Low,-0.06937784496163288,-0.19916123015377765
18097381206,2028,0.14642791472924258,Low,0.7237508573134889,0.5245896271597112
18097381207,2024,0.11232255281971683,Low,0.5607338427648588,0.5607338427648588
18097381207,2025,-0.31283292705868704,Low,-1.183976194858348,-0.6232423520934892
18097381207,2026,-3.3362928609377923E-2,Low,0.02244652320207985,-0.6007958288914094
18097381207,2027,-0.28126062366182497,Low,-1.003144440401824,-1.6039402692932332
18097381207,2028,-0.15380868972222758,Low,-0.45722834577228905,-2.0611686150655224
18097390102,2024,0.3166836469237892,High,1.497293795167353,1.497293795167353
18097390102,2025,0.26538219960808351,High,1.2307786965899787,2.728072491757332
18097390102,2026,0.23079579354948052,High,1.0853061019400385,3.8133785936973705
18097390102,2027,0.21248103519390368,High,1.0110823408723342,4.8244609345697045
18097390102,2028,0.2173413932630032,High,1.0026886754381201,5.827149610007824
18097390103,2024,-0.21549703598365039,High,-0.9416201147351597,-0.9416201147351597
18097390103,2025,0.44018860923358849,High,1.9608091181963225,1.0191890034611628
18097390103,2026,0.10229182943207127,High,0.5682621518036861,1.587451155264849
18097390103,2027,0.40749276350793667,High,1.8066357214459203,3.3940868767107695
18097390103,2028,0.22664155119980581,High,1.0392708008216769,4.433357677532446
18097390104,2024,-0.20524006059892241,High,-0.8946137487718696,-0.8946137487718696
18097390104,2025,-0.2586729687748186,High,-0.9577921706863554,-1.852405919458225
18097390104,2026,-0.13020469320652181,High,-0.36720253431441535,-2.2196084537726404
18097390104,2027,-0.2577125040874102,High,-0.907079520124777,-3.1266879738974174
18097390104,2028,-0.16582074518741596,High,-0.5044777067108662,-3.6311656806082837
18097390200,2024,-0.28830116826147834,High,-1.275271854856024,-1.275271854856024
18097390200,2025,-0.27905205265234856,High,-1.0428997547099423,-2.318171609565966
18097390200,2026,-0.28892371816400358,High,-1.0058187216783103,-3.3239903312442767
18097390200,2027,-0.30413993006223838,High,-1.0964809269269677,-4.420471258171244
18097390200,2028,-0.28176150390009858,High,-0.9605301093811626,-5.381001367552407
18097390300,2024,-0.26065877558707451,High,-1.1485904134548213,-1.1485904134548213
18097390300,2025,-0.18439339196145652,High,-0.6475841474567101,-1.7961745609115314
18097390300,2026,-0.21464068040694201,High,-0.7069361499706598,-2.5031107108821913
18097390300,2027,-0.2682351038625736,High,-0.9500066296680224,-3.4531173405502136
18097390300,2028,-0.27630968209538365,High,-0.93908539519629175,-4.392202735746506
18097390405,2024,-0.23255867503937899,High,-1.0198113572120873,-1.0198113572120873
18097390405,2025,-0.26828952431304398,High,-0.9979530441292201,-2.0177644013413074
18097390405,2026,-0.36375740368947113,High,-1.3069168600361092,-3.3246812613774166
18097390405,2027,-0.31199979383652354,High,-1.128545363515167,-4.453226624892584
18097390405,2028,-0.34718867729302449,High,-1.2178875732883396,-5.671114198180923
18097390406,2024,-0.32592558516952458,High,-1.4476995973431845,-1.4476995973431845
18097390406,2025,-0.39586504051139892,High,-1.5307367565597703,-2.978436353902955
18097390406,2026,-0.40849996648257686,High,-1.4869414341001017,-4.465377788003057
18097390406,2027,-0.45299385901513323,High,-1.70373284666504,-6.169110634668097
18097390406,2028,-0.45068044577965716,High,-1.6249719342928186,-7.794082568960915
18097390408,2024,-0.47537615345698625,Low,-2.132611849038952,-2.132611849038952
18097390408,2025,-5.3550031627103686E-2,Low,-0.10115319155575646,-2.2337650405947085
18097390408,2026,-0.49842097726801032,Low,-1.8487443943128703,-4.082509434907578
18097390408,2027,-0.21615398699690963,Low,-0.7375409028897553,-4.820050337797334
18097390408,2028,-0.3772213935417566,Low,-1.3360211145556637,-6.156071452352998
18097390409,2024,-0.82854805567226242,Low,-3.7511521165919923,-3.7511521165919923
18097390409,2025,-9.5572295136994417E-2,Low,-0.2766475044513771,-4.0277996210433695
18097390409,2026,-0.52217242700096445,Low,-1.9443098772591498,-5.972109498302519
18097390409,2027,-0.2511009212480424,Low,-0.8801074650372427,-6.852216963339762
18097390409,2028,-0.37393353600175028,Low,-1.3230883431351026,-8.175305306474865
18097390410,2024,-0.53230941009533739,High,-2.393529458435674,-2.393529458435674
18097390410,2025,0.13381353810488236,High,0.6813187217919475,-1.7122107366437262
18097390410,2026,-0.62467007544782971,High,-2.3567157465771897,-4.068926483220916
18097390410,2027,3.689863816007756E-2,High,0.29479121962994953,-3.7741352635909666
18097390410,2028,-0.5267995062853803,High,-1.924385883434445,-5.698521147025412
18097390411,2024,-0.74887158235707885,Low,-3.386005343509709,-3.386005343509709
18097390411,2025,-0.2240932429958758,Low,-0.8133795496416512,-4.19938489315136
18097390411,2026,-0.86865348305069223,Low,-3.3383986518566964,-7.537783545008057
18097390411,2027,-0.41122147299667339,Low,-1.5333217478100225,-9.071105292818078
18097390411,2028,-0.76213055982565991,Low,-2.8500594220727313,-11.92116471489081
18097390500,2024,-0.57264907379783003,High,-2.57840081901813,-2.57840081901813
18097390500,2025,0.14757648825725861,High,0.7387958607813657,-1.8396049582367642
18097390500,2026,5.6008050684169391E-2,High,0.38203639639284515,-1.4575685618439191
18097390500,2027,0.11638037506630242,High,0.6190382022923631,-0.8385303595515561
18097390500,2028,6.487655077474444E-2,High,0.4029689693438328,-0.4355613902077233
18097390601,2024,0.49412333939646202,High,2.3104765130671203,2.3104765130671203
18097390601,2025,0.29861251149607448,High,1.3695558652857474,3.680032378352868
18097390601,2026,0.41523761141721033,High,1.8274195980928083,5.507451976445676
18097390601,2027,0.18858334429545406,High,0.9135913389386001,6.421043315384276
18097390601,2028,0.29462970027327368,High,1.306701849939605,7.727745165323881
18097390602,2024,0.1313490105219588,Low,0.6479295900675481,0.6479295900675481
18097390602,2025,-3.7601841791462809E-2,Low,-0.034550005925930424,0.6133795841416178
18097390602,2026,-3.2777453961541157E-2,Low,0.02480221803765419,0.6381818021792719
18097390602,2027,-3.7311066287877538E-2,Low,-0.007948424571691228,0.6302333776075807
18097390602,2028,-2.9939039175069376E-2,Low,0.03001231383003604,0.6602456914376167
18097390700,2024,-2.0049690970861261E-2,High,-0.04591069927688735,-0.04591069927688735
18097390700,2025,-7.8005869892148472E-2,High,-0.20328620806021705,-0.2491969073371044
18097390700,2026,-0.124544718499219,High,-0.344429262684741,-0.5936261700218454
18097390700,2027,-0.11974284680294367,High,-0.34423015604712937,-0.9378563260689747
18097390700,2028,-0.15738172238685885,High,-0.47128285213930915,-1.4091391782082838
18097390801,2024,Lacking good data,NA,NA,NA
18097390801,2025,Lacking good data,NA,NA,NA
18097390801,2026,Lacking good data,NA,NA,NA
18097390801,2027,Lacking good data,NA,NA,NA
18097390801,2028,Lacking good data,NA,NA,NA
18097390802,2024,0.19803989850358703,High,0.9535651375164457,0.9535651375164457
18097390802,2025,0.34546056653405482,High,1.5652037562531502,2.518768893769596
18097390802,2026,0.49493171543936842,High,2.1480739423319184,4.666842836101514
18097390802,2027,0.48974756876667397,High,2.1421954796089455,6.80903831571046
18097390802,2028,0.53220034708595987,High,2.2411848176710407,9.0502231333815
18097390900,2024,-4.7669625710686836E-2,High,-0.17248921892465216,-0.17248921892465216
18097390900,2025,-9.2184065138118526E-2,High,-0.2624975028588855,-0.4349867217835377
18097390900,2026,-5.8767604787810887E-2,High,-0.07977082249186784,-0.5147575442754055
18097390900,2027,-5.9395854904133585E-2,High,-0.0980436634314929,-0.6128012077068984
18097390900,2028,-5.657185485697111E-2,High,-0.07474773532322004,-0.6875489430301185
18097391001,2024,-0.24659478681181218,High,-1.084137007019049,-1.084137007019049
18097391001,2025,-0.1678663858508429,High,-0.5785636964064901,-1.6627007034255392
18097391001,2026,-0.58077052992196032,High,-2.1800831066132753,-3.8427838100388145
18097391001,2027,-0.24634646584261513,High,-0.8607115902184571,-4.703495400257271
18097391001,2028,-0.53728293056106402,High,-1.965622381127078,-6.669117781384349
18097391002,2024,-0.2206781631035743,Low,-0.9653645372736106,-0.9653645372736106
18097391002,2025,-0.5963536323676627,Low,-2.3680216796564086,-3.3333862169300192
18097391002,2026,-0.36734523321830675,Low,-1.3213527224995436,-4.654738939429563
18097391002,2027,-0.51035717797095226,Low,-1.9377473990756233,-6.592486338505186
18097391002,2028,-0.41850152231240317,Low,-1.4983962975147973,-8.090882636019984
18097310103,2024,Lacking good data,NA,NA,NA
18097310103,2025,Lacking good data,NA,NA,NA
18097310103,2026,Lacking good data,NA,NA,NA
18097310103,2027,Lacking good data,NA,NA,NA
18097310103,2028,Lacking good data,NA,NA,NA
18097320203,2024,0.20917497350282821,Low,1.0045957182490808,1.0045957182490808
18097320203,2025,-0.110852545078215,Low,-0.34046122461608674,0.664134493632994
18097320203,2026,-2.255283666625528E-2,Low,0.0659416221898633,0.7300761158228574
18097320203,2027,-0.10248120367537265,Low,-0.27381101426976917,0.4562651015530882
18097320203,2028,-4.0735071088097381E-2,Low,-0.012453824462562837,0.4438112770905253
18097320204,2024,-3.6766532640436451E-2,Low,-0.12252178078932179,-0.12252178078932179
18097320204,2025,-0.12682454826474387,Low,-0.4071638600923221,-0.5296856408816438
18097320204,2026,-0.21271063759097508,Low,-0.6991704987835254,-1.2288561396651694
18097320204,2027,-0.15648549306013809,Low,-0.4941223532695413,-1.7229784929347105
18097320204,2028,-0.20019240967022994,Low,-0.6396784794607681,-2.3626569723954787
18097320205,2024,0.37607239455799574,Low,1.7694645960792466,1.7694645960792466
18097320205,2025,0.11943690597570061,Low,0.6212787104615246,2.390743306540771
18097320205,2026,0.48078911261414975,Low,2.0911702718484184,4.4819135783891895
18097320205,2027,0.1901960126101791,Low,0.9201702444260558,5.4020838228152455
18097320205,2028,0.43080484796157914,Low,1.8423461218658748,7.24442994468112
18097320303,2024,0.47339308985205181,Low,2.2154725123706016,2.2154725123706016
18097320303,2025,0.35471998550815753,Low,1.6038731480218817,3.819345660392483
18097320303,2026,0.36514185789940767,Low,1.625856117450014,5.445201777842497
18097320303,2027,0.4906991075246202,Low,2.1460772967805357,7.591279074623033
18097320303,2028,0.38468855690385168,Low,1.660947918398549,9.252226993021582
18097320304,2024,Lacking good data,NA,NA,NA
18097320304,2025,Lacking good data,NA,NA,NA
18097320304,2026,Lacking good data,NA,NA,NA
18097320304,2027,Lacking good data,NA,NA,NA
18097320304,2028,Lacking good data,NA,NA,NA
18097322600,2024,0.44797485934620218,Low,2.0989841129662072,2.0989841129662072
18097322600,2025,4.7898193301798661E-2,Low,0.32251714510251717,2.4215012580687243
18097322600,2026,5.7477394916916405E-2,Low,0.38794839725155383,2.8094496553202783
18097322600,2027,2.4510587908442766E-2,Low,0.24425397583642156,3.0537036311567
18097322600,2028,1.8008195081487599E-2,Low,0.21861252334122674,3.2723161544979265
18097330203,2024,Lacking good data,NA,NA,NA
18097330203,2025,Lacking good data,NA,NA,NA
18097330203,2026,Lacking good data,NA,NA,NA
18097330203,2027,Lacking good data,NA,NA,NA
18097330203,2028,Lacking good data,NA,NA,NA
18097330206,2024,-0.28105357769313749,Low,-1.2420571027649956,-1.2420571027649956
18097330206,2025,-0.19431798549883622,Low,-0.6890314560530408,-1.9310885588180364
18097330206,2026,-0.2103316815784686,Low,-0.6895986165279466,-2.6206871753459833
18097330206,2027,-0.16524502166620303,Low,-0.5298569865402343,-3.1505441618862173
18097330206,2028,-0.15390463666724732,Low,-0.45760575260739145,-3.608149914493609
18097330208,2024,-0.20867793182915093,Low,-0.9103690593894035,-0.9103690593894035
18097330208,2025,-0.16290209216318019,Low,-0.5578317025308299,-1.4682007619202335
18097330208,2026,-0.16687990100267985,Low,-0.5147675875891268,-1.9829683495093602
18097330208,2027,-0.18355254646389482,Low,-0.604542818867635,-2.587511168376995
18097330208,2028,-0.17848015155381455,Low,-0.5542734192271427,-3.1417845876041377
18097330209,2024,-0.15008666479034438,Low,-0.6418530069106406,-0.6418530069106406
18097330209,2025,-0.14686510951112797,Low,-0.4908576983632897,-1.1327107052739303
18097330209,2026,-0.1410596167939312,Low,-0.4108780163013719,-1.5435887215753021
18097330209,2027,-0.10628907367492658,Low,-0.2893452791938336,-1.8329340007691357
18097330209,2028,-5.7851437084629191E-2,Low,-0.07978096570584857,-1.9127149664749843
18097330213,2024,-1.7003114210154685E-2,Low,-0.031948639626997094,-0.031948639626997094
18097330213,2025,-5.4071699977029875E-2,Low,-0.10333179453862863,-0.13528043416562574
18097330213,2026,-5.9730977161305696E-2,Low,-0.08364701308929477,-0.2189274472549205
18097330213,2027,-9.4871233865320925E-2,Low,-0.2427660239976947,-0.4616934712526152
18097330213,2028,-0.10950126821218761,Low,-0.28294532175091064,-0.7446387930035259
18097330700,2024,Lacking good data,NA,NA,NA
18097330700,2025,Lacking good data,NA,NA,NA
18097330700,2026,Lacking good data,NA,NA,NA
18097330700,2027,Lacking good data,NA,NA,NA
18097330700,2028,Lacking good data,NA,NA,NA
18097340109,2024,-6.4145304413349702E-3,Low,0.016577443843105055,0.016577443843105055
18097340109,2025,-0.17142879522070925,Low,-0.5934411097678733,-0.5768636659247683
18097340109,2026,-5.6135700289680505E-2,Low,-0.06918118576399503,-0.6460448516887634
18097340109,2027,-0.15614829210089495,Low,-0.49274673670853864,-1.1387915883973019
18097340109,2028,-7.1280090977739411E-3,Low,0.11973938815352851,-1.0190522002437734
18097340300,2024,Lacking good data,NA,NA,NA
18097340300,2025,Lacking good data,NA,NA,NA
18097340300,2026,Lacking good data,NA,NA,NA
18097340300,2027,Lacking good data,NA,NA,NA
18097340300,2028,Lacking good data,NA,NA,NA
18097340902,2024,Lacking good data,NA,NA,NA
18097340902,2025,Lacking good data,NA,NA,NA
18097340902,2026,Lacking good data,NA,NA,NA
18097340902,2027,Lacking good data,NA,NA,NA
18097340902,2028,Lacking good data,NA,NA,NA
18097341700,2024,0.23136226773528901,Low,1.1062771626619365,1.1062771626619365
18097341700,2025,-0.22925171392607813,Low,-0.8349224708428096,0.27135469181912697
18097341700,2026,0.16764267498824781,Low,0.8312054747057269,1.102560166524854
18097341700,2027,-0.22626095146146685,Low,-0.7787724217149592,0.3237877448098947
18097341700,2028,0.13924579636051426,Low,0.6955000301264944,1.0192877749363891
18097354200,2024,0.10138436975734405,Low,0.510605591821709,0.510605591821709
18097354200,2025,1.2215296971013612E-2,Low,0.17349743862661846,0.6841030304483274
18097354200,2026,5.9765891167316652E-3,Low,0.1807315985401653,0.8648346289884927
18097354200,2027,2.4235708048717625E-2,Low,0.2431325991707895,1.1079672281592823
18097354200,2028,2.135198902298301E-2,Low,0.23176532032121192,1.339732548480494
18097357600,2024,Lacking good data,NA,NA,NA
18097357600,2025,Lacking good data,NA,NA,NA
18097357600,2026,Lacking good data,NA,NA,NA
18097357600,2027,Lacking good data,NA,NA,NA
18097357600,2028,Lacking good data,NA,NA,NA
18097361400,2024,9.5292476215903907E-2,Low,0.48268724684403563,0.48268724684403563
18097361400,2025,5.7564975048648825E-2,Low,0.3628877743566054,0.845575021200641
18097361400,2026,1.5174085890495626E-3,Low,0.16278979938837163,1.0083648205890126
18097361400,2027,1.820051637128655E-2,Low,0.21851194079860092,1.2268767613876137
18097361400,2028,-2.1264473708038772E-2,Low,0.06413367431866066,1.2910104357062742
18097361600,2024,-0.40709368128248757,Low,-1.8196822810600988,-1.8196822810600988
18097361600,2025,-0.29416900634301762,Low,-1.1060315134357537,-2.9257137944958522
18097361600,2026,9.4100027764964147E-3,Low,0.19454615884022672,-2.7311676356556256
18097361600,2027,-0.17839739120470161,Low,-0.5835122827594241,-3.3146799184150497
18097361600,2028,4.8990013946580771E-3,Low,0.16704757461802242,-3.1476323437970275
18097370202,2024,0.12768528992593955,Low,0.631139241581371,0.631139241581371
18097370202,2025,-9.0203680061534147E-2,Low,-0.2542269745899332,0.3769122669914378
18097370202,2026,-6.5823561141261616E-2,Low,-0.10816091590287419,0.26875135108856363
18097370202,2027,-0.10428904536421271,Low,-0.28118613257435926,-0.012434781485795632
18097370202,2028,-8.9823507621422091E-2,Low,-0.2055429475019329,-0.21797772898772852
18097370301,2024,Lacking good data,NA,NA,NA
18097370301,2025,Lacking good data,NA,NA,NA
18097370301,2026,Lacking good data,NA,NA,NA
18097370301,2027,Lacking good data,NA,NA,NA
18097370301,2028,Lacking good data,NA,NA,NA
18097370302,2024,Lacking good data,NA,NA,NA
18097370302,2025,Lacking good data,NA,NA,NA
18097370302,2026,Lacking good data,NA,NA,NA
18097370302,2027,Lacking good data,NA,NA,NA
18097370302,2028,Lacking good data,NA,NA,NA
18097380100,2024,-5.1321594127596862E-2,Low,-0.18922570872331637,-0.18922570872331637
18097380100,2025,-0.23186139518847357,Low,-0.8458210798602146,-1.035046788583531
18097380100,2026,-0.13056544765414291,Low,-0.36865405299641374,-1.4037008415799448
18097380100,2027,-0.20381074394772372,Low,-0.6871864507759403,-2.090887292355885
18097380100,2028,-9.8482936787688852E-2,Low,-0.23960476942614292,-2.330492061782028
18097380300,2024,-0.28284056340203134,Low,-1.250246622682193,-1.250246622682193
18097380300,2025,-0.14166526485875214,Low,-0.4691419913020106,-1.7193886139842038
18097380300,2026,-9.3135568960631798E-2,Low,-0.2180525329130686,-1.9374411468972723
18097380300,2027,-8.0806962485965667E-2,Low,-0.18539061002704038,-2.1228317569243127
18097380300,2028,-2.8372420544874762E-2,Low,0.03617460048661066,-2.086657156437702
18097381001,2024,0.30260967477695161,Low,1.4327946362558057,1.4327946362558057
18097381001,2025,-0.10352059360574781,Low,-0.3098413655610929,1.1229532706947127
18097381001,2026,-0.1517867798289223,Low,-0.4540394455028937,0.6689138251918192
18097381001,2027,-0.10850098125504892,Low,-0.2983687905902815,0.37054503460153765
18097381001,2028,-9.175331343558267E-2,Low,-0.21313382915569223,0.15741120544584541
18097381201,2024,-0.13689212909397039,Low,-0.5813841893113577,-0.5813841893113577
18097381201,2025,-0.29080613920548987,Low,-1.0919874327897696,-1.6733716221011274
18097381201,2026,-0.30222266724040309,Low,-1.0593278971372193,-2.7326995192383468
18097381201,2027,-0.3092386429668037,Low,-1.1172812055710766,-3.849980724809423
18097381201,2028,-0.29797784333893901,Low,-1.0243170005979725,-4.874297725407396
18097390101,2024,Lacking good data,NA,NA,NA
18097390101,2025,Lacking good data,NA,NA,NA
18097390101,2026,Lacking good data,NA,NA,NA
18097390101,2027,Lacking good data,NA,NA,NA
18097390101,2028,Lacking good data,NA,NA,NA
18097390402,2024,0.21181106228122532,Low,1.0166765655925927,1.0166765655925927
18097390402,2025,-0.13995766943076848,Low,-0.4620106932398022,0.5546658723527904
18097390402,2026,4.1475595322421635E-2,Low,0.3235641291984022,0.8782300015511927
18097390402,2027,-0.10763896909225994,Low,-0.29485219855691414,0.5833778029942785
18097390402,2028,-1.2187464745992811E-2,Low,0.09983804431040239,0.683215847304681
18097390403,2024,Lacking good data,NA,NA,NA
18097390403,2025,Lacking good data,NA,NA,NA
18097390403,2026,Lacking good data,NA,NA,NA
18097390403,2027,Lacking good data,NA,NA,NA
18097390403,2028,Lacking good data,NA,NA,NA
18097390404,2024,Lacking good data,NA,NA,NA
18097390404,2025,Lacking good data,NA,NA,NA
18097390404,2026,Lacking good data,NA,NA,NA
18097390404,2027,Lacking good data,NA,NA,NA
18097390404,2028,Lacking good data,NA,NA,NA
18097390407,2024,Lacking good data,NA,NA,NA
18097390407,2025,Lacking good data,NA,NA,NA
18097390407,2026,Lacking good data,NA,NA,NA
18097390407,2027,Lacking good data,NA,NA,NA
18097390407,2028,Lacking good data,NA,NA,NA
18097390600,2024,0.27691225614364146,Low,1.3150267544699334,1.3150267544699334
18097390600,2025,2.5041597149494804E-2,Low,0.22706291913163057,1.5420896736015641
18097390600,2026,5.9754105991074509E-2,Low,0.397108890433121,1.939198564034685
18097390600,2027,3.4259423853270375E-2,Low,0.2840245037919281,2.223223067826613
18097390600,2028,5.3416104363228328E-2,Low,0.3578893598977858,2.581112427724399
18097390800,2024,-7.094184533546298E-2,Low,-0.279142733379713,-0.279142733379713
18097390800,2025,-0.33454804961286466,Low,-1.2746633733629669,-1.5538061067426798
18097390800,2026,-0.21697097524998404,Low,-0.7163122408866411,-2.270118347629321
18097390800,2027,-0.28735623338985083,Low,-1.028011575151684,-3.2981299227810053
18097390800,2028,-0.19138832527924315,Low,-0.6050476569234443,-3.9031775797044492
18097391000,2024,Lacking good data,NA,NA,NA
18097391000,2025,Lacking good data,NA,NA,NA
18097391000,2026,Lacking good data,NA,NA,NA
18097391000,2027,Lacking good data,NA,NA,NA
18097391000,2028,Lacking good data,NA,NA,NA
18097330202,2024,0.1872236996669705,Low,0.903995924198187,0.903995924198187
18097330202,2025,-5.0936501431488229E-2,Low,-0.0902385085377049,0.8137574156604821
18097330202,2026,-6.2696855618547265E-3,Low,0.13145792610710394,0.945215341767586
18097330202,2027,-6.5969487634050611E-2,Low,-0.12486090045691511,0.8203544413106709
18097330202,2028,-3.910388560128164E-2,Low,-0.006037564393860521,0.8143168769168104
18097340110,2024,Lacking good data,NA,NA,NA
18097340110,2025,Lacking good data,NA,NA,NA
18097340110,2026,Lacking good data,NA,NA,NA
18097340110,2027,Lacking good data,NA,NA,NA
18097340110,2028,Lacking good data,NA,NA,NA
18097360404,2024,0.39328978944410486,Low,1.8483696469927902,1.8483696469927902
18097360404,2025,-0.10160839983854937,Low,-0.3018556193573266,1.5465140276354636
18097360404,2026,-9.7351782372014431E-2,Low,-0.23501673827289224,1.3114972893625714
18097360404,2027,-8.5511066148401912E-2,Low,-0.2045810741266832,1.1069162152358882
18097360404,2028,-5.3262562874749578E-2,Low,-0.061730651629902905,1.0451855636059852
18011810605,2024,Lacking good data,NA,NA,NA
18011810605,2025,Lacking good data,NA,NA,NA
18011810605,2026,Lacking good data,NA,NA,NA
18011810605,2027,Lacking good data,NA,NA,NA
18011810605,2028,Lacking good data,NA,NA,NA
18057110805,2024,Lacking good data,NA,NA,NA
18057110805,2025,Lacking good data,NA,NA,NA
18057110805,2026,Lacking good data,NA,NA,NA
18057110805,2027,Lacking good data,NA,NA,NA
18057110805,2028,Lacking good data,NA,NA,NA
18057110807,2024,Lacking good data,NA,NA,NA
18057110807,2025,Lacking good data,NA,NA,NA
18057110807,2026,Lacking good data,NA,NA,NA
18057110807,2027,Lacking good data,NA,NA,NA
18057110807,2028,Lacking good data,NA,NA,NA
18057110810,2024,Lacking good data,NA,NA,NA
18057110810,2025,Lacking good data,NA,NA,NA
18057110810,2026,Lacking good data,NA,NA,NA
18057110810,2027,Lacking good data,NA,NA,NA
18057110810,2028,Lacking good data,NA,NA,NA
18057110813,2024,Lacking good data,NA,NA,NA
18057110813,2025,Lacking good data,NA,NA,NA
18057110813,2026,Lacking good data,NA,NA,NA
18057110813,2027,Lacking good data,NA,NA,NA
18057110813,2028,Lacking good data,NA,NA,NA
18057110822,2024,Lacking good data,NA,NA,NA
18057110822,2025,Lacking good data,NA,NA,NA
18057110822,2026,Lacking good data,NA,NA,NA
18057110822,2027,Lacking good data,NA,NA,NA
18057110822,2028,Lacking good data,NA,NA,NA
18057111006,2024,Lacking good data,NA,NA,NA
18057111006,2025,Lacking good data,NA,NA,NA
18057111006,2026,Lacking good data,NA,NA,NA
18057111006,2027,Lacking good data,NA,NA,NA
18057111006,2028,Lacking good data,NA,NA,NA
18057111101,2024,Lacking good data,NA,NA,NA
18057111101,2025,Lacking good data,NA,NA,NA
18057111101,2026,Lacking good data,NA,NA,NA
18057111101,2027,Lacking good data,NA,NA,NA
18057111101,2028,Lacking good data,NA,NA,NA
18057111103,2024,Lacking good data,NA,NA,NA
18057111103,2025,Lacking good data,NA,NA,NA
18057111103,2026,Lacking good data,NA,NA,NA
18057111103,2027,Lacking good data,NA,NA,NA
18057111103,2028,Lacking good data,NA,NA,NA
18057111104,2024,Lacking good data,NA,NA,NA
18057111104,2025,Lacking good data,NA,NA,NA
18057111104,2026,Lacking good data,NA,NA,NA
18057111104,2027,Lacking good data,NA,NA,NA
18057111104,2028,Lacking good data,NA,NA,NA
18059410801,2024,Lacking good data,NA,NA,NA
18059410801,2025,Lacking good data,NA,NA,NA
18059410801,2026,Lacking good data,NA,NA,NA
18059410801,2027,Lacking good data,NA,NA,NA
18059410801,2028,Lacking good data,NA,NA,NA
18059410802,2024,Lacking good data,NA,NA,NA
18059410802,2025,Lacking good data,NA,NA,NA
18059410802,2026,Lacking good data,NA,NA,NA
18059410802,2027,Lacking good data,NA,NA,NA
18059410802,2028,Lacking good data,NA,NA,NA
18059410901,2024,Lacking good data,NA,NA,NA
18059410901,2025,Lacking good data,NA,NA,NA
18059410901,2026,Lacking good data,NA,NA,NA
18059410901,2027,Lacking good data,NA,NA,NA
18059410901,2028,Lacking good data,NA,NA,NA
18059410902,2024,Lacking good data,NA,NA,NA
18059410902,2025,Lacking good data,NA,NA,NA
18059410902,2026,Lacking good data,NA,NA,NA
18059410902,2027,Lacking good data,NA,NA,NA
18059410902,2028,Lacking good data,NA,NA,NA
18063210106,2024,Lacking good data,NA,NA,NA
18063210106,2025,Lacking good data,NA,NA,NA
18063210106,2026,Lacking good data,NA,NA,NA
18063210106,2027,Lacking good data,NA,NA,NA
18063210106,2028,Lacking good data,NA,NA,NA
18063210107,2024,Lacking good data,NA,NA,NA
18063210107,2025,Lacking good data,NA,NA,NA
18063210107,2026,Lacking good data,NA,NA,NA
18063210107,2027,Lacking good data,NA,NA,NA
18063210107,2028,Lacking good data,NA,NA,NA
18063210108,2024,Lacking good data,NA,NA,NA
18063210108,2025,Lacking good data,NA,NA,NA
18063210108,2026,Lacking good data,NA,NA,NA
18063210108,2027,Lacking good data,NA,NA,NA
18063210108,2028,Lacking good data,NA,NA,NA
18063210109,2024,Lacking good data,NA,NA,NA
18063210109,2025,Lacking good data,NA,NA,NA
18063210109,2026,Lacking good data,NA,NA,NA
18063210109,2027,Lacking good data,NA,NA,NA
18063210109,2028,Lacking good data,NA,NA,NA
18063210607,2024,Lacking good data,NA,NA,NA
18063210607,2025,Lacking good data,NA,NA,NA
18063210607,2026,Lacking good data,NA,NA,NA
18063210607,2027,Lacking good data,NA,NA,NA
18063210607,2028,Lacking good data,NA,NA,NA
18063210608,2024,Lacking good data,NA,NA,NA
18063210608,2025,Lacking good data,NA,NA,NA
18063210608,2026,Lacking good data,NA,NA,NA
18063210608,2027,Lacking good data,NA,NA,NA
18063210608,2028,Lacking good data,NA,NA,NA
18063210611,2024,Lacking good data,NA,NA,NA
18063210611,2025,Lacking good data,NA,NA,NA
18063210611,2026,Lacking good data,NA,NA,NA
18063210611,2027,Lacking good data,NA,NA,NA
18063210611,2028,Lacking good data,NA,NA,NA
18063210614,2024,Lacking good data,NA,NA,NA
18063210614,2025,Lacking good data,NA,NA,NA
18063210614,2026,Lacking good data,NA,NA,NA
18063210614,2027,Lacking good data,NA,NA,NA
18063210614,2028,Lacking good data,NA,NA,NA
18063210616,2024,Lacking good data,NA,NA,NA
18063210616,2025,Lacking good data,NA,NA,NA
18063210616,2026,Lacking good data,NA,NA,NA
18063210616,2027,Lacking good data,NA,NA,NA
18063210616,2028,Lacking good data,NA,NA,NA
18063210617,2024,Lacking good data,NA,NA,NA
18063210617,2025,Lacking good data,NA,NA,NA
18063210617,2026,Lacking good data,NA,NA,NA
18063210617,2027,Lacking good data,NA,NA,NA
18063210617,2028,Lacking good data,NA,NA,NA
