GEOID,Year,Score,Confidence,normalized_score,cumulative_score,normalized_percentile,cumulative_percentile
18097310104,2024,-0.11024787213721518,High,-0.45927707231525033,-0.45927707231525033,30.5,30.5
18097310104,2025,-0.24852770824493065,High,-0.915423307680661,-1.3747003799959114,15.4,21.1
18097310104,2026,-0.21689643927318797,High,-0.7160123405984702,-2.0907127205943814,19.2,19.2
18097310104,2027,-0.25112243809654983,High,-0.8801952433555899,-2.9709079639499714,15.8,19.5
18097310104,2028,-0.21294159488719047,High,-0.6898273366430133,-3.660735300592985,17.7,18
18097310105,2024,5.3655438151844877E-2,High,0.29187019060143604,0.29187019060143604,62.8,62.8
18097310105,2025,1.1160818630308995E-2,High,0.1690937026921723,0.4609638932936083,56.8,59.8
18097310105,2026,1.4692090389697137E-3,High,0.16259586540400592,0.6235597586976143,54.5,58.3
18097310105,2027,-1.7322689031572233E-2,High,0.07359447151929008,0.6971542302169044,54.5,57.9
18097310105,2028,-1.8723972551776838E-2,High,0.07412672308912022,0.7712809533060245,54.1,56.8
18097310106,2024,0.28925866317057869,High,1.371608710189947,1.371608710189947,91.4,91.4
18097310106,2025,0.14555326759950402,High,0.7303464416041885,2.1019551517941357,76.3,89.1
18097310106,2026,0.34422233058053758,High,1.5416850561584614,3.643640207952597,94.7,92.5
18097310106,2027,0.27139054661114048,High,1.25140460949226,4.895044817444857,91.7,93.2
18097310106,2028,0.34869932410852045,High,1.5193844486678991,6.414429266112756,94.7,94.7
18097310108,2024,-0.13115926717275728,High,-0.5551112389163714,-0.5551112389163714,26.7,26.7
18097310108,2025,-8.4992210512826516E-2,High,-0.2324627193776543,-0.7875739582940257,44,30.1
18097310108,2026,-4.5643661404379914E-2,High,-0.0269657936747397,-0.8145397519687654,45.9,34.2
18097310108,2027,-9.4421861749789143E-2,High,-0.24093280345892215,-1.0554725554276876,40.2,35.3
18097310108,2028,-8.2429210210271997E-2,High,-0.17645751509786778,-1.2319300705255554,39.1,36.5
18097310110,2024,3.8406616564506599E-3,High,0.0635756372374374,0.0635756372374374,52.3,52.3
18097310110,2025,-5.4323917698548246E-2,High,-0.10438511180526154,-0.04080947456782415,47.7,49.2
18097310110,2026,-6.5706758695396245E-2,High,-0.10769095376271295,-0.14850042833053712,41.4,46.2
18097310110,2027,-8.7168032979663121E-2,High,-0.2113406961017544,-0.35984112443229155,42.5,44.4
18097310110,2028,-9.0306771551795173E-2,High,-0.2074438637889886,-0.5672849882212802,37.6,42.1
18097310111,2024,-9.0566060857278884E-3,High,0.00446915948201094,0.00446915948201094,49.6,49.6
18097310111,2025,-0.15364638426902805,High,-0.5191778090568506,-0.5147086495748396,28.2,38.7
18097310111,2026,-0.18244083215074788,High,-0.5773779931424206,-1.0920866427172602,24.1,31.2
18097310111,2027,-0.19964415133333585,High,-0.6701887713619546,-1.762275414079215,21.4,29.3
18097310111,2028,-0.19404494722480553,High,-0.6154974662460034,-2.3777728803252183,19.9,25.9
18097310112,2024,-0.57130023865380053,High,-2.5722192853762724,-2.5722192853762724,1.5,1.5
18097310112,2025,-0.90567775849727239,High,-3.659827985244332,-6.232047270620605,0,0
18097310112,2026,-0.77525525194837019,High,-2.962604872446352,-9.194652143066955,0.8,0
18097310112,2027,-0.93532136799301935,High,-3.671395425877112,-12.866047568944069,0,0
18097310112,2028,-0.80758800796157293,High,-3.0288660701559804,-15.89491363910005,0.4,0
18097310113,2024,-0.11290224933509366,Low,-0.4714417330741976,-0.4714417330741976,29.3,29.3
18097310113,2025,-0.66046701915281325,Low,-2.6357734336432666,-3.107215166717464,1.1,4.1
18097310113,2026,-0.49609704136274319,Low,-1.8393938889912975,-4.946609055708762,4.5,3.4
18097310113,2027,-0.61450388996854666,Low,-2.362615531477831,-7.309224587186593,1.9,2.6
18097310113,2028,-0.58162106261330826,Low,-2.140026204914778,-9.44925079210137,2.3,1.9
18097310201,2024,-7.3825963730299635E-2,High,-0.29236026775646573,-0.29236026775646573,36.5,36.5
18097310201,2025,-3.8102266361120254E-2,High,-0.03663989016044933,-0.32900015791691506,50.4,43.2
18097310201,2026,-9.8137665827676468E-2,High,-0.2381787908138633,-0.5671789487307783,35.7,38.7
18097310201,2027,-0.11486417441143222,High,-0.32432753610045684,-0.8915064848312352,33.1,38.7
18097310201,2028,-0.15058052860400162,High,-0.44453038993242666,-1.336036874763662,28.9,35
18097310203,2024,-0.12204543392874306,High,-0.5133437426782108,-0.5133437426782108,27.8,27.8
18097310203,2025,-0.19491813403903194,High,-0.691537809754625,-1.2048815524328358,21.4,23.3
18097310203,2026,-0.20110044854599349,High,-0.6524561577367202,-1.857337710169556,21.4,21.1
18097310203,2027,-0.19920678851298923,High,-0.6684045429297875,-2.5257422530993434,21.8,20.7
18097310203,2028,-0.18595771744457107,High,-0.5836863877851268,-3.1094286408844702,21.8,21.1
18097310204,2024,-0.11174770443687013,High,-0.4661506060146795,-0.4661506060146795,29.7,29.7
18097310204,2025,-0.10375925429942173,High,-0.31083806566606553,-0.776988671680745,37.2,30.5
18097310204,2026,-0.14423494324065145,High,-0.4236541461294341,-1.2006428178101791,28.6,30.8
18097310204,2027,-0.1302105634304439,High,-0.3869333689353508,-1.58757618674553,32,31.2
18097310204,2028,-0.12015443890552549,High,-0.32484951614033436,-1.912425702885864,32,31.6
18097310305,2024,4.0180411881483996E-3,High,0.06438854424643692,0.06438854424643692,52.6,52.6
18097310305,2025,-8.7577795010317955E-2,High,-0.2432606949487234,-0.1788721507022865,43.6,46.6
18097310305,2026,-0.10751453080789619,High,-0.2759072090970407,-0.4547793597993271,34.6,40.6
18097310305,2027,-0.11403055406613477,High,-0.3209267689284006,-0.7757061287277278,33.5,40.2
18097310305,2028,-0.11717090602394845,High,-0.31311380426302193,-1.0888199329907498,32.7,38
18097310306,2024,7.9249433978154676E-2,High,0.40916409929753694,0.40916409929753694,65.4,65.4
18097310306,2025,0.15345519626078002,High,0.7633466520910521,1.172510751388589,77.4,73.3
18097310306,2026,0.11432622070101867,High,0.6166832977342342,1.789194049122823,73.3,75.2
18097310306,2027,0.17941488314334914,High,0.8761884589822267,2.66538250810505,81.2,77.4
18097310306,2028,0.21396635067843708,High,0.9894129620747092,3.654795470179759,83.8,78.2
18097310308,2024,-7.6306267854686638E-2,High,-0.303727174568467,-0.303727174568467,35.3,35.3
18097310308,2025,-5.9765869546443182E-2,High,-0.12711191232928828,-0.4308390868977553,47.4,40.6
18097310308,2026,-0.12195773159507026,High,-0.334020354780157,-0.7648594416779123,32.7,35.3
18097310308,2027,-8.8478697601498069E-2,High,-0.21668757282406056,-0.9815470145019728,42.1,36.5
18097310308,2028,-0.12115114176797478,High,-0.3287700419348464,-1.3103170564368192,31.6,35.7
18097310309,2024,2.2325473032490148E-2,High,0.14828909083490296,0.14828909083490296,56,56
18097310309,2025,4.0254616797338987E-2,High,0.2905958706476193,0.4388849614825223,62.4,59.4
18097310309,2026,-8.0832533719654695E-2,High,-0.16855048071295473,0.27033448076956756,39.1,52.6
18097310309,2027,-5.8798599849713765E-2,High,-0.09560715214206315,0.1747273286275044,47,50.8
18097310309,2028,-9.9101927726448824E-2,High,-0.24203956723139264,-0.06731223860388823,35.7,48.1
18097310310,2024,-9.9308768887493695E-2,High,-0.4091446042747938,-0.4091446042747938,32,32
18097310310,2025,-0.21058398031355061,High,-0.756961865915426,-1.1661064701902195,21.1,24.1
18097310310,2026,-0.15814233247575415,High,-0.4796114196313735,-1.6457178898215934,26.7,24.4
18097310310,2027,-0.1936127947313119,High,-0.6455837582395737,-2.291301648061167,22.6,22.9
18097310310,2028,-0.16995093549395682,High,-0.5207237899148869,-2.812025437976054,23.7,23.3
18097310311,2024,-8.1649996710679032E-2,High,-0.3282167794267742,-0.3282167794267742,35,35
18097310311,2025,-0.16422279139074755,High,-0.5633472360629338,-0.891564015489708,25.6,28.9
18097310311,2026,-0.1416315432827665,High,-0.4131791992493535,-1.3047432147390614,29.3,29.7
18097310311,2027,-9.6381829309769587E-2,High,-0.24892852162232457,-1.553671736361386,39.1,32
18097310311,2028,-0.10429256248881551,High,-0.2624569034731499,-1.816128639834536,35.3,32.3
18097310312,2024,-4.550069596154465E-2,High,-0.16254929982446137,-0.16254929982446137,42.1,42.1
18097310312,2025,-8.3873226709872559E-2,High,-0.22778959429493445,-0.3903388941193958,44.4,41
18097310312,2026,-9.8621800184655439E-2,High,-0.2401267364826866,-0.6304656306020824,35.3,37.6
18097310312,2027,-0.11146953305530773,High,-0.310479043858232,-0.9409446744603144,34.2,37.2
18097310312,2028,-9.7361604646030275E-2,High,-0.23519401497643205,-1.1761386894367465,36.5,36.8
18097320105,2024,-0.17871825090232435,High,-0.7730677914262688,-0.7730677914262688,19.5,19.5
18097320105,2025,9.201296457164063E-3,High,0.16091030254527486,-0.612157488880994,56.4,35
18097320105,2026,-1.4472959311262107E-2,High,0.09845152749072988,-0.513705961390264,52.3,39.8
18097320105,2027,0.10448554369341938,High,0.5705130525905392,0.05680709120027513,70.7,49.2
18097320105,2028,0.1070056007713822,High,0.5686833797592098,0.625490470959485,72.9,54.1
18097320106,2024,-0.12116454215900396,High,-0.5093067318295683,-0.5093067318295683,28.2,28.2
18097320106,2025,-0.32528909714073651,High,-1.2359959298101728,-1.7453026616397411,7.9,15.8
18097320106,2026,-0.28513436627557642,High,-0.9905720210624528,-2.7358746827021942,13.5,13.2
18097320106,2027,-0.20361466939360406,High,-0.6863865615809522,-3.4222612442831464,20.7,15.4
18097320106,2028,-0.15800355747440695,High,-0.47372883738979193,-3.895990081672938,26.3,16.5
18097320107,2024,-6.7212525565108844E-2,High,-0.26205175252580426,-0.26205175252580426,38.3,38.3
18097320107,2025,-0.28263595778170081,High,-1.0578669391408984,-1.3199186916667025,12,21.4
18097320107,2026,-9.0792192827913204E-2,High,-0.20862380858819832,-1.528542500254901,37.6,26.3
18097320107,2027,-0.22616120569814172,High,-0.7783655073211571,-2.306908007576058,17.7,21.8
18097320107,2028,-0.1663684922543405,High,-0.5066322670975684,-2.813540274673626,24.4,22.9
18097320108,2024,3.4836242556194393E-2,High,0.20562429820892497,0.20562429820892497,59,59
18097320108,2025,0.19892022208879828,High,0.953218705665504,1.158843003874429,82.3,72.6
18097320108,2026,-0.14876570452973042,High,-0.4418839550705024,0.7169590488039266,27.8,59.8
18097320108,2027,9.0930441384213578E-2,High,0.5152148017656246,1.2321738505695512,68.8,64.7
18097320108,2028,-9.0541096126283777E-2,High,-0.20836557834724023,1.023808272222311,37.2,60.5
18097320109,2024,-0.33444335063630404,Low,-1.4867353935406742,-1.4867353935406742,6.4,6.4
18097320109,2025,-0.26413952856220818,Low,-0.9806217394354296,-2.4673571329761037,13.9,7.9
18097320109,2026,-0.41880439813366038,Low,-1.5284019764372891,-3.9957591094133926,7.9,8.6
18097320109,2027,-0.35358673930850759,Low,-1.298199954774874,-5.293959064188266,9,7.9
18097320109,2028,-0.43155482440574111,Low,-1.5497413969306144,-6.843700461118881,7.9,8.3
18097320202,2024,-0.13193377301709835,High,-0.5586606970942677,-0.5586606970942677,26.3,26.3
18097320202,2025,-0.15762989654325438,High,-0.5358138417472857,-1.0944745388415535,27.1,25.9
18097320202,2026,-0.1704655624550398,High,-0.5291947266576613,-1.6236692654992146,25.6,24.8
18097320202,2027,-0.18883575854909004,High,-0.6260957647904357,-2.2497650302896504,24.1,23.7
18097320202,2028,-0.16035286949234223,High,-0.4829698446274338,-2.7327348749170843,25.9,24.1
18097320206,2024,0.1664424167995931,High,0.8087580445104705,0.8087580445104705,78.9,78.9
18097320206,2025,4.4124583496847961E-2,High,0.306757711779747,1.1155157562902174,63.2,71.8
18097320206,2026,4.1011145057454262E-2,High,0.3216953837375913,1.437211140027809,61.3,71.1
18097320206,2027,4.2483238552800034E-2,High,0.31757368384373513,1.754784823871544,62,66.9
18097320206,2028,3.9253882759511374E-2,High,0.3021823310561867,2.0569671549277304,62.4,67.7
18097320301,2024,-0.1227477725867698,High,-0.5165624681553654,-0.5165624681553654,27.4,27.4
18097320301,2025,-0.13108263983169979,High,-0.42494659694117554,-0.941509065096541,31.6,27.8
18097320301,2026,-0.12067849845998024,High,-0.32887327812882555,-1.2703823432253665,33.1,30.1
18097320301,2027,-0.17058778087429718,High,-0.5516528558776177,-1.822035199102984,26.3,28.9
18097320301,2028,-0.15025929686702058,High,-0.4432668264790669,-2.2653020255820513,29.3,27.4
18097320305,2024,-0.3747791357748933,High,-1.67158897917609,-1.67158897917609,5.6,5.6
18097320305,2025,-0.29962763948408566,High,-1.1288279787478976,-2.8004169579239875,9.4,6.4
18097320305,2026,-0.42158550981270826,High,-1.5395919578373296,-4.3400089157613175,7.5,6.8
18097320305,2027,-0.34747919299252183,High,-1.2732841245286652,-5.6132930402899825,9.4,7.1
18097320305,2028,-0.42208224985567999,High,-1.5124810716490245,-7.125774111939007,8.3,7.9
18097320306,2024,-1.6988172780009712E-2,High,-0.03188016502244113,-0.03188016502244113,48.1,48.1
18097320306,2025,-7.4426682096078334E-2,High,-0.1883387242615902,-0.22021888928403133,46.6,45.5
18097320306,2026,-7.8724818376258207E-2,High,-0.16006995270436328,-0.38028884198839463,39.5,42.5
18097320306,2027,-9.0149039606780931E-2,High,-0.22350175902970745,-0.6037906010181021,41.7,41
18097320306,2028,-6.4416160939685232E-2,High,-0.10560327461780349,-0.7093938756359055,41.7,40.2
18097320400,2024,1.2695190537446516E-2,High,0.1041547757651888,0.1041547757651888,54.5,54.5
18097320400,2025,-3.8560166380251372E-2,High,-0.03855218241984638,0.06560259334534241,50,52.3
18097320400,2026,-5.8983629259460199E-2,High,-0.0806400108232537,-0.01503741747791129,42.1,50
18097320400,2027,-5.4896408408659322E-2,High,-0.07968810142949745,-0.09472551890740874,48.1,48.1
18097320400,2028,-6.1732761197045204E-2,High,-0.09504813496248592,-0.18977365386989467,42.1,46.6
18097320500,2024,-1.313016768108499E-2,High,-0.01419943627288059,-0.01419943627288059,48.9,48.9
18097320500,2025,-2.7272940845575494E-2,High,0.00858578027556194,-0.00561365599731865,51.1,50.4
18097320500,2026,-0.15444749567370661,High,-0.4647450065338416,-0.47035866253116027,27.1,40.2
18097320500,2027,-6.401712002002527E-2,High,-0.11689618639131254,-0.5872548489224728,46.2,42.1
18097320500,2028,-0.11691340833996017,High,-0.3121009383928244,-0.8993557873152972,33.1,39.1
18097320600,2024,-0.19866077988365166,High,-0.8644617726310557,-0.8644617726310557,16.5,16.5
18097320600,2025,-0.24678590210868159,High,-0.9081491380965676,-1.7726109107276231,15.8,15.4
18097320600,2026,-0.27394259126577425,High,-0.9455411957501816,-2.718152106477805,15,14.3
18097320600,2027,-0.27928717154220106,High,-0.9950937117674994,-3.713245818245305,13.5,13.9
18097320600,2028,-0.27926686147586188,High,-0.950717445706986,-4.66396326395229,15,13.5
18097320700,2024,-0.14338955136875858,High,-0.6111610190112202,-0.6111610190112202,24.1,24.1
18097320700,2025,-0.14908985584456708,High,-0.5001487335561478,-1.111309752567368,28.6,25.6
18097320700,2026,-0.14694266130747896,High,-0.4345488236185186,-1.5458585761858863,28.2,25.6
18097320700,2027,-0.13526633448091754,High,-0.40755846561739967,-1.953417041803286,30.8,26.7
18097320700,2028,-0.11641333275101046,High,-0.310133893529659,-2.2635509353329453,33.5,27.8
18097320800,2024,-0.15716065392566847,High,-0.67427216652084,-0.67427216652084,21.8,21.8
18097320800,2025,-0.16396667146166169,High,-0.5622776223101378,-1.2365497888309778,25.9,22.9
18097320800,2026,-7.4985560659220005E-2,High,-0.14502480920335167,-1.3815745980343297,39.8,28.9
18097320800,2027,-0.14982109944512728,High,-0.4669348558008911,-1.8485094538352205,29.3,28.2
18097320800,2028,-0.14170132209104019,High,-0.4096040748987573,-2.2581135287339777,30.5,28.2
18097320901,2024,-0.23121165990515427,High,-1.0136381644352248,-1.0136381644352248,12,12
18097320901,2025,-0.17737254792256721,High,-0.618263542195592,-1.6319017066308168,23.3,17.7
18097320901,2026,-0.22509266221560914,High,-0.7489903698402429,-2.38089207647106,17.7,16.9
18097320901,2027,-0.19988158623441038,High,-0.6711573907360254,-3.0520494672070853,21.1,18.4
18097320901,2028,-0.1975936088604644,High,-0.6294561092907388,-3.681505576497824,19.5,17.7
18097320902,2024,-7.4756911989959998E-2,High,-0.2966266808992368,-0.2966266808992368,36.1,36.1
18097320902,2025,-0.16860345201194266,High,-0.5816418485262674,-0.8782685294255043,24.4,29.3
18097320902,2026,-0.18422629262631296,High,-0.5845619080001367,-1.462830437425641,23.7,27.1
18097320902,2027,-0.19158605178197799,High,-0.6373156288360959,-2.100146066261737,23.7,25.6
18097320902,2028,-0.18897541671151269,High,-0.5955564929707899,-2.6957025592325268,21.1,24.4
18097320903,2024,-3.1592045472166735E-2,High,-0.09880778827392632,-0.09880778827392632,45.1,45.1
18097320903,2025,0.2139745275622584,High,1.0160888315111487,0.9172810432372224,84.6,68.8
18097320903,2026,-2.0126027161214997E-2,High,0.07570604604505302,0.9929870892822754,51.1,64.7
18097320903,2027,0.13264341150885575,High,0.6853835125571391,1.6783706018394144,76.3,66.2
18097320903,2028,1.6834518567095284E-2,High,0.2139958725594878,1.8923664743989024,59.4,65.4
18097321001,2024,-0.1010337477014747,High,-0.417049954767264,-0.417049954767264,31.6,31.6
18097321001,2025,9.9926771122078081E-2,High,0.5398000507069993,0.12275009593973536,68.8,53
18097321001,2026,0.13624853291662659,High,0.7048891284409364,0.8276392243806718,77.8,61.7
18097321001,2027,0.31472419514282618,High,1.4281849030675022,2.255824127448174,94.7,73.7
18097321001,2028,0.24787620920953957,High,1.1227972233908077,3.3786213508389813,89.1,76.7
18097321002,2024,-0.17138098669454771,High,-0.7394420768678005,-0.7394420768678005,20.7,20.7
18097321002,2025,5.6297606065031217E-2,High,0.35759495977718975,-0.3818471170906107,65,41.7
18097321002,2026,-4.5480758799803248E-2,High,-0.02631034458617412,-0.4081574616767849,46.2,42.1
18097321002,2027,1.3100119203166123E-2,High,0.1977047911751074,-0.21045267050167749,57.1,46.6
18097321002,2028,-3.707960035859087E-2,High,0.00192495162612619,-0.2085277188755513,50,46.2
18097321100,2024,-0.21203332268677572,High,-0.9257463733330668,-0.9257463733330668,13.9,13.9
18097321100,2025,1.9222203623011393E-2,High,0.2027598382621516,-0.7229865350709151,58.6,32.3
18097321100,2026,3.2344592456784053E-2,High,0.2868249529186565,-0.43616158215225864,60.2,41.4
18097321100,2027,2.4692736566991332E-2,High,0.24499705412370237,-0.1911645280285563,59.8,47.4
18097321100,2028,2.6039751078373873E-2,High,0.2502046092498413,0.05904008122128498,61.3,50
18097321200,2024,-0.19393691634515897,High,-0.8428129288031129,-0.8428129288031129,17.3,17.3
18097321200,2025,-0.15715316570133436,High,-0.5338229077863103,-1.3766358365894231,27.4,20.7
18097321200,2026,-0.13275938942893983,High,-0.3774815185878545,-1.7541173551772775,30.5,22.2
18097321200,2027,-0.15826775869487067,High,-0.5013931336633665,-2.255510488840644,28.2,23.3
18097321200,2028,-0.11618827555503261,High,-0.30924863215908016,-2.564759120999724,33.8,25.2
18097321300,2024,-0.15552514413761798,High,-0.6667768407790903,-0.6667768407790903,22.2,22.2
18097321300,2025,-0.13999717856800875,High,-0.4621756921787919,-1.1289525329578822,30.8,25.2
18097321300,2026,-0.19533073679933766,High,-0.6292413520836166,-1.7581938850414989,22.6,21.8
18097321300,2027,-0.19174452190884811,High,-0.6379621101848917,-2.3961559952263904,23.3,21.1
18097321300,2028,-0.18731805751052005,High,-0.5890372787264403,-2.985193273952831,21.4,21.8
18097321400,2024,2.7568969421020786E-3,High,0.05860888642933638,0.05860888642933638,51.9,51.9
18097321400,2025,-8.3383221578429034E-2,High,-0.22574322395037247,-0.1671343375210361,44.7,47
18097321400,2026,-0.19083183704503012,High,-0.6111397400733495,-0.7782740775943856,22.9,34.6
18097321400,2027,-9.9948323243492634E-2,High,-0.2634780891293594,-1.041752166723745,38,35.7
18097321400,2028,-5.0403484583210513E-2,High,-0.0504844812687955,-1.0922366479925405,45.9,37.6
18097321600,2024,3.9228169156872085E-2,High,0.2257519188116568,0.2257519188116568,60.2,60.2
18097321600,2025,-2.4876612886224475E-2,High,0.01859337847645108,0.24434529728810792,51.9,55.6
18097321600,2026,4.8757890959256749E-2,High,0.35286491324806596,0.5972102105361738,63.9,57.5
18097321600,2027,-3.5053747049810506E-2,High,0.00126034439007173,0.5984705549262456,51.5,56
18097321600,2028,3.0584696715400379E-2,High,0.26808213050108937,0.866552685427335,61.7,58.3
18097321700,2024,5.8530531746599362E-2,High,0.3142121018398628,0.3142121018398628,63.2,63.2
18097321700,2025,0.22608361878234112,High,1.066659087988614,1.380871189828477,85.3,77.1
18097321700,2026,0.21282013382167167,High,1.0129798809101451,2.393851070738622,87.6,81.6
18097321700,2027,0.19145817672933449,High,0.92531926259288,3.319170333331502,83.8,81.2
18097321700,2028,0.20819730652608054,High,0.9667204553496742,4.285890788681177,83.5,82.3
18097321800,2024,-0.12339045640211699,High,-0.5195078033530958,-0.5195078033530958,27.1,27.1
18097321800,2025,0.13648399688687166,High,0.6924711512404702,0.17296334788737444,74.8,53.4
18097321800,2026,5.2386194259955152E-2,High,0.36746362453118125,0.5404269724185558,64.7,56.4
18097321800,2027,0.105253990409263,High,0.5736479429269584,1.114074915345514,71.4,62.8
18097321800,2028,0.10345956280844321,High,0.5547350569181803,1.6688099722636944,72.6,64.3
18097321900,2024,-6.7866159310445318E-2,High,-0.26504726980909515,-0.26504726980909515,37.6,37.6
18097321900,2025,-1.1232669108742446E-2,High,0.07557352039222658,-0.18947374941686856,54.5,46.2
18097321900,2026,0.11844824991111197,High,0.6332685469131375,0.44379479749626893,74.4,55.3
18097321900,2027,0.10286776659131769,High,0.5639133057254737,1.0077081032217423,70.3,60.9
18097321900,2028,0.18875838156504346,High,0.8902575398724891,1.897965643094232,82,65.8
18097322000,2024,-1.9350752540231532E-2,High,-0.04270755659362547,-0.04270755659362547,47,47
18097322000,2025,2.4252643138424675E-5,High,0.12258492775492429,0.07987737116129881,55.3,52.6
18097322000,2026,0.10400036178143526,High,0.5751365414065142,0.6550139125678129,72.6,59
18097322000,2027,-2.6841578084872433E-2,High,0.03476201548637289,0.6897759280541859,52.3,57.5
18097322000,2028,-3.7975837233145938E-2,High,-0.00160039170042084,0.688175536353765,48.9,55.3
18097322100,2024,0.14014038671412082,High,0.6882193081480877,0.6882193081480877,76.3,76.3
18097322100,2025,3.9522065767679221E-2,High,0.287536574720334,0.9757558828684216,61.7,69.9
18097322100,2026,0.13071866695354642,High,0.6826393576971856,1.6583952405656075,75.6,73.7
18097322100,2027,7.9876689738596324E-2,High,0.47012084990068514,2.1285160904662925,67.3,71.8
18097322100,2028,0.12324182947813769,High,0.6325485053132857,2.7610645957795783,74.1,73.3
18097322200,2024,0.11370067779894225,High,0.5670496078600034,0.5670496078600034,72.9,72.9
18097322200,2025,3.2920440491257537E-2,High,0.25996672019292855,0.8270163280529319,60.9,67.3
18097322200,2026,0.16018633861655099,High,0.8012044265851797,1.6282207546381116,80.5,73.3
18097322200,2027,0.10153351057134351,High,0.5584701875273118,2.1866909421654235,69.5,72.6
18097322200,2028,0.15396582386391744,High,0.7534011857238617,2.940092127889285,78.6,74.8
18097322300,2024,0.10253644419127868,High,0.5158853970690838,0.5158853970690838,69.9,69.9
18097322300,2025,-0.2459890722031336,High,-0.904821399296017,-0.38893600222693325,16.2,41.4
18097322300,2026,5.1263445023786089E-2,High,0.362946170894101,-0.02598983133283228,64.3,49.6
18097322300,2027,-5.3074873559639454E-3,High,0.12261067374437312,0.09662084241154084,55.3,49.6
18097322300,2028,-6.092835615106372E-2,High,-0.0918840116807928,0.00473683073074802,42.9,48.9
18097322400,2024,9.9291156583030546E-2,High,0.5010126718018887,0.5010126718018887,68,68
18097322400,2025,0.1753950667025298,High,0.8549724277299006,1.3559850995317893,80.1,76.7
18097322400,2026,0.15504589292238552,High,0.7805215132958716,2.136506612827661,79.7,79.7
18097322400,2027,0.17027398010220687,High,0.8388980027684052,2.975404615596066,80.1,79.3
18097322400,2028,0.15983713498695293,High,0.7764959590737646,3.751900574669831,79.7,79.3
18097322500,2024,0.20988780399134144,High,1.007862526402168,1.007862526402168,85.7,85.7
18097322500,2025,8.7492462543610816E-2,High,0.487871614253389,1.4957341406555569,67.3,79.7
18097322500,2026,8.6521172312738606E-2,High,0.5048079003396954,2.0005420409952523,70.3,78.9
18097322500,2027,7.7234186252705589E-2,High,0.45934071580540375,2.459882756800656,66.5,75.2
18097322500,2028,7.9058370339023604E-2,High,0.4587530866666621,2.9186358434673183,68.8,74.1
18097322601,2024,0.19490046714004947,High,0.9391775374632364,0.9391775374632364,82.7,82.7
18097322601,2025,0.51472803627607944,High,2.272102333740894,3.2112798712041304,99.2,97
18097322601,2026,-4.1288934124478219E-2,High,-0.0094442688717405,3.2018356023323897,47,89.1
18097322601,2027,0.332090504122726,High,1.4990310308183254,4.700866633150715,95.1,91.7
18097322601,2028,-4.465858101621685E-2,High,-0.02788693141724342,4.672979701733472,47.4,85
18097322602,2024,0.11533494298646252,High,0.5745392297616045,0.5745392297616045,73.3,73.3
18097322602,2025,0.1207235886783857,High,0.6266521834247136,1.2011914131863182,72.2,74.4
18097322602,2026,3.0839735556209068E-2,High,0.2807700645608753,1.4819614777471934,59.8,71.4
18097322602,2027,6.9580595920284538E-2,High,0.42811777493346886,1.9100792526806625,64.7,69.5
18097322602,2028,5.3307980019787385E-2,High,0.3574640533260427,2.267543306006705,64.7,68
18097322700,2024,3.1645438191861323E-2,High,0.19100126246581237,0.19100126246581237,58.3,58.3
18097322700,2025,-0.19016883679106619,High,-0.671703688799369,-0.48070242633355664,22.6,39.1
18097322700,2026,6.7145847667786418E-2,High,0.4268500376511379,-0.05385238868241879,67.7,48.9
18097322700,2027,0.15133643409887318,High,0.7616419891277334,0.7077896004453146,79.3,58.3
18097322700,2028,-0.16108399013833413,High,-0.4858457040831473,0.2219438963621673,25.2,51.1
18097330103,2024,-0.13752993285896248,Low,-0.5843071598816705,-0.5843071598816705,24.4,24.4
18097330103,2025,-0.16151604428142627,Low,-0.5520432584935023,-1.136350418375173,26.7,24.4
18097330103,2026,-0.17543228302034702,Low,-0.549178645737104,-1.6855290641122769,24.8,23.7
18097330103,2027,-0.16961444017407348,Low,-0.5476820973432085,-2.2332111614554853,27.1,24.1
18097330103,2028,-0.15287266609766315,Low,-0.45354650146077624,-2.6867576629162615,28.6,24.8
18097330105,2024,-3.4029557554914512E-2,High,-0.10997858480056943,-0.10997858480056943,44.4,44.4
18097330105,2025,-0.17656560314542571,High,-0.6148935614429887,-0.7248721462435581,23.7,32
18097330105,2026,-0.22143333812455493,High,-0.7342668444154622,-1.4591389906590204,18,27.4
18097330105,2027,-0.20779093808624685,High,-0.7034237147067651,-2.1625627053657857,19.5,24.4
18097330105,2028,-0.19924303374744787,High,-0.6359441139500589,-2.798506819315844,19.2,23.7
18097330106,2024,-6.2332260022061645E-2,High,-0.23968613893019405,-0.23968613893019405,39.1,39.1
18097330106,2025,-0.15613778793569424,High,-0.5295824645443948,-0.7692686034745888,27.8,31.2
18097330106,2026,-0.2749268399139625,High,-0.9495013833791848,-1.7187699868537736,14.7,22.9
18097330106,2027,-0.17621885521395028,High,-0.5746249112811687,-2.293394898134942,25.9,22.6
18097330106,2028,-0.21569390702626512,High,-0.7006535428698862,-2.9940484410048285,17.3,21.4
18097330107,2024,0.16933648684620742,Low,0.8220211859953476,0.8220211859953476,79.3,79.3
18097330107,2025,-1.4640789113558927E-2,Low,0.06134045371388564,0.8833616397092332,53.4,68
18097330107,2026,6.7377060898537566E-2,Low,0.42778033892995393,1.3111419786391871,68,68.8
18097330107,2027,-3.7714416695767056E-2,Low,-0.00959389883791334,1.3015480798012735,50.4,65
18097330107,2028,5.238610509172098E-3,Low,0.16838342539528586,1.4699315051965596,58.3,63.5
18097330108,2024,3.2418761580254848E-2,Low,0.19454530160398975,0.19454530160398975,58.6,58.6
18097330108,2025,-0.23364942333607303,Low,-0.8532882828376825,-0.6587429812336928,17.7,33.1
18097330108,2026,-9.4009111451768393E-2,Low,-0.22156728721136051,-0.8803102684450533,36.8,33.5
18097330108,2027,-0.22456647348256736,Low,-0.7718597724293215,-1.6521700408743747,18,30.5
18097330108,2028,-0.17101189690335883,Low,-0.5248970763869661,-2.1770671172613407,23.3,28.9
18097330109,2024,-0.28278928010499316,High,-1.2500115980927835,-1.2500115980927835,9,9
18097330109,2025,-0.23924143532914252,High,-0.8766417678825045,-2.126653365975288,17.3,10.9
18097330109,2026,-0.20492848927595633,High,-0.6678585253904873,-2.7945118913657754,21.1,12.8
18097330109,2027,-0.19649491058416912,High,-0.6573413947149194,-3.4518532860806945,22.2,15
18097330109,2028,-0.15760367012276516,High,-0.4721558824640299,-3.9240091685447247,27.1,15.8
18097330204,2024,-0.11763489397731094,High,-0.4931308195428563,-0.4931308195428563,28.9,28.9
18097330204,2025,-0.22323307771030776,High,-0.8097873082162959,-1.3029181277591522,19.5,22.2
18097330204,2026,-0.22596066445957619,High,-0.7524828325983404,-2.0554009603574928,16.9,19.5
18097330204,2027,-0.27730996142346437,High,-0.9870276523173094,-3.0424286126748017,13.9,19.2
18097330204,2028,-0.26922833393569667,High,-0.9112309471296444,-3.9536595598044464,15.8,15.4
18097330210,2024,-6.4342787672154858E-2,High,-0.24890012209333112,-0.24890012209333112,38.7,38.7
18097330210,2025,-0.12271319476051284,High,-0.3899939340095397,-0.6388940561028709,32.7,33.5
18097330210,2026,-0.14324849325901845,High,-0.41968510129398096,-1.0585791573968517,28.9,31.6
18097330210,2027,-0.20410396822765048,High,-0.6883826637892743,-1.746961821186126,19.9,29.7
18097330210,2028,-0.14554693549017825,High,-0.4247307762408121,-2.1716925974269383,29.7,29.3
18097330211,2024,-7.6183870257279851E-2,Low,-0.303166242515798,-0.303166242515798,35.7,35.7
18097330211,2025,-0.28689356287882412,Low,-1.075647644383601,-1.3788138868993989,11.3,20.3
18097330211,2026,-0.54174620511433458,Low,-2.0230662302194573,-3.401880117118856,3,10.9
18097330211,2027,-0.36267133411978081,Low,-1.3352607006886343,-4.73714081780749,8.3,9.4
18097330211,2028,-0.4833036607432738,Low,-1.7532951894808966,-6.4904360072883875,6,9.4
18097330212,2024,-0.28786788630183463,High,-1.273286180756559,-1.273286180756559,8.3,8.3
18097330212,2025,-0.34705800779704715,High,-1.3269077393850237,-2.6001939201415825,7.1,7.1
18097330212,2026,-0.45438352799621068,High,-1.6715568897731887,-4.271750809914772,6.8,7.5
18097330212,2027,-0.41862266797355141,High,-1.5635150379010565,-5.835265847815828,6.4,6.8
18097330212,2028,-0.43581620108553309,High,-1.5665035010869133,-7.401769348902741,7.5,7.5
18097330401,2024,-0.1938448168146108,High,-0.8423908487965214,-0.8423908487965214,17.7,17.7
18097330401,2025,-0.28511722174840631,High,-1.0682292489876095,-1.9106200977841312,11.7,12.8
18097330401,2026,-0.18077904394990829,High,-0.5706916816223568,-2.481311779406488,24.4,16.2
18097330401,2027,-0.2847052573228479,High,-1.0171968770298991,-3.498508656436387,12.8,14.3
18097330401,2028,-0.21791921093852115,High,-0.7094067648353464,-4.207915421271734,16.5,15
18097330500,2024,-4.7326892571685618E-2,High,-0.1709185181327183,-0.1709185181327183,41.4,41.4
18097330500,2025,-1.7840319246222744E-2,High,0.04797850470586728,-0.122940013426851,52.3,47.7
18097330500,2026,-2.6331161891357042E-2,High,0.05073928806185505,-0.07220072536499597,49.6,48.1
18097330500,2027,-3.6511147601560205E-2,High,-0.00468514384193451,-0.07688586920693047,51.1,48.5
18097330500,2028,-4.8332327503251005E-2,High,-0.04233759510804619,-0.11922346431497666,46.2,47
18097330600,2024,4.3498521722657883E-2,High,0.24532238164015133,0.24532238164015133,61.3,61.3
18097330600,2025,-3.9112123773998468E-2,High,-0.04085727918219725,0.20446510245795407,49.6,54.1
18097330600,2026,1.2479715380029024E-2,High,0.20689734458935816,0.4113624470473123,57.9,54.5
18097330600,2027,-5.9897837950070171E-4,High,0.14181910939114778,0.55318155643846,55.6,55.3
18097330600,2028,9.8870816390679919E-3,High,0.18666816366223177,0.7398497201006918,59,56.4
18097330701,2024,-0.18326373056573383,High,-0.7938991254718838,-0.7938991254718838,18.8,18.8
18097330701,2025,-0.56217596100776468,High,-2.2252881272320875,-3.019187252703971,2.3,4.5
18097330701,2026,-0.45571225450137381,High,-1.6769031061766977,-4.696090358880669,6.4,4.5
18097330701,2027,-0.54882721237932586,High,-2.0946865031436603,-6.790776862024329,2.6,4.1
18097330701,2028,-0.50051318444231196,High,-1.8209887660876127,-8.611765628111941,5.3,4.1
18097330702,2024,-1.2633433772557615E-2,High,-0.01192297025684827,-0.01192297025684827,49.2,49.2
18097330702,2025,5.2882927308147483E-2,High,0.34333450229237256,0.33141153203552426,64.7,57.5
18097330702,2026,-1.8484266063423821E-2,High,0.08231177723017481,0.4137233092656991,51.5,54.9
18097330702,2027,-2.5159034139591092E-2,High,0.04162597969613918,0.4553492889618383,53,53.8
18097330702,2028,-7.2514425681384109E-2,High,-0.1374577590451848,0.3178915299166535,40.6,51.5
18097330803,2024,-0.17329053468233577,High,-0.7481932835512131,-0.7481932835512131,20.3,20.3
18097330803,2025,-0.1463819265537166,High,-0.4888398189338814,-1.2370331024850945,29.3,22.6
18097330803,2026,-0.28175647969551976,High,-0.9769808775326756,-2.21401398001777,13.9,18.4
18097330803,2027,-0.29291766784237738,High,-1.050699533551915,-3.264713513569685,12,16.5
18097330803,2028,-0.32859757613184615,High,-1.1447595685471177,-4.4094730821168024,12,13.9
18097330804,2024,0.19487821678570491,High,0.9390755670226434,0.9390755670226434,82.3,82.3
18097330804,2025,0.13657834033973212,High,0.6928651504697609,1.6319407174924043,75.2,82.7
18097330804,2026,4.1364145855863711E-2,High,0.32311570511416887,1.9550564226065732,61.7,78.6
18097330804,2027,5.9442904750028974E-2,High,0.3867609060341769,2.34181732864075,63.5,74.8
18097330804,2028,2.0418363596387337E-3,High,0.15580893004200072,2.4976262586827507,57.5,69.2
18097330805,2024,-0.11009220472182768,High,-0.45856366907289103,-0.45856366907289103,30.8,30.8
18097330805,2025,-4.6343724156530361E-2,High,-0.07105804978013124,-0.5296217188530222,49.2,38
18097330805,2026,-0.26831304165376169,High,-0.9228903414448302,-1.4525120602978523,15.8,28.2
18097330805,2027,-4.2906245673496372E-2,High,-0.03077404595163565,-1.4832861062494882,49.2,32.3
18097330805,2028,-0.17511098946576395,High,-0.5410208367677778,-2.0243069430172658,22.9,30.8
18097330806,2024,0.19269626771441728,High,0.929075982085458,0.929075982085458,82,82
18097330806,2025,0.13413322993358956,High,0.6826538259279755,1.6117298080134337,74.1,82.3
18097330806,2026,0.13236042219507083,High,0.6892450653192421,2.3009748733326756,77.1,80.8
18097330806,2027,0.11868877744763101,High,0.6284553657320552,2.9294302390647307,73.3,78.6
18097330806,2028,0.10152068179010001,High,0.5471084779935202,3.476538717058251,71.8,77.1
18097330900,2024,0.23089699730141458,High,1.104144889602262,1.104144889602262,87.2,87.2
18097330900,2025,-0.11509076308732055,High,-0.3581609650699716,0.7459839245322906,34.2,65.4
18097330900,2026,4.3264922117995687E-3,High,0.17409232769981717,0.9200762522321076,55.6,63.2
18097330900,2027,-7.3228540780842538E-2,High,-0.15447432073999703,0.7656019314921106,45.1,58.6
18097330900,2028,-4.7824395875347703E-2,High,-0.04033964855439648,0.7252622829377141,47,55.6
18097331000,2024,4.0482610384695958E-2,High,0.23150085757993408,0.23150085757993408,60.9,60.9
18097331000,2025,-0.10537549384183967,High,-0.3175878412440662,-0.08608698366413212,36.1,48.5
18097331000,2026,-5.2286476364424156E-2,High,-0.05369358616391179,-0.1397805698280439,43.6,46.6
18097331000,2027,-7.4962785144713356E-2,High,-0.16154919761199918,-0.3013297674400431,44.4,45.5
18097331000,2028,-6.5647802599212698E-2,High,-0.11044793101209437,-0.41177769845213746,41.4,44
18097340101,2024,-0.29348023416046304,High,-1.2990068310906508,-1.2990068310906508,7.1,7.1
18097340101,2025,-0.25691618838936797,High,-0.9504554653092022,-2.249462296399853,15,9
18097340101,2026,-0.31060907207342725,High,-1.0930711354263327,-3.342533431826186,12,11.3
18097340101,2027,-0.30971750057138497,High,-1.1192347126213016,-4.461768144447487,10.5,10.5
18097340101,2028,-0.29906521951692294,High,-1.0285941894320123,-5.4903623338795,12.8,11.7
18097340102,2024,0.10292265284540225,High,0.5176553404152434,0.5176553404152434,70.7,70.7
18097340102,2025,0.2817466757456813,High,1.2991203863466134,1.8167757267618567,90.6,83.5
18097340102,2026,0.12411752647022722,High,0.6560792451407983,2.472854971902655,75.2,82.3
18097340102,2027,0.25402183129062283,High,1.1805486650374375,3.6534036369400926,90.2,84.2
18097340102,2028,0.22838994193038831,High,1.0461480871387745,4.699551724078867,86.1,85.7
18097340108,2024,0.24736367158241959,Low,1.1796094869536131,1.1796094869536131,88.7,88.7
18097340108,2025,0.19893660902882068,Low,0.9532871411694368,2.13289662812305,82.7,89.5
18097340108,2026,6.5099641853949841E-2,Low,0.4186169971839084,2.5515136253069586,67.3,83.5
18097340108,2027,0.14680014956742116,Low,0.7431361457846659,3.2946497710916245,78.6,80.8
18097340108,2028,6.6079327427468415E-2,Low,0.407700085376201,3.7023498564678254,67.7,78.6
18097340111,2024,-0.26152786454830568,High,-1.1525733335880912,-1.1525733335880912,10.2,10.2
18097340111,2025,-0.10416225094298703,High,-0.31252106922547845,-1.4650944028135695,36.8,19.9
18097340111,2026,-0.12008393712300061,High,-0.3264810224160802,-1.79157542522965,33.5,21.4
18097340111,2027,-8.4336304722281846E-2,High,-0.19978861660632177,-1.9913640418359717,43.2,26.3
18097340111,2028,-5.9551734043976984E-2,High,-0.08646907541095383,-2.0778331172469255,43.2,30.1
18097340112,2024,-4.9558001754374366E-2,High,-0.18114339737944815,-0.18114339737944815,40.6,40.6
18097340112,2025,-0.11642067863971134,High,-0.3637149880230923,-0.5448583854025405,33.1,36.8
18097340112,2026,-0.13329981238674854,High,-0.3796559450560877,-0.9245143304586282,30.1,32.7
18097340112,2027,-0.14534647423752542,High,-0.4486805526290583,-1.3731948830876866,30.1,32.7
18097340112,2028,-0.13432491617435496,High,-0.3805890185999433,-1.7537839016876298,31.2,32.7
18097340113,2024,-0.20960428166426592,High,-0.9146143985587148,-0.9146143985587148,14.3,14.3
18097340113,2025,-0.58011153902612489,High,-2.3001910876586975,-3.214805486217412,1.9,3.4
18097340113,2026,-0.492705429043721,High,-1.8257475190695407,-5.040553005286953,4.9,3
18097340113,2027,-0.6516274151312299,High,-2.5140615301227034,-7.554614535409656,1.1,1.5
18097340113,2028,-0.61114752629772673,High,-2.2561684042168015,-9.810782939626458,1.9,1.1
18097340114,2024,-0.14623963281137892,High,-0.6242225665232157,-0.6242225665232157,23.7,23.7
18097340114,2025,-0.39443086833134372,High,-1.5247473347559315,-2.148969901279147,5.3,10.5
18097340114,2026,-0.10771799558773143,High,-0.27672586270202615,-2.4256957639811736,34.2,16.5
18097340114,2027,-0.37484211466975254,High,-1.3849115893529167,-3.81060735333409,7.5,13.2
18097340114,2028,-0.16092990341077926,High,-0.48523960470014127,-4.2958469580342324,25.6,14.7
18097340115,2024,0.36874190944359314,Low,1.735869949211992,1.735869949211992,96.2,96.2
18097340115,2025,0.25950193538324118,Low,1.2062214061541476,2.9420913553661396,89.1,95.9
18097340115,2026,0.20100255221048491,Low,0.965431082557714,3.907522437923854,85.3,94
18097340115,2027,0.21482265014978416,Low,1.0206349955267893,4.928157433450643,85.7,93.6
18097340115,2028,0.12811379865749051,Low,0.6517123720556588,5.579869805506302,74.8,90.6
18097340201,2024,-0.38601860795617488,High,-1.7230979984308488,-1.7230979984308488,5.3,5.3
18097340201,2025,-0.22683196734532063,High,-0.8248170712735643,-2.547915069704413,18.8,7.5
18097340201,2026,-0.3148487406439397,High,-1.1101297141248376,-3.6580447838292502,11.7,9.8
18097340201,2027,-0.25367500137584564,High,-0.8906084649783514,-4.548653248807602,15.4,10.2
18097340201,2028,-0.28561578811648863,High,-0.9756909173401208,-5.524344166147722,14.3,11.3
18097340202,2024,0.19563232869965244,High,0.9425315625061732,0.9425315625061732,83.1,83.1
18097340202,2025,0.2681023175931187,High,1.2421385139083965,2.1846700764145695,89.8,89.8
18097340202,2026,0.13080163932837907,High,0.6829732023745099,2.8676432787890795,75.9,85
18097340202,2027,0.22890165582944016,High,1.0780705183048265,3.945713797093906,87.2,85.7
18097340202,2028,0.13914219857634208,High,0.6950925287533136,4.64080632584722,76.7,84.6
18097340301,2024,-5.650903475597778E-2,High,-0.2129990652386864,-0.2129990652386864,39.5,39.5
18097340301,2025,1.5934920384945789E-2,High,0.18903141278069627,-0.02396765245799012,57.9,49.6
18097340301,2026,-0.26223289577469999,High,-0.8984264841287786,-0.9223941365867688,16.5,33.1
18097340301,2027,-8.3065675385384175E-2,High,-0.1946050644519759,-1.1169992010387446,43.6,33.8
18097340301,2028,-0.21701840943047138,High,-0.705863466545457,-1.8228626675842017,16.9,32
18097340302,2024,0.2296391483738057,Low,1.098380333795123,1.098380333795123,86.8,86.8
18097340302,2025,0.2469680024959795,Low,1.153876916443067,2.2522572502381895,87.6,91
18097340302,2026,0.39165715143570912,Low,1.7325421033897803,3.98479935362797,96.6,94.7
18097340302,2027,0.24651927079067223,Low,1.1499418527175036,5.134741206345474,88.7,94.7
18097340302,2028,0.38153361994607166,Low,1.6485379894327183,6.783279195778192,96.6,95.1
18097340400,2024,-0.14628296968536725,High,-0.624421173703402,-0.624421173703402,23.3,23.3
18097340400,2025,0.18544669720535373,High,0.8969502709310064,0.27252909722760443,81.2,56.4
18097340400,2026,-4.6251854758445433E-2,High,-0.02941289868346458,0.24311619854413985,45.5,51.9
18097340400,2027,0.18326574331719603,High,0.8918981029913642,1.135014301535504,82.3,63.5
18097340400,2028,-6.586375688768506E-2,High,-0.11129738614088852,1.0237169153946155,41,60.2
18097340500,2024,0.36119564048316199,High,1.7012863934261797,1.7012863934261797,95.9,95.9
18097340500,2025,0.414988946549746,High,1.8555697255857493,3.556856119011929,98.1,98.1
18097340500,2026,0.24487077847920682,High,1.1419377074796642,4.698793826491594,89.8,97.7
18097340500,2027,0.31008842183507512,High,1.4092731937132057,6.108067020204799,94.4,97
18097340500,2028,0.23245131811057856,High,1.0621234903161303,7.1701905105209285,86.8,95.5
18097340600,2024,0.29391463453183964,High,1.3929464131201792,1.3929464131201792,91.7,91.7
18097340600,2025,0.30908100263300664,High,1.4132746111523853,2.8062210242725643,92.9,95.5
18097340600,2026,0.21602060439572426,High,1.025857179748891,3.832078204021455,88,93.6
18097340600,2027,0.21775615613838437,High,1.03260227886067,4.864680482882125,86.1,92.9
18097340600,2028,0.15644429116344499,High,0.7631502246247575,5.627830707506883,78.9,91
18097340700,2024,-4.2292048608819049E-2,High,-0.14784449201787017,-0.14784449201787017,42.9,42.9
18097340700,2025,0.18775688808473562,High,0.9065981415398666,0.7587536495219964,81.6,66.2
18097340700,2026,0.14164932696648472,High,0.7266195700548636,1.48537321957686,78.9,71.8
18097340700,2027,0.16566407326974641,High,0.8200918161026093,2.3054650356794695,79.7,74.4
18097340700,2028,0.12466610076266474,High,0.6381508693876189,2.9436159050670883,74.4,75.2
18097340800,2024,4.9768022818858303E-2,High,0.2740546786264584,0.2740546786264584,62,62
18097340800,2025,6.1868205760488196E-2,High,0.38085902230777374,0.6549137009342321,65.8,63.2
18097340800,2026,8.6694850806141227E-2,High,0.5055067069088107,1.160420407843043,70.7,66.9
18097340800,2027,6.5277760809341723E-2,High,0.410564292134481,1.570984699977524,64.3,65.8
18097340800,2028,5.9522698803050174E-2,High,0.3819096190140407,1.9528943189915644,65.8,66.5
18097340901,2024,-1.7829359516279855E-2,Low,-0.03573521293719525,-0.03573521293719525,47.4,47.4
18097340901,2025,-0.24095308682531966,Low,-0.8837900049870494,-0.9195252179242448,16.9,28.6
18097340901,2026,0.10601990614722789,Low,0.5832623078257586,-0.336262910098486,72.9,43.2
18097340901,2027,-0.18524284403856373,Low,-0.6114384141291554,-0.9477013242276416,24.4,36.8
18097340901,2028,0.10281390550588902,Low,0.5521953671024429,-0.3955059571251986,72.2,44.4
18097340903,2024,0.15424743682949738,Low,0.7528700590286262,0.7528700590286262,78.2,78.2
18097340903,2025,8.7690463025684035E-2,Low,0.48869850827698824,1.2415685673056145,67.7,75.9
18097340903,2026,-2.0532861565695341E-2,Low,0.07406912169809904,1.3156376890037136,50.8,69.5
18097340903,2027,0.12035679943017608,Low,0.6352600873688373,1.9508977763725508,74.1,70.3
18097340903,2028,7.7684173852481844E-2,Low,0.4533476915632756,2.4042454679358265,68.4,68.8
18097340904,2024,0.14543470300663999,High,0.7124824617422859,0.7124824617422859,76.7,76.7
18097340904,2025,2.315448500256248E-2,High,0.21918191934910056,0.9316643810913864,59.4,69.5
18097340904,2026,8.3880338853211354E-3,High,0.19043420139176268,1.122098582483149,56.8,66.2
18097340904,2027,7.4438409327037713E-2,High,0.4479353003271971,1.5700338828103462,66.2,65.4
18097340904,2028,4.1258219635232796E-2,High,0.3100663802730687,1.880100263083415,63.2,65
18097341000,2024,0.10270871599091216,High,0.516674896015409,0.516674896015409,70.3,70.3
18097341000,2025,0.13929558774871248,High,0.7042129796245178,1.2208878756399266,75.9,74.8
18097341000,2026,-3.3788161198240192E-2,High,0.02073557257902223,1.241623448218949,48.1,67.7
18097341000,2027,0.10476975021353713,High,0.5716724775123913,1.81329592573134,71.1,68
18097341000,2028,0.24427633001203999,High,1.1086371163191353,2.9219330420504757,88.3,74.4
18097341100,2024,0.10227225954484812,High,0.514674673663187,0.514674673663187,69.5,69.5
18097341100,2025,0.20924118673081463,High,0.9963213480979932,1.5109960217611802,83.1,80.1
18097341100,2026,2.0765825314985845E-2,High,0.24023703991673157,1.7512330616779117,58.6,74.8
18097341100,2027,0.15109053329958083,High,0.7606388329901305,2.511871894668042,78.9,75.9
18097341100,2028,6.4001453837660621E-2,High,0.39952677985708385,2.911398674525126,66.9,73.7
18097341200,2024,-0.13582379631004191,High,-0.5764881610059086,-0.5764881610059086,25.2,25.2
18097341200,2025,0.17482850798047772,High,0.8526063525750448,0.2761181915691362,79.7,56.8
18097341200,2026,0.13084978483810369,High,0.6831669189240368,0.959285110493173,76.7,64.3
18097341200,2027,0.17992579740102235,High,0.8782727416476295,1.8375578521408025,81.6,68.4
18097341200,2028,0.1587260359803539,High,0.7721254566103488,2.6096833087511513,79.3,70.3
18097341600,2024,0.25053658463382678,High,1.194150529168282,1.194150529168282,89.1,89.1
18097341600,2025,0.21074037116885314,High,1.0025822755417386,2.1967328047100203,83.5,90.2
18097341600,2026,0.19706962157390825,High,0.9496066836303008,3.1463394883403213,85,87.6
18097341600,2027,0.17377704122168158,High,0.8531887951225257,3.999528283462847,80.8,86.1
18097341600,2028,0.13580811545942204,High,0.6819779292539097,4.681506212716757,75.9,85.3
18097341701,2024,0.29789062605411687,High,1.4111678580932636,1.4111678580932636,92.1,92.1
18097341701,2025,0.10875274939982968,High,0.5766592977849472,1.9878271558782108,69.9,86.1
18097341701,2026,0.18290577518698392,High,0.8926175383123494,2.88044469419056,82.3,85.3
18097341701,2027,9.3434488087515505E-2,High,0.5254300992615683,3.4058747934521283,69.2,82.3
18097341701,2028,9.8649391462627634E-2,High,0.535814271649289,3.941689065101418,71.4,81.2
18097341702,2024,-0.1581037721567734,Low,-0.6785943530383174,-0.6785943530383174,21.4,21.4
18097341702,2025,-0.44227535806371426,Low,-1.7245565584891482,-2.4031509115274656,4.1,8.3
18097341702,2026,-0.55619393939094619,Low,-2.081197616688395,-4.484348528215861,2.6,6
18097341702,2027,-0.56301135368850952,Low,-2.152550928358554,-6.636899456574415,2.3,4.9
18097341702,2028,-0.67721705532611032,Low,-2.516052570848473,-9.152952027422888,1.5,2.6
18097341902,2024,-0.20240539601953941,Low,-0.8816228547116138,-0.8816228547116138,15.8,15.8
18097341902,2025,-0.24458676329995427,Low,-0.8989650456188062,-1.78058790033042,16.5,15
18097341902,2026,-0.18546653315786346,Low,-0.5895520954076333,-2.3701399957380533,23.3,17.3
18097341902,2027,-0.22290825900014932,Low,-0.765095060641939,-3.1352350563799924,18.4,17.3
18097341902,2028,-0.15786778400538246,Low,-0.473194773118909,-3.608429829498901,26.7,18.8
18097341903,2024,2.8213598135877645E-2,High,0.1752735919247248,0.1752735919247248,57.9,57.9
18097341903,2025,-7.6562703060919626E-2,High,-0.1972592225937953,-0.0219856306690705,46.2,50
18097341903,2026,-0.20074293904815127,High,-0.651017695318497,-0.6730033259875674,21.8,36.8
18097341903,2027,-9.4412542185584744E-2,High,-0.2408947841517124,-0.9138981101392798,40.6,38.3
18097341903,2028,-0.16689049500235242,High,-0.508685562332778,-1.4225836724720575,24.1,33.5
18097341904,2024,0.43368924549299781,High,2.0335150280160947,2.0335150280160947,98.9,98.9
18097341904,2025,0.40816214144348384,High,1.8270594700371925,3.8605744980532872,97.7,99.6
18097341904,2026,0.50413675017402926,High,2.185110990589845,6.045685488643132,99.2,99.2
18097341904,2027,0.51278528191674955,High,2.2361781889345793,8.28186367757771,98.5,99.2
18097341904,2028,0.48810087659226814,High,2.067719767947022,10.349583445524733,98.1,99.2
18097342000,2024,-0.18126837289363457,High,-0.784754664317964,-0.784754664317964,19.2,19.2
18097342000,2025,-0.37852154659868997,High,-1.4583064709635685,-2.2430611352815326,6.4,9.4
18097342000,2026,-0.40847346787340494,High,-1.4868348152447732,-3.7298959505263056,9,9.4
18097342000,2027,-0.48718077860494002,High,-1.8431989171737388,-5.5730948677000445,4.5,7.5
18097342000,2028,-0.52358858794101726,High,-1.911755751960545,-7.484850619660589,3.8,7.1
18097342101,2024,6.6719160913794959E-3,Low,0.07655090305523507,0.07655090305523507,53.4,53.4
18097342101,2025,0.28968101785616618,Low,1.332255962602057,1.408806865657292,91.7,78.2
18097342101,2026,-0.12962214075853123,Low,-0.36485859713754,1.043948268519752,31.6,65.4
18097342101,2027,0.17248141064815353,Low,0.8479032500342585,1.8918515185540103,80.5,69.2
18097342101,2028,-1.4165261120456718E-2,Low,0.09205839202434052,1.9839099105783509,54.5,67.3
18097342200,2024,0.26700708676400775,High,1.2696326690477635,1.2696326690477635,90.2,90.2
18097342200,2025,-9.5784028253928746E-2,High,-0.27753174901057115,0.9921009200371924,40.2,70.3
18097342200,2026,0.31322722373474132,High,1.416974253744564,2.409075173781756,93.6,82
18097342200,2027,1.5120059074580083E-3,High,0.1504309026424918,2.559506076424248,56,76.7
18097342200,2028,0.27092183929989322,High,1.213447095708807,3.772953172133055,90.6,79.7
18097342300,2024,0.32840882122568293,High,1.5510287232085007,1.5510287232085007,94,94
18097342300,2025,0.30518120506467256,High,1.3969881896814018,2.9480169128899023,92.5,96.2
18097342300,2026,0.3272458094718026,High,1.4733789335114298,4.4213958464013325,94.4,95.9
18097342300,2027,0.33811119218597629,High,1.5235925214707475,5.94498836787208,95.9,96.6
18097342300,2028,0.37430370627385701,High,1.6200991596551484,7.565087527527228,95.5,96.6
18097342400,2024,-3.573832695997322E-2,High,-0.11780964970891068,-0.11780964970891068,43.6,43.6
18097342400,2025,-0.11619979465856238,High,-0.36279252742093415,-0.4806021771298448,33.5,39.5
18097342400,2026,-0.11020632610053746,High,-0.28673782028187594,-0.7673399974117208,33.8,35
18097342400,2027,-0.1150662092336534,High,-0.32515174030192323,-1.092491737713644,32.7,35
18097342400,2028,-0.10682005882737047,High,-0.2723987978572884,-1.3648905355709324,35,34.2
18097342500,2024,9.9631046270342791E-2,High,0.5025703414295974,0.5025703414295974,68.4,68.4
18097342500,2025,0.18340270380824336,High,0.8884141001770288,1.3909844416066264,80.8,77.4
18097342500,2026,0.20364936116752791,High,0.9760806883329524,2.367065129939579,86.1,81.2
18097342500,2027,0.27044016633027879,High,1.247527518345965,3.614592648285544,91.4,83.5
18097342500,2028,0.27879873084225859,High,1.2444308097482435,4.859023458033787,91,86.1
18097342600,2024,0.1920826580200542,High,0.9262638897512208,0.9262638897512208,81.6,81.6
18097342600,2025,9.1088486444899711E-2,High,0.5028894093696464,1.429153299120867,68.4,78.6
18097342600,2026,7.8244805813424897E-2,High,0.4715074083512027,1.9006607074720696,69.5,76.7
18097342600,2027,5.4904352418001387E-2,High,0.36824581116336824,2.268906518635438,63.2,74.1
18097342600,2028,5.0098408559295274E-2,High,0.34483921981320725,2.6137457384486456,63.9,70.7
18097350100,2024,-0.19843274135991748,High,-0.8634167021401644,-0.8634167021401644,16.9,16.9
18097350100,2025,0.11991525253615237,High,0.6232763920222217,-0.24014031011794268,71.8,45.1
18097350100,2026,5.5427001230933803E-3,High,0.1789858183167128,-0.06115449180122989,56,48.5
18097350100,2027,4.7676695574219372E-2,High,0.3387604725870277,0.2776059807857978,62.8,51.1
18097350100,2028,-9.8849652596463139E-3,High,0.10889491468588128,0.3865008954716791,55.3,51.9
18097350300,2024,0.15928952008185174,High,0.7759772618528076,0.7759772618528076,78.6,78.6
18097350300,2025,0.31682642817106144,High,1.445621229810021,2.221598491662829,93.2,90.6
18097350300,2026,0.16404002399232087,High,0.8167099771178484,3.038308468780677,81.2,86.1
18097350300,2027,0.24643940101126696,High,1.1496160227094272,4.187924491490104,88.3,88
18097350300,2028,0.17187639023091184,High,0.8238523102080083,5.011776801698113,80.8,87.2
18097350400,2024,0.12528756299402383,High,0.6201507751559291,0.6201507751559291,74.4,74.4
18097350400,2025,0.10752155689141935,High,0.5715175642071058,1.191668339363035,69.5,74.1
18097350400,2026,9.2492819055666517E-2,High,0.5288352044153992,1.7205035437784342,71.4,74.4
18097350400,2027,8.0225448472277569E-2,High,0.4715436165823787,2.1920471603608127,67.7,72.9
18097350400,2028,7.013782416707548E-2,High,0.42366416228822223,2.615711322649035,68,71.1
18097350500,2024,-9.7137249662176073E-2,High,-0.3991928179466737,-0.3991928179466737,33.1,33.1
18097350500,2025,0.37038892623371283,High,1.6693101272980293,1.2701173093513556,96.2,76.3
18097350500,2026,0.1181356915382806,High,0.6320109482324519,1.9021282575838072,74.1,77.1
18097350500,2027,0.22169738608415432,High,1.0486805877607686,2.950808845344576,86.5,78.9
18097350500,2028,0.12063313780677337,High,0.6222872294879314,3.5730960748325074,73.7,77.4
18097350600,2024,0.27297833457921583,High,1.296998110567404,1.296998110567404,90.6,90.6
18097350600,2025,0.15633975021275714,High,0.7753931905573445,2.0723913011247483,78.2,88
18097350600,2026,0.21231777470942076,High,1.0109586067683771,3.0833499078931257,87.2,86.5
18097350600,2027,0.12635529858677191,High,0.6597310580312424,3.743080965924368,74.8,84.6
18097350600,2028,0.15327593486346339,High,0.7506875107425502,4.493768476666919,78.2,83.5
18097350700,2024,0.14590271627725648,High,0.7146273048611483,0.7146273048611483,77.1,77.1
18097350700,2025,0.18213588458789964,High,0.8831235815312434,1.5977508863923915,80.5,82
18097350700,2026,0.17992276251601591,High,0.8806151953084019,2.4783660817007935,82,82.7
18097350700,2027,0.12871234068541787,High,0.6693466479546979,3.147712729655491,75.2,80.1
18097350700,2028,0.13634311478250985,High,0.6840823464530917,3.831795076108583,76.3,80.1
18097350800,2024,0.35474601506942849,High,1.6717286104392477,1.6717286104392477,95.5,95.5
18097350800,2025,0.28220688980887643,High,1.3010423425683748,2.9727709530076227,91,96.6
18097350800,2026,0.2750046248019552,High,1.26318317288243,4.235954125890053,91.7,95.5
18097350800,2027,0.24510021971651813,High,1.1441528117761712,5.380106937666223,88,95.1
18097350800,2028,0.2206086903693234,High,1.0155405724941642,6.395647510160388,85,94.4
18097350900,2024,0.38648434685981314,High,1.8171812008222272,1.8171812008222272,97.4,97.4
18097350900,2025,0.59514236844959811,High,2.6079304589543364,4.425111659776563,100,100
18097350900,2026,0.44071280813208691,High,1.92992068769286,6.3550323474694235,98.1,100
18097350900,2027,0.64787838336447034,High,2.787292598709137,9.142324946178562,100,100
18097350900,2028,0.53299722148603723,High,2.2443193191942052,11.386644265372766,99.6,100
18097351000,2024,1.3959902547865E-2,High,0.10995078417605192,0.10995078417605192,54.9,54.9
18097351000,2025,7.0468099650614291E-2,High,0.41677409073019944,0.5267248749062514,66.5,60.9
18097351000,2026,-4.1665991341872224E-2,High,-0.01096138279462848,0.5157634921116229,46.6,56
18097351000,2027,7.1440825055043622E-2,High,0.4357066086389777,0.9514701007506006,65.4,60.2
18097351000,2028,-4.8126409070316387E-2,High,-0.04152761596752102,0.9099424847830796,46.6,58.6
18097351200,2024,8.8730340568054095E-2,High,0.45261384428689766,0.45261384428689766,66.9,66.9
18097351200,2025,0.21227681860357034,High,1.0089988215422288,1.4616126658291264,84.2,78.9
18097351200,2026,0.37975459569862785,High,1.6846514061861069,3.1462640720152333,96.2,87.2
18097351200,2027,0.30419338114782907,High,1.3852242834866095,4.531488355501843,92.9,90.6
18097351200,2028,0.37671422334543103,High,1.6295809166694644,6.161069272171307,95.9,93.2
18097351500,2024,0.17453335071896317,High,0.8458377279973772,0.8458377279973772,79.7,79.7
18097351500,2025,0.247873681926124,High,1.1576592350528077,2.0034969630501847,88,87.2
18097351500,2026,0.25418040378226187,High,1.1793955826046914,3.182892545654876,90.2,88
18097351500,2027,0.25174428556636358,High,1.1712573818104737,4.35414992746535,89.5,89.5
18097351500,2028,0.23754321814631485,High,1.0821524539975669,5.436302381462917,87.6,89.1
18097351600,2024,0.18908219212266988,High,0.9125131501089262,0.9125131501089262,80.8,80.8
18097351600,2025,0.22706712281117883,High,1.070766419420923,1.983279569529849,85.7,85.3
18097351600,2026,0.30808345345587651,High,1.3962779637752656,3.379557533305115,92.5,90.2
18097351600,2027,0.20368795447319554,High,0.9752108312277916,4.354768364532906,84.2,89.8
18097351600,2028,0.23602729439972236,High,1.0761895754156552,5.430957939948561,87.2,88.7
18097351700,2024,2.3559302147438371E-2,High,0.1539435670072621,0.1539435670072621,56.8,56.8
18097351700,2025,0.39244732355128098,High,1.7614308975157993,1.9153744645230617,97,85
18097351700,2026,0.43245064007100231,High,1.8966773240321837,3.812051788555245,97.4,92.9
18097351700,2027,0.46832072973717032,High,2.0547843563277977,5.866836144883043,97.4,96.2
18097351700,2028,0.52286483960905439,High,2.204463645045805,8.071299789928847,98.5,97.4
18097351900,2024,0.23124651516312855,High,1.105746683883927,1.105746683883927,87.6,87.6
18097351900,2025,0.33781076825585821,High,1.533256498288185,2.6390031821721123,94.4,93.6
18097351900,2026,0.18454251679717074,High,0.8992030732668223,3.538206255438934,82.7,91
18097351900,2027,0.22811306071259049,High,1.0748534322529388,4.613059687691873,86.8,91.4
18097351900,2028,0.1964053546198917,High,0.920336870675049,5.533396558366922,82.3,90.2
18097352100,2024,0.26235711831047315,High,1.2483224766522496,1.2483224766522496,89.8,89.8
18097352100,2025,0.33124362829244836,High,1.5058306620931234,2.754153138745373,94,94.7
18097352100,2026,6.8541849500070598E-2,High,0.4324669406526852,3.1866200793980584,68.4,88.3
18097352100,2027,0.18345931931487919,High,0.8926877992864852,4.079307878684544,82.7,86.8
18097352100,2028,5.2448431756763808E-2,High,0.3540830244720362,4.43339090315658,64.3,83.1
18097352300,2024,2.7336639865554735E-2,High,0.1712546077853351,0.1712546077853351,57.1,57.1
18097352300,2025,1.8513904800632502E-2,High,0.19980182494311885,0.3710564327284539,58.3,58.6
18097352300,2026,-2.0736276142409499E-2,High,0.07325067008859454,0.4443071028170485,50.4,55.6
18097352300,2027,-2.3463582939578495E-2,High,0.04854259925245386,0.4928497020695023,53.4,54.5
18097352300,2028,-3.7143308216363108E-2,High,0.00167435708173472,0.4945240591512371,49.6,53
18097352400,2024,0.13458225372611943,High,0.6627471174186802,0.6627471174186802,75.9,75.9
18097352400,2025,3.3045586714862941E-2,High,0.2604893586395211,0.9232364760582012,61.3,69.2
18097352400,2026,-3.7612215138309715E-2,High,0.00534924603036003,0.9285857220885614,47.4,63.5
18097352400,2027,-2.1376020779598104E-2,High,0.0570588415722774,0.9856445636608387,53.8,60.5
18097352400,2028,-5.3529222956371927E-2,High,-0.06277955774601258,0.922865005914826,45.1,59
18097352500,2024,-9.9046839993677749E-2,High,-0.40794421868574343,-0.40794421868574343,32.3,32.3
18097352500,2025,-1.72208942203756E-2,High,0.05056536129620328,-0.35737885738954017,52.6,42.5
18097352500,2026,1.2213071637569579E-2,High,0.20582448637189177,-0.15155437101764838,57.5,45.9
18097352500,2027,4.0223701929455617E-2,High,0.3083558690242245,0.15680149800657614,61.7,50.4
18097352500,2028,6.3157958044115781E-2,High,0.39620889331261416,0.5530103913191903,66.5,53.8
18097352600,2024,-0.18825284947457666,High,-0.8167635996922883,-0.8167635996922883,18.4,18.4
18097352600,2025,0.27721506728789824,High,1.280195382165831,0.46343178247354266,90.2,60.2
18097352600,2026,0.18663706334256522,High,0.9076306157711588,1.3710623982447014,83.1,70.3
18097352600,2027,0.28421847426087549,High,1.3037363399770343,2.6747987382217357,92.5,78.2
18097352600,2028,0.22523624536274037,High,1.0337430372414116,3.7085417754631473,85.3,78.9
18097352700,2024,-0.17730859731010726,High,-0.7666075348543476,-0.7666075348543476,19.9,19.9
18097352700,2025,0.50828384087895595,High,2.245189941382088,1.4785824065277406,98.9,79.3
18097352700,2026,4.5853879071118223E-2,High,0.34118043496602474,1.8197628414937652,63.5,75.9
18097352700,2027,0.51789032932541734,High,2.257004309286756,4.076767150780522,98.9,86.5
18097352700,2028,8.3348531051860908E-2,High,0.4756284126750051,4.552395563455526,69.9,84.2
18097352800,2024,0.30152805627294593,High,1.4278377212467614,1.4278377212467614,92.9,92.9
18097352800,2025,0.13090983593903208,High,0.6691922161283609,2.0970299373751224,72.9,88.7
18097352800,2026,0.32623585685932371,High,1.4693153243317978,3.56634526170692,94,91.7
18097352800,2027,0.12109429943746781,High,0.6382687301261036,4.204613991833024,74.4,88.3
18097352800,2028,0.28552876664578292,High,1.2709033723943133,5.475517364227337,91.7,89.8
18097353300,2024,3.5241012991343537E-2,High,0.20747930775043863,0.20747930775043863,59.4,59.4
18097353300,2025,-9.8834087801275713E-2,High,-0.29026947563080424,-0.08279016788036558,39.1,48.9
18097353300,2026,-4.7385416639735722E-2,High,-0.03397385769240867,-0.11676402557277424,45.1,47.7
18097353300,2027,-4.4340011666044191E-2,High,-0.03662311663155937,-0.15338714220433364,48.9,47.7
18097353300,2028,-2.644481373168061E-2,High,0.04375683238091225,-0.10963030982342135,52.3,47.7
18097353500,2024,0.3371353116895891,High,1.591021078550632,1.591021078550632,94.7,94.7
18097353500,2025,0.37818185354251999,High,1.70185512390876,3.292876202459392,96.6,97.4
18097353500,2026,0.15836067769828735,High,0.7938587626652235,4.086734965124616,80.1,95.1
18097353500,2027,1.7138636833022497E-2,High,0.21417998669649935,4.300914951821115,57.5,89.1
18097353500,2028,0.3597539791967384,High,1.5628678799447873,5.863782831765902,95.1,92.1
18097353600,2024,0.14628714661927197,High,0.7163890984373599,0.7163890984373599,77.4,77.4
18097353600,2025,0.2442410922297025,High,1.142488733048432,1.858877831485792,87.2,84.2
18097353600,2026,0.20952791951264149,High,0.9997334452633728,2.8586112767491647,86.8,84.6
18097353600,2027,0.2746899880466751,High,1.2648647321768671,4.123476008926032,92.1,87.2
18097353600,2028,0.23827905807382729,High,1.0850468767238697,5.208522885649901,88,88.3
18097354201,2024,-0.1498474673956729,High,-0.6407567967853697,-0.6407567967853697,22.9,22.9
18097354201,2025,-0.76276986511701639,High,-3.063012857705434,-3.703769654490803,0.4,2.3
18097354201,2026,-0.26556543132034,High,-0.911835154859848,-4.615604809350652,16.2,5.3
18097354201,2027,-0.71225847425322064,High,-2.761406879396169,-7.377011688746821,0.8,2.3
18097354201,2028,-0.35657526497565339,High,-1.2548096696509026,-8.631821358397723,10.5,3.8
18097354202,2024,-0.13265382331409895,Low,-0.5619605926778314,-0.5619605926778314,25.9,25.9
18097354202,2025,-0.55950887369743629,Low,-2.214149777798613,-2.7761103704764443,2.6,6.8
18097354202,2026,-0.41671652230949707,Low,-1.5200012740081157,-4.29611164448456,8.3,7.1
18097354202,2027,-0.53490998321675964,Low,-2.0379109501847767,-6.334022594669337,3,5.6
18097354202,2028,-0.50702064648704459,Low,-1.8465858359510297,-8.180608430620365,4.5,5.6
18097354400,2024,-8.6478768709726581E-2,High,-0.35034640489886815,-0.35034640489886815,34.6,34.6
18097354400,2025,-0.13068813545846331,High,-0.42329905899027104,-0.7736454638891392,32,30.8
18097354400,2026,-5.4672493143666914E-2,High,-0.06329387786778584,-0.8369393417569251,43.2,33.8
18097354400,2027,-9.8549581258848412E-2,High,-0.2577718994347479,-1.0947112411916728,38.7,34.6
18097354400,2028,-7.275802233273912E-2,High,-0.13841594527206807,-1.233127186463741,40.2,36.1
18097354500,2024,-0.11039947970616787,High,-0.45997186981662735,-0.45997186981662735,30.1,30.1
18097354500,2025,2.86124791618774E-2,High,0.2419757161314142,-0.21799615368521316,60.2,45.9
18097354500,2026,5.7923094502373901E-2,High,0.3897416981494819,0.1717455444642688,66.2,51.5
18097354500,2027,7.0859672572912688E-2,High,0.4333357880438006,0.6050813325080694,65,56.4
18097354500,2028,8.2433701014283364E-2,High,0.4720299332333957,1.077111265741465,69.5,61.7
18097354700,2024,0.40417858100805926,High,1.8982715432102004,1.8982715432102004,98.1,98.1
18097354700,2025,0.1738686953435889,High,0.848597961661507,2.7468695048717073,79.3,94.4
18097354700,2026,0.26064030434378527,High,1.20538740726752,3.952256912139227,91,94.4
18097354700,2027,0.21027668391809479,High,1.00208965553693,4.954346567676157,85,94
18097354700,2028,0.25695587821636012,High,1.158512056655553,6.11285862433171,89.5,92.9
18097354800,2024,-9.9159163398616522E-4,High,0.04143005746586128,0.04143005746586128,51.1,51.1
18097354800,2025,0.23967675256843413,High,1.1234270360865826,1.1648570935524438,86.5,72.9
18097354800,2026,0.22960576376226466,High,1.0805179406861192,2.245375034238563,89.1,80.5
18097354800,2027,0.30819588152280963,High,1.4015525460562088,3.646927580294772,93.6,83.8
18097354800,2028,0.29644660585604626,High,1.3138486390899324,4.960776219384704,93.2,86.8
18097354900,2024,0.20253033898732109,High,0.97414423425768,0.97414423425768,84.6,84.6
18097354900,2025,0.21427641329812785,High,1.0173495734456457,1.9914938077033255,85,86.5
18097354900,2026,0.3097451974652794,High,1.4029640974882462,3.3944579051915715,92.9,90.6
18097354900,2027,0.25209712510359145,High,1.1726967961937442,4.567154701385316,89.8,91
18097354900,2028,0.31497411411991849,High,1.3867265014831898,5.953881202868506,94,92.5
18097355000,2024,4.780029588720739E-2,High,0.26503684551332396,0.26503684551332396,61.7,61.7
18097355000,2025,0.16525121574553711,High,0.8126094514139289,1.0776462969272529,78.6,71.4
18097355000,2026,8.8810004840252713E-2,High,0.51401716496709,1.5916634618943428,71.1,72.9
18097355000,2027,0.18127205782108227,High,0.8837648319827626,2.4754282938771057,82,75.6
18097355000,2028,9.5990174104603962E-2,High,0.5253542532846118,3.0007825471617173,71.1,75.6
18097355100,2024,0.19620933671566729,High,0.9451759141739104,0.9451759141739104,83.5,83.5
18097355100,2025,0.12374624854561644,High,0.6392754828905306,1.584451397064441,72.6,81.2
18097355100,2026,0.20569683251485987,High,0.9843188207554532,2.5687702178198943,86.5,83.8
18097355100,2027,0.14106051935450997,High,0.719721235006732,3.2884914528266265,77.4,80.5
18097355100,2028,0.19717935499852721,High,0.923381397347668,4.211872850174294,82.7,82
18097355300,2024,2.3005164143249424E-2,High,0.15140402558866253,0.15140402558866253,56.4,56.4
18097355300,2025,6.594648456984617E-2,High,0.3978908211131045,0.549294846701767,66.2,61.3
18097355300,2026,0.11637252032575525,High,0.624916715655643,1.17421156235741,73.7,67.3
18097355300,2027,0.13941327381845195,High,0.7130012712067321,1.887212833564142,77.1,68.8
18097355300,2028,0.16149099747290618,High,0.7830014190067497,2.670214252570892,80.1,72.2
18097355400,2024,3.9622219609727158E-2,High,0.22755780008758203,0.22755780008758203,60.5,60.5
18097355400,2025,-1.6130869942346346E-2,High,0.05511754496587316,0.2826753450534552,53,57.1
18097355400,2026,7.9523604167420173E-2,High,0.47665273563288463,0.7593280806863398,69.9,60.9
18097355400,2027,3.0222203864024903E-2,High,0.26755460201560316,1.026882682701943,60.2,61.3
18097355400,2028,9.3775280664465083E-2,High,0.51664198085988855,1.5435246635618316,70.7,63.9
18097355500,2024,-8.8392932856307074E-2,High,-0.3591187668294567,-0.3591187668294567,34.2,34.2
18097355500,2025,0.1087743669687444,High,0.5767495775577698,0.21763081072831308,70.3,54.5
18097355500,2026,0.19469516736911613,High,0.9400529146870962,1.157683725415409,84.6,66.5
18097355500,2027,0.11251606149535288,High,0.6032736749403738,1.760957400355783,71.8,67.3
18097355500,2028,0.18290282395364585,High,0.8672247328829303,2.628182133238713,81.2,71.4
18097355600,2024,-1.9741032599693842E-3,High,0.03692733621307168,0.03692733621307168,50.8,50.8
18097355600,2025,0.10285440076870209,High,0.5520264828487664,0.5889538190618381,69.2,62
18097355600,2026,0.13416188178334953,High,0.6964933536341739,1.285447172696012,77.4,68
18097355600,2027,0.12022604504807076,High,0.6347266728321423,1.9201738455281545,73.7,69.9
18097355600,2028,0.16759949266479346,High,0.807029154721881,2.7272030002500354,80.5,72.9
18097355700,2024,6.2748334364199021E-2,High,0.3335417351837251,0.3335417351837251,63.5,63.5
18097355700,2025,0.13506286221652791,High,0.6865361769750926,1.0200779121588175,74.4,71.1
18097355700,2026,0.15351797439519801,High,0.7743738350027588,1.7944517471615766,79.3,75.6
18097355700,2027,0.1459635858718813,High,0.7397233711694893,2.5341751183310657,78.2,76.3
18097355700,2028,0.14804499174437941,High,0.7301116217784137,3.2642867401094797,77.8,75.9
18097355900,2024,0.20062699155450664,High,0.9654214439002634,0.9654214439002634,84.2,84.2
18097355900,2025,0.40448364004568316,High,1.811697230562856,2.7771186744631193,97.4,95.1
18097355900,2026,0.43278444627825413,High,1.8980204147388624,4.6751390892019815,97.7,97.4
18097355900,2027,0.540554398322454,High,2.3494627314751413,7.024601820677123,99.2,98.5
18097355900,2028,0.48505674874903004,High,2.055745706086821,9.080347526763944,97.7,98.5
18097356200,2024,-1.3384335693367062E-2,High,-0.01536425476501446,-0.01536425476501446,48.5,48.5
18097356200,2025,-0.28258877342992234,High,-1.0576698867999923,-1.0730341415650069,12.4,26.3
18097356200,2026,-0.16149274364429372,High,-0.4930920140788717,-1.5661261556438786,26.3,25.2
18097356200,2027,-0.22984492837767526,High,-0.7933933113211261,-2.3595194669650046,16.9,21.4
18097356200,2028,-0.18931432001603124,High,-0.5968895674479167,-2.9564090344129212,20.7,22.2
18097356400,2024,0.17907177634373975,High,0.8666367343139044,0.8666367343139044,80.1,80.1
18097356400,2025,0.36582245894640858,High,1.650239544896937,2.5168762792108414,95.9,92.9
18097356400,2026,0.22134044838319195,High,1.047261913589446,3.564138192800287,88.7,91.4
18097356400,2027,0.33591790387413034,High,1.514644967669,5.078783160469287,95.5,94.4
18097356400,2028,0.26949246208571925,High,1.2078246474853858,6.286607807954673,90.2,93.6
18097356900,2024,-8.9892630038749047E-2,High,-0.36599168130451193,-0.36599168130451193,33.8,33.8
18097356900,2025,-9.9636745363044343E-2,High,-0.2936215520190717,-0.6596132333235836,38.7,32.7
18097356900,2026,-7.3514554829276022E-3,High,0.12710535537536233,-0.5325078779482213,53,39.1
18097356900,2027,1.1063860057317059E-2,High,0.189397840299848,-0.3431100376483733,56.8,44.7
18097356900,2028,4.0881949606065407E-2,High,0.3085863239687982,-0.03452371367957507,62.8,48.5
18097357000,2024,8.002087339053085E-2,High,0.4126995044220001,0.4126995044220001,65.8,65.8
18097357000,2025,0.25181800612499122,High,1.174131609630033,1.586831114052033,88.3,81.6
18097357000,2026,0.34738531032349174,High,1.5544115082312089,3.141242622283242,95.1,86.8
18097357000,2027,0.35751329160251599,High,1.6027436879903163,4.743986310273558,96.2,92.1
18097357000,2028,0.38141085011901554,High,1.6480550749233949,6.392041385196953,96.2,94
18097357100,2024,0.300499858842458,High,1.4231256279748994,1.4231256279748994,92.5,92.5
18097357100,2025,0.53987333299818796,High,2.377114682011098,3.800240309985998,99.6,98.9
18097357100,2026,0.5363276676187323,High,2.3146332137246532,6.114873523710651,100,99.6
18097357100,2027,0.54435436884589994,High,2.3649647703634855,8.479838294074137,99.6,99.6
18097357100,2028,0.52758296719268327,High,2.22302237663002,10.702860670704156,98.9,99.6
18097357200,2024,0.12884930760037944,High,0.6364737811254483,0.6364737811254483,75.2,75.2
18097357200,2025,0.31792292023730179,High,1.4502004244008848,2.086674205526333,93.6,88.3
18097357200,2026,0.19194822289955599,High,0.9290004072481124,3.015674612774445,83.8,85.7
18097357200,2027,0.25857257419224555,High,1.1991134915266282,4.214788104301073,90.6,88.7
18097357200,2028,0.19758523233831923,High,0.9249779138622812,5.139766018163355,83.1,88
18097357300,2024,0.10954595182782823,High,0.5480090464712962,0.5480090464712962,72.2,72.2
18097357300,2025,-0.30305931618251447,High,-1.1431594234148164,-0.5951503769435201,9,35.7
18097357300,2026,0.26338320127732018,High,1.216423629185437,0.6212732522419168,91.4,57.9
18097357300,2027,-0.11160724216034033,High,-0.31104083029534324,0.3102324219465735,33.8,51.5
18097357300,2028,0.12941164817360451,High,0.6568174567273491,0.9670498786739228,75.2,59.4
18097357400,2024,-2.1503290264340169E-2,High,-0.05257235320412466,-0.05257235320412466,46.2,46.2
18097357400,2025,-0.14025713148416599,High,-0.4632613133375734,-0.515833666541698,30.5,38.3
18097357400,2026,-1.8337401481438018E-2,High,0.08290269630513568,-0.4329309702365624,51.9,41.7
18097357400,2027,-0.1454949354515519,High,-0.4492862024621423,-0.8822171726987047,29.7,39.1
18097357400,2028,-2.8384267729198609E-2,High,0.03612799964549354,-0.8460891730532112,51.5,39.5
18097357500,2024,-9.5496306677597773E-2,High,-0.3916725925815208,-0.3916725925815208,33.5,33.5
18097357500,2025,0.1527069025928674,High,0.7602216114072355,0.3685490188257148,77.1,58.3
18097357500,2026,-4.9394331612006376E-2,High,-0.04205685606436442,0.32649216276135035,44.4,53.4
18097357500,2027,0.1439983987341644,High,0.7317063596574801,1.0581985224188304,77.8,61.7
18097357500,2028,1.94920103478501E-3,High,0.1554445494484911,1.2136430718673217,57.1,62
18097357601,2024,6.530431794118749E-2,High,0.3452554709498235,0.3452554709498235,64.7,64.7
18097357601,2025,4.269601508462878E-2,High,0.3007916925559662,0.6460471635057897,62.8,62.8
18097357601,2026,0.13082945669087925,High,0.6830851273185243,1.329132290824314,76.3,69.9
18097357601,2027,8.0227161061266372E-2,High,0.4715506031158111,1.8006828939401252,68,67.7
18097357601,2028,0.18655656845661422,High,0.881596718868044,2.682279612808169,81.6,72.6
18097357602,2024,9.9015765204743825E-2,Low,0.4997505894213308,0.4997505894213308,67.7,67.7
18097357602,2025,0.28762261278267459,Low,1.323659605484163,1.8234101949054935,91.4,83.8
18097357602,2026,0.13937038045079336,Low,0.7174500824307624,2.540860277336256,78.6,83.1
18097357602,2027,0.3582347898274994,Low,1.605687051227624,4.14654732856388,96.6,87.6
18097357602,2028,0.29443522127481908,Low,1.305936867758197,5.452484196322077,92.5,89.5
18097357800,2024,1.4237028343050972E-2,High,0.11122081516060274,0.11122081516060274,55.3,55.3
18097357800,2025,-8.1602154230177443E-2,High,-0.2183050908181896,-0.10708427565758684,45.1,48.1
18097357800,2026,6.9781817522523798E-2,High,0.4374560316023324,0.3303717559447456,68.8,53.8
18097357800,2027,-2.5308503351710886E-2,High,0.04101621771914626,0.3713879736638918,52.6,53.4
18097357800,2028,8.6984371116265252E-2,High,0.4899299716393174,0.8613179453032093,70.3,57.9
18097357900,2024,8.0727424046251745E-2,High,0.4159375329292997,0.4159375329292997,66.2,66.2
18097357900,2025,9.0293792999836531E-2,High,0.49957059290296113,0.9155081258322608,68,68.4
18097357900,2026,0.21735877635207354,High,1.031241400531686,1.9467495263639467,88.3,78.2
18097357900,2027,0.13116730058413362,High,0.6793616950674072,2.626111221431354,75.6,77.1
18097357900,2028,0.21910759925038559,High,1.0096360379799896,3.6357472594113434,84.6,77.8
18097358000,2024,-0.3495703729498596,High,-1.5560605425377736,-1.5560605425377736,6,6
18097358000,2025,-8.7813305905513964E-2,High,-0.2442442407951324,-1.800304783332906,43.2,14.3
18097358000,2026,-3.6599714069738484E-3,High,0.1419582785641964,-1.6583465047687096,54.1,24.1
18097358000,2027,-1.0171665558751361E-2,High,0.10276718306616954,-1.55557932170254,54.9,31.6
18097358000,2028,2.0718786827585951E-2,High,0.22927462260805864,-1.3263046990944811,60.5,35.3
18097358100,2024,-2.3156417567765583E-2,High,-0.06014841769623835,-0.06014841769623835,45.5,45.5
18097358100,2025,-0.10362350228648881,High,-0.3102711350858446,-0.37041955278208294,37.6,42.1
18097358100,2026,-0.1225229132564998,High,-0.33629439948202444,-0.7067139522641074,32.3,36.5
18097358100,2027,-0.13230205848921914,High,-0.3954656555770146,-1.102179607841122,31.2,34.2
18097358100,2028,-0.13604606838539657,High,-0.387359162334745,-1.4895387701758669,30.8,33.1
18097360101,2024,0.37034373360027684,High,1.7432108981461216,1.7432108981461216,96.6,96.6
18097360101,2025,0.35001373298782351,High,1.584218791416962,3.3274296895630835,95.1,97.7
18097360101,2026,0.31080796396696325,High,1.4072402067419745,4.734669896305058,93.2,98.1
18097360101,2027,0.30871293927013338,High,1.40366189118325,6.138331787488308,94,97.4
18097360101,2028,0.28764156622049847,High,1.2792140591028385,7.417545846591146,92.1,96.2
18097360102,2024,0.10434147479210866,High,0.5241576143470822,0.5241576143470822,71.4,71.4
18097360102,2025,0.13865770621391399,High,0.7015490445503894,1.2257066588974714,75.6,75.2
18097360102,2026,4.4677581962777976E-2,High,0.33644752802725886,1.5621541869247304,63.2,72.2
18097360102,2027,6.3103776751142759E-2,High,0.4016954903359134,1.9638496772606435,63.9,70.7
18097360102,2028,4.9081148210680478E-2,High,0.3408378312482362,2.30468750850888,63.5,68.4
18097360201,2024,6.2872845104234715E-2,High,0.3341123514904769,0.3341123514904769,63.9,63.9
18097360201,2025,-0.10807250566801374,High,-0.3288511621071696,0.00526118938330733,35.7,50.8
18097360201,2026,-8.4763032205268207E-2,High,-0.1843650937248131,-0.17910390434150578,38.3,45.5
18097360201,2027,-9.4692794082232246E-2,High,-0.2420380761255728,-0.42114198046707857,39.8,43.6
18097360201,2028,-8.671743072515195E-2,High,-0.19332520934711311,-0.6144671898141917,38.7,41.4
18097360202,2024,-0.38725916103296149,High,-1.728783289633862,-1.728783289633862,4.9,4.9
18097360202,2025,-0.3822089064261151,High,-1.4737057052090197,-3.2024889948428816,6,3.8
18097360202,2026,-0.46364024993155983,High,-1.7088019048016263,-4.911290899644508,5.6,4.1
18097360202,2027,-0.47612734861877382,High,-1.798106277523536,-6.709397177168044,4.9,4.5
18097360202,2028,-0.49671371533622188,High,-1.8060435730947155,-8.51544075026276,5.6,4.9
18097360301,2024,-3.1718681367898495E-2,High,-0.09938814388906404,-0.09938814388906404,44.7,44.7
18097360301,2025,-0.36317840193163692,High,-1.3942300884438876,-1.4936182323329517,6.8,18.8
18097360301,2026,-0.33910651682839782,High,-1.2077324340570903,-2.7013506663900424,10.5,14.7
18097360301,2027,-0.4172140320648674,High,-1.557768485789348,-4.25911915217939,6.8,12.4
18097360301,2028,-0.41797473654093009,High,-1.496324188280389,-5.755443340459779,9,10.2
18097360302,2024,0.22436344692092774,High,1.0742024895569195,1.0742024895569195,86.5,86.5
18097360302,2025,4.9267380808881774E-2,High,0.3282351764675878,1.4024376660245077,64.3,77.8
18097360302,2026,7.5447010736202885E-2,High,0.4602503002274624,1.8626879662519695,69.2,76.3
18097360302,2027,4.3049151738191911E-2,High,0.31988233549070005,2.1825703017426696,62.4,72.2
18097360302,2028,5.3548448204384091E-2,High,0.35840993374435925,2.5409802354870292,65.4,69.5
18097360401,2024,-2.7858196104586092E-5,High,0.0458467207581972,0.0458467207581972,51.5,51.5
18097360401,2025,-0.19160026353840701,High,-0.6776816450659529,-0.6318349243077557,22.2,34.2
18097360401,2026,-0.2178044917736478,High,-0.719665948134966,-1.3515008724427215,18.4,29.3
18097360401,2027,-0.18082059485359503,High,-0.593397779756769,-1.9448986521994909,25.2,27.1
18097360401,2028,-0.29134566157031633,High,-0.998229346315651,-2.9431279985151417,13.5,22.6
18097360402,2024,0.41296547148514884,High,1.9385407038499356,1.9385407038499356,98.5,98.5
18097360402,2025,-1.7791083891567864E-3,High,0.1150536912428574,2.053594395092793,54.9,87.6
18097360402,2026,-7.1008037818271336E-2,High,-0.12902099067863543,1.9245734044141576,40.2,77.4
18097360402,2027,-2.0561652644701434E-2,High,0.06038106905238651,1.984954473466544,54.1,71.1
18097360402,2028,-3.9439682399230833E-2,High,-0.00735841944271547,1.9775960540238289,48.1,66.9
18097360405,2024,-0.20720800033775202,High,-0.9036325571522488,-0.9036325571522488,15,15
18097360405,2025,-0.16601114865391725,High,-0.5708158135001771,-1.4744483706524258,25.2,19.2
18097360405,2026,-9.7598813720236724E-2,High,-0.23601068476294496,-1.710459055415371,36.1,23.3
18097360405,2027,-7.1514409290182365E-2,High,-0.1474814946472691,-1.85794055006264,45.5,27.8
18097360405,2028,-0.1194873133575905,High,-0.3222253810872557,-2.1801659311498955,32.3,28.6
18097360406,2024,0.34000962435023563,Low,1.6041936745403271,1.6041936745403271,95.1,95.1
18097360406,2025,0.15551052733284823,Low,0.7719301714957298,2.376123846036057,77.8,91.7
18097360406,2026,0.18820271824925314,Low,0.9139301288100302,3.2900539748460873,83.5,89.8
18097360406,2027,0.1021832779297582,Low,0.5611209235781239,3.851174898424211,69.9,85.3
18097360406,2028,0.23200558911242863,Low,1.0603702174998826,4.911545115924094,86.5,86.5
18097360407,2024,7.4105301025187836E-2,High,0.3855892161491367,0.3855892161491367,65,65
18097360407,2025,4.7472139615536132E-2,High,0.3207378502078076,0.7063270663569443,63.5,64.3
18097360407,2026,-9.2261740622823565E-3,High,0.11956230480629218,0.8258893711632365,52.6,61.3
18097360407,2027,3.731179058659434E-2,High,0.2964766813837078,1.1223660525469443,61.3,63.2
18097360407,2028,-7.5657096453912095E-3,High,0.11801769520786104,1.2403837477548054,56,62.4
18097360501,2024,5.3647640909402966E-2,High,0.2918344568672716,0.2918344568672716,62.4,62.4
18097360501,2025,-8.9502024156083271E-2,High,-0.251296703568543,0.04053775329872861,42.9,51.5
18097360501,2026,9.8302011532630157E-2,High,0.5522088633217297,0.5927466166204582,71.8,57.1
18097360501,2027,0.11645167616803011,High,0.6193290762465016,1.2120756928669598,72.9,63.9
18097360501,2028,0.13030563715035409,High,0.6603339579589631,1.872409650825923,75.6,64.7
18097360502,2024,-0.20015815755540939,High,-0.8713240570944369,-0.8713240570944369,16.2,16.2
18097360502,2025,-0.2910905884216678,High,-1.0931753559423407,-1.9644994130367777,10.5,12
18097360502,2026,-0.17257014634016771,High,-0.5376626550428559,-2.5021620680796337,25.2,15.8
18097360502,2027,-0.16820322348837094,High,-0.5419250169114891,-3.044087084991123,27.4,18.8
18097360502,2028,-0.20830256976861231,High,-0.6715797542150056,-3.715666839206128,18,17.3
18097360601,2024,-3.4532739091628503E-2,High,-0.11228459944656012,-0.11228459944656012,44,44
18097360601,2025,-6.6312098707951919E-2,High,-0.1544504203676726,-0.2667350198142327,47,44.4
18097360601,2026,-4.7681834157418578E-2,High,-0.03516651260609154,-0.30190153242032425,44.7,44
18097360601,2027,-4.2896757404712355E-2,High,-0.03073533841146781,-0.33263687083179205,49.6,45.1
18097360601,2028,-2.4042979289036502E-2,High,0.05320443631714815,-0.2794324345146439,52.6,45.5
18097360602,2024,0.11650259611892522,High,0.579890430130521,0.579890430130521,74.1,74.1
18097360602,2025,-0.11170676644368299,High,-0.3440286429099223,0.2358617872205987,34.6,55.3
18097360602,2026,-8.6973296866658487E-2,High,-0.19325823549846205,0.04260355172213664,38,51.1
18097360602,2027,-0.13587756613866248,High,-0.4100519946776084,-0.36744844295547174,30.5,44
18097360602,2028,-0.10952340262261796,High,-0.28303238734518943,-0.6504808303006612,34.2,41
18097360700,2024,8.4266270836272899E-3,High,0.0845925122009701,0.0845925122009701,53.8,53.8
18097360700,2025,5.7692724212965833E-3,High,0.146577407320008,0.2311699195209781,56,54.9
18097360700,2026,4.1572712715291019E-2,High,0.3239548872639686,0.5551248067849467,62.4,56.8
18097360700,2027,2.202411147708867E-2,High,0.2341103565383306,0.7892351633232773,58.6,59
18097360700,2028,3.2684112656080379E-2,High,0.2763401727511329,1.0655753360744102,62,61.3
18097360800,2024,0.10951367449739637,High,0.547861123721198,0.547861123721198,71.8,71.8
18097360800,2025,-0.11600146451852186,High,-0.3619642566723889,0.18589686704880912,33.8,53.8
18097360800,2026,-8.2473326365626598E-2,High,-0.17515231527000288,0.01074455177880626,38.7,50.8
18097360800,2027,-0.10970970648696499,High,-0.3032998039849575,-0.2925552522061512,34.6,45.9
18097360800,2028,-8.8001565630710571E-2,High,-0.1983763476658133,-0.49093159987196455,38.3,42.9
18097360900,2024,0.2032407966311231,High,0.9774001679762788,0.9774001679762788,85,85
18097360900,2025,0.21227019032513578,High,1.0089711403781887,1.9863713083544672,83.8,85.7
18097360900,2026,0.36388238966191622,High,1.6207885661331622,3.6071598744876296,95.5,92.1
18097360900,2027,-7.386611930590431E-2,High,-0.15707533225545425,3.4500845422321755,44.7,82.7
18097360900,2028,5.9939085485080604E-2,High,0.3835474739745251,3.833632016206701,66.2,80.5
18097361000,2024,-9.7642351066263774E-2,High,-0.40150763109173304,-0.40150763109173304,32.7,32.7
18097361000,2025,-1.1660604461814765E-2,High,0.07378636723867274,-0.32772126385306033,54.1,43.6
18097361000,2026,-6.8341344992443029E-2,High,-0.118291380880709,-0.4460126447337693,40.6,41
18097361000,2027,-4.0258772978723364E-2,High,-0.01997363989138452,-0.4659862846251538,50,42.5
18097361000,2028,-3.6599985093916466E-2,High,0.00381151590464842,-0.4621747687205054,50.4,43.2
18097361100,2024,0.18908292373456442,High,0.912516502989787,0.912516502989787,81.2,81.2
18097361100,2025,0.23066900021183601,High,1.0858086600516264,1.9983251630414136,86.1,86.8
18097361100,2026,0.25659079349346076,High,1.1890939403651386,3.187419103406552,90.6,88.7
18097361100,2027,0.26757407413782114,High,1.2358352506425914,4.423254354049144,91,90.2
18097361100,2028,0.32187337044592967,High,1.413864692220003,5.837119046269146,94.4,91.7
18097361200,2024,0.11548781728774664,High,0.5752398325302572,0.5752398325302572,73.7,73.7
18097361200,2025,0.11577409628531353,High,0.605982003045214,1.1812218355754711,71.1,73.7
18097361200,2026,-7.3417802461721035E-3,High,0.1271442843116401,1.3083661198871113,53.4,68.4
18097361200,2027,7.2172862346808253E-2,High,0.43869296616323633,1.7470590860503477,65.8,66.5
18097361200,2028,9.1852044189541932E-3,High,0.1839073330780049,1.9309664191283529,58.6,66.2
18097361300,2024,8.2406184867989979E-2,High,0.4236310724564547,0.4236310724564547,66.5,66.5
18097361300,2025,0.16555809751389089,High,0.8138910578905711,1.237522130347026,78.9,75.6
18097361300,2026,0.20349829480766718,High,0.9754728631349396,2.2129949934819653,85.7,80.1
18097361300,2027,0.23937716397138248,High,1.1208055167974718,3.333800510279437,87.6,81.6
18097361300,2028,0.25956416860200066,High,1.1687717540254914,4.502572264304929,89.8,83.8
18097361401,2024,-0.28800801410757171,Low,-1.2739283680165496,-1.2739283680165496,7.9,7.9
18097361401,2025,-0.44039133715174905,Low,-1.7166884683909436,-2.990616836407493,4.5,4.9
18097361401,2026,-0.51986544724814543,Low,-1.9350275961056105,-4.925644432513104,3.8,3.8
18097361401,2027,-0.50384218003893755,Low,-1.9111693636207616,-6.836813796133866,3.8,3.8
18097361401,2028,-0.51744142289438899,Low,-1.8875759085624784,-8.724389704696344,4.1,3.4
18097361402,2024,0.10314454621043359,High,0.5186722484539444,0.5186722484539444,71.1,71.1
18097361402,2025,0.25714481911688908,High,1.1963775646989825,1.7150498131529268,88.7,83.1
18097361402,2026,5.4329135572100777E-2,High,0.3752811736458298,2.0903309867987563,65,79.3
18097361402,2027,0.30594881723916784,High,1.3923856123406184,3.482716599139375,93.2,83.1
18097361402,2028,8.0455439981199084E-2,High,0.4642484532149419,3.946965052354317,69.2,81.6
18097361601,2024,-0.26623148333011593,High,-1.174129398365119,-1.174129398365119,9.8,9.8
18097361601,2025,3.6809941214556857E-3,High,0.13785629296882235,-1.036273105396297,55.6,26.7
18097361601,2026,0.13797582044245368,High,0.7118389807004271,-0.3244341246958699,78.2,43.6
18097361601,2027,0.13410980544923434,High,0.6913656894580187,0.3669315647621488,76.7,52.3
18097361601,2028,-7.8440486890041933E-2,High,-0.16076789158689989,0.2061636731752489,39.8,50.8
18097361602,2024,-0.54224671746900754,Low,-2.439070828047611,-2.439070828047611,1.9,1.9
18097361602,2025,0.19540453761926407,Low,0.9385364258736624,-1.5005344021739488,82,18.4
18097361602,2026,-0.97249478108663001,Low,-3.756210781564481,-5.25674518373843,0,2.6
18097361602,2027,7.8620479347362687E-2,Low,0.464996120059574,-4.791749063678856,66.9,9
18097361602,2028,-1.0020616007947631,Low,-3.7938269885788785,-8.585576052257734,0,4.5
18097370201,2024,1.1138675606946955E-2,High,0.0970214730413344,0.0970214730413344,54.1,54.1
18097370201,2025,2.8778512762750411E-2,High,0.2426691093536983,0.3396905823950327,60.5,57.9
18097370201,2026,-3.4385152371700797E-2,High,0.01833354026318965,0.35802412265822237,47.7,54.1
18097370201,2027,-3.2839657004082014E-2,High,0.01029275918892502,0.3683168818471474,51.9,52.6
18097370201,2028,-2.302554212965869E-2,High,0.05720652036638368,0.4255234022135311,53,52.3
18097370203,2024,0.33562009775513046,Low,1.5840770528467305,1.5840770528467305,94.4,94.4
18097370203,2025,3.9799665000864001E-2,Low,0.28869589082134905,1.8727729436680791,62,84.6
18097370203,2026,0.30328138308483982,Low,1.3769565253237246,3.249729468991804,92.1,89.5
18097370203,2027,8.9609909955991926E-2,Low,0.5098276732531094,3.759557142244913,68.4,85
18097370203,2028,0.304980390354329,Low,1.3474162383322057,5.106973380577119,93.6,87.6
18097370204,2024,-0.11863815618356019,High,-0.49772863796935934,-0.49772863796935934,28.6,28.6
18097370204,2025,2.0270484837429586E-2,High,0.2071376936197624,-0.290590944349597,59,44
18097370204,2026,-0.20538981931934822,High,-0.6697147164394575,-0.9603056607890544,20.7,32.3
18097370204,2027,2.4969179312132259E-3,High,0.15444886657132928,-0.8058567942177252,56.4,39.8
18097370204,2028,-0.17594737331442506,High,-0.5443107485121177,-1.3501675427298427,22.6,34.6
18097370303,2024,-4.6383666197879932E-3,Low,0.02471736847729167,0.02471736847729167,50.4,50.4
18097370303,2025,-0.2592584905827135,Low,-0.9602374399027012,-0.9355200714254096,14.3,28.2
18097370303,2026,0.16353131311436717,Low,0.8146631462389644,-0.1208569251864452,80.8,47.4
18097370303,2027,-0.30538570633111689,Low,-1.1015630906035478,-1.222420015789993,11.3,33.1
18097370303,2028,0.24520268365424652,Low,1.1122809238027276,-0.11013909198726546,88.7,47.4
18097370304,2024,2.7922438892974875E-2,High,0.17393924749938278,0.17393924749938278,57.5,57.5
18097370304,2025,-0.38604320470701825,High,-1.489718587096869,-1.3157793395974862,5.6,21.8
18097370304,2026,4.3029343524840176E-2,High,0.32981573484818383,-0.9859636047493024,62.8,32
18097370304,2027,-0.45273040557649458,High,-1.702658084262057,-2.688621689011359,6,19.9
18097370304,2028,-1.9643637254175752E-3,High,0.14005056176277003,-2.548571127248589,56.8,25.6
18097370306,2024,-0.1911807995582295,High,-0.8301820089203497,-0.8301820089203497,18,18
18097370306,2025,-1.4400649667652796E-2,High,0.06234332941686896,-0.7678386795034807,53.8,31.6
18097370306,2026,-0.31651128093653358,High,-1.1168190517343624,-1.884657731237843,11.3,20.7
18097370306,2027,-0.10183251773329369,High,-0.2711646898737285,-2.1558224211115715,37.6,24.8
18097370306,2028,-0.31025094307849044,High,-1.072593177902497,-3.2284155990140686,12.4,19.9
18097380101,2024,-0.39163747536101801,High,-1.7488485269857403,-1.7488485269857403,4.5,4.5
18097380101,2025,-0.71008444746071808,High,-2.8429868429469796,-4.59183536993272,0.8,0.4
18097380101,2026,-0.27826376424609617,High,-0.9629277126744904,-5.55476308260721,14.3,1.9
18097380101,2027,-0.73561749870441373,High,-2.856700383175195,-8.411463465782406,0.4,1.1
18097380101,2028,-0.36083762032728972,High,-1.271575623408075,-9.68303908919048,10.2,1.5
18097380102,2024,-0.48938234616563892,Low,-2.1968003837209773,-2.1968003837209773,2.6,2.6
18097380102,2025,-0.5554675849198274,Low,-2.197272457587808,-4.394072841308786,3,0.8
18097380102,2026,-0.73833929010820243,Low,-2.814071129818118,-7.208143971126903,1.1,0.8
18097380102,2027,-0.61559695399686098,Low,-2.3670747031924084,-9.575218674319313,1.5,0.4
18097380102,2028,-0.76520019654573079,Low,-2.862133822974165,-12.437352497293476,0.8,0.4
18097380103,2024,-0.22270121252391184,High,-0.974635906058974,-0.974635906058974,12.4,12.4
18097380103,2025,-0.47372997848358561,High,-1.8559180449230863,-2.8305539509820603,3.4,6
18097380103,2026,-0.45183486424577113,High,-1.661302177538066,-4.491856128520126,7.1,5.6
18097380103,2027,-0.45311775179932162,High,-1.704238269206248,-6.196094397726374,5.3,6
18097380103,2028,-0.57171294550244678,High,-2.101052675118023,-8.297147072844396,2.6,5.3
18097380200,2024,6.3148188148025822E-2,High,0.3353742123604135,0.3353742123604135,64.3,64.3
18097380200,2025,7.655003167648948E-2,High,0.4421735907287565,0.77754780308917,66.9,66.5
18097380200,2026,0.12361869468120174,High,0.6540721634104972,1.4316199664996672,74.8,70.7
18097380200,2027,0.11258220052521938,High,0.6035434901420185,2.0351634566416856,72.2,71.4
18097380200,2028,0.11538729680363456,High,0.6016527397703294,2.636816196412015,73.3,71.8
18097380301,2024,-0.10183738509593177,Low,-0.42073291899879367,-0.42073291899879367,31.2,31.2
18097380301,2025,-8.068028760093221E-2,Low,-0.21445517086700192,-0.6351880898657956,45.5,33.8
18097380301,2026,3.2531160646691329E-2,Low,0.2875756220092327,-0.34761246785656286,60.5,42.9
18097380301,2027,-5.8465969570955303E-2,Low,-0.09425018174323004,-0.44186264959979293,47.4,43.2
18097380301,2028,-7.5729754416563808E-3,Low,0.11798911523408102,-0.32387353436571187,55.6,45.1
18097380302,2024,0.24547865806757821,Low,1.1709707185252212,1.1709707185252212,88.3,88.3
18097380302,2025,0.24025964928526244,Low,1.1258613423391437,2.296832060864365,86.8,91.4
18097380302,2026,0.52126221715381593,Low,2.254016406512022,4.550848467376387,99.6,96.6
18097380302,2027,0.25063976987358522,Low,1.1667514928524958,5.717599960228883,89.1,95.9
18097380302,2028,0.58743284368781423,Low,2.458441570692438,8.17604153092132,100,97.7
18097380402,2024,-2.2689039211504752E-2,High,-0.0580064843061642,-0.0580064843061642,45.9,45.9
18097380402,2025,-9.4721020474338322E-2,High,-0.273092392243461,-0.3310988765496252,41,42.9
18097380402,2026,-2.9660094283791072E-2,High,0.03734511484904779,-0.29375376170057743,49.2,44.4
18097380402,2027,-0.10838433479958758,High,-0.29789292955988866,-0.5916466912604661,35.7,41.4
18097380402,2028,-3.7403136813959244E-2,High,6.523225743547968e-4,-0.5909943686861112,49.2,41.7
18097380403,2024,-4.44102411616486E-2,High,-0.15755188923628147,-0.15755188923628147,42.5,42.5
18097380403,2025,1.1946025550287693E-2,High,0.1723729013214921,0.01482101208521063,57.1,51.1
18097380403,2026,2.6158717119778466E-2,High,0.2619356863402794,0.27675669842549006,59,53
18097380403,2027,2.1036468403395795E-2,High,0.23008125124876985,0.5068379496742599,58.3,54.9
18097380403,2028,2.0055405987445856E-2,High,0.2266652173446253,0.7335031670188852,60.2,56
18097380404,2024,-0.3994217391505438,High,-1.7845227816973248,-1.7845227816973248,4.1,4.1
18097380404,2025,-0.10460547113047514,High,-0.3143720552449818,-2.0988948369423066,36.5,11.3
18097380404,2026,-0.39176225962159722,High,-1.4195961959118206,-3.5184910328541275,9.4,10.5
18097380404,2027,-0.22268059904921875,High,-0.7641663183291055,-4.282657351183233,18.8,12
18097380404,2028,-0.33588629560314648,High,-1.173429710645409,-5.456087061828642,11.3,12
18097380501,2024,-0.13297247617842103,High,-0.5634209367455257,-0.5634209367455257,25.6,25.6
18097380501,2025,-9.3970311540382018E-2,High,-0.26995726487179383,-0.8333782016173196,41.4,29.7
18097380501,2026,-0.19982290278637693,High,-0.647315870348943,-1.4806940719662625,22.2,26.7
18097380501,2027,-0.13146779628842123,High,-0.3920622699454552,-1.872756341911718,31.6,27.4
18097380501,2028,-0.14524928668640558,High,-0.4235599761389355,-2.2963163180506534,30.1,27.1
18097380502,2024,0.10192008256121224,High,0.5130606929763185,0.5130606929763185,69.2,69.2
18097380502,2025,-0.14142031895220344,High,-0.4681190427510303,0.04494165022528823,30.1,51.9
18097380502,2026,-5.1160316533374307E-2,High,-0.04916240977935373,-0.00422075955406549,44,50.4
18097380502,2027,-9.9519841433869743E-2,High,-0.26173009091865257,-0.26595085047271805,38.3,46.2
18097380502,2028,-6.1064235506141158E-2,High,-0.09241849245394285,-0.3583693429266609,42.5,44.7
18097380600,2024,-4.6961014938349407E-2,High,-0.1692417491744938,-0.1692417491744938,41.7,41.7
18097380600,2025,-9.8475498806959244E-2,High,-0.28877192828534315,-0.45801367745983695,39.5,39.8
18097380600,2026,-0.10140272172543832,High,-0.25131595284921,-0.7093296303090469,35,36.1
18097380600,2027,-9.143965576002841E-2,High,-0.2287668477124019,-0.9380964780214488,41,37.6
18097380600,2028,-8.1529181420784802E-2,High,-0.17291725629263388,-1.111013734314083,39.5,37.2
18097380700,2024,3.5490853942886168E-2,Low,0.20862429589366024,0.20862429589366024,59.8,59.8
18097380700,2025,-0.22106372952059036,Low,-0.8007276279852154,-0.5921033320915551,19.9,36.1
18097380700,2026,3.6036087915589571E-2,Low,0.3016779219071255,-0.2904254101844296,60.9,44.7
18097380700,2027,-0.10879584642041244,Low,-0.2995716976212913,-0.5899971078057209,35,41.7
18097380700,2028,-1.9243240134389782E-2,Low,0.0720841866135199,-0.517912921192201,53.8,42.5
18097380800,2024,5.5266481371568071E-3,Low,0.07130229100705006,0.07130229100705006,53,53
18097380800,2025,0.1311212914431609,Low,0.6700753013147728,0.7413775923218229,73.3,65
18097380800,2026,0.19238078285385998,Low,0.9307408399964732,1.672118432318296,84.2,74.1
18097380800,2027,0.21006073326726329,Low,1.0012086814960792,2.6733271138143753,84.6,77.8
18097380800,2028,0.27928518639198902,Low,1.2463442802543026,3.919671394068678,91.4,80.8
18097380901,2024,-0.25269276537866536,Low,-1.112083238865973,-1.112083238865973,10.9,10.9
18097380901,2025,-0.21638937161533614,Low,-0.7812064703822289,-1.8932897092482015,20.3,13.2
18097380901,2026,-0.45895878445962995,Low,-1.6899657279049978,-3.5832554371531997,6,10.2
18097380901,2027,-0.35360568588973695,Low,-1.29827724764786,-4.881532684801059,8.6,8.3
18097380901,2028,-0.44828201330775808,Low,-1.615537711991733,-6.497070396792792,7.1,9
18097380902,2024,-0.61620105811272263,High,-2.7779938214720015,-2.7779938214720015,0.8,0.8
18097380902,2025,-0.29305207873950639,High,-1.1013669754989472,-3.879360796970949,10.2,1.9
18097380902,2026,-0.59554868188194177,High,-2.239543949845495,-6.118904746816444,1.9,1.1
18097380902,2027,-0.37071391769937012,High,-1.3680705455661923,-7.4869752923826365,7.9,1.9
18097380902,2028,-0.50601362244507309,High,-1.8426247118477623,-9.329600004230398,4.9,2.3
18097381002,2024,-0.16120204512044031,High,-0.6927933295710232,-0.6927933295710232,21.1,21.1
18097381002,2025,-9.7673563651684669E-2,High,-0.2854228688271674,-0.9782161983981906,39.8,27.4
18097381002,2026,1.649490717509134E-2,High,0.22305272656946035,-0.7551634718287303,58.3,35.7
18097381002,2027,-9.1328655836834055E-2,High,-0.22831402179826785,-0.983477493626998,41.4,36.1
18097381002,2028,-3.2166735610889535E-2,High,0.02124968088493434,-0.9622278127420636,50.8,38.7
18097381003,2024,-6.7798473082214206E-2,High,-0.2647370727485032,-0.2647370727485032,38,38
18097381003,2025,-0.10986265574995364,High,-0.3363272267540952,-0.6010642995025984,35.3,35.3
18097381003,2026,-0.32289153552022049,High,-1.1424904156917497,-1.7435547151943482,10.9,22.6
18097381003,2027,-0.17058533435955126,High,-0.5516428752826372,-2.2951975904769855,26.7,22.2
18097381003,2028,-0.3337814765745642,High,-1.1651504153757457,-3.460348005852731,11.7,19.5
18097381004,2024,1.5396674580522112E-2,High,0.11653532098535924,0.11653532098535924,55.6,55.6
18097381004,2025,0.1154233959292754,High,0.6045174004066466,0.7210527213920058,70.7,64.7
18097381004,2026,-0.22591095484782323,High,-0.7522828227838804,-0.03123010139187454,17.3,49.2
18097381004,2027,0.13215325833639791,High,0.6833839250619718,0.6521538236700972,75.9,57.1
18097381004,2028,-0.19970826874214115,High,-0.6377741135075222,0.01437971016257499,18.8,49.2
18097381101,2024,-0.22240393076567982,High,-0.9732735029530378,-0.9732735029530378,12.8,12.8
18097381101,2025,-0.32450704866224389,High,-1.23272992153454,-2.206003424487578,8.3,10.2
18097381101,2026,-0.29110290427386853,High,-1.0145868169045198,-3.2205902413920975,12.8,12.4
18097381101,2027,-0.33489654118375389,High,-1.2219530006542794,-4.442543242046377,9.8,11.3
18097381101,2028,-0.2861279531469515,High,-0.9777055159618628,-5.42024875800824,13.9,12.4
18097381102,2024,-0.42035003402023879,Low,-1.8804343980103848,-1.8804343980103848,3.4,3.4
18097381102,2025,-0.45479983746381925,Low,-1.7768615683365936,-3.657295966346978,3.8,2.6
18097381102,2026,-0.48233682924744936,Low,-1.7840287920803164,-5.441324758427294,5.3,2.3
18097381102,2027,-0.49108247425785878,Low,-1.8591159453108892,-7.300440703738184,4.1,3
18097381102,2028,-0.48185434224101908,Low,-1.7475943022991445,-9.048035006037328,6.4,3
18097381203,2024,-5.0638428082098626E-2,High,-0.18609484880176505,-0.18609484880176505,40.2,40.2
18097381203,2025,-0.26483094546628816,High,-0.9835092501112258,-1.1696040989129908,13.5,23.7
18097381203,2026,-0.27366307325316119,High,-0.9444165370801684,-2.114020635993159,15.4,18.8
18097381203,2027,-0.2720391695587297,High,-0.96552537487717,-3.079546010870329,14.3,18
18097381203,2028,-0.2446309163707123,High,-0.8144771264323455,-3.894023137302675,16.2,16.9
18097381204,2024,0.26073311379602976,High,1.2408798780626475,1.2408798780626475,89.5,89.5
18097381204,2025,-0.2125046363614421,High,-0.7649829524843159,0.4758969255783316,20.7,60.5
18097381204,2026,2.8213626726342488E-2,High,0.27020374707636885,0.7461006726547005,59.4,60.5
18097381204,2027,-0.19337602896323539,High,-0.6446178686039818,0.10148280405071863,22.9,50
18097381204,2028,-5.5496590912528877E-2,High,-0.07051818990008854,0.03096461415063009,44.4,49.6
18097381205,2024,0.15239900950832388,Low,0.7443989603024855,0.7443989603024855,77.8,77.8
18097381205,2025,-2.6864281765232319E-2,Low,0.01029243142957466,0.7546913917320602,51.5,65.8
18097381205,2026,1.9483957652933308E-3,Low,0.16452390396322808,0.9192152956952884,55.3,62.8
18097381205,2027,-5.5240465197453889E-2,Low,-0.08109168645385063,0.8381236092414377,47.7,59.8
18097381205,2028,-5.4170587794527846E-2,Low,-0.06530236317420629,0.7728212460672313,44.7,57.1
18097381206,2024,-7.1107570331517878E-2,Low,-0.2799022291883332,-0.2799022291883332,36.8,36.8
18097381206,2025,-9.167706010872298E-2,Low,-0.26038013716183184,-0.540282366350165,42.1,37.2
18097381206,2026,6.3082023738855006E-2,Low,0.41049898115802025,-0.12978338519214477,66.9,47
18097381206,2027,-5.2369084683745265E-2,Low,-0.06937784496163288,-0.19916123015377765,48.5,47
18097381206,2028,0.14642791472924258,Low,0.7237508573134889,0.5245896271597112,77.4,53.4
18097381207,2024,0.11232255281971683,Low,0.5607338427648588,0.5607338427648588,72.6,72.6
18097381207,2025,-0.31283292705868704,Low,-1.183976194858348,-0.6232423520934892,8.6,34.6
18097381207,2026,-3.3362928609377923E-2,Low,0.02244652320207985,-0.6007958288914094,48.5,38
18097381207,2027,-0.28126062366182497,Low,-1.003144440401824,-1.6039402692932332,13.2,30.8
18097381207,2028,-0.15380868972222758,Low,-0.45722834577228905,-2.0611686150655224,28.2,30.5
18097390102,2024,0.3166836469237892,High,1.497293795167353,1.497293795167353,93.6,93.6
18097390102,2025,0.26538219960808351,High,1.2307786965899787,2.728072491757332,89.5,94
18097390102,2026,0.23079579354948052,High,1.0853061019400383,3.8133785936973705,89.5,93.2
18097390102,2027,0.21248103519390368,High,1.0110823408723342,4.8244609345697045,85.3,92.5
18097390102,2028,0.2173413932630032,High,1.00268867543812,5.827149610007824,84.2,91.4
18097390103,2024,-0.21549703598365039,High,-0.9416201147351596,-0.9416201147351596,13.5,13.5
18097390103,2025,0.44018860923358849,High,1.9608091181963223,1.0191890034611628,98.5,70.7
18097390103,2026,0.10229182943207127,High,0.5682621518036861,1.587451155264849,72.2,72.6
18097390103,2027,0.40749276350793667,High,1.8066357214459203,3.3940868767107695,97,82
18097390103,2028,0.22664155119980581,High,1.0392708008216769,4.433357677532446,85.7,82.7
18097390104,2024,-0.20524006059892241,High,-0.8946137487718696,-0.8946137487718696,15.4,15.4
18097390104,2025,-0.2586729687748186,High,-0.9577921706863554,-1.852405919458225,14.7,13.5
18097390104,2026,-0.13020469320652181,High,-0.36720253431441535,-2.2196084537726404,31.2,18
18097390104,2027,-0.2577125040874102,High,-0.907079520124777,-3.126687973897418,15,17.7
18097390104,2028,-0.16582074518741596,High,-0.5044777067108662,-3.631165680608284,24.8,18.4
18097390200,2024,-0.28830116826147834,High,-1.275271854856024,-1.275271854856024,7.5,7.5
18097390200,2025,-0.27905205265234856,High,-1.0428997547099423,-2.318171609565966,12.8,8.6
18097390200,2026,-0.28892371816400358,High,-1.0058187216783103,-3.3239903312442767,13.2,12
18097390200,2027,-0.30413993006223838,High,-1.0964809269269675,-4.420471258171244,11.7,11.7
18097390200,2028,-0.28176150390009858,High,-0.9605301093811626,-5.381001367552407,14.7,12.8
18097390300,2024,-0.26065877558707451,High,-1.1485904134548213,-1.1485904134548213,10.5,10.5
18097390300,2025,-0.18439339196145652,High,-0.6475841474567101,-1.7961745609115314,22.9,14.7
18097390300,2026,-0.21464068040694201,High,-0.7069361499706598,-2.5031107108821913,19.5,15.4
18097390300,2027,-0.2682351038625736,High,-0.9500066296680224,-3.4531173405502136,14.7,14.7
18097390300,2028,-0.27630968209538365,High,-0.9390853951962916,-4.392202735746506,15.4,14.3
18097390405,2024,-0.23255867503937899,High,-1.0198113572120873,-1.0198113572120873,11.7,11.7
18097390405,2025,-0.26828952431304398,High,-0.99795304412922,-2.0177644013413074,13.2,11.7
18097390405,2026,-0.36375740368947113,High,-1.3069168600361092,-3.3246812613774166,10.2,11.7
18097390405,2027,-0.31199979383652354,High,-1.128545363515167,-4.453226624892584,10.2,10.9
18097390405,2028,-0.34718867729302449,High,-1.2178875732883396,-5.671114198180923,10.9,10.9
18097390406,2024,-0.32592558516952458,High,-1.4476995973431843,-1.4476995973431843,6.8,6.8
18097390406,2025,-0.39586504051139892,High,-1.5307367565597705,-2.978436353902955,4.9,5.3
18097390406,2026,-0.40849996648257686,High,-1.4869414341001015,-4.465377788003057,8.6,6.4
18097390406,2027,-0.45299385901513323,High,-1.70373284666504,-6.169110634668097,5.6,6.4
18097390406,2028,-0.45068044577965716,High,-1.6249719342928186,-7.794082568960915,6.8,6.8
18097390408,2024,-0.47537615345698625,Low,-2.132611849038952,-2.132611849038952,3,3
18097390408,2025,-5.3550031627103686E-2,Low,-0.10115319155575646,-2.2337650405947085,48.5,9.8
18097390408,2026,-0.49842097726801032,Low,-1.8487443943128703,-4.082509434907578,4.1,7.9
18097390408,2027,-0.21615398699690963,Low,-0.7375409028897553,-4.820050337797334,19.2,8.6
18097390408,2028,-0.3772213935417566,Low,-1.3360211145556635,-6.156071452352998,9.4,9.8
18097390409,2024,-0.82854805567226242,Low,-3.751152116591992,-3.751152116591992,0,0
18097390409,2025,-9.5572295136994417E-2,Low,-0.2766475044513771,-4.0277996210433695,40.6,1.5
18097390409,2026,-0.52217242700096445,Low,-1.9443098772591496,-5.972109498302519,3.4,1.5
18097390409,2027,-0.2511009212480424,Low,-0.8801074650372427,-6.852216963339762,16.2,3.4
18097390409,2028,-0.37393353600175028,Low,-1.3230883431351026,-8.175305306474865,9.8,6
18097390410,2024,-0.53230941009533739,High,-2.393529458435674,-2.393529458435674,2.3,2.3
18097390410,2025,0.13381353810488236,High,0.6813187217919475,-1.7122107366437262,73.7,16.5
18097390410,2026,-0.62467007544782971,High,-2.3567157465771897,-4.068926483220916,1.5,8.3
18097390410,2027,3.689863816007756E-2,High,0.29479121962994953,-3.774135263590966,60.9,13.5
18097390410,2028,-0.5267995062853803,High,-1.924385883434445,-5.698521147025412,3.4,10.5
18097390411,2024,-0.74887158235707885,Low,-3.386005343509709,-3.386005343509709,0.4,0.4
18097390411,2025,-0.2240932429958758,Low,-0.8133795496416512,-4.19938489315136,19.2,1.1
18097390411,2026,-0.86865348305069223,Low,-3.3383986518566964,-7.537783545008057,0.4,0.4
18097390411,2027,-0.41122147299667339,Low,-1.5333217478100225,-9.071105292818078,7.1,0.8
18097390411,2028,-0.76213055982565991,Low,-2.8500594220727313,-11.92116471489081,1.1,0.8
18097390500,2024,-0.57264907379783003,High,-2.57840081901813,-2.57840081901813,1.1,1.1
18097390500,2025,0.14757648825725861,High,0.7387958607813657,-1.839604958236764,76.7,13.9
18097390500,2026,5.6008050684169391E-2,High,0.38203639639284515,-1.4575685618439191,65.4,27.8
18097390500,2027,0.11638037506630242,High,0.6190382022923631,-0.8385303595515561,72.6,39.5
18097390500,2028,6.487655077474444E-2,High,0.4029689693438328,-0.4355613902077233,67.3,43.6
18097390601,2024,0.49412333939646202,High,2.3104765130671203,2.3104765130671203,100,100
18097390601,2025,0.29861251149607448,High,1.3695558652857474,3.680032378352868,92.1,98.5
18097390601,2026,0.41523761141721033,High,1.8274195980928083,5.507451976445676,97,98.9
18097390601,2027,0.18858334429545406,High,0.9135913389386,6.421043315384276,83.1,97.7
18097390601,2028,0.29462970027327368,High,1.306701849939605,7.727745165323881,92.9,97
18097390602,2024,0.1313490105219588,Low,0.6479295900675481,0.6479295900675481,75.6,75.6
18097390602,2025,-3.7601841791462809E-2,Low,-0.03455000592593042,0.6133795841416178,50.8,62.4
18097390602,2026,-3.2777453961541157E-2,Low,0.02480221803765419,0.6381818021792719,48.9,58.6
18097390602,2027,-3.7311066287877538E-2,Low,-0.00794842457169122,0.6302333776075807,50.8,56.8
18097390602,2028,-2.9939039175069376E-2,Low,0.03001231383003604,0.6602456914376167,51.1,54.5
18097390700,2024,-2.0049690970861261E-2,High,-0.04591069927688735,-0.04591069927688735,46.6,46.6
18097390700,2025,-7.8005869892148472E-2,High,-0.20328620806021705,-0.2491969073371044,45.9,44.7
18097390700,2026,-0.124544718499219,High,-0.344429262684741,-0.5936261700218454,32,38.3
18097390700,2027,-0.11974284680294367,High,-0.34423015604712937,-0.9378563260689748,32.3,38
18097390700,2028,-0.15738172238685885,High,-0.4712828521393091,-1.4091391782082838,27.4,33.8
18097390802,2024,0.19803989850358703,High,0.9535651375164456,0.9535651375164456,83.8,83.8
18097390802,2025,0.34546056653405482,High,1.5652037562531502,2.518768893769596,94.7,93.2
18097390802,2026,0.49493171543936842,High,2.1480739423319184,4.666842836101514,98.9,97
18097390802,2027,0.48974756876667397,High,2.1421954796089455,6.80903831571046,97.7,98.1
18097390802,2028,0.53220034708595987,High,2.2411848176710407,9.0502231333815,99.2,98.1
18097390900,2024,-4.7669625710686836E-2,High,-0.17248921892465216,-0.17248921892465216,41,41
18097390900,2025,-9.2184065138118526E-2,High,-0.2624975028588855,-0.4349867217835377,41.7,40.2
18097390900,2026,-5.8767604787810887E-2,High,-0.07977082249186784,-0.5147575442754055,42.5,39.5
18097390900,2027,-5.9395854904133585E-2,High,-0.0980436634314929,-0.6128012077068984,46.6,40.6
18097390900,2028,-5.657185485697111E-2,High,-0.07474773532322004,-0.6875489430301185,44,40.6
18097391001,2024,-0.24659478681181218,High,-1.084137007019049,-1.084137007019049,11.3,11.3
18097391001,2025,-0.1678663858508429,High,-0.5785636964064901,-1.6627007034255392,24.8,17.3
18097391001,2026,-0.58077052992196032,High,-2.1800831066132753,-3.8427838100388145,2.3,9
18097391001,2027,-0.24634646584261513,High,-0.8607115902184571,-4.703495400257271,16.5,9.8
18097391001,2028,-0.53728293056106402,High,-1.965622381127078,-6.669117781384349,3,8.6
18097391002,2024,-0.2206781631035743,Low,-0.9653645372736106,-0.9653645372736106,13.2,13.2
18097391002,2025,-0.5963536323676627,Low,-2.3680216796564086,-3.3333862169300192,1.5,3
18097391002,2026,-0.36734523321830675,Low,-1.3213527224995436,-4.654738939429563,9.8,4.9
18097391002,2027,-0.51035717797095226,Low,-1.937747399075623,-6.592486338505186,3.4,5.3
18097391002,2028,-0.41850152231240317,Low,-1.4983962975147973,-8.090882636019984,8.6,6.4
18097320203,2024,0.20917497350282821,Low,1.0045957182490808,1.0045957182490808,85.3,85.3
18097320203,2025,-0.110852545078215,Low,-0.34046122461608674,0.664134493632994,35,63.5
18097320203,2026,-2.255283666625528E-2,Low,0.0659416221898633,0.7300761158228574,50,60.2
18097320203,2027,-0.10248120367537265,Low,-0.27381101426976917,0.4562651015530882,37.2,54.1
18097320203,2028,-4.0735071088097381E-2,Low,-0.01245382446256283,0.4438112770905253,47.7,52.6
18097320204,2024,-3.6766532640436451E-2,Low,-0.1225217807893218,-0.1225217807893218,43.2,43.2
18097320204,2025,-0.12682454826474387,Low,-0.4071638600923221,-0.5296856408816438,32.3,37.6
18097320204,2026,-0.21271063759097508,Low,-0.6991704987835254,-1.2288561396651694,19.9,30.5
18097320204,2027,-0.15648549306013809,Low,-0.4941223532695413,-1.7229784929347105,28.6,30.1
18097320204,2028,-0.20019240967022994,Low,-0.6396784794607681,-2.3626569723954787,18.4,26.3
18097320205,2024,0.37607239455799574,Low,1.7694645960792466,1.7694645960792466,97,97
18097320205,2025,0.11943690597570061,Low,0.6212787104615246,2.390743306540771,71.4,92.1
18097320205,2026,0.48078911261414975,Low,2.0911702718484184,4.4819135783891895,98.5,96.2
18097320205,2027,0.1901960126101791,Low,0.9201702444260558,5.4020838228152455,83.5,95.5
18097320205,2028,0.43080484796157914,Low,1.8423461218658748,7.24442994468112,97.4,95.9
18097320303,2024,0.47339308985205181,Low,2.2154725123706016,2.2154725123706016,99.6,99.6
18097320303,2025,0.35471998550815753,Low,1.6038731480218815,3.819345660392483,95.5,99.2
18097320303,2026,0.36514185789940767,Low,1.625856117450014,5.445201777842497,95.9,98.5
18097320303,2027,0.4906991075246202,Low,2.1460772967805357,7.591279074623033,98.1,98.9
18097320303,2028,0.38468855690385168,Low,1.660947918398549,9.252226993021582,97,98.9
18097322600,2024,0.44797485934620218,Low,2.0989841129662072,2.0989841129662072,99.2,99.2
18097322600,2025,4.7898193301798661E-2,Low,0.32251714510251717,2.4215012580687243,63.9,92.5
18097322600,2026,5.7477394916916405E-2,Low,0.38794839725155383,2.8094496553202783,65.8,84.2
18097322600,2027,2.4510587908442766E-2,Low,0.24425397583642156,3.0537036311567,59.4,79.7
18097322600,2028,1.8008195081487599E-2,Low,0.21861252334122672,3.2723161544979265,59.8,76.3
18097330206,2024,-0.28105357769313749,Low,-1.2420571027649956,-1.2420571027649956,9.4,9.4
18097330206,2025,-0.19431798549883622,Low,-0.6890314560530408,-1.9310885588180364,21.8,12.4
18097330206,2026,-0.2103316815784686,Low,-0.6895986165279466,-2.6206871753459833,20.3,15
18097330206,2027,-0.16524502166620303,Low,-0.5298569865402343,-3.1505441618862173,27.8,16.9
18097330206,2028,-0.15390463666724732,Low,-0.45760575260739145,-3.608149914493609,27.8,19.2
18097330208,2024,-0.20867793182915093,Low,-0.9103690593894036,-0.9103690593894036,14.7,14.7
18097330208,2025,-0.16290209216318019,Low,-0.5578317025308299,-1.4682007619202335,26.3,19.5
18097330208,2026,-0.16687990100267985,Low,-0.5147675875891268,-1.98296834950936,25.9,19.9
18097330208,2027,-0.18355254646389482,Low,-0.604542818867635,-2.587511168376995,24.8,20.3
18097330208,2028,-0.17848015155381455,Low,-0.5542734192271427,-3.1417845876041377,22.2,20.7
18097330209,2024,-0.15008666479034438,Low,-0.6418530069106406,-0.6418530069106406,22.6,22.6
18097330209,2025,-0.14686510951112797,Low,-0.4908576983632897,-1.1327107052739305,28.9,24.8
18097330209,2026,-0.1410596167939312,Low,-0.4108780163013719,-1.543588721575302,29.7,25.9
18097330209,2027,-0.10628907367492658,Low,-0.2893452791938336,-1.8329340007691357,36.5,28.6
18097330209,2028,-5.7851437084629191E-2,Low,-0.07978096570584857,-1.9127149664749843,43.6,31.2
18097330213,2024,-1.7003114210154685E-2,Low,-0.03194863962699709,-0.03194863962699709,47.7,47.7
18097330213,2025,-5.4071699977029875E-2,Low,-0.10333179453862865,-0.13528043416562574,48.1,47.4
18097330213,2026,-5.9730977161305696E-2,Low,-0.08364701308929477,-0.2189274472549205,41.7,45.1
18097330213,2027,-9.4871233865320925E-2,Low,-0.2427660239976947,-0.4616934712526152,39.5,42.9
18097330213,2028,-0.10950126821218761,Low,-0.28294532175091064,-0.7446387930035259,34.6,39.8
18097340109,2024,-6.4145304413349702E-3,Low,0.01657744384310505,0.01657744384310505,50,50
18097340109,2025,-0.17142879522070925,Low,-0.5934411097678733,-0.5768636659247683,24.1,36.5
18097340109,2026,-5.6135700289680505E-2,Low,-0.06918118576399503,-0.6460448516887634,42.9,37.2
18097340109,2027,-0.15614829210089495,Low,-0.49274673670853864,-1.138791588397302,28.9,33.5
18097340109,2028,-7.1280090977739411E-3,Low,0.11973938815352853,-1.0190522002437734,56.4,38.3
18097341700,2024,0.23136226773528901,Low,1.1062771626619363,1.1062771626619363,88,88
18097341700,2025,-0.22925171392607813,Low,-0.8349224708428096,0.27135469181912697,18.4,56
18097341700,2026,0.16764267498824781,Low,0.8312054747057269,1.102560166524854,81.6,65.8
18097341700,2027,-0.22626095146146685,Low,-0.7787724217149592,0.3237877448098947,17.3,51.9
18097341700,2028,0.13924579636051426,Low,0.6955000301264944,1.0192877749363891,77.1,59.8
18097354200,2024,0.10138436975734405,Low,0.510605591821709,0.510605591821709,68.8,68.8
18097354200,2025,1.2215296971013612E-2,Low,0.17349743862661846,0.6841030304483274,57.5,63.9
18097354200,2026,5.9765891167316652E-3,Low,0.1807315985401653,0.8648346289884927,56.4,62
18097354200,2027,2.4235708048717625E-2,Low,0.2431325991707895,1.1079672281592825,59,62.4
18097354200,2028,2.135198902298301E-2,Low,0.23176532032121192,1.339732548480494,60.9,63.2
18097361400,2024,9.5292476215903907E-2,Low,0.4826872468440356,0.4826872468440356,67.3,67.3
18097361400,2025,5.7564975048648825E-2,Low,0.3628877743566054,0.845575021200641,65.4,67.7
18097361400,2026,1.5174085890495626E-3,Low,0.16278979938837165,1.0083648205890126,54.9,65
18097361400,2027,1.820051637128655E-2,Low,0.21851194079860092,1.2268767613876137,57.9,64.3
18097361400,2028,-2.1264473708038772E-2,Low,0.06413367431866066,1.2910104357062742,53.4,62.8
18097361600,2024,-0.40709368128248757,Low,-1.8196822810600988,-1.8196822810600988,3.8,3.8
18097361600,2025,-0.29416900634301762,Low,-1.1060315134357537,-2.925713794495852,9.8,5.6
18097361600,2026,9.4100027764964147E-3,Low,0.19454615884022672,-2.7311676356556256,57.1,13.9
18097361600,2027,-0.17839739120470161,Low,-0.5835122827594241,-3.3146799184150497,25.6,15.8
18097361600,2028,4.8990013946580771E-3,Low,0.16704757461802242,-3.1476323437970275,57.9,20.3
18097370202,2024,0.12768528992593955,Low,0.631139241581371,0.631139241581371,74.8,74.8
18097370202,2025,-9.0203680061534147E-2,Low,-0.2542269745899332,0.3769122669914378,42.5,59
18097370202,2026,-6.5823561141261616E-2,Low,-0.1081609159028742,0.26875135108856363,41,52.3
18097370202,2027,-0.10428904536421271,Low,-0.28118613257435926,-0.01243478148579563,36.8,48.9
18097370202,2028,-8.9823507621422091E-2,Low,-0.2055429475019329,-0.21797772898772852,38,45.9
18097380100,2024,-5.1321594127596862E-2,Low,-0.18922570872331637,-0.18922570872331637,39.8,39.8
18097380100,2025,-0.23186139518847357,Low,-0.8458210798602146,-1.035046788583531,18,27.1
18097380100,2026,-0.13056544765414291,Low,-0.36865405299641374,-1.4037008415799448,30.8,28.6
18097380100,2027,-0.20381074394772372,Low,-0.6871864507759403,-2.090887292355885,20.3,25.9
18097380100,2028,-9.8482936787688852E-2,Low,-0.23960476942614292,-2.330492061782028,36.1,26.7
18097380300,2024,-0.28284056340203134,Low,-1.250246622682193,-1.250246622682193,8.6,8.6
18097380300,2025,-0.14166526485875214,Low,-0.4691419913020106,-1.7193886139842038,29.7,16.2
18097380300,2026,-9.3135568960631798E-2,Low,-0.2180525329130686,-1.9374411468972723,37.2,20.3
18097380300,2027,-8.0806962485965667E-2,Low,-0.1853906100270404,-2.1228317569243127,44,25.2
18097380300,2028,-2.8372420544874762E-2,Low,0.03617460048661066,-2.086657156437702,51.9,29.7
18097381001,2024,0.30260967477695161,Low,1.4327946362558055,1.4327946362558055,93.2,93.2
18097381001,2025,-0.10352059360574781,Low,-0.3098413655610929,1.1229532706947127,38,72.2
18097381001,2026,-0.1517867798289223,Low,-0.4540394455028937,0.6689138251918192,27.4,59.4
18097381001,2027,-0.10850098125504892,Low,-0.2983687905902815,0.3705450346015377,35.3,53
18097381001,2028,-9.175331343558267E-2,Low,-0.21313382915569223,0.1574112054458454,36.8,50.4
18097381201,2024,-0.13689212909397039,Low,-0.5813841893113577,-0.5813841893113577,24.8,24.8
18097381201,2025,-0.29080613920548987,Low,-1.0919874327897696,-1.6733716221011274,10.9,16.9
18097381201,2026,-0.30222266724040309,Low,-1.0593278971372193,-2.7326995192383468,12.4,13.5
18097381201,2027,-0.3092386429668037,Low,-1.1172812055710766,-3.849980724809423,10.9,12.8
18097381201,2028,-0.29797784333893901,Low,-1.0243170005979725,-4.874297725407396,13.2,13.2
18097390402,2024,0.21181106228122532,Low,1.016676565592593,1.016676565592593,86.1,86.1
18097390402,2025,-0.13995766943076848,Low,-0.4620106932398022,0.5546658723527904,31.2,61.7
18097390402,2026,4.1475595322421635E-2,Low,0.3235641291984022,0.8782300015511927,62,62.4
18097390402,2027,-0.10763896909225994,Low,-0.29485219855691414,0.5833778029942785,36.1,55.6
18097390402,2028,-1.2187464745992811E-2,Low,0.0998380443104024,0.683215847304681,54.9,54.9
18097390600,2024,0.27691225614364146,Low,1.3150267544699334,1.3150267544699334,91,91
18097390600,2025,2.5041597149494804E-2,Low,0.22706291913163057,1.542089673601564,59.8,80.5
18097390600,2026,5.9754105991074509E-2,Low,0.397108890433121,1.939198564034685,66.5,77.8
18097390600,2027,3.4259423853270375E-2,Low,0.2840245037919281,2.223223067826613,60.5,73.3
18097390600,2028,5.3416104363228328E-2,Low,0.3578893598977858,2.581112427724399,65,69.9
18097390800,2024,-7.094184533546298E-2,Low,-0.279142733379713,-0.279142733379713,37.2,37.2
18097390800,2025,-0.33454804961286466,Low,-1.2746633733629669,-1.5538061067426798,7.5,18
18097390800,2026,-0.21697097524998404,Low,-0.7163122408866411,-2.270118347629321,18.8,17.7
18097390800,2027,-0.28735623338985083,Low,-1.028011575151684,-3.2981299227810053,12.4,16.2
18097390800,2028,-0.19138832527924315,Low,-0.6050476569234443,-3.9031775797044497,20.3,16.2
18097330202,2024,0.1872236996669705,Low,0.903995924198187,0.903995924198187,80.5,80.5
18097330202,2025,-5.0936501431488229E-2,Low,-0.0902385085377049,0.8137574156604821,48.9,66.9
18097330202,2026,-6.2696855618547265E-3,Low,0.13145792610710394,0.945215341767586,53.8,63.9
18097330202,2027,-6.5969487634050611E-2,Low,-0.12486090045691511,0.8203544413106709,45.9,59.4
18097330202,2028,-3.910388560128164E-2,Low,-0.00603756439386052,0.8143168769168104,48.5,57.5
18097360404,2024,0.39328978944410486,Low,1.8483696469927904,1.8483696469927904,97.7,97.7
18097360404,2025,-0.10160839983854937,Low,-0.3018556193573266,1.5465140276354636,38.3,80.8
18097360404,2026,-9.7351782372014431E-2,Low,-0.23501673827289224,1.3114972893625714,36.5,69.2
18097360404,2027,-8.5511066148401912E-2,Low,-0.2045810741266832,1.1069162152358882,42.9,62
18097360404,2028,-5.3262562874749578E-2,Low,-0.0617306516299029,1.0451855636059852,45.5,60.9
