GEOID,NAME,year,estimate,income_delta,income_delta_zscore
18097310103,NA,2025,194567.1820598829,0.07715091820073838,0.3830762714877904
18097310103,NA,2026,194584.458939971,8.879647587622941e-5,-0.0417023492709565
18097310103,NA,2027,209643.1204185263,0.07738881902794126,0.461344132361085
18097310103,NA,2028,225901.7396831354,0.07755379347603109,0.4398125551049033
18097310104,NA,2024,72943.26844504624,0.04112455318212782,-0.20552009129400195
18097310104,NA,2025,75922.765852222,0.040846776826575004,-0.2986419108810079
18097310104,NA,2026,75922.49023858304,-3.6301843837627246e-6,-0.04631545053238514
18097310104,NA,2027,79023.09380543733,0.04083906569859308,-0.3753473732865305
18097310104,NA,2028,82250.01185774468,0.040835126757405193,-0.37473130851185144
18097310105,NA,2024,61609.92307109901,0.028632157460539487,-0.29130746652775996
18097310105,NA,2025,63103.88582170069,0.02424873585506071,-0.6103194742026476
18097310105,NA,2026,63081.807646078465,-3.4987030251365514e-4,-0.06359661942033627
18097310105,NA,2027,64560.70453224726,0.023444110772255833,-0.7735500888245036
18097310105,NA,2028,66044.07724389592,0.0229764021690273,-0.7708980494492589
18097310106,NA,2024,64992.226445471904,0.07572746818729659,0.03210392573904324
18097310106,NA,2025,69454.16409645896,0.06865340510731066,0.22351020102208702
18097310106,NA,2026,69427.57915160312,-3.8276963234229466e-4,-0.0652386558144431
18097310106,NA,2027,74132.29063515601,0.0677643026163941,0.24102113715658668
18097310106,NA,2028,79119.32417673593,0.06727208209609681,0.21172952103994988
18097310108,NA,2024,141570.97579573776,0.09343169899545667,0.15368184605260027
18097310108,NA,2025,148209.36638302702,0.04689090083596881,-0.18514551411378066
18097310108,NA,2026,148838.05847275176,0.004241918746889173,0.16558387673119895
18097310108,NA,2027,156947.86213259617,0.05448743246895482,-0.0629109954039085
18097310108,NA,2028,166056.21811162247,0.05803427874239642,0.0068038876362182445
18097310110,NA,2024,63001.63766180738,0.02906859726580935,-0.288310361234583
18097310110,NA,2025,64833.42441422859,0.029075224397407506,-0.5196878032205017
18097310110,NA,2026,64833.46340996962,6.014758804351317e-7,-0.04610424440151557
18097310110,NA,2027,66718.60241034372,0.029076635756037916,-0.6446111663969665
18097310110,NA,2028,68658.61102043085,0.029077476745621444,-0.6355556391184372
18097310111,NA,2024,53471.59844402014,0.009698222063146966,-0.42132997436273634
18097310111,NA,2025,54217.7738580926,0.013954612089138063,-0.8036222511629237
18097310111,NA,2026,54230.01355761635,2.257506838216905e-4,-0.03486683636100188
18097310111,NA,2027,55013.60074130591,0.014449326715676447,-0.9794573448177082
18097310111,NA,2028,55823.463964858085,0.014721145546543024,-0.9540274826597298
18097310112,NA,2024,158885.21423671243,0.07395510623419965,0.01993281914676575
18097310112,NA,2025,158425.9720105781,-0.0028904025358215124,-1.119937479052483
18097310112,NA,2026,162346.87157267006,0.02474909582268614,1.189116309587574
18097310112,NA,2027,165933.08476969332,0.022089820162737084,-0.8045523076069985
18097310112,NA,2028,173745.08553947107,0.04707922341479032,-0.2362161860789616
18097310201,NA,2024,71898.32880820932,0.0221687656664058,-0.33569266128811615
18097310201,NA,2025,73940.10834558212,0.028398150154773427,-0.5324018849904048
18097310201,NA,2026,73900.53114791015,-5.352602066390766e-4,-0.07284960333397561
18097310201,NA,2027,75928.57885884255,0.027442938222910884,-0.6820095268304219
18097310201,NA,2028,77978.64420367977,0.026999917233383908,-0.6816429157878072
18097310203,NA,2024,62579.39029577826,0.06843643263352628,-0.017964837437667743
18097310203,NA,2025,66901.6564585453,0.06906852467462632,0.23130530500153415
18097310203,NA,2026,66901.56198188622,-1.4121721955140387e-6,-0.04620474746473461
18097310203,NA,2027,71522.15288627948,0.0690655160733662,0.2708083216738819
18097310203,NA,2028,76461.7600766459,0.06906401710558718,0.2514806829534628
18097310204,NA,2024,96423.87928312928,0.03989085233895162,-0.21399212176105348
18097310204,NA,2025,102676.83383845486,0.0648486101348924,0.15206386419372594
18097310204,NA,2026,102568.48719276744,-0.001055219971604071,-0.09880128265361046
18097310204,NA,2027,109004.89880298443,0.06275233052936025,0.12628781915093643
18097310204,NA,2028,115737.10642103585,0.06176059692710889,0.0894661921937367
18097310305,NA,2024,46508.455960016705,0.0025967051827349152,-0.4700972810448301
18097310305,NA,2025,48733.57169823385,0.047843251131150843,-0.16726230609300297
18097310305,NA,2026,48386.76264280629,-0.007116430077710234,-0.4013219612934027
18097310305,NA,2027,50156.251356912246,0.03656968595250776,-0.4730813781030623
18097310305,NA,2028,51712.63355132396,0.03103067219550537,-0.5922271767769631
18097310306,NA,2024,60865.56023886495,0.10544061458163734,0.23614908216183395
18097310306,NA,2025,65616.73426352903,0.07806013788451538,0.4001495740570533
18097310306,NA,2026,65711.96656458701,0.0014513416756694042,0.0263035590052749
18097310306,NA,2027,71029.35886224163,0.08091969508214691,0.5421724207335891
18097310306,NA,2028,76872.47579405272,0.08226340523703124,0.5442876273981473
18097310308,NA,2024,73256.99416650328,0.09140064608479004,0.13973426529626307
18097310308,NA,2025,73271.48413806435,1.977964251185238e-4,-1.061947362697782
18097310308,NA,2026,74834.84446433853,0.021336545105710814,1.0187927041161087
18097310308,NA,2027,76890.5071713236,0.027469325575530057,-0.6814054714871739
18097310308,NA,2028,80349.97161419904,0.044992087712039996,-0.2825158949501539
18097310309,NA,2024,45961.16465011802,0.09561775089673463,0.16869383085638925
18097310309,NA,2025,46269.03475528745,0.006698483546122125,-0.9398776362000579
18097310309,NA,2026,46980.73948585224,0.015381879789127417,0.7215897758046692
18097310309,NA,2027,48360.56246622763,0.02936997151334575,-0.6378961679609825
18097310309,NA,2028,50355.40086682154,0.04124928038186071,-0.36554398436470975
18097310310,NA,2024,80359.89986140917,0.04718461097237614,-0.16390465873994967
18097310310,NA,2025,83861.49083061384,0.0435738592910595,-0.24743283030538893
18097310310,NA,2026,83873.58059209104,1.4416344567047545e-4,-0.038938931903274375
18097310310,NA,2027,87551.93455727307,0.043855931023992545,-0.3062857419069904
18097310310,NA,2028,91403.33832185523,0.04398993333565615,-0.3047470588411364
18097310311,NA,2024,101553.73340839877,0.056266989187039984,-0.10153444526922147
18097310311,NA,2025,107190.3188537795,0.055503478367586734,-0.023418766747613874
18097310311,NA,2026,107190.14952443384,-1.5797074537360345e-6,-0.04621310930653289
18097310311,NA,2027,113139.21704384328,0.055500132668938607,-0.03972841336405358
18097310311,NA,2028,119418.26870913684,0.05549845428805056,-0.049449250973767275
18097310312,NA,2024,54592.52710992029,-0.02116566959065702,-0.6332774913552808
18097310312,NA,2025,58124.17362364313,0.06469102459045328,0.1491047271130432
18097310312,NA,2026,57377.932601539214,-0.012838737750249352,-0.6869277017606847
18097310312,NA,2027,59886.94699559936,0.04372786331435097,-0.30921744882821917
18097310312,NA,2028,61901.62135016734,0.03364129339764177,-0.5343147940446857
18097320105,NA,2024,88500.97404403283,0.06079389713448369,-0.07044740965243286
18097320105,NA,2025,93895.54735733164,0.060954959779479845,0.07894900339273433
18097320105,NA,2026,93896.95560503648,1.4998024341572602e-5,-0.04538569917138959
18097320105,NA,2027,99623.87180633243,0.06099150035689527,0.08597915728627516
18097320105,NA,2028,105702.27557296102,0.06101352674231464,0.07289365595819537
18097320106,NA,2024,69997.81792670018,-0.024026185821444446,-0.6529211357547888
18097320106,NA,2025,66181.60252107639,-0.05451906243163218,-2.089419054709773
18097320106,NA,2026,66933.14128297378,0.011355705109407976,0.5206396230943978
18097320106,NA,2027,66009.78879540254,-0.01379514646813873,-1.6260256152364971
18097320106,NA,2028,67601.17296659207,0.02410830575631806,-0.7457886104737473
18097320107,NA,2024,126772.78626503376,0.06295045709163438,-0.05563795097202362
18097320107,NA,2025,132144.99614372215,0.042376680650191956,-0.26991341836314137
18097320107,NA,2026,132395.66355246952,0.0018969118473071145,0.04854238398342488
18097320107,NA,2027,138453.8751889353,0.04575838417898681,-0.26273506783450423
18097320107,NA,2028,145007.25810512638,0.047332607391799675,-0.2305952749169807
18097320108,NA,2024,41464.355426084025,-0.13034343366924594,-1.3830194962460585
18097320108,NA,2025,50222.33709220702,0.2112171183207059,2.90056774225204
18097320108,NA,2026,46669.76116937702,-0.07073696941477547,-3.5766827223878424
18097320108,NA,2027,51250.987926418595,0.09816263555356697,0.9368952440266332
18097320108,NA,2028,53163.3340043929,0.037313350539113,-0.452856182424721
18097320109,NA,2024,70928.73265930376,-0.05033294961300672,-0.8335740919105559
18097320109,NA,2025,76663.10635634829,0.08084697811518482,0.45248078434581324
18097320109,NA,2026,74605.36750732413,-0.026841318423223015,-1.3858096302437353
18097320109,NA,2027,77688.34977569766,0.04132386678573585,-0.3642493790569667
18097320109,NA,2028,79227.72070202135,0.019814694619826323,-0.8410353859295634
18097320202,NA,2024,98336.21700355184,0.04059488892647445,-0.20915738451303775
18097320202,NA,2025,98267.0496162968,-7.033765316855067e-4,-1.0788695640461266
18097320202,NA,2026,98764.89464371858,0.005066245800252611,0.20672681275208069
18097320202,NA,2027,99509.55530570334,0.007539730231789665,-1.1376307976841766
18097320202,NA,2028,100648.57329534774,0.011446317754563617,-1.02667420762933
18097320203,NA,2024,54435.250061670704,0.028321937087628424,-0.2934378018236622
18097320203,NA,2025,56057.0842908339,0.029793823438411415,-0.5061939699127187
18097320203,NA,2026,56054.98758927135,-3.740297215004684e-5,-0.04800108203100638
18097320203,NA,2027,57720.93126842501,0.029719811756278247,-0.629887677261805
18097320203,NA,2028,59434.32410269188,0.029684081608089663,-0.6220990974593977
18097320204,NA,2025,48168.76744634291,0.0537199882420516,-0.05690909596712793
18097320204,NA,2026,47492.99769453985,-0.0140292099555136,-0.746345285565532
18097320204,NA,2027,49214.213031391504,0.03624145495978115,-0.48059519306728316
18097320204,NA,2028,50389.074702486985,0.023872405931719243,-0.7510216641689613
18097320205,NA,2024,80022.35022501578,0.15831729355165058,0.599262099153161
18097320205,NA,2025,93364.67396158818,0.16673246535567832,2.065236135037456
18097320205,NA,2026,93355.67059618354,-9.643224811506368e-5,-0.05094728853299885
18097320205,NA,2027,108900.50544501348,0.16651195101013427,2.5015375863162523
18097320205,NA,2028,127021.9609357434,0.16640377761956193,2.410804855047197
18097320206,NA,2024,44458.078242279014,0.072493625124334,0.009896583410778878
18097320206,NA,2025,47540.68093837022,0.06933729072345951,0.23635218657916598
18097320206,NA,2026,47550.10209573113,1.981704337201684e-4,-0.036243392499414266
18097320206,NA,2027,50865.21923584013,0.06971840214842828,0.2857540923946224
18097320206,NA,2028,54420.5074889553,0.0698962534031522,0.2699424907978321
18097320301,NA,2024,89497.56693402561,0.08435896206488902,0.09137784089570784
18097320301,NA,2025,90492.9275518593,0.011121650028401708,-0.8568195359261269
18097320301,NA,2026,91429.67724636366,0.010351634319350822,0.47052550866954435
18097320301,NA,2027,93941.9720548447,0.027477892125895576,-0.6812093672930103
18097320301,NA,2028,97275.1063008343,0.03548077790025195,-0.4935088240103982
18097320303,NA,2024,62861.91271610631,0.07867448077468486,0.05234155511672852
18097320303,NA,2025,66091.17663323088,0.05137075500245114,-0.10102293404292773
18097320303,NA,2026,65885.38564176088,-0.0031137437999027018,-0.20154413674238728
18097320303,NA,2027,68760.9647134016,0.0436451732600629,-0.31111037722642026
18097320303,NA,2028,71427.56433717175,0.038780718608074194,-0.4203050098726628
18097320304,NA,2025,133685.8595070091,0.05663453145437147,-0.0021798825514914993
18097320304,NA,2026,133685.85952730503,1.518181136361818e-10,-0.04613425704919342
18097320304,NA,2027,141257.09558512247,0.05663453176415434,-0.013759918353193528
18097320304,NA,2028,149257.12507315623,0.056634531914277364,-0.02424721773746996
18097320305,NA,2024,139730.37763465123,0.08148772956031047,0.0716606060479532
18097320305,NA,2025,147350.2717294909,0.054532838340730416,-0.041645418853861055
18097320305,NA,2026,148183.79024499928,0.005656715157190684,0.23619769190820059
18097320305,NA,2027,157441.00403790738,0.06247116353011828,0.1198513861109004
18097320305,NA,2028,168013.23930644675,0.06715045634486594,0.20903145168786666
18097320306,NA,2024,78023.85050001738,0.08610833402958562,0.10339107138435606
18097320306,NA,2025,81868.03923311259,0.04926940555304116,-0.14048201702768434
18097320306,NA,2026,82049.91168483184,0.00222153178973028,0.06474446963343951
18097320306,NA,2027,86438.38802234153,0.05348544864212168,-0.0858482598268236
18097320306,NA,2028,91232.35226831288,0.055461055621863986,-0.050278879518920065
18097320400,NA,2024,81347.57592353952,0.09374891998036339,0.1558602557244286
18097320400,NA,2025,88269.9335884411,0.08509605340186233,0.53226980486906
18097320400,NA,2026,88302.41468495964,3.6797463414872666e-4,-0.02776830566852146
18097320400,NA,2027,95882.22873127637,0.08583926128588382,0.6547903970314651
18097320400,NA,2028,104146.41457607756,0.08619100696921378,0.6314150798787952
18097320500,NA,2024,88045.46448533403,0.231732411204852,1.1034160169690876
18097320500,NA,2025,97686.1933946226,0.10949716678358223,0.9904732503360139
18097320500,NA,2026,96347.2212540991,-0.013706871912947394,-0.7302570916766065
18097320500,NA,2027,104866.96448044444,0.08842749293076113,0.7140398100823145
18097320500,NA,2028,112945.53942208747,0.07703641448637066,0.4283353442240856
18097320600,NA,2024,70416.75531365995,0.02330599325214644,-0.32788312884947285
18097320600,NA,2025,73556.04402444641,0.04458155870435965,-0.2285102780453326
18097320600,NA,2026,73342.22935530845,-0.0029068266513476715,-0.1912167078779733
18097320600,NA,2027,76261.3509893309,0.03980137581966159,-0.3991020153322629
18097320600,NA,2028,79122.40204484221,0.03751639616129521,-0.4483519457417788
18097320700,NA,2024,136485.24027346296,0.08530928913271585,0.0979038961519923
18097320700,NA,2025,147839.9628585784,0.08319377657514493,0.4965489021955435
18097320700,NA,2026,147828.04103169043,-8.064008308339421e-5,-0.05015908677147942
18097320700,NA,2027,160098.98897887394,0.08300825649548416,0.5899834573175071
18097320700,NA,2028,173372.5962686347,0.0829087514819491,0.5586035835774414
18097320800,NA,2024,206453.27469107293,0.06728396018917149,-0.025879058875560225
18097320800,NA,2025,220085.20654963903,0.06602913845258351,0.17423179293433025
18097320800,NA,2026,220077.87710413,-3.3302763161380255e-05,-0.047796436756531106
18097320800,NA,2027,234593.14017640063,0.06595512126556335,0.19960562732329062
18097320800,NA,2028,250056.66397997816,0.06591635114287597,0.18165483621755252
18097320901,NA,2024,93438.75055404611,0.07758820165891422,0.04488189436069204
18097320901,NA,2025,100532.23367742752,0.07591586018991614,0.3598843856480949
18097320901,NA,2026,100535.72961920052,3.477433699727861e-5,-0.04439864486690842
18097320901,NA,2027,108175.25642009678,0.07598817683854797,0.42928084012058604
18097320901,NA,2028,116399.09089285524,0.07602324916911996,0.40585992052965
18097320902,NA,2024,51216.42447863521,0.0383461627701005,-0.22459976393121797
18097320902,NA,2025,53023.97937565917,0.03529248508509175,-0.40294025060278704
18097320902,NA,2026,53012.33748395213,-2.195589965920952e-4,-0.057092659977961285
18097320902,NA,2027,54856.482779976315,0.03478709642981581,-0.5138881517699911
18097320902,NA,2028,56748.90670794659,0.034497726286254915,-0.5153162242064856
18097320903,NA,2024,45513.313035622195,0.01719365804626749,-0.36985755917872415
18097320903,NA,2025,46956.92888703269,0.03171854024954435,-0.4700516898202881
18097320903,NA,2026,46925.26513328946,-6.743148347586603e-4,-0.07978995018391595
18097320903,NA,2027,48353.05091246446,0.030426802600250102,-0.6137033482352419
18097320903,NA,2028,49794.7919877335,0.029816961868219805,-0.6191513651434556
18097321001,NA,2024,84658.74517103648,0.09111787973857743,0.13779246140318763
18097321001,NA,2025,92440.70539576282,0.09192151630648904,0.6604381622256456
18097321001,NA,2026,92441.82444912568,1.2105634179970792e-5,-0.0455300610759039
18097321001,NA,2027,100941.72127838222,0.09194860529753357,0.7946445895773286
18097321001,NA,2028,110224.57515166666,0.09196250822475793,0.7594464424439067
18097321002,NA,2024,110648.2893827888,0.07991693717342185,0.060873711451308835
18097321002,NA,2025,119636.0371837116,0.08122807728034176,0.4596370541359576
18097321002,NA,2026,119634.75069380492,-1.0753364429016976e-5,-0.04667097512626002
18097321002,NA,2027,129349.7065169558,0.08120513284652131,0.5487066194924993
18097321002,NA,2028,139852.10164308106,0.08119380715215274,0.5205603345950001
18097321100,NA,2024,99207.61895840814,0.06806932183246106,-0.020485848838941473
18097321100,NA,2025,105554.68318833606,0.06397758858207103,0.1357078450918386
18097321100,NA,2026,105523.38632515962,-2.964990489393582e-4,-0.06093281012012953
18097321100,NA,2027,112200.2374647922,0.06327366257048017,0.13822207453417937
18097321100,NA,2028,119254.0885391844,0.06286841484275518,0.11404132974187259
18097321200,NA,2024,143689.82806609597,0.04281753440812808,-0.19389410545946695
18097321200,NA,2025,148462.25026802448,0.03321336148953602,-0.4419819771065033
18097321200,NA,2026,148374.95160738294,-5.880192472088597e-4,-0.07548285650919158
18097321200,NA,2027,153105.56955308255,0.03188286091723458,-0.580371478261437
18097321200,NA,2028,157873.02527596103,0.031138355951352725,-0.5898383879026609
18097321300,NA,2024,116672.64697476516,0.05777558454002851,-0.09117466812903048
18097321300,NA,2025,123718.34002761998,0.06038855923427122,0.06831314931226534
18097321300,NA,2026,123695.71437442774,-1.828803489215547e-4,-0.05526199428734228
18097321300,NA,2027,131122.88287552816,0.060043862785887026,0.06428597925165132
18097321300,NA,2028,138974.98322881194,0.05988352437871258,0.04782639253608469
18097321400,NA,2024,77229.38449029952,0.03285122290532039,-0.2623344369733309
18097321400,NA,2025,79675.42684894709,0.03167243109330764,-0.4709175263058913
18097321400,NA,2026,79678.52343591864,3.8865018915146265e-05,-0.04419447509746813
18097321400,NA,2027,82208.1994731861,0.03174853057238125,-0.5834465484945169
18097321400,NA,2028,84821.18325850606,0.03178495335093956,-0.5754946768932182
18097321600,NA,2024,62972.015507728145,0.09146400048059866,0.14016933055092437
18097321600,NA,2025,63325.33075929036,0.0056106708466217015,-0.9603045535761809
18097321600,NA,2026,64725.010759050114,0.022103003379171593,1.0570473550814083
18097321600,NA,2027,66817.49176639583,0.03232878577858167,-0.5701634327984704
18097321600,NA,2028,70256.57712846673,0.05146983628320645,-0.13881758506518943
18097321700,NA,2024,139421.98423869407,0.2858366695136363,1.4749590270307087
18097321700,NA,2025,167363.1361761224,0.2004070741784334,2.6975770264533994
18097321700,NA,2026,165361.36393025485,-0.011960652098207625,-0.6431016236823289
18097321700,NA,2027,192560.48042650823,0.16448289884525424,2.4550888265784447
18097321700,NA,2028,219426.8895670047,0.13952192620723225,1.8144747301447222
18097321800,NA,2024,143253.54743164894,0.030430557761297994,-0.27895755023787977
18097321800,NA,2025,149080.34915176034,0.04067474645185709,-0.3018722925930068
18097321800,NA,2026,149158.92256617892,5.270541346706903e-4,-0.019828498664124457
18097321800,NA,2027,155402.67577957633,0.04185973662170417,-0.35198232664084395
18097321800,NA,2028,162008.94448541966,0.04251064965711193,-0.337562559799819
18097321900,NA,2024,150597.8165143267,0.039724230995600074,-0.2151363384527606
18097321900,NA,2025,158499.75592670153,0.05247047796090132,-0.08037236614718254
18097321900,NA,2026,158381.71147974106,-7.447610645852087e-4,-0.08330598755626717
18097321900,NA,2027,166466.62541689735,0.051047017118453386,-0.1416684708299554
18097321900,NA,2028,174853.45560489403,0.05038145133892624,-0.16296163376962133
18097322000,NA,2024,62734.76880616621,0.057725696854988406,-0.09151725522372868
18097322000,NA,2025,66231.18903874262,0.055733372404374704,-0.019101822758186383
18097322000,NA,2026,66249.1247861996,2.7080515565680585e-4,-0.03261812543418786
18097322000,NA,2027,69971.13475482978,0.05618202475341261,-0.024118641399064035
18097322000,NA,2028,73917.35981741075,0.0563979000256043,-0.029496511082778627
18097322100,NA,2024,125065.03098861618,0.15533515924818642,0.5787832830645352
18097322100,NA,2025,140407.08816781122,0.12267263725054778,1.2378818775232618
18097322100,NA,2026,140796.30048151154,0.0027720275292308916,0.0922202280689156
18097322100,NA,2027,158818.34676902782,0.12800085105846093,1.6199472261198042
18097322100,NA,2028,179541.55729778943,0.13048373157352988,1.6139770913423388
18097322200,NA,2024,111597.1299528229,0.07787905376806559,0.046879224543098834
18097322200,NA,2025,122157.47155185103,0.09462915044045017,0.7112820425780214
18097322200,NA,2026,122426.0789142984,0.0021988615107619847,0.06361297475727064
18097322200,NA,2027,134727.5390542735,0.10048071660112923,0.9899604098684147
18097322200,NA,2028,148790.2649922846,0.10437900103219477,1.0348861282429813
18097322300,NA,2024,113847.78713486728,0.05157565889739235,-0.1337505966682684
18097322300,NA,2025,119913.89646806126,0.05328262837474296,-0.06512182769681688
18097322300,NA,2026,119902.95986778762,-9.120377700799764e-5,-0.050686330638474664
18097322300,NA,2027,126270.61211807549,0.05310671444065451,-0.094518186718269
18097322300,NA,2028,132966.00228476294,0.05302413645089965,-0.10433796537979448
18097322400,NA,2024,59360.172357120646,0.039418871931230504,-0.2172332903281188
18097322400,NA,2025,61861.112957453406,0.04213162632491518,-0.2745150418387535
18097322400,NA,2026,61869.10361116731,1.291708689334925e-4,-0.039687225463410504
18097322400,NA,2027,64493.64579679496,0.04242088590974702,-0.3391365807756137
18097322400,NA,2028,67239.69052773064,0.042578531528328245,-0.33605671096075906
18097322500,NA,2024,41850.59892271184,0.04626497306779598,-0.17021996636849912
18097322500,NA,2025,43428.03376369964,0.037692049375468883,-0.35788129742018554
18097322500,NA,2026,43436.26844807777,1.896167904569257e-4,-0.03667031285352508
18097322500,NA,2027,45089.97439660803,0.038072007739500924,-0.43869045166916987
18097322500,NA,2028,46814.94436711397,0.038256175426786276,-0.4319411466854232
18097322600,NA,2025,33417.995943350084,0.04638486487637916,-0.19464784364222978
18097322600,NA,2026,33417.97726362572,-5.589720101228934e-7,-0.046162163443626336
18097322600,NA,2027,34968.02965277944,0.04638378848982283,-0.24841840556439995
18097322600,NA,2028,36589.96163610787,0.04638328208462594,-0.25165451188383403
18097322602,NA,2024,67088.0666897969,-0.0018439164167572963,-0.5005917738480355
18097322602,NA,2025,73199.67040455405,0.09109822381700305,0.6449783981809382
18097322602,NA,2026,71226.60466935168,-0.026954571301998853,-1.3914621875953872
18097322602,NA,2027,75456.83781249226,0.05939119466354148,0.049345197872013066
18097322602,NA,2028,77938.87413742214,0.03289345799379584,-0.5509043054195382
18097322700,NA,2024,63177.703996410026,0.06193508473954967,-0.06261068309735525
18097322700,NA,2025,57999.165585651506,-0.08196781590943514,-2.604851003266862
18097322700,NA,2026,62528.2924242144,0.078089517199595,3.851386745918216
18097322700,NA,2027,67879.81430550347,0.08558560731168585,0.6489837880600502
18097322700,NA,2028,75585.04490053542,0.1135128413927795,1.237505511838284
18097330103,NA,2024,74513.47654136349,0.042759054848491296,-0.1942956943970793
18097330103,NA,2025,78003.53083084471,0.046837893646578754,-0.18614088167890322
18097330103,NA,2026,77956.33523524409,-6.050443498893943e-4,-0.07633259534461634
18097330103,NA,2027,81531.8698582325,0.04586586339902654,-0.26027466954862405
18097330103,NA,2028,85232.63892899654,0.045390459917072024,-0.27367865590956225
18097330105,NA,2024,68413.30809907055,0.03412098825609999,-0.2536147454879011
18097330105,NA,2025,70432.94439227578,0.029521102681959954,-0.511315112882778
18097330105,NA,2026,70372.55509940986,-8.57401225903387e-4,-0.08892796360519876
18097330105,NA,2027,72290.04451687,0.027247687891273076,-0.6864791683211364
18097330105,NA,2028,74138.19114077787,0.025565714286931662,-0.7134583740713498
18097330106,NA,2024,48679.43070464168,0.040158775740206876,-0.21215224685878237
18097330106,NA,2025,50946.89219903784,0.04657945792656837,-0.1909937806219983
18097330106,NA,2026,50957.60940682592,2.1036038363653198e-4,-0.03563498067129296
18097330106,NA,2027,53354.77788059815,0.04704240449417796,-0.233341466156302
18097330106,NA,2028,55877.79539186224,0.04728756470339568,-0.2315944736548168
18097330107,NA,2024,129813.82749516593,0.07092980708129226,-8.424171977196946e-4
18097330107,NA,2025,136616.6221290921,0.05240423740051514,-0.08161622959405895
18097330107,NA,2026,136347.9241948313,-0.0019668026487061896,-0.14429922865541522
18097330107,NA,2027,142834.0335090882,0.04757028280818365,-0.2212573544698491
18097330107,NA,2028,149201.26844352405,0.04457785569733064,-0.2917049580575014
18097330108,NA,2024,149306.63374513265,0.02544356358520261,-0.31320407510051557
18097330108,NA,2025,152292.0219402504,0.019995013752796886,-0.6901957525029798
18097330108,NA,2026,152332.57819310573,2.663058270462315e-4,-0.032842691143157944
18097330108,NA,2027,155455.03097608985,0.020497603467499292,-0.841001094882016
18097330108,NA,2028,158678.3483362996,0.02073472527695497,-0.820626003098588
18097330109,NA,2024,86541.59712631852,-0.002229813497221178,-0.5032417937786527
18097330109,NA,2025,86367.4357482692,-0.0020124585613449097,-1.1034514709044492
18097330109,NA,2026,86367.50533375188,8.056911968701286e-7,-0.04609405182362518
18097330109,NA,2027,86193.8339699026,-0.0020108414985260392,-1.3562610622670295
18097330109,NA,2028,86020.58191521745,-0.0020100284058096607,-1.3251813477612722
18097330202,NA,2025,37323.37799121467,-0.013718277243948473,-1.323263016733279
18097330202,NA,2026,37323.37797967071,-3.092957001626928e-10,-0.04613428006381615
18097330202,NA,2027,36811.36550959224,-0.013718277867489803,-1.6242659506873431
18097330202,NA,2028,36306.376957104054,-0.013718278186572452,-1.5849098146387164
18097330203,NA,2024,206304.62191693884,0.09165126104293919,0.14145528021870746
18097330203,NA,2025,216547.01787523823,0.049646953437733066,-0.13339243308582246
18097330203,NA,2026,218901.2453407176,0.010871668834690373,0.49648091885045004
18097330203,NA,2027,232702.56792996824,0.06304816844586236,0.13306009664226098
18097330203,NA,2028,249676.37937014623,0.07294208908466482,0.3375093984683268
18097330204,NA,2024,125320.39809491413,0.027763956984574678,-0.29726954471273204
18097330204,NA,2025,133383.57205303485,0.06434047513968078,0.14252211903128076
18097330204,NA,2026,132506.5503295345,-0.00657518545950786,-0.3743079349946335
18097330204,NA,2027,139704.16035299507,0.0543188997491868,-0.06676902130583347
18097330204,NA,2028,146561.57663634553,0.04908526894276877,-0.1917153307654485
18097330206,NA,2024,147023.8133637795,0.05144685234770452,-0.13463513283386072
18097330206,NA,2025,154922.1380969489,0.053721397591740105,-0.05688263123689042
18097330206,NA,2026,154971.46486468543,3.1839715319215145e-4,-0.030242764220803794
18097330206,NA,2027,163423.74307582786,0.05454086801413793,-0.06168775686789192
18097330206,NA,2028,172426.8657065398,0.05509066468104651,-0.058495399750823615
18097330208,NA,2024,99756.26391615858,0.0682829719014626,-0.019018678005849842
18097330208,NA,2025,105161.7869062747,0.05418730391365956,-0.04813385495653196
18097330208,NA,2026,104978.47341491764,-0.0017431568704746603,-0.13313685820114446
18097330208,NA,2027,110205.69810385042,0.049793300653865114,-0.17036836127680222
18097330208,NA,2028,115380.89701584114,0.04695944947523456,-0.23887317600275035
18097330209,NA,2025,126229.6364453244,0.07585560638272204,0.3587529412903337
18097330209,NA,2026,126229.63644532415,-1.9984014443252818e-15,-0.04613426462667754
18097330209,NA,2027,135804.86206135477,0.07585560638272204,0.4262460570048181
18097330209,NA,2028,146106.42222274074,0.07585560638272204,0.4021410381424862
18097330210,NA,2024,84440.04487246953,0.07279945207050598,0.01199674830889455
18097330210,NA,2025,84943.2157459906,0.005958912910112968,-0.9537652735502228
18097330210,NA,2026,86426.37379461141,0.0174605827622063,0.825339789926909
18097330210,NA,2027,88755.08719948586,0.026944476583138144,-0.6934202363947503
18097330210,NA,2028,92488.56158564692,0.04206490584330913,-0.34745066088639864
18097330212,NA,2024,89821.44794852789,0.09001320261792989,0.13020645846402606
18097330212,NA,2025,97862.1648718256,0.08951889673283198,0.6153218370164549
18097330212,NA,2026,97862.19679368744,3.2619206691286706e-7,-0.04611798407472067
18097330212,NA,2027,106622.78216645354,0.08951960675106374,0.7390403168822836
18097330212,NA,2028,116167.64950807812,0.08951996137864482,0.705262515768577
18097330213,NA,2024,97864.46332740528,0.022681289604419064,-0.33217307350315306
18097330213,NA,2025,100671.87378084706,0.02868671995931349,-0.5269831290250709
18097330213,NA,2026,100645.34656318044,-2.6350177731238045e-4,-0.059285885359049474
18097330213,NA,2027,103481.6589753214,0.028181257345668342,-0.6651080355152306
18097330213,NA,2028,106373.14034195556,0.02794196957476025,-0.6607450177308319
18097330401,NA,2024,106667.84979357358,0.01965214118431513,-0.3529747434106415
18097330401,NA,2025,108510.34973240018,0.017273245334861853,-0.7413050460565787
18097330401,NA,2026,108526.41345428737,1.4803861499657067e-4,-0.03874551856932751
18097330401,NA,2027,110430.59853019875,0.017545821476109724,-0.9085728482797646
18097330401,NA,2028,112382.26740467956,0.01767326176310724,-0.8885395887960312
18097330500,NA,2024,76436.88831551559,0.04731020929951213,-0.16304215397634156
18097330500,NA,2025,82916.26507057325,0.08476766778249978,0.5261033886125607
18097330500,NA,2026,82724.09871731821,-0.002317595384831672,-0.16180762297550014
18097330500,NA,2027,89362.02684815528,0.08024177033974045,0.5266534685718959
18097330500,NA,2028,96344.3738665386,0.07813550413586512,0.45271685939239836
18097330600,NA,2024,51764.9046246649,0.044489600981939104,-0.1824117440469586
18097330600,NA,2025,54321.29186159721,0.049384563836600615,-0.13831957790142163
18097330600,NA,2026,54310.238891512054,-2.0347399162223834e-4,-0.05628984230059627
18097330600,NA,2027,56970.64951026256,0.04898543392646171,-0.18886192599180715
18097330600,NA,2028,59750.6018981458,0.04879622071681777,-0.19812739524866846
18097330700,NA,2025,52989.51771561122,0.06542111469522816,0.1628143393047471
18097330700,NA,2026,52991.12879775577,3.0403789541999515e-5,-0.04461678298768837
18097330700,NA,2027,56461.9401973718,0.06549797066717744,0.18914060396117427
18097330700,NA,2028,60162.84718445648,0.06554693257347455,0.1734598864630351
18097330702,NA,2024,58970.22176203752,0.11413821840649785,0.29587698540688173
18097330702,NA,2025,65724.71475475893,0.11454074261375169,1.0851813805227606
18097330702,NA,2026,65724.68457051071,-4.592526315905232e-7,-0.046157186355959175
18097330702,NA,2027,73252.77159448319,0.11453972085474518,1.3117970398141177
18097330702,NA,2028,81643.08625239767,0.11453921094429109,1.260273849980659
18097330803,NA,2024,36273.96189172559,-0.0468267318760357,-0.8094963070439597
18097330803,NA,2025,37962.26599895566,0.04654314056648978,-0.19167574702484033
18097330803,NA,2026,37916.539201936284,-0.0012045328648357945,-0.10625362913218353
18097330803,NA,2027,39602.713917225825,0.044470691439144616,-0.2922127381104608
18097330803,NA,2028,41325.4578964832,0.04350065459801855,-0.3156009113623854
18097330804,NA,2024,67418.61452165103,0.18290722745641697,0.7681252967235057
18097330804,NA,2025,77559.21762119804,0.15041251101786468,1.75878047498337
18097330804,NA,2026,77318.16378261498,-0.0031079972951812973,-0.20125732330452695
18097330804,NA,2027,88303.54080798526,0.14208015927869644,1.9422486514431523
18097330804,NA,2028,100396.28277565815,0.13694515369398808,1.757313225488708
18097330805,NA,2024,30642.27837757357,0.05575655931551715,-0.10503965274861443
18097330805,NA,2025,31790.536414652328,0.03747299802351334,-0.36199463776781976
18097330805,NA,2026,31831.518959349636,0.0012891429123045306,0.01820806666815162
18097330805,NA,2027,33100.106867235314,0.03985320051819463,-0.39791565205767065
18097330805,NA,2028,34455.97453408521,0.04096263713855319,-0.37190269822195626
18097330806,NA,2024,44995.88888659293,0.0996600246002477,0.19645280189198958
18097330806,NA,2025,48072.82145945078,0.06838252669289213,0.21842365350076867
18097330806,NA,2026,47957.82953788736,-0.0023920360418291375,-0.16552302595263477
18097330806,NA,2027,50962.07902664151,0.0626435666022116,0.12379801154139837
18097330806,NA,2028,53984.76374673569,0.0593124295128149,0.03515758236046844
18097330900,NA,2024,35736.384175553954,0.0086191238055362,-0.42874032296222653
18097330900,NA,2025,36501.672210880424,0.021414814424621564,-0.6635347739841173
18097330900,NA,2026,36432.98456231494,-0.0018817671740806174,-0.14005502839806575
18097330900,NA,2027,37104.58140735218,0.018433758669662348,-0.888246322387796
18097330900,NA,2028,37735.02330070998,0.016990944768693117,-0.9036756808851137
18097331000,NA,2024,48659.34804168406,0.04059682302953438,-0.2091441027031559
18097331000,NA,2025,50557.22690462925,0.03900337631567452,-0.33325723569249444
18097331000,NA,2026,50555.10335893002,-4.2002812045693894e-5,-0.048230664352441444
18097331000,NA,2027,52522.329208989715,0.03891250772632837,-0.4194498512432627
18097331000,NA,2028,54563.60886677282,0.03886498730208099,-0.41843564603861555
18097340101,NA,2024,62825.53198216988,-0.0631863772546728,-0.9218407338509833
18097340101,NA,2025,66125.44005757046,0.05252495237664068,-0.07934944704545531
18097340101,NA,2026,64622.04343850017,-0.022735525355466746,-1.180885649146152
18097340101,NA,2027,65849.76712311561,0.018998527735877735,-0.8753177131001508
18097340101,NA,2028,65940.4018718141,0.0013763867764184923,-1.2500592381411169
18097340102,NA,2024,36919.70175444776,-0.053462331638309046,-0.8550640827848007
18097340102,NA,2025,39678.51816648431,0.07472477514540588,0.33751822297751694
18097340102,NA,2026,38736.14788026386,-0.023750138104110308,-1.2315259226068949
18097340102,NA,2027,40221.889837708266,0.03835543900846661,-0.4322021853040972
18097340102,NA,2028,41013.92468051261,0.019691636718218275,-0.8437652252070212
18097340108,NA,2024,49960.54429054138,0.09048443283949315,0.13344247537700887
18097340108,NA,2025,54410.32374906613,0.08906587231410912,0.6068149567650405
18097340108,NA,2026,54411.511152487845,2.182312730192315e-5,-0.04504505188426262
18097340108,NA,2027,59260.24122029083,0.08911221109471601,0.7297142762375665
18097340108,NA,2028,64542.39355569125,0.08913484364271862,0.6967193055542057
18097340109,NA,2025,58690.88505979783,0.009047805746914106,-0.8957621276134158
18097340109,NA,2026,58762.94333370297,0.001227759196879008,0.015144347885452865
18097340109,NA,2027,59386.57095229003,0.010612600104892733,-1.0672871185458186
18097340109,NA,2028,60076.21752043006,0.011612836994647768,-1.0229802492886295
18097340110,NA,2025,49657.30540493408,0.012641868047353233,-0.8282729231856455
18097340110,NA,2026,50321.84923956868,0.013382599583596555,0.6218038264677553
18097340110,NA,2027,51686.42656275018,0.027116994780639336,-0.6894709755305741
18097340110,NA,2028,53753.370083507594,0.03999006428211915,-0.39347764423508896
18097340111,NA,2024,134145.5782021289,0.10493367874840542,0.23266786882901017
18097340111,NA,2025,146049.20607287338,0.08873663992717096,0.6006326399299657
18097340111,NA,2026,145949.37451064287,-6.835474489378379e-4,-0.08025075861296058
18097340111,NA,2027,158668.20212118523,0.08714547529366001,0.6846920534124595
18097340111,NA,2028,172358.86258131755,0.08628484017028115,0.6334966167362915
18097340112,NA,2024,53547.112622759945,0.032790954592550214,-0.2627483095785179
18097340112,NA,2025,55235.69277142411,0.031534476201550365,-0.4735080395227824
18097340112,NA,2026,55240.703062778506,9.07074955160958e-5,-0.04160696848919414
18097340112,NA,2027,56991.87215875884,0.03170070254156987,-0.5845414206473094
18097340112,NA,2028,58802.962277102706,0.0317780421969438,-0.5756479895971052
18097340113,NA,2024,57430.04001445387,0.019781944997049994,-0.3520833588725569
18097340113,NA,2025,58022.98479282888,0.010324645050321601,-0.8717856737944178
18097340113,NA,2026,57935.04630229166,-0.0015155802627391246,-0.12177829636126716
18097340113,NA,2027,58312.70638957094,0.006518681029592077,-1.1610045038383305
18097340113,NA,2028,58539.30120003686,0.0038858565224551,-1.1943907358441874
18097340114,NA,2024,85390.21026125415,0.09229562214587972,0.14588021591206451
18097340114,NA,2025,82104.59690253455,-0.03847763518402347,-1.788193568803535
18097340114,NA,2026,85407.03838264995,0.040222370058471624,1.961401932531701
18097340114,NA,2027,85667.6610291854,0.003051535932762084,-1.2403738726333886
18097340114,NA,2028,89149.3377343291,0.04064166878511566,-0.3790228587852781
18097340115,NA,2024,62581.59165106723,0.10920935219899386,0.26202963504722043
18097340115,NA,2025,69476.93084744611,0.11018158877813211,1.003325307992164
18097340115,NA,2026,69476.11630013416,-1.1723996757084798e-5,-0.046719420295699206
18097340115,NA,2027,77129.33291903735,0.11015607990869247,1.211447384638024
18097340115,NA,2028,85624.63268757501,0.1101435659693204,1.1627636198724405
18097340201,NA,2024,72757.6132717082,0.08742771076266198,0.11245145254723525
18097340201,NA,2025,77187.00463727774,0.060878733735098,0.07751763279813502
18097340201,NA,2026,77510.07548411631,0.0041855600998739195,0.16277096382374195
18097340201,NA,2027,82743.18940932071,0.06751527324053219,0.23532039380100622
18097340201,NA,2028,88606.77319501816,0.07086485096303208,0.29142925132647923
18097340202,NA,2024,62153.0554413239,0.13122791695618918,0.4132348097015941
18097340202,NA,2025,68190.71744212107,0.09714183732281789,0.7584652087258015
18097340202,NA,2026,67949.47828176267,-0.003537712600885201,-0.2227048170603512
18097340202,NA,2027,73932.56640259405,0.08805200970081928,0.7054443039464847
18097340202,NA,2028,80024.98213012615,0.08240503507420982,0.5474294548414715
18097340300,NA,2025,49082.787544338775,0.06239802431136776,0.10604683004508501
18097340300,NA,2026,49078.26770211542,-9.208609472854956e-5,-0.05073036794305983
18097340300,NA,2027,52133.15399872812,0.06224519404707962,0.11467852638486188
18097340300,NA,2028,55374.347835535664,0.062171451143865575,0.09858032435067764
18097340302,NA,2024,71173.75150718754,0.1977475305384706,0.8700361453274085
18097340302,NA,2025,86018.94614471128,0.20857681832360053,2.8509882604958356
18097340302,NA,2026,85794.12047395691,-0.002613676182176783,-0.1765852931398818
18097340302,NA,2027,103383.21764285778,0.20501518136362384,3.3829477968440034
18097340302,NA,2028,124288.96905348492,0.20221610322525518,3.2052430160920125
18097340400,NA,2024,47456.20780615652,0.06960439519826278,-0.00994424274686065
18097340400,NA,2025,49469.967560346704,0.04243406389351101,-0.2688358773759929
18097340400,NA,2026,49593.454335905655,0.0024961968169538995,0.07845325863426927
18097340400,NA,2027,51918.68627759874,0.04688586372596393,-0.23692497409059665
18097340400,NA,2028,54460.61251054093,0.04895975640352357,-0.1944996221841038
18097340500,NA,2024,42753.5076521532,0.02782737888626796,-0.2968340158838463
18097340500,NA,2025,44295.760793852176,0.03607313706858628,-0.3882811888234269
18097340500,NA,2026,44274.96013159048,-4.6958584498635325e-4,-0.06957173437569585
18097340500,NA,2027,45832.82129560884,0.03518605458679591,-0.5047552611032285
18097340500,NA,2028,47426.453143919905,0.03477053786483242,-0.5092643433210289
18097340600,NA,2024,51352.17275326624,0.059769125665887435,-0.07748468708620747
18097340600,NA,2025,54328.72030229244,0.05796341984063136,0.022773947534042965
18097340600,NA,2026,54329.31232517126,1.0897051790026424e-5,-0.04559038255600401
18097340600,NA,2027,57479.66575547239,0.05798625632229015,0.01718355876350092
18097340600,NA,2028,60813.34660629887,0.057997568479407624,0.005989530195671246
18097340700,NA,2024,48577.460357309385,0.055274702003114795,-0.10834864767556471
18097340700,NA,2025,51521.19414307373,0.060598758438828115,0.07226026427606594
18097340700,NA,2026,51459.4085665508,-0.0011992264067356428,-0.10598877883372344
18097340700,NA,2027,54493.7153108499,0.0589650528216803,0.03959002234255239
18097340700,NA,2028,57651.82220729402,0.05795359847331483,0.005014127169179777
18097340800,NA,2024,75844.58111432589,0.07125114568256907,0.0013642688358636
18097340800,NA,2025,80562.70875452379,0.06220784096738474,0.10247557236842796
18097340800,NA,2026,80611.65323271294,6.075326779078072e-4,-0.015811739124390392
18097340800,NA,2027,85719.21338720723,0.06336007202022742,0.14020014677887369
18097340800,NA,2028,91196.41959646784,0.06389706569656917,0.13686027486313682
18097340901,NA,2024,101082.54956983349,0.15317319487352243,0.5639367113432437
18097340901,NA,2025,99698.97608412016,-0.013687560232713225,-1.3226862135291686
18097340901,NA,2026,104529.72138704,0.04845330907755696,2.3722158152888664
18097340901,NA,2027,108565.09482382286,0.038605033891185414,-0.4264884964498347
18097340901,NA,2028,117754.1342399136,0.08464082706327036,0.5970268614948282
18097340902,NA,2025,51313.84548845831,0.04954415520460986,-0.1353227755201252
18097340902,NA,2026,51269.890286387206,-8.565953623762557e-4,-0.08888774220108125
18097340902,NA,2027,53756.749780154685,0.04850526263809396,-0.1998539355578627
18097340902,NA,2028,56322.29634631382,0.04772510571512001,-0.22188833838275548
18097340903,NA,2024,46127.82432571314,-0.024038923372690868,-0.6530086066541013
18097340903,NA,2025,45936.71613355175,-0.004143013353761327,-1.1434589710283032
18097340903,NA,2026,45678.67743931245,-0.005617264705842451,-0.3264972121506818
18097340903,NA,2027,45192.48834148968,-0.010643677205162239,-1.5538826505800238
18097340903,NA,2028,44494.43440430416,-0.015446238142737267,-1.6232417941099526
18097340904,NA,2024,55525.46337452903,0.055556971551603995,-0.10641025537572267
18097340904,NA,2025,57011.736519954975,0.026767415436063535,-0.5630237773223845
18097340904,NA,2026,57528.926624279535,0.00907164271594385,0.40663992778103214
18097340904,NA,2027,59615.5976422452,0.03627168348878951,-0.47990320608664305
18097340904,NA,2028,62327.19710194463,0.04548473162966182,-0.27158739138759336
18097341000,NA,2024,83472.21263539656,0.029618638420601195,-0.28453313643385125
18097341000,NA,2025,86015.13948801084,0.03046435181635454,-0.49360280621249697
18097341000,NA,2026,86014.55422685483,-6.804164470297636e-6,-0.046473866854036885
18097341000,NA,2027,88633.74069248921,0.03045050328025356,-0.613160795801077
18097341000,NA,2028,91332.07632748476,0.03044366190475145,-0.6052490447515687
18097341100,NA,2024,42817.85763911377,0.07458358779083896,0.024248707334148373
18097341100,NA,2025,45512.676759299546,0.06293680414603653,0.11616402317194817
18097341100,NA,2026,45525.71057926585,2.863777939328127e-4,-0.0318408804588448
18097341100,NA,2027,48417.580634853235,0.06352168958576243,0.1438998720007676
18097341100,NA,2028,51506.82273742236,0.06380414019170022,0.13479887376857874
18097341200,NA,2024,47796.2879511575,0.07407388654286517,0.020748503434789185
18097341200,NA,2025,52394.61687048951,0.09620682099896527,0.7409074975486519
18097341200,NA,2026,52465.02968801896,0.0013438941199532817,0.020940750769889348
18097341200,NA,2027,57682.508586697615,0.09944679207663021,0.9662919637551421
18097341200,NA,2028,63524.25420679849,0.10127412560985705,0.9660095200060926
18097341600,NA,2024,23026.381201835095,0.06786538059801961,-0.02188634747783987
18097341600,NA,2025,22672.70340227907,-0.015359677947477057,-1.3540851946389851
18097341600,NA,2026,22874.989830921975,0.008922025091307573,0.39917237187237914
18097341600,NA,2027,22860.559549035625,-6.308322754681184e-4,-1.3246700968166336
18097341600,NA,2028,23004.85947554747,0.006312178238783828,-1.140566737267651
18097341700,NA,2025,37652.1049583595,0.07079673672580533,0.26375762403960584
18097341700,NA,2026,37027.69441438739,-0.016583682231382846,-0.8738413916127366
18097341700,NA,2027,38884.083503274895,0.05013515203274954,-0.16254275046271066
18097341700,NA,2028,40249.05582117298,0.03510362582631332,-0.5018753289772359
18097341701,NA,2024,47780.71660834587,0.11089527349621897,0.2736071391675627
18097341701,NA,2025,61401.28788563326,0.2850641899939248,4.287266051832576
18097341701,NA,2026,58595.22175993607,-0.045700444116478556,-2.327086273587483
18097341701,NA,2027,71735.00673268118,0.22424669756484006,3.8231927993557364
18097341701,NA,2028,83945.6912074689,0.17021932569534082,2.4954465795214653
18097341902,NA,2024,68029.311862128,0.024445258894196353,-0.32005960073656115
18097341902,NA,2025,69580.44175017052,0.022800905162558838,-0.6375067996897769
18097341902,NA,2026,69587.96788668822,1.0816454061512992e-4,-0.04073567100272605
18097341902,NA,2027,71188.47925834029,0.022999829140839756,-0.7837205177128052
18097341902,NA,2028,72832.40951403276,0.023092644664127526,-0.7683193988734915
18097341903,NA,2024,44220.40671115065,0.03003439731547486,-0.2816780504186314
18097341903,NA,2025,47802.60937469101,0.08100790856446527,0.4555027319589123
18097341903,NA,2026,47164.42399953344,-0.013350429683770648,-0.7124667258620642
18097341903,NA,2027,50192.8563345957,0.06421009901641583,0.1596588380831164
18097341903,NA,2028,52800.41031408894,0.05195069916146555,-0.12815042468792123
18097341904,NA,2024,100090.06994040668,0.34883188384080155,1.9075577222574733
18097341904,NA,2025,130365.72887339864,0.30248414204344143,4.614377439091539
18097341904,NA,2026,129190.18692548914,-0.009017262113811375,-0.4961942702012014
18097341904,NA,2027,164087.99339292056,0.27012737807677945,4.873486499336677
18097341904,NA,2028,203965.5052291364,0.2430251660200773,4.110525659772848
18097342000,NA,2024,71319.23918560837,0.02445148721732293,-0.32001682979774004
18097342000,NA,2025,72692.82403034254,0.01925966766357967,-0.7040040614280305
18097342000,NA,2026,72708.14242190265,2.1072769925289947e-4,-0.035616647604530184
18097342000,NA,2027,74137.77027809781,0.019662555094579037,-0.860116897774897
18097342000,NA,2028,75609.70284173691,0.01985401716449986,-0.8401630792711798
18097342101,NA,2024,65489.65177091752,0.03134934047650373,-0.2726481153381003
18097342101,NA,2025,67628.83389532463,0.03266442967035399,-0.4522898039232942
18097342101,NA,2026,67623.27173633623,-8.224537771872598e-5,-0.05023920853165535
18097342101,NA,2027,69821.77304395409,0.03251101656527111,-0.5659918327902124
18097342101,NA,2028,72086.74639932447,0.03243935604363046,-0.5609778181589313
18097342200,NA,2024,65623.52988379047,0.240450066797544,1.163281619064652
18097342200,NA,2025,65726.52542576625,0.0015694910371046866,-1.036189718466213
18097342200,NA,2026,69716.25630626579,0.06070198986869735,2.9835589564291176
18097342200,NA,2027,74825.39854684728,0.07328480488305145,0.36739565224016035
18097342200,NA,2028,84467.05091894977,0.12885534269578214,1.5778539341995341
18097342300,NA,2024,57508.049583050626,0.08160863629277637,0.07249089284461743
18097342300,NA,2025,62407.20312527578,0.08519074421312123,0.5340479063554205
18097342300,NA,2026,62425.07306565712,2.8634419564466107e-4,-0.03184255738090406
18097342300,NA,2027,67786.95417051406,0.08589306894711113,0.6560221539925034
18097342300,NA,2028,73637.36044539372,0.0863057847408708,0.6339612379487289
18097342400,NA,2024,60658.04314966587,0.06333671925086981,-0.05298542398429238
18097342400,NA,2025,65193.63305387454,0.07477309963688872,0.3384256589683052
18097342400,NA,2026,65212.262652132755,2.8575793962604124e-4,-0.03187181796839481
18097342400,NA,2027,70130.05347640732,0.07541205632609249,0.41609237521749204
18097342400,NA,2028,75442.12196198967,0.07574596370968689,0.3997087938783987
18097342500,NA,2024,49626.74070414465,0.06965709029301981,-0.009582376699094694
18097342500,NA,2025,52328.966355879675,0.05445099987211832,-0.04318217939848001
18097342500,NA,2026,52185.28880575826,-0.0027456600068170856,-0.1831727295594568
18097342500,NA,2027,54638.46393358325,0.047008940334815064,-0.23410752270476273
18097342500,NA,2028,56907.64906340119,0.04153091003027276,-0.3592964889508794
18097342600,NA,2024,49400.930751726264,0.09236093118092747,0.14632870400199224
18097342600,NA,2025,52523.07674593794,0.06320014515318784,0.12110903346397288
18097342600,NA,2026,52382.21009517887,-0.0026819954101406918,-0.17999516985525374
18097342600,NA,2027,55350.15917612628,0.05665948564511947,-0.013188677829397713
18097342600,NA,2028,58268.90950446868,0.05273246494296102,-0.11080822310466829
18097350100,NA,2024,58034.82397367044,0.08815975050476155,0.1174784921512556
18097350100,NA,2025,62882.86744402287,0.08353679977649131,0.5029901825696499
18097350100,NA,2026,62851.4020125247,-5.003816266200278e-4,-0.07110878070736427
18097350100,NA,2027,68021.6621132625,0.08226165105604966,0.5728922768759812
18097350100,NA,2028,73562.83270555998,0.08146185230038783,0.5265064799804038
18097350300,NA,2024,34707.680912889096,0.062079038920686,-0.06162212560775624
18097350300,NA,2025,39109.29019342704,0.1268194579633628,1.3157507644310626
18097350300,NA,2026,38655.004582839545,-0.01161579789202738,-0.625889626959045
18097350300,NA,2027,42846.71204241035,0.10843893319396125,1.172138717976991
18097350300,NA,2028,47073.9148983604,0.09865874543105901,0.90799156712154
18097350400,NA,2024,59641.44884585789,0.06153796180154303,-0.06533779287325153
18097350400,NA,2025,63641.90134017724,0.06707503878147625,0.1938716809515996
18097350400,NA,2026,63660.40877484971,2.908058100519195e-4,-0.03161987402317766
18097350400,NA,2027,67973.26174120113,0.0677478051013598,0.2406434785012981
18097350400,NA,2028,72603.54008022022,0.06811911361041112,0.23051953668953087
18097350500,NA,2024,44583.059548279096,0.08429748153510941,0.09095564379314093
18097350500,NA,2025,47785.9055495527,0.07183997764454086,0.28334757372505087
18097350500,NA,2026,47770.29869482583,-3.2659953907709927e-4,-0.062435153801416246
18097350500,NA,2027,51167.258737325414,0.07111029521085066,0.31761710092451934
18097350500,NA,2028,54786.231673857474,0.07072829433975714,0.28839996487724096
18097350600,NA,2024,31930.611545674943,0.13599727997989697,0.44598682496426856
18097350600,NA,2025,30699.16506198566,-0.03856632942741389,-1.789859066901053
18097350600,NA,2026,31681.614750439458,0.03200248887779522,1.5511399568559932
18097350600,NA,2027,31866.83751765249,0.005846380264139306,-1.176394712757827
18097350600,NA,2028,32824.003552500515,0.030036430013420823,-0.6142828215140607
18097350700,NA,2024,22299.197657544308,-0.21970754924962177,-1.9966978559924062
18097350700,NA,2025,21897.044627386174,-0.01803441703751507,-1.4043113727484933
18097350700,NA,2026,22161.53020358783,0.012078596938642105,0.5567198319858134
18097350700,NA,2027,22075.46600389663,-0.003883495358875,-1.3991295753279391
18097350700,NA,2028,22213.974449960253,0.006274315841811706,-1.1414066529255857
18097350800,NA,2024,23580.809670244573,0.09210863608024145,0.14459615125914338
18097350800,NA,2025,24170.636546653564,0.02501300356761127,-0.595968075818828
18097350800,NA,2026,24396.21427810435,0.009332717862658768,0.41967043310547447
18097350800,NA,2027,25371.567853331195,0.039979710134872226,-0.395019612768347
18097350800,NA,2028,26571.292999711557,0.047286204515060826,-0.2316246472193966
18097350900,NA,2024,106519.09665677026,0.4578077497231381,2.6559132583950245
18097350900,NA,2025,127843.53950540068,0.2001936133324791,2.6935686644758747
18097350900,NA,2026,127098.87114472088,-0.005824841548980664,-0.3368575669901908
18097350900,NA,2027,150208.18906341426,0.18182158276118754,2.8520033945331784
18097350900,NA,2028,175405.073337766,0.16774640871087398,2.4405889407524266
18097351000,NA,2025,40248.2265407174,0.12575179343084675,1.295702188788272
18097351000,NA,2026,38688.96405601684,-0.0387411475912639,-1.9797412598347772
18097351000,NA,2027,41608.64806171748,0.07546555140306421,0.41731697654634053
18097351000,NA,2028,43240.06740527582,0.03920866020781255,-0.4108118219330147
18097351200,NA,2024,38891.741068355375,0.07954646833829382,0.05832963986729555
18097351200,NA,2025,42029.53263283677,0.08068015157682118,0.4493481201317774
18097351200,NA,2026,42028.25088383677,-3.049638955521239e-5,-0.04765636801893704
18097351200,NA,2027,45416.44707271873,0.08061711152925932,0.5352457231395333
18097351200,NA,2028,49076.41224543695,0.08058677876889075,0.5070943978164069
18097351500,NA,2024,55719.97175323752,0.048846527119765115,-0.15249200200696456
18097351500,NA,2025,60106.810452297,0.07873009552996746,0.41273002055803315
18097351500,NA,2026,59816.17436598467,-0.004835327047389981,-0.28746997056888207
18097351500,NA,2027,64063.53537443955,0.07100689827583162,0.3152501536988875
18097351500,NA,2028,68363.41212171927,0.06711894250212302,0.2083323683735969
18097351600,NA,2024,122221.08288416556,0.11368247195011683,0.29274729810459355
18097351600,NA,2025,138146.4226881053,0.13029944939231886,1.3810979491270563
18097351600,NA,2026,137943.96893410376,-0.0014655012418136604,-0.11927880547895549
18097351600,NA,2027,155529.0759153231,0.1274800711991968,1.608025611201304
18097351600,NA,2028,175152.5811860401,0.12617258319853253,1.5183412807911312
18097351700,NA,2024,68726.66435327419,-0.2211834738141063,-2.0068332773520856
18097351700,NA,2025,76938.62809939568,0.11948730268516616,1.178067751422104
18097351700,NA,2026,76990.7838451973,6.778876500661557e-4,-0.012300256507810973
18097351700,NA,2027,86336.59624343667,0.12138871604464607,1.4685832168909976
18097351700,NA,2028,96932.32815848792,0.1227258471619066,1.4418810511849118
18097351900,NA,2024,45496.489404200765,0.08304345372787969,0.08234402465699141
18097351900,NA,2025,49444.02524366791,0.08676572393083726,0.5636228327904859
18097351900,NA,2026,49446.46309718352,4.930532058433634e-5,-0.04367338985361795
18097351900,NA,2027,53742.1346380956,0.08687520343910626,0.6785050304007564
18097351900,NA,2028,58414.00300506576,0.08693120208996064,0.6478351040072197
18097352100,NA,2024,50231.73910761997,0.14783920085050894,0.5273072803722002
18097352100,NA,2025,55540.37078154613,0.10568281664611656,0.9188474868774724
18097352100,NA,2026,55319.20511276253,-0.00398207044122012,-0.24488313344664636
18097352100,NA,2027,60601.93168305344,0.09549534487204947,0.8758360232923922
18097352100,NA,2028,66013.45928113193,0.08929628887707164,0.700300705335416
18097352300,NA,2024,30643.396245577755,0.05307385977448553,-0.12346220013623822
18097352300,NA,2025,31939.894267691154,0.04230921441354596,-0.2711802975255915
18097352300,NA,2026,31960.69689788452,6.513055434378412e-4,-0.013626994369739196
18097352300,NA,2027,33352.208325160704,0.043538206683105374,-0.31355904016326963
18097352300,NA,2028,34823.48081610447,0.04411319564209637,-0.302012685175134
18097352400,NA,2024,41331.711073933715,0.04065541390169747,-0.20874174936376866
18097352400,NA,2025,43018.27059018008,0.04080546080537206,-0.29941774200690874
18097352400,NA,2026,43017.651523756525,-1.4390778965811535e-5,-0.04685252189578329
18097352400,NA,2027,44771.910924782656,0.04077999004797683,-0.3766997242754914
18097352400,NA,2028,46597.1791012841,0.04076815438072123,-0.37621698169486156
18097352500,NA,2024,56112.53792708692,0.02176990598697892,-0.3384316975584353
18097352500,NA,2025,59445.02502477151,0.05938934899032455,0.04955000644415215
18097352500,NA,2026,59315.70982101625,-0.0021753747046345806,-0.15470925549827094
18097352500,NA,2027,62589.958951870045,0.05520037003238709,-0.04659053496178801
18097352500,NA,2028,65922.52541973827,0.05324442648110517,-0.09945118956914577
18097352600,NA,2024,31925.92067771765,-0.46588057019527795,-3.687209251160384
18097352600,NA,2025,32898.964980833895,0.030478190838686414,-0.4933429374263821
18097352600,NA,2026,33126.42906377931,0.006914019425168227,0.29895092661657874
18097352600,NA,2027,34457.91197408374,0.04019397646938905,-0.3901146597739714
18097352600,NA,2028,36033.346484646354,0.04572054487072563,-0.26635625840719374
18097352700,NA,2024,49459.8252722851,-0.06928935169385608,-0.963750882226405
18097352700,NA,2025,62006.51286241131,0.25367432094744524,3.6978279419868016
18097352700,NA,2026,56560.15690880183,-0.08783522411096745,-4.430072643492387
18097352700,NA,2027,64240.50520088667,0.13579078828350344,1.7982733080221869
18097352700,NA,2028,66976.25767388582,0.04258609835716842,-0.3358888531775221
18097352800,NA,2024,46228.196829371715,0.21149423002703793,0.9644370347591671
18097352800,NA,2025,43670.65710992503,-0.05532423704274181,-2.10453860172558
18097352800,NA,2026,47227.26695316038,0.08144163790077341,4.018694232649517
18097352800,NA,2027,48459.20513054405,0.02608531589612184,-0.7130880147880916
18097352800,NA,2028,53551.43748881522,0.10508287010802664,1.050500318183533
18097353300,NA,2024,57556.253946261946,0.09758488808447807,0.18220249163068705
18097353300,NA,2025,61766.36694169911,0.07314779379783798,0.3079057099913657
18097353300,NA,2026,62037.0821218051,0.004382889807352797,0.17261987451604124
18097353300,NA,2027,66988.89252405224,0.07982016937103253,0.5170022420338642
18097353300,NA,2028,72575.77803400722,0.08340017724504145,0.5695050643642428
18097353500,NA,2024,43322.7733513564,0.1403130488354496,0.47562393304864053
18097353500,NA,2025,50173.40667727246,0.1581300733070814,1.9037006503952874
18097353500,NA,2026,50199.328655505014,5.16647761219291e-4,-0.020347890518817784
18097353500,NA,2027,58200.44518233403,0.15938692291558332,2.338432505127522
18097353500,NA,2028,67515.53042276729,0.16005178673892217,2.269896274863098
18097353600,NA,2024,47108.469539871454,0.11459764674959083,0.29903195684233114
18097353600,NA,2025,52101.24846966078,0.10598474071766573,0.9245170089066138
18097353600,NA,2026,52123.86829573707,4.34151325365395e-4,-0.02446536497078287
18097353600,NA,2027,57694.06606790877,0.10686462755541992,1.1360999479423108
18097353600,NA,2028,63883.372211594135,0.10727803681578352,1.0991965190864963
18097354200,NA,2025,76297.41792244227,0.04315938826805765,-0.2552157559372961
18097354200,NA,2026,76297.41781712661,-1.3803306275761429e-9,-0.046134333520173446
18097354200,NA,2027,79590.36748354032,0.04315938547627418,-0.3222309587685406
18097354200,NA,2028,83025.43872593623,0.043159384119017874,-0.32317144154077404
18097354201,NA,2024,100121.8333687023,0.1502042961699117,0.5435487863371915
18097354201,NA,2025,100803.01942470288,0.0068035715396070895,-0.9379042967077669
18097354201,NA,2026,105175.16013215516,0.043373112555602944,2.1186584443116123
18097354201,NA,2027,110687.43501478428,0.05241042538659135,-0.11045753196529337
18097354201,NA,2028,121326.90694816851,0.0961217678588644,0.8517128484687132
18097354400,NA,2024,72501.94941045184,0.0345893063508067,-0.25039872663813517
18097354400,NA,2025,75405.84578263268,0.04005266611165381,-0.3135537003541762
18097354400,NA,2026,75367.809853209,-5.044161898710708e-4,-0.0713101495415334
18097354400,NA,2027,78318.788163445,0.0391543593476249,-0.41391341997538256
18097354400,NA,2028,81352.6637304005,0.03873751928622848,-0.4212633165233773
18097354500,NA,2024,60845.464064888954,-0.17147166228806676,-1.665453935552626
18097354500,NA,2025,64795.70765513295,0.0649225649102001,0.15345258495923436
18097354500,NA,2026,64785.038216347704,-1.646627403474321e-4,-0.054352736364821894
18097354500,NA,2027,68966.58044457431,0.06454487553534305,0.16732249225754187
18097354500,NA,2028,73403.78101434208,0.06433841639188942,0.14665092176573094
18097354700,NA,2024,50092.59973730775,1.082765778441967,6.947604788979619
18097354700,NA,2025,55352.4326322697,0.10500219438689973,0.9060667805483797
18097354700,NA,2026,55300.94720767012,-9.30138426645466e-4,-0.09255834548367627
18097354700,NA,2027,61033.018270776825,0.10365231252877494,1.0625641111327115
18097354700,NA,2028,67310.05884126907,0.10284663528589988,1.000893087999288
18097354800,NA,2024,79015.9080640077,0.23221688988705957,1.1067430132818503
18097354800,NA,2025,94045.65711205213,0.19021168542250266,2.5061282928336372
18097354800,NA,2026,94304.6876057154,0.0027543057448644603,0.0913357171974248
18097354800,NA,2027,112787.86378653032,0.1959942464163864,3.1764418985595215
18097354800,NA,2028,135197.73567676233,0.1986904542553125,3.127032231486459
18097354900,NA,2024,38531.990639420554,0.06870033669173625,-0.016152564037758825
18097354900,NA,2025,41180.88907862386,0.06874543451418069,0.22523832672899508
18097354900,NA,2026,41180.88777196481,-3.172974372134263e-8,-0.04613584828783283
18097354900,NA,2027,44011.8830057068,0.06874536676864151,0.26347951150686383
18097354900,NA,2028,47037.49455598397,0.06874533293394558,0.2444111932459081
18097355000,NA,2024,44484.25794480482,-0.03208821025686326,-0.7082844088049531
18097355000,NA,2025,54036.96074487345,0.21474344501646936,2.9667850093318027
18097355000,NA,2026,50880.19803793559,-0.05841858356620011,-2.961860536484135
18097355000,NA,2027,57482.05087807302,0.12975289198393414,1.6600546858523257
18097355000,NA,2028,61749.58118179013,0.0742410933244031,0.3663256934716046
18097355100,NA,2024,30644.499338938527,0.5600722567295489,3.358180768260522
18097355100,NA,2025,31593.406510103858,0.03096500812984737,-0.4842014955325894
18097355100,NA,2026,31592.77010770344,-2.0143519509852048e-5,-0.047139646569397314
18097355100,NA,2027,32569.95748836383,0.030930728053572,-0.6021675618655018
18097355100,NA,2028,33576.84735171096,0.030914681534566224,-0.5948002408217126
18097355300,NA,2024,43960.1431908573,0.037015951283463355,-0.23373454916278016
18097355300,NA,2025,45404.447387790824,0.032854856515433406,-0.44871397378965133
18097355300,NA,2026,45392.387940739616,-2.6560056877711347e-4,-0.05939063800862267
18097355300,NA,2027,46856.379879631815,0.03225192604547389,-0.5719228943531941
18097355300,NA,2028,48351.691525547576,0.03191265842041213,-0.5726617477596866
18097355400,NA,2024,44350.935157748245,0.07668807432871061,0.03870056911649618
18097355400,NA,2025,47551.99114802338,0.07217561431093977,0.28965014994619304
18097355400,NA,2026,47587.57022570842,7.48214256145241e-4,-0.008790189668840126
18097355400,NA,2027,51078.19767633426,0.07335166376576385,0.3689261758182126
18097355400,NA,2028,54855.67928938744,0.07395487282049062,0.3599763573998529
18097355500,NA,2024,61809.45060949342,0.18937520415435305,0.8125419767867352
18097355500,NA,2025,59282.17221632355,-0.040888219653285485,-1.8334594586064341
18097355500,NA,2026,62946.57277167943,0.06181285904950129,3.03900347865716
18097355500,NA,2027,64898.68456240536,0.031012201376025006,-0.6003024867111209
18097355500,NA,2028,70233.99970041629,0.0822099118647095,0.543100963990602
18097355600,NA,2024,37869.95442580891,0.015198628148108906,-0.3835577638704577
18097355600,NA,2025,40712.74012413694,0.07506704830863575,0.34394541915620824
18097355600,NA,2026,40347.27439723369,-0.008976691959050376,-0.49416937574349984
18097355600,NA,2027,42782.519783025455,0.060357122560891874,0.07145707533117482
18097355600,NA,2028,45058.67064000191,0.05320282368874274,-0.10037407981153432
18097355700,NA,2024,38195.36481812993,0.04498823064019941,-0.17898757060983833
18097355700,NA,2025,39856.33250742194,0.04348610615976134,-0.24908065622555595
18097355700,NA,2026,39853.932956325305,-6.02050150044775e-5,-0.04913915336625785
18097355700,NA,2027,41581.70362416621,0.04335257626228062,-0.3178084640894539
18097355700,NA,2028,43381.396513218955,0.043280883951248406,-0.3204761654967873
18097355900,NA,2024,135206.55912236412,0.24398792067536546,1.1875766546129083
18097355900,NA,2025,158676.70057658572,0.17358729936304895,2.193956022164995
18097355900,NA,2026,160412.61762863965,0.01093996185795465,0.499889487664697
18097355900,NA,2027,191230.43787114485,0.1921159363775824,3.0876602031949836
18097355900,NA,2028,229845.8781780385,0.20193145367848575,3.1989285291478358
18097356200,NA,2024,102326.9636510618,0.061295867441030216,-0.06700029542361492
18097356200,NA,2025,108134.22726942632,0.056752036913432446,2.663177269706498e-5
18097356200,NA,2026,108192.00624493616,5.343264290027516e-4,-0.01946553163640384
18097356200,NA,2027,114431.50336441975,0.0576705926439518,0.00995743288715728
18097356200,NA,2028,121080.3701698635,0.05810346460510707,0.008338663404408284
18097356400,NA,2024,41335.63010916683,-0.035273645548887234,-0.7301593268566983
18097356400,NA,2025,46877.86212185627,0.1340788079933095,1.4520666424624349
18097356400,NA,2026,45372.79689932288,-0.032106097727346516,-1.64857970092115
18097356400,NA,2027,49166.915034978,0.0836209886746424,0.6040100310379652
18097356400,NA,2028,51971.34983951616,0.057039063820519154,-0.015273335750102172
18097356900,NA,2024,50175.49878778623,0.07964665808379379,0.059017659642151644
18097356900,NA,2025,53634.566334456395,0.06893937539714456,0.2288801433707522
18097356900,NA,2026,53660.30017520483,4.7979954919297185e-4,-0.02218701932539636
18097356900,NA,2027,57410.68687514441,0.06989127320746058,0.2897114309123763
18097356900,NA,2028,61449.02220276602,0.07034117770449422,0.27981241233417914
18097357000,NA,2024,85691.47955557628,0.12661521089094663,0.38155858402951126
18097357000,NA,2025,100904.43451880506,0.17753171076200447,2.268024072465295
18097357000,NA,2026,100621.01704401296,-0.0028087712511711826,-0.18632267093049906
18097357000,NA,2027,117883.06092021608,0.17155505264523896,2.616983517296628
18097357000,NA,2028,137778.42957262366,0.1687720737576781,2.4633416506044075
18097357100,NA,2024,94439.62977106174,0.16034881582353555,0.6132129030916527
18097357100,NA,2025,109325.32070911671,0.15762123352389779,1.894145670743414
18097357100,NA,2026,109326.9299270173,1.4719535146534568e-5,-0.04539959882819111
18097357100,NA,2027,126562.86633638883,0.15765499333858202,2.2987854313867184
18097357100,NA,2028,146518.25112783653,0.15767171974762872,2.2170983620845424
18097357200,NA,2024,75297.13539637625,0.13790025080662893,0.45905484458276596
18097357200,NA,2025,84208.28703852675,0.11834648948118343,1.156645592009875
18097357200,NA,2026,84033.97403233765,-0.00207002199331463,-0.14945100291056643
18097357200,NA,2027,93520.89748039194,0.1128939046058155,1.2741212595447453
18097357200,NA,2028,103758.57354579197,0.10946939498251185,1.1478082337049247
18097357300,NA,2024,26465.05135699612,-0.4532804892475031,-3.6006823834295996
18097357300,NA,2025,27781.627412093632,0.04974772341597866,-0.13150017716661702
18097357300,NA,2026,27796.833091768276,5.473286157464674e-4,-0.01881658030677618
18097357300,NA,2027,29206.72173640156,0.050721196906809096,-0.14912709855295533
18097357300,NA,2028,30701.350246787148,0.05117412778726105,-0.14537739679902573
18097357400,NA,2024,32582.61100899266,0.03746452935721378,-0.23065408834548773
18097357400,NA,2025,33475.32097898806,0.027398355820809295,-0.5511759958850287
18097357400,NA,2026,33566.91054379502,0.002736032459986104,0.09042368041836486
18097357400,NA,2027,34595.999675703206,0.030657844741639906,-0.6084143659702846
18097357400,NA,2028,35741.115623769714,0.03309966351025051,-0.5463299716247091
18097357600,NA,2025,39518.25756536738,0.027642354951757042,-0.5465941868199163
18097357600,NA,2026,39518.15976569234,-2.474797247242755e-6,-0.046257784077252756
18097357600,NA,2027,40610.31011757875,0.027636670289352905,-0.6775746412402792
18097357600,NA,2028,41732.51057837314,0.02763338811117899,-0.6675903953016491
18097357601,NA,2024,50092.54729377281,0.19185674876330183,0.8295831595407611
18097357601,NA,2025,52754.01735651858,0.05313105854124989,-0.06796800192046545
18097357601,NA,2026,54731.18523223929,0.03747900112248792,1.824477817091942
18097357601,NA,2027,60037.44963915976,0.09695138858046914,0.9091675588491088
18097357601,NA,2028,68084.71809621004,0.1340374800298214,1.6928112173222296
18097357800,NA,2024,46165.85672727537,0.08487702042758305,0.09493543450256232
18097357800,NA,2025,48351.39441463193,0.047340997054763134,-0.1766936195212286
18097357800,NA,2026,48609.34686361155,0.00533495366788328,0.22013827433292718
18097357800,NA,2027,51331.26080090526,0.05599569039532404,-0.028384179752173
18097357800,NA,2028,54422.96509882477,0.06023043754781465,0.05552209661121641
18097357900,NA,2024,67503.71388366746,0.0682488627125295,-0.01925291152319399
18097357900,NA,2025,72119.41993728148,0.06837706828350942,0.2183211556373802
18097357900,NA,2026,72119.68546190282,3.681735398997077e-6,-0.04595050576127222
18097357900,NA,2027,77051.61159275309,0.06838529729106435,0.2552368546928196
18097357900,NA,2028,82321.1425041952,0.06838962615465549,0.23652041723985429
18097358000,NA,2024,18832.946702075475,-0.5465000312542025,-4.240836602642166
18097358000,NA,2025,17494.644704877646,-0.07106174187018444,-2.4000570406665314
18097358000,NA,2026,17492.08045360662,-1.4657349802082997e-4,-0.053449885322055635
18097358000,NA,2027,16243.6176297377,-0.07137303233770032,-2.9440899968510035
18097358000,NA,2028,15081.23571751189,-0.07155930031853253,-2.868018757671497
18097358100,NA,2024,43220.35507472324,0.02768582544044218,-0.2978060871216876
18097358100,NA,2025,45237.62652884183,0.046674106462821774,-0.18921647297454466
18097358100,NA,2026,45325.4707689269,0.0019418401632778082,0.050784798352777424
18097358100,NA,2027,47654.80001053155,0.05139117591254094,-0.13379003901094316
18097358100,NA,2028,50241.945758153655,0.054289300281406216,-0.07627236478198615
18097360101,NA,2024,35246.288486094934,0.1936969040571319,0.8422198143664951
18097360101,NA,2025,38744.704662911194,0.09925629980008877,0.79817052779218145
18097360101,NA,2026,38690.65373758001,-0.0013950532286008954,-0.11576267909612631
18097360101,NA,2027,42431.70234449091,0.0966912741326269,0.9032130576779321
18097360101,NA,2028,46483.828906164345,0.0954976194161472,0.8378671310330268
18097360102,NA,2024,34069.398800578245,0.06450238402056696,-0.04498060863714717
18097360102,NA,2025,36365.81111160474,0.067403957565213,0.2000481089542614
18097360102,NA,2026,36368.00186733863,6.0242179864111733e-5,-0.04312752095391219
18097360102,NA,2027,38824.18166246497,0.06753683647745823,0.23581401620681858
18097360102,NA,2028,41448.91766147098,0.06760570053543691,0.21913030317172674
18097360201,NA,2024,45838.74311783342,0.05267523522409978,-0.12619962173602264
18097360201,NA,2025,48073.52273053824,0.04875307350727476,-0.1501776861831911
18097360201,NA,2026,48067.85185690089,-1.179625148158836e-4,-0.05202188432816294
18097360201,NA,2027,50398.851091711986,0.04849393398628532,-0.20011326936658413
18097360201,NA,2028,52836.00919046266,0.0483574138290519,-0.2078616119205704
18097360202,NA,2024,49365.08783086486,0.10825691648216007,0.25548909934478076
18097360202,NA,2025,52980.382384242635,0.0732358578144241,0.30955937370704056
18097360202,NA,2026,52697.988251989256,-0.00533016410121967,-0.3121677518237942
18097360202,NA,2027,55806.93337685849,0.058995518197070496,0.04028743117526474
18097360202,NA,2028,58549.55443291154,0.04914480854076686,-0.19039454168116093
18097360301,NA,2024,54902.51358877691,0.10619184374550494,0.2413078987414178
18097360301,NA,2025,58438.51634862735,0.06440511606327015,0.14373594454175959
18097360301,NA,2026,58129.801772032435,-0.005282724406506456,-0.3097999921870431
18097360301,NA,2027,61087.995138107864,0.05088944527415684,-0.14527558200425394
18097360301,NA,2028,63660.729241439345,0.04211521588677192,-0.3463346144489032
18097360302,NA,2024,26435.776924050937,0.011160378061923826,-0.4112891040514801
18097360302,NA,2025,26595.861712263053,0.006055611252585136,-0.951949474697172
18097360302,NA,2026,26598.925223279293,1.1518750734174077e-4,-0.04038514814953232
18097360302,NA,2027,26765.952683596748,0.006279481554813726,-1.1664802225634066
18097360302,NA,2028,26936.93409025408,0.006388018714615473,-1.138884339737375
18097360401,NA,2024,46939.81569755397,0.05901578597495649,-0.0826579970088745
18097360401,NA,2025,49042.61274612511,0.04479772698981255,-0.22445107584231325
18097360401,NA,2026,49121.08354100351,0.0016000533104671977,0.03372589611174468
18097360401,NA,2027,51456.761808605654,0.047549404435520026,-0.2217352990650421
18097360401,NA,2028,53969.99162065534,0.048841585123402975,-0.19712105971656027
18097360402,NA,2024,42260.14174005754,1.189304343369297,7.679222970950313
18097360402,NA,2025,42564.229933329414,0.0071956264402122105,-0.9305423004144318
18097360402,NA,2026,42564.23148368297,3.6423860150236465e-8,-0.04613244667757117
18097360402,NA,2027,42870.511072899,0.007195703494222494,-1.1455062064850066
18097360402,NA,2028,43178.996305668246,0.0071957442318493214,-1.1209662636647555
18097360404,NA,2025,27910.042665338533,-0.014587773192103137,-1.3395903880721003
18097360404,NA,2026,27688.19190663528,-0.007948778916729182,-0.4428652721565891
18097360404,NA,2027,26993.7169250515,-0.025081991049670238,-1.8844023791461275
18097360404,NA,2028,26154.3777314155,-0.031093872546949952,-1.9703590977348275
18097360405,NA,2024,70055.81417647807,0.03709569469249563,-0.23318693780739788
18097360405,NA,2025,74891.1798925316,0.06902161901755544,0.23042451184486323
18097360405,NA,2026,74408.01963591926,-0.0064514974567855266,-0.36813455082412516
18097360405,NA,2027,78846.88555954832,0.05965574605195201,0.055401268825373974
18097360405,NA,2028,83135.34885401976,0.05438976142225194,-0.07404379786710112
18097360407,NA,2024,68673.84453058675,0.05596833241976129,-0.10358537134710437
18097360407,NA,2025,74831.86358136828,0.08967051565081374,0.6181689329473014
18097360407,NA,2026,74091.3147422464,-0.00989616994258935,-0.5400613838912349
18097360407,NA,2027,79896.16133084112,0.07834719371344656,0.4832831028204595
18097360407,NA,2028,85343.73778652339,0.06818320636362563,0.23194133011229415
18097360501,NA,2024,78346.43263709643,0.1209321635204228,0.3425321452173118
18097360501,NA,2025,82441.26746792805,0.05226574705448361,-0.08421679755679361
18097360501,NA,2026,82934.54984750936,0.005983440026237075,0.2525048364193003
18097360501,NA,2027,88167.6156662358,0.06309874266332183,0.1342178340904952
18097360501,NA,2028,94177.61752345196,0.06816563895713612,0.23155162578927665
18097360502,NA,2024,65785.48555080657,0.10369072310723215,0.22413228411294336
18097360502,NA,2025,66646.20261808518,0.013083692551206783,-0.819976354631971
18097360502,NA,2026,67353.41175042384,0.010611394266396568,0.4834903711455291
18097360502,NA,2027,69419.04858094646,0.030668629499820632,-0.6081674828934286
18097360502,NA,2028,72129.63285231005,0.03904669290019003,-0.4144048030600645
18097360601,NA,2024,79812.45602593833,0.073426170106631,0.016300526105327097
18097360601,NA,2025,83675.61379030382,0.04840294305828641,-0.15675242626081154
18097360601,NA,2026,83805.70418429072,0.0015546990107884184,0.03146222049617174
18097360601,NA,2027,88108.50932918598,0.05134262860477001,-0.13490137674468872
18097360601,NA,2028,92753.3994636571,0.052717838150196705,-0.1111326946978736
18097360602,NA,2024,41667.36713919153,-0.00966470648876916,-0.554298450092104
18097360602,NA,2025,42257.79415481037,0.014170010157985136,-0.7995775120664449
18097360602,NA,2026,42176.461038123525,-0.0019246891209910855,-0.14219730300669792
18097360602,NA,2027,42629.560904198115,0.01074295602148867,-1.0643030303320369
18097360602,NA,2028,43019.84235788081,0.00915518352534228,-1.0774992918143145
18097360700,NA,2024,82240.3541192209,0.04432195706947173,-0.18356298289217388
18097360700,NA,2025,85883.84891646814,0.04430300472643145,-0.2337409570901193
18097360700,NA,2026,85883.8489952114,9.168577008722423e-10,-0.04613421886535041
18097360700,NA,2027,89688.76172762146,0.04430300664123954,-0.29605135351147793
18097360700,NA,2028,93662.24361994644,0.0443030075985682,-0.29780201582894034
18097360800,NA,2024,40585.07116588888,0.04420385329170973,-0.1843740213290915
18097360800,NA,2025,42360.955331066565,0.043757078998799104,-0.24399233560129785
18097360800,NA,2026,42360.66985731878,-6.739077189177323e-6,-0.04647061828681835
18097360800,NA,2027,44213.63903403688,0.04374267883296845,-0.3088782941842107
18097360800,NA,2028,46147.33566778144,0.043735296980552674,-0.31039575197296143
18097360900,NA,2024,39943.547604812,8.155046180753356e-4,-0.48232908386412193
18097360900,NA,2025,39877.74284740335,-0.0016474439891944748,-1.0965972371656614
18097360900,NA,2026,39875.398685669825,-5.8783711568088926e-05,-0.04906821477930866
18097360900,NA,2027,39804.85853332666,-0.0017690143463948704,-1.3507251911436358
18097360900,NA,2028,39731.92829165792,-0.0018321944696193526,-1.321236391301479
18097361000,NA,2024,99074.06118973983,0.05618162540765681,-0.10212065264981708
18097361000,NA,2025,103558.701857482,0.04526553786014165,-0.2156665360035586
18097361000,NA,2026,103668.20030895344,0.0010573563544871156,0.006639382272957079
18097361000,NA,2027,108555.0561820929,0.047139391429344535,-0.23112125569191258
18097361000,NA,2028,113766.97163819584,0.048011724551644486,-0.21553016595027008
18097361100,NA,2024,82925.7519051958,0.09112831454204984,0.13786411894757925
18097361100,NA,2025,89363.07213985537,0.07762751722792927,0.39202583509781236
18097361100,NA,2026,89096.34816337297,-0.002984722549208896,-0.19510456516582636
18097361100,NA,2027,95235.1279188772,0.06890046429566077,0.2670299809788359
18097361100,NA,2028,101117.83149776795,0.06177031214681339,0.089681708531915
18097361200,NA,2024,74693.73129582603,0.06524239215941519,-0.0398988487170943
18097361200,NA,2025,80773.39638701225,0.08139458272753286,0.4627636889086616
18097361200,NA,2026,80682.7597661676,-0.0011221098146025899,-0.10213981742534448
18097361200,NA,2027,87076.07951481764,0.07924022142002785,0.5037261599779633
18097361200,NA,2028,93888.8666569939,0.07823947954635391,0.45502338466004144
18097361300,NA,2024,66512.10170414424,0.007072476404636818,-0.4393614098932129
18097361300,NA,2025,70804.58662829043,0.0645369010174992,0.14621059883903825
18097361300,NA,2026,70445.97786713662,-0.005064767386277258,-0.29892155297774753
18097361300,NA,2027,74338.17221223137,0.055250767509190446,-0.04543684343431112
18097361300,NA,2028,78127.06935690304,0.05096839257568209,-0.14994129764558156
18097361400,NA,2025,56189.15689577911,0.00618207348310551,-0.9495747703613738
18097361400,NA,2026,56189.52713233895,6.589110431498568e-6,-0.04580539594780334
18097361400,NA,2027,56537.54454563934,0.006193634847303953,-1.1684454125966746
18097361400,NA,2028,56888.02086684847,0.006199001460458042,-1.1430773799060565
18097361402,NA,2024,82347.21482528799,0.10337676633733506,0.22197629035269156
18097361402,NA,2025,89548.59286239222,0.0874513856040311,0.5764981690985994
18097361402,NA,2026,89714.05950274457,0.0018477860462489115,0.046090469198309746
18097361402,NA,2027,97851.71279266928,0.09070655519356752,0.7662117637190299
18097361402,NA,2028,106878.1746211014,0.09224633448734432,0.7657426661683304
18097361600,NA,2025,84763.36913216265,0.02693848306362079,-0.5598114740504644
18097361600,NA,2026,84424.6486683413,-0.003996071266270995,-0.2455819277503846
18097361600,NA,2027,86321.15646087483,0.02246391098391043,-0.7959886762851653
18097361600,NA,2028,87936.5692528137,0.01871398459161111,-0.8654528465627221
18097361601,NA,2024,96149.68965910864,0.06781970457568764,-0.022200012378816886
18097361601,NA,2025,98216.80708134756,0.021498950538142436,-0.6619548683256999
18097361601,NA,2026,99572.39910267288,0.013802037162565783,0.6427383492471213
18097361601,NA,2027,103219.78511292086,0.036630492416749094,-0.47168940558656547
18097361601,NA,2028,108377.38635770806,0.04996717673016726,-0.1721516417566403
18097361602,NA,2024,54501.31683810545,-0.3297837302708414,-2.7526094406092434
18097361602,NA,2025,60893.73446748757,0.11728923263213265,1.136792451565
18097361602,NA,2026,51549.144182646625,-0.15345733623596725,-7.705333778860751
18097361602,NA,2027,48577.99007219791,-0.05763731207489031,-2.6296539358388804
18097361602,NA,2028,38892.6587403843,-0.19937694658463656,-5.7034452241553595
18097370201,NA,2024,56356.39058992283,0.037240546075549386,-0.23219221908185453
18097370201,NA,2025,58490.30009174876,0.03786455235136188,-0.35464204121613513
18097370201,NA,2026,58489.50964323614,-1.3514181178453377e-5,-0.046808770078426126
18097370201,NA,2027,60702.60332064174,0.0378374462515525,-0.4440599982910051
18097370201,NA,2028,62998.63694935375,0.03782430246992807,-0.44152154538471555
18097370202,NA,2025,35261.49648975821,0.0071743912620274575,-0.9309410540146117
18097370202,NA,2026,35341.77984863238,0.0022767995367833915,0.0675029347010926
18097370202,NA,2027,35704.13119184947,0.010252775744997056,-1.0755241641624318
18097370202,NA,2028,36133.82721991666,0.01203491063144213,-1.013617232557119
18097370301,NA,2025,88442.37855483496,0.036146386945103526,-0.38690570462829277
18097370301,NA,2026,88442.5412447644,1.8395019685257807e-6,-0.0460424533588382
18097370301,NA,2027,91639.81041808378,0.036150806255905055,-0.4826703096856542
18097370301,NA,2028,94952.9115040098,0.03615351309448167,-0.4785852885645732
18097370302,NA,2025,94423.05070418492,0.0892753661584409,0.610748826493659
18097370302,NA,2026,92270.60738248887,-0.022795740082994898,-1.1838910226469939
18097370302,NA,2027,98073.22956518555,0.06288700537803016,0.129370775714039
18097370302,NA,2028,102004.29999349453,0.040083011905875265,-0.39141575246901633
18097370303,NA,2024,115970.64718636294,0.3763101657492458,2.0962556896765663
18097370303,NA,2025,105835.86914492422,-0.0873908897408523,-2.7066853366312795
18097370303,NA,2026,119845.10045430736,0.1323675179555608,6.560452648016533
18097370303,NA,2027,125278.2124812404,0.0453344526087196,-0.27243964615606625
18097370303,NA,2028,146755.7387447453,0.17143863915460167,2.522495064252052
18097370304,NA,2024,96057.4645059324,0.16181212285988456,0.6232616777708389
18097370304,NA,2025,95071.4340161345,-0.010265006419537537,-1.2584175908249275
18097370304,NA,2026,99616.16238346956,0.047803300900707724,2.339773297814716
18097370304,NA,2027,103916.73159874472,0.04317140022640342,-0.3219559188993236
18097370304,NA,2028,113002.05140622912,0.08742884488097347,0.6588744994405783
18097380100,NA,2025,61001.02687466154,-0.0067042698427236536,-1.1915541759317942
18097380100,NA,2026,61000.99924811172,-4.5288663541587226e-7,-0.04615686862312213
18097380100,NA,2027,60591.98500829133,-0.006705041636396625,-1.4637199921748398
18097380100,NA,2028,60185.69151519026,-0.006705399947624757,-1.4293405239670403
18097380101,NA,2024,141380.32143157363,0.12024342483715889,0.3378024612418787
18097380101,NA,2025,146790.83111855155,0.03826918507606125,-0.347043858882995
18097380101,NA,2026,150265.05994636848,0.023667887165316648,1.1351521718901985
18097380101,NA,2027,159994.25220715732,0.06474686972647747,0.17194651317471252
18097380101,NA,2028,174097.27853957308,0.0881470811473617,0.6748074021218398
18097380103,NA,2024,99423.67357351248,0.09460067128527139,0.16170937469475652
18097380103,NA,2025,102631.46781912756,0.03226388776756761,-0.45981116891347124
18097380103,NA,2026,104556.13433114656,0.018753181192058266,0.8898545893418985
18097380103,NA,2027,110059.7131713839,0.05263755087584432,-0.10525820911729415
18097380103,NA,2028,117911.97984709356,0.07134551280796253,0.30209195210652157
18097380200,NA,2024,39710.67406473596,0.03144607960353141,-0.2719837915386414
18097380200,NA,2025,41404.04815051183,0.04264279379935343,-0.264916352863614
18097380200,NA,2026,41461.619299256294,0.001390471495327672,0.023265471240035366
18097380200,NA,2027,43373.223519029074,0.04610539221769061,-0.2547914115324034
18097380200,NA,2028,45469.85125941517,0.04833921876860825,-0.20826523972508956
18097380300,NA,2025,34556.126207143454,0.018370905413092498,-0.7206932148696628
18097380300,NA,2026,34556.13195714245,1.663959368070067e-7,-0.04612595964937942
18097380300,NA,2027,35190.97190856466,0.018371267716235096,-0.8896768559796716
18097380300,NA,2028,35837.48157497454,0.018371463797296705,-0.873051112951529
18097380301,NA,2024,47416.83047816343,0.08006082816644855,0.06186183501756821
18097380301,NA,2025,51814.281585705285,0.09274030050504933,0.6758132697055889
18097380301,NA,2026,51779.78256391112,-6.658207107842484e-4,-0.07936600049330864
18097380301,NA,2027,56512.97715736867,0.09141009017593738,0.7823169816768798
18097380301,NA,2028,61643.59184659819,0.09078648741053885,0.7333583345872612
18097380302,NA,2024,55451.58841558049,0.21364824722215991,0.9792290318665403
18097380302,NA,2025,66625.00133447727,0.2014985185844982,2.7180721399169174
18097380302,NA,2026,66799.72406920955,0.002622480018501072,0.08475617161106408
18097380302,NA,2027,80516.43418303903,0.20534081996533304,3.3904022671794376
18097380302,NA,2028,97260.66613174822,0.20796042595036335,3.3326714671909095
18097380402,NA,2024,46409.50269266976,0.07778687163654818,0.04624619439559357
18097380402,NA,2025,46562.17834795552,0.0032897498664616887,-1.0038867448118702
18097380402,NA,2026,47521.18539737445,0.02059626682953586,0.9818447213584852
18097380402,NA,2027,48804.64530995172,0.02700816281927554,-0.6919623405692252
18097380402,NA,2028,51025.17123155707,0.045498249347026176,-0.2712875228271792
18097380403,NA,2024,69538.04506068175,0.05894962554527772,-0.08311233176843318
18097380403,NA,2025,74050.11271637082,0.06488631729223404,0.1527719281718904
18097380403,NA,2026,74064.14688812928,1.8952262520133267e-4,-0.03667501272970947
18097380403,NA,2027,78901.31521590517,0.06531052514629265,0.18484962903494784
18097380403,NA,2028,84072.11665852286,0.0655350475270069,0.17319623604938553
18097380404,NA,2024,56968.82850535684,0.022559385865824844,-0.33301020690800576
18097380404,NA,2025,58001.89019992612,0.01813380618265903,-0.7251454577900028
18097380404,NA,2026,58014.717956510896,2.2116100941804717e-4,-0.035095911313201125
18097380404,NA,2027,59090.87632178199,0.018549747429226437,-0.8855911249914307
18097380404,NA,2028,60198.58344799395,0.0187458233007054,-0.8647465566171486
18097380501,NA,2024,50045.17502843131,0.036711516343117534,-0.23582515492357758
18097380501,NA,2025,51651.66360710917,0.032100768510954225,-0.46287421789132055
18097380501,NA,2026,51634.70299132593,-3.2836533421753966e-4,-0.06252328629226765
18097380501,NA,2027,53253.35776656603,0.03134819571852687,-0.5926109543009354
18097380501,NA,2028,54899.85321182232,0.03091815266323006,-0.5947232394813693
18097380502,NA,2024,41406.39974960545,0.016756697515112773,-0.37285824038382975
18097380502,NA,2025,42405.98686220755,0.0241408844682669,-0.6123447046195652
18097380502,NA,2026,42385.24653347578,-4.890896372524711e-4,-0.07054518693205113
18097380502,NA,2027,43370.315967071285,0.02324085652816721,-0.7782029546860969
18097380502,NA,2028,44360.08287779501,0.022821298131081136,-0.7743387801081185
18097380600,NA,2024,75056.1464041276,0.1362502483366781,0.4477240010695649
18097380600,NA,2025,82230.20246580416,0.09558252595395755,0.7291845021207146
18097380600,NA,2026,82554.87251465123,0.003948306572418847,0.15092941784877456
18097380600,NA,2027,91044.86141621068,0.10284055492972533,1.0439814771638978
18097380600,NA,2028,100717.39464254717,0.10623919983928132,1.0761516114107277
18097380700,NA,2024,63906.223669307205,0.08854370220936159,0.12011515285975712
18097380700,NA,2025,68464.76291412962,0.07133169483478308,0.2738030529050658
18097380700,NA,2026,68662.57148704806,0.002889202627730292,0.09806854708396051
18097380700,NA,2027,73870.24268071655,0.07584439500129725,0.42598940773224514
18097380700,NA,2028,79645.4600041613,0.07818056518924021,0.4537164655272304
18097380800,NA,2024,57840.77880185098,0.029396835712523384,-0.2860562928059195
18097380800,NA,2025,59222.95766153891,0.02389626986909965,-0.6169380709302156
18097380800,NA,2026,59199.257036381685,-4.0019320366724287e-4,-0.06610828259346567
18097380800,NA,2027,60559.960470513994,0.022985143771248273,-0.7840566930047085
18097380800,NA,2028,61920.346792190954,0.02246346118966369,-0.7822768102942504
18097380901,NA,2024,94078.55609528084,0.06504427671743107,-0.04125934066274427
18097380901,NA,2025,99296.11434969211,0.05545959112220045,-0.024242880251513055
18097380901,NA,2026,99141.61804311875,-0.0015559149276402895,-0.12379143729929808
18097380901,NA,2027,104230.7020554872,0.0513314601155197,-0.13515704413599638
18097380901,NA,2028,109277.07221479776,0.048415390665066615,-0.206575490167578
18097380902,NA,2024,74021.73809453649,-0.019085922788469878,-0.6189955214844327
18097380902,NA,2025,75439.74216179826,0.01915658972301859,-0.7059396562010177
18097380902,NA,2026,75166.14893964463,-0.0036266457746747527,-0.2271435551369775
18097380902,NA,2027,76130.22486219474,0.012825932100422266,-1.0166198523908194
18097380902,NA,2028,76883.92726298964,0.009900173054252726,-1.0609729115434066
18097381001,NA,2025,33235.5603173892,0.02736477004711002,-0.5518066686329047
18097381001,NA,2026,32450.413968344965,-0.023623683234052173,-1.225214441493783
18097381001,NA,2027,32392.965767757774,-0.001770337988391435,-1.3507554917589384
18097381001,NA,2028,31694.24957830177,-0.021569997463815715,-1.7590874285790306
18097381002,NA,2024,92360.88692223812,0.06827461799067902,-0.019076045711375014
18097381002,NA,2025,96399.84395077763,0.04373016720746792,-0.24449768448922501
18097381002,NA,2026,96862.58282548373,0.0048002035661216524,0.19344839543817435
18097381002,NA,2027,101769.65819944664,0.050660174763292654,-0.15052400836727195
18097381002,NA,2028,107317.20695437925,0.05451083213879526,-0.07135804105627376
18097381003,NA,2024,44342.0678714024,0.00235245425657582,-0.4717745930929422
18097381003,NA,2025,43807.5976958658,-0.0120533434996003,-1.2919989360251405
18097381003,NA,2026,43840.96389337717,7.616532123724262e-4,-0.008119438764831233
18097381003,NA,2027,43373.32636731564,-0.010666679847615601,-1.554409223642631
18097381003,NA,2028,42939.01546086195,-0.010013317926682475,-1.5027213008845806
18097381004,NA,2024,40686.12705130325,0.09725261734906288,0.1799207327996727
18097381004,NA,2025,42793.03115669425,0.05178433677735628,-0.09325670668766946
18097381004,NA,2026,43320.25307700888,0.012320275195840003,0.5687822203703268
18097381004,NA,2027,46199.53221734236,0.06646496582591732,0.2112769130089939
18097381004,NA,2028,49807.27767079512,0.07809051910916276,0.45171893978557187
18097381101,NA,2024,89849.10294392925,0.06081729136377767,-0.07028675755883329
18097381101,NA,2025,95303.54748862395,0.06070672233754615,0.07428760743884588
18097381101,NA,2026,95303.55503079036,7.913835964323823e-8,-0.046130314756857624
18097381101,NA,2027,101089.13746565933,0.06070689003153951,0.07946390013805363
18097381101,NA,2028,107225.95308357192,0.06070697378338319,0.06609327746175862
18097381102,NA,2024,67150.83142379597,0.05303253028581234,-0.12374601666207076
18097381102,NA,2025,70812.90890126018,0.05453510254180549,-0.041602901747465136
18097381102,NA,2026,70806.80819537902,-8.615245406251582e-5,-0.050434214374767444
18097381102,NA,2027,74656.56552259157,0.05436987523275749,-0.06560209813358786
18097381102,NA,2028,78709.8585465419,0.05429251929254342,-0.0762009562586644
18097381201,NA,2025,74636.91738718,0.018289601175784487,-0.7222199436333389
18097381201,NA,2026,74905.78181641201,0.0036022981474070903,0.1336598129815565
18097381201,NA,2027,76597.90690816836,0.02259004646535301,-0.7931012016438785
18097381201,NA,2028,78570.17235820202,0.02574829430258685,-0.7094081335626022
18097381203,NA,2024,46989.43765873329,0.047211732716750054,-0.1637184091755384
18097381203,NA,2025,49202.97167906728,0.047107054917534086,-0.18108657863097793
18097381203,NA,2026,49202.43440932662,-1.0919457145153189e-5,-0.04667926496943045
18097381203,NA,2027,51518.90669519111,0.047080440504085885,-0.23247075148657706
18097381203,NA,2028,53943.59418440655,0.04706403230877898,-0.23655317604316445
18097381204,NA,2024,30263.852052249575,0.021668086295644207,-0.339130910444529
18097381204,NA,2025,30939.314918616856,0.022319130598481562,-0.6465535493911214
18097381204,NA,2026,30939.571803118844,8.302850359243052e-6,-0.04571986158141814
18097381204,NA,2027,31630.65165803092,0.0223364388915821,-0.7989067484236332
18097381204,NA,2028,32337.447175256057,0.022345272075533718,-0.7848986434451811
18097381205,NA,2024,62028.52664187201,0.11269914687819771,0.28599464002350916
18097381205,NA,2025,64209.92853668919,0.035167720610417286,-0.4052830745253439
18097381205,NA,2026,64878.563453956485,0.010413263688422214,0.473601488256003
18097381205,NA,2027,68261.22913598995,0.0521384183303335,-0.11668427695578316
18097381205,NA,2028,72384.09036023471,0.06039828576820949,0.059245536217269884
18097381206,NA,2024,80375.66456497551,0.09868861836316234,0.18978199244738939
18097381206,NA,2025,81492.63670002161,0.01389689455249421,-0.8047060695010612
18097381206,NA,2026,83612.16765788765,0.026008864649552654,1.2519925527405675
18097381206,NA,2027,87070.44147848543,0.04136089181119962,-0.36340180769245506
18097381206,NA,2028,92936.31361358914,0.0673692706215705,0.2138854903088013
18097390101,NA,2025,99674.36726764531,0.04807487188350423,-0.16291293788550643
18097390101,NA,2026,99644.6234427484,-2.984099695064746e-4,-0.06102818595707806
18097390101,NA,2027,104387.83852522496,0.04760131473828899,-0.22054697615104002
18097390101,NA,2028,109332.35445669756,0.0473667814309402,-0.22983717947494792
18097390102,NA,2024,48831.36641397745,0.038965242850584,-0.22034843725635092
18097390102,NA,2025,50189.282591556,0.02780827728772839,-0.5434785016938863
18097390102,NA,2026,50152.062153203995,-7.416013226351215e-4,-0.08314828187335345
18097390102,NA,2027,51462.407918736906,0.026127455368237573,-0.7121233642731072
18097390102,NA,2028,52758.09545113577,0.025177359256971732,-0.7220733983853481
18097390103,NA,2024,84451.67483675075,0.14262853249561291,0.4915247474343707
18097390103,NA,2025,96074.24617709313,0.1376239294579933,1.5186368372033794
18097390103,NA,2026,96079.0891448352,5.0408594756579106e-5,-0.043618324405387335
18097390103,NA,2027,109312.70088804558,0.13773664864017676,1.842817653285872
18097390103,NA,2028,124375.12668714212,0.1377920925631777,1.7761011859569726
18097390104,NA,2024,102410.16183925272,0.08116553534820548,0.06944804439140632
18097390104,NA,2025,109221.60969607472,0.06651144509969176,0.18328853407640328
18097390104,NA,2026,109414.38799225018,0.0017650197310943305,0.041959524817441876
18097390104,NA,2027,117023.9572092939,0.06954815867162467,0.281856904097619
18097390104,NA,2028,125331.19629127944,0.07098750785814123,0.29415019492737426
18097390200,NA,2024,108968.63978598049,0.04252267217079786,-0.1959189738642037
18097390200,NA,2025,112906.9832792181,0.03614199003468066,-0.38698826969299494
18097390200,NA,2026,112844.8015893635,-5.507337814598667e-4,-0.07362190395939912
18097390200,NA,2027,116777.16670560066,0.03484755222085312,-0.5125042068122148
18097390200,NA,2028,120757.280137178,0.03408297652580794,-0.5245167726604204
18097390300,NA,2024,131799.87128831507,0.033092471180885985,-0.2606777446301099
18097390300,NA,2025,143768.11467813276,0.0908061842005663,0.6394944861818891
18097390300,NA,2026,142625.69596581472,-0.007946259258359678,-0.4427395136452458
18097390300,NA,2027,153653.0775486037,0.07731693442836618,0.4596985608216718
18097390300,NA,2028,164540.87168757542,0.07085959040115997,0.29131255432261083
18097390402,NA,2025,98539.38153901164,0.04229223251245817,-0.2714991832037685
18097390402,NA,2026,98539.38593081669,4.456903401894863e-8,-0.04613204014430747
18097390402,NA,2027,102706.84505614238,0.04229231881200901,-0.3420797196147145
18097390402,NA,2028,107050.55988040044,0.04229235959768474,-0.342404969513589
18097390403,NA,2025,130758.64143065969,0.055733793580531765,-0.019093913923728906
18097390403,NA,2026,129257.10327812888,-0.011483280463165824,-0.6192755578525457
18097390403,NA,2027,134808.4016324184,0.04294772367244293,-0.3270762892346551
18097390403,NA,2028,139067.0510640382,0.031590385911049346,-0.5798108388997707
18097390404,NA,2025,77495.55405169513,0.03616771851802225,-0.386505140930412
18097390404,NA,2026,77477.76956074612,-2.294904677646592e-4,-0.057588349014708065
18097390404,NA,2027,80251.77034011351,0.03580382857036746,-0.4906132711475984
18097390404,NA,2028,83110.7656296947,0.035625323621703675,-0.4903023124199096
18097390405,NA,2024,86935.91878404436,0.053309086750561674,-0.1218468570658235
18097390405,NA,2025,90750.47308565794,0.04387777060353182,-0.2417259919200749
18097390405,NA,2026,90777.475996352,2.9755118376706413e-4,-0.03128320609742323
18097390405,NA,2027,94814.19074914305,0.04446824180211029,-0.2922688148363438
18097390405,NA,2028,99057.2435032896,0.04475124156649413,-0.28785867472572296
18097390406,NA,2024,132281.3526487503,0.07649964314052049,0.0374065805647988
18097390406,NA,2025,142401.57597121852,0.07650529057818667,0.37095269349714616
18097390406,NA,2026,142401.57600271332,2.2116886100320698e-10,-0.0461342535878326
18097390406,NA,2027,153296.05002140562,0.07650529105439619,0.44111854167635584
18097390406,NA,2028,165024.0089822851,0.07650529129251438,0.41655324054109105
18097390407,NA,2024,139683.50951340576,0.023269938636156118,-0.32813072194048626
18097390407,NA,2025,142454.40113925922,0.01983692731880793,-0.6931642952740482
18097390407,NA,2026,142548.3051108558,6.59186173579851e-4,-0.013233664731443325
18097390407,NA,2027,145511.33038311102,0.020786113661267036,-0.8343965625273644
18097390407,NA,2028,148610.1369245785,0.021295981098576666,-0.8081754561077511
18097390408,NA,2024,92647.36091496448,0.08646669459582612,0.10585199345648741
18097390408,NA,2025,93009.4937899428,0.003908723048362983,-0.9922636831850478
18097390408,NA,2026,95326.55973108992,0.02491214441377454,1.1972542176230723
18097390408,NA,2027,98242.44750677262,0.030588408769898212,-0.6100038838862923
18097390408,NA,2028,103612.72789538364,0.05466354437312648,-0.0679703686680876
18097390409,NA,2024,93350.47269720194,-0.03915935672685977,-0.7568431567884285
18097390409,NA,2025,91323.39060106211,-0.02171474913378335,-1.4734205490632126
18097390409,NA,2026,91169.83959089188,-0.0016813984802755977,-0.1300544390492494
18097390409,NA,2027,88932.41442809739,-0.024541286601298506,-1.872024653503442
18097390409,NA,2028,86633.46057339208,-0.02585057281407821,-1.8540450263323496
18097390410,NA,2024,121916.39136823284,0.11085550221624452,0.27333402312203114
18097390410,NA,2025,137209.63334073525,0.12544040879877372,1.2898550166101284
18097390410,NA,2026,137129.12101977217,-5.867832964988606e-4,-0.07542116905058037
18097390410,NA,2027,154161.80449750237,0.12420909104547029,1.5331468210463144
18097390410,NA,2028,173220.27863393672,0.12362643391828687,1.461859102721624
18097390411,NA,2024,60724.336346424345,-4.224469724387614e-4,-0.490830304925598
18097390411,NA,2025,61217.67111620896,0.008124168981777036,-0.9131061537455515
18097390411,NA,2026,61181.62406121305,-5.888341444333367e-4,-0.07552352879361249
18097390411,NA,2027,61613.58984827412,0.0070603844485868095,-1.148603909909035
18097390411,NA,2028,62018.076820791655,0.006564898645146311,-1.1349605463405477
18097390500,NA,2024,56083.57870412775,0.10481214081373746,0.23183324746103043
18097390500,NA,2025,61400.70090140728,0.09480711324308189,0.7146238232605331
18097390500,NA,2026,61360.02017732526,-6.625449463083521e-4,-0.07920250401736335
18097390500,NA,2027,67078.68252906993,0.09319850833194354,0.8232571835489075
18097390500,NA,2028,73268.79679737381,0.09228139305838723,0.7665203835110924
18097390600,NA,2025,47316.79024330606,0.02456273455392921,-0.6044232151490968
18097390600,NA,2026,47316.790236398534,-1.4598466879789385e-10,-0.04613427191280947
18097390600,NA,2027,48479.01998043571,0.024562734247834284,-0.7479427269470987
18097390600,NA,2028,49669.79725720683,0.024562734090987748,-0.7357078574252982
18097390601,NA,2024,71573.08919703495,0.09093677804250988,0.13654880570237046
18097390601,NA,2025,74647.50874694207,0.042954965118852106,-0.25905440829032184
18097390601,NA,2026,75683.0886780361,0.013872933584490932,0.6462768561291583
18097390601,NA,2027,80118.52792854738,0.0586054206822888,0.03135737700907126
18097390601,NA,2028,85902.31982010005,0.07219044135098018,0.3208353167603521
18097390700,NA,2024,64106.55966497779,0.09191891781600736,0.1432933241405291
18097390700,NA,2025,70673.3516433025,0.10243556997353953,0.8578707769060923
18097390700,NA,2026,70725.3031188089,7.350928503941923e-4,-0.00944509133088883
18097390700,NA,2027,78097.95980957945,0.10424355026638055,1.0760986373007915
18097390700,NA,2028,86320.50339141952,0.10528499850557549,1.054984207730715
18097390800,NA,2025,66866.13398403944,0.02137040053028194,-0.6643687768877826
18097390800,NA,2026,66857.27876668732,-1.3243202237822604e-4,-0.052744071015427524
18097390800,NA,2027,68271.60131201305,0.021154354042157708,-0.8259668586125017
18097390800,NA,2028,69708.83094946462,0.021051646802353163,-0.8135956148293372
18097390802,NA,2024,76339.37528869073,0.03863095630871749,-0.22264403896812984
18097390802,NA,2025,80877.76120884636,0.05945013177004577,0.05069138383368485
18097390802,NA,2026,80636.46135904481,-0.0029835129730959586,-0.19504419408808008
18097390802,NA,2027,85035.98808961459,0.05456001734724314,-0.06124939318856505
18097390802,NA,2028,89474.19230919826,0.052192069725896406,-0.1227960115328506
18097390900,NA,2024,86897.702911951,0.08283741946356393,0.08092915283113959
18097390900,NA,2025,92259.0045733514,0.06169670177395514,0.09287741445330194
18097390900,NA,2026,92493.56905907982,0.0025424562817815133,0.0807621118909919
18097390900,NA,2027,98603.30801965884,0.0660558244506324,0.20191090962655803
18097390900,NA,2028,105320.46158959669,0.06812300423631457,0.23060584389342706
18097391000,NA,2025,83343.76174520564,0.0609019153642929,0.07795293680260715
18097391000,NA,2026,83343.76174334601,-2.2312818259706546e-11,-0.04613426574023147
18097391000,NA,2027,88419.55646335636,0.06090191531840228,0.08392838993731981
18097391000,NA,2028,93804.476801606,0.06090191529609523,0.07041773766508119
18097391002,NA,2024,112297.3869603245,0.1524063271999312,0.5586705024962632
18097391002,NA,2025,120649.24864823904,0.07437271617785113,0.33090726923054686
18097391002,NA,2026,122959.83259891324,0.019151250227930294,0.9097225881027692
18097391002,NA,2027,135116.5194895776,0.09886713924146795,0.9530226374471206
18097391002,NA,2028,150880.42881911984,0.11666900086749354,1.3075197733152708
