GEOID,NAME,year,call_volume,call_volume_zscore,income_z,white_z,zori_z,stage_score,valid_n,stage_weight,call_volume_zscore_adj
18097310104,NA,2024,743.8523998796909,0.2047503425346345,0.05346121591948595,0.11818535842824245,0.8691160931102765,0.3469208891526683,3,middle,0
18097310104,NA,2025,858.8061327645091,0.40894287918376393,0.05346121591948595,0.11818535842824245,0.8691160931102765,0.3469208891526683,3,middle,0
18097310104,NA,2026,871.9402549765636,0.37885902489895834,0.05346121591948595,0.11818535842824245,0.8691160931102765,0.3469208891526683,3,middle,0
18097310104,NA,2027,1020.4672741034384,0.5288561858650668,0.05346121591948595,0.11818535842824245,0.8691160931102765,0.3469208891526683,3,middle,0
18097310104,NA,2028,1200.171455103368,0.6393514621842524,0.05346121591948595,0.11818535842824245,0.8691160931102765,0.3469208891526683,3,middle,0
18097310105,NA,2024,1015.667505460171,0.9309513664453237,-0.2904230757361831,-0.6250851625688807,0.8691160931102765,-0.015464048398262431,3,middle,0
18097310105,NA,2025,1190.2613449298565,1.2436151068767114,-0.2904230757361831,-0.6250851625688807,0.8691160931102765,-0.015464048398262431,3,middle,0
18097310105,NA,2026,1205.6087052643825,1.1926227732508912,-0.2904230757361831,-0.6250851625688807,0.8691160931102765,-0.015464048398262431,3,middle,0
18097310105,NA,2027,1423.4677308708676,1.406457821874881,-0.2904230757361831,-0.6250851625688807,0.8691160931102765,-0.015464048398262431,3,middle,0
18097310105,NA,2028,1685.2228094573948,1.5537403008904775,-0.2904230757361831,-0.6250851625688807,0.8691160931102765,-0.015464048398262431,3,middle,0
18097310106,NA,2024,776.2754509654156,0.29137412617785224,-0.18779486123435105,-0.6245728494664622,1.00570329772352,0.06444519567423561,3,middle,0
18097310106,NA,2025,894.9538021015713,0.49997012686035996,-0.18779486123435105,-0.6245728494664622,1.00570329772352,0.06444519567423561,3,middle,0
18097310106,NA,2026,907.819240279754,0.4663621063026785,-0.18779486123435105,-0.6245728494664622,1.00570329772352,0.06444519567423561,3,middle,0
18097310106,NA,2027,1059.6793432119828,0.6142470965280983,-0.18779486123435105,-0.6245728494664622,1.00570329772352,0.06444519567423561,3,middle,0
18097310106,NA,2028,1242.5264684573633,0.7191965159636076,-0.18779486123435105,-0.6245728494664622,1.00570329772352,0.06444519567423561,3,middle,0
18097310108,NA,2024,369.6209235621731,-0.7950737132367041,2.135811109226019,0.5614705533327903,1.887144629107467,1.528142097222092,3,super_late,1.5901474264734081
18097310108,NA,2025,403.49855981573023,-0.7376150033003592,2.135811109226019,0.5614705533327903,1.887144629107467,1.528142097222092,3,super_late,1.4752300066007185
18097310108,NA,2026,411.30157348697,-0.7445647203233455,2.135811109226019,0.5614705533327903,1.887144629107467,1.528142097222092,3,super_late,1.489129440646691
18097310108,NA,2027,460.38591960636546,-0.6908156650005616,2.135811109226019,0.5614705533327903,1.887144629107467,1.528142097222092,3,super_late,1.3816313300011231
18097310108,NA,2028,520.5275511295555,-0.64187122590826,2.135811109226019,0.5614705533327903,1.887144629107467,1.528142097222092,3,super_late,1.28374245181652
18097310110,NA,2024,372.67634276071755,-0.7869106328747028,-0.24819469828703444,-0.4875679956312674,0.6459058478304963,-0.02995228202926851,3,middle,0
18097310110,NA,2025,396.3453822358018,-0.7556281720380518,-0.24819469828703444,-0.4875679956312674,0.6459058478304963,-0.02995228202926851,3,middle,0
18097310110,NA,2026,404.7836972924603,-0.7604607733027713,-0.24819469828703444,-0.4875679956312674,0.6459058478304963,-0.02995228202926851,3,middle,0
18097310110,NA,2027,443.44816063836726,-0.727700499077148,-0.24819469828703444,-0.4875679956312674,0.6459058478304963,-0.02995228202926851,3,middle,0
18097310110,NA,2028,491.90515568970767,-0.6958283970248887,-0.24819469828703444,-0.4875679956312674,0.6459058478304963,-0.02995228202926851,3,middle,0
18097310111,NA,2024,455.7285572810634,-0.5650222904519239,-0.5373618133555572,-0.6924678268490981,0.6459058478304963,-0.1946412641247197,3,middle,0
18097310111,NA,2025,484.672361140258,-0.5332027174315545,-0.5373618133555572,-0.6924678268490981,0.6459058478304963,-0.1946412641247197,3,middle,0
18097310111,NA,2026,494.9911680915399,-0.5404592433304711,-0.5373618133555572,-0.6924678268490981,0.6459058478304963,-0.1946412641247197,3,middle,0
18097310111,NA,2027,542.2721580554434,-0.5124945350295531,-0.5373618133555572,-0.6924678268490981,0.6459058478304963,-0.1946412641247197,3,middle,0
18097310111,NA,2028,601.5279689701368,-0.48917424374519314,-0.5373618133555572,-0.6924678268490981,0.6459058478304963,-0.1946412641247197,3,middle,0
18097310112,NA,2024,1557.5918287175557,2.378795839956739,2.6611718412406837,0.31441189572258676,NA,1.4877918684816351,2,late,-2.378795839956739
18097310112,NA,2025,1875.978319854333,2.970391135794802,2.6611718412406837,0.31441189572258676,NA,1.4877918684816351,2,late,-2.970391135794802
18097310112,NA,2026,1900.187488712813,2.8865888460311155,2.6611718412406837,0.31441189572258676,NA,1.4877918684816351,2,late,-2.8865888460311155
18097310112,NA,2027,2293.8838133871586,3.301936016001057,2.6611718412406837,0.31441189572258676,NA,1.4877918684816351,2,late,-3.301936016001057
18097310112,NA,2028,2771.4252561798953,3.6013820298393013,2.6611718412406837,0.31441189572258676,NA,1.4877918684816351,2,late,-3.6013820298393013
18097310113,NA,2024,319.16712659911184,-0.929869750184359,NA,0.8982579702375587,1.6944440490985218,1.2963510096680402,2,late,0.929869750184359
18097310113,NA,2025,384.3990581800162,-0.7857114669943859,NA,0.8982579702375587,1.6944440490985218,1.2963510096680402,2,late,0.7857114669943859
18097310113,NA,2026,389.3581253188617,-0.7980812653177647,NA,0.8982579702375587,1.6944440490985218,1.2963510096680402,2,late,0.7980812653177647
18097310113,NA,2027,470.0168207652198,-0.6698427492846445,NA,0.8982579702375587,1.6944440490985218,1.2963510096680402,2,late,0.6698427492846445
18097310113,NA,2028,567.8505871221131,-0.5526607628575686,NA,0.8982579702375587,1.6944440490985218,1.2963510096680402,2,late,0.5526607628575686
18097310201,NA,2024,618.0316757627243,-0.13140146362711677,0.0217549266483028,-0.916399685164394,0.8691160931102765,-0.008509555135271558,3,middle,0
18097310201,NA,2025,713.5412460824145,0.04313609104967881,0.0217549266483028,-0.916399685164394,0.8691160931102765,-0.008509555135271558,3,middle,0
18097310201,NA,2026,724.4537757992466,0.019163195032408376,0.0217549266483028,-0.916399685164394,0.8691160931102765,-0.008509555135271558,3,middle,0
18097310201,NA,2027,847.8578128029973,0.1529698981841075,0.0217549266483028,-0.916399685164394,0.8691160931102765,-0.008509555135271558,3,middle,0
18097310201,NA,2028,997.165480017944,0.25665714303118836,0.0217549266483028,-0.916399685164394,0.8691160931102765,-0.008509555135271558,3,middle,0
18097310203,NA,2024,1049.5527369113206,1.021481617597939,-0.2610068231786119,-0.9986515395386844,0.8691160931102765,-0.13018075653567326,3,middle,0
18097310203,NA,2025,1227.7514729573095,1.3380229409630793,-0.2610068231786119,-0.9986515395386844,0.8691160931102765,-0.13018075653567326,3,middle,0
18097310203,NA,2026,1243.8607421400145,1.2859133462228334,-0.2610068231786119,-0.9986515395386844,0.8691160931102765,-0.13018075653567326,3,middle,0
18097310203,NA,2027,1466.959145468122,1.5011677309134168,-0.2610068231786119,-0.9986515395386844,0.8691160931102765,-0.13018075653567326,3,middle,0
18097310203,NA,2028,1735.1494469232705,1.647858912544963,-0.2610068231786119,-0.9986515395386844,0.8691160931102765,-0.13018075653567326,3,middle,0
18097310204,NA,2024,629.5715104493986,-0.10057080119087577,0.7659263318470656,-1.6822538419711472,0.8417352639487755,-0.024864082058435377,3,middle,0
18097310204,NA,2025,726.6407567542022,0.07612334650021076,0.7659263318470656,-1.6822538419711472,0.8417352639487755,-0.024864082058435377,3,middle,0
18097310204,NA,2026,737.604050618747,0.051234602801839134,0.7659263318470656,-1.6822538419711472,0.8417352639487755,-0.024864082058435377,3,middle,0
18097310204,NA,2027,862.7528051941805,0.18540626263815546,0.7659263318470656,-1.6822538419711472,0.8417352639487755,-0.024864082058435377,3,middle,0
18097310204,NA,2028,1014.0090509890324,0.2884096021505545,0.7659263318470656,-1.6822538419711472,0.8417352639487755,-0.024864082058435377,3,middle,0
18097310305,NA,2024,693.8272413058444,0.07109948711201086,-0.7486423524904062,-1.92172341983378,0.6459058478304963,-0.67481997483123,3,early,0.07109948711201086
18097310305,NA,2025,737.8930556159535,0.10445894362734086,-0.7486423524904062,-1.92172341983378,0.6459058478304963,-0.67481997483123,3,early,0.10445894362734086
18097310305,NA,2026,753.6029507131833,0.09025335000172044,-0.7486423524904062,-1.92172341983378,0.6459058478304963,-0.67481997483123,3,early,0.09025335000172044
18097310305,NA,2027,825.5862874223799,0.1044698858832688,-0.7486423524904062,-1.92172341983378,0.6459058478304963,-0.67481997483123,3,early,0.1044698858832688
18097310305,NA,2028,915.800746157624,0.10327337482119966,-0.7486423524904062,-1.92172341983378,0.6459058478304963,-0.67481997483123,3,early,0.10327337482119966
18097310306,NA,2024,592.658831892801,-0.19918940042523833,-0.3130090533845873,-2.0363491649949608,0.6459058478304963,-0.5678174568496839,3,early,-0.19918940042523833
18097310306,NA,2025,630.2992810157205,-0.1664842554395352,-0.3130090533845873,-2.0363491649949608,0.6459058478304963,-0.5678174568496839,3,early,-0.1664842554395352
18097310306,NA,2026,643.7184987252957,-0.17773717609725187,-0.3130090533845873,-2.0363491649949608,0.6459058478304963,-0.5678174568496839,3,early,-0.17773717609725187
18097310306,NA,2027,705.2057770099394,-0.15767903009828907,-0.3130090533845873,-2.0363491649949608,0.6459058478304963,-0.5678174568496839,3,early,-0.15767903009828907
18097310306,NA,2028,782.2658691682581,-0.14845832327847244,-0.3130090533845873,-2.0363491649949608,0.6459058478304963,-0.5678174568496839,3,early,-0.14845832327847244
18097310308,NA,2024,423.7258562303499,-0.6505230363405835,0.06298050117354892,-1.2158907398168597,-2.2205420605728987,-1.1244840997387364,3,early,-0.6505230363405835
18097310308,NA,2025,455.3382579076402,-0.6070720077425782,0.06298050117354892,-1.2158907398168597,-2.2205420605728987,-1.1244840997387364,3,early,-0.6070720077425782
18097310308,NA,2026,463.1027025910418,-0.6182300879892716,0.06298050117354892,-1.2158907398168597,-2.2205420605728987,-1.1244840997387364,3,early,-0.6182300879892716
18097310308,NA,2027,509.2972183974868,-0.5843030417078673,0.06298050117354892,-1.2158907398168597,-2.2205420605728987,-1.1244840997387364,3,early,-0.5843030417078673
18097310308,NA,2028,565.4575452664405,-0.5571719774820447,0.06298050117354892,-1.2158907398168597,-2.2205420605728987,-1.1244840997387364,3,early,-0.5571719774820447
18097310309,NA,2024,446.55281713593587,-0.589536865807476,-0.7652486481801548,-1.1584247107668952,0.6459058478304963,-0.42592250370551793,3,middle,0
18097310309,NA,2025,474.9138563110069,-0.5577766347085595,-0.7652486481801548,-1.1584247107668952,0.6459058478304963,-0.42592250370551793,3,middle,0
18097310309,NA,2026,485.0249037005466,-0.5647653611575698,-0.7652486481801548,-1.1584247107668952,0.6459058478304963,-0.42592250370551793,3,middle,0
18097310309,NA,2027,531.3539260002578,-0.5362708314407885,-0.7652486481801548,-1.1584247107668952,0.6459058478304963,-0.42592250370551793,3,middle,0
18097310309,NA,2028,589.4166665860778,-0.5120057225623758,-0.7652486481801548,-1.1584247107668952,0.6459058478304963,-0.42592250370551793,3,middle,0
18097310310,NA,2024,403.73269477961617,-0.7039382219526124,0.2785018334012472,-1.108270186209165,0.6459058478304963,-0.06128750165914052,3,middle,0
18097310310,NA,2025,429.3741674354801,-0.6724549145095057,0.2785018334012472,-1.108270186209165,0.6459058478304963,-0.06128750165914052,3,middle,0
18097310310,NA,2026,438.51566920635736,-0.6781939126502973,0.2785018334012472,-1.108270186209165,0.6459058478304963,-0.06128750165914052,3,middle,0
18097310310,NA,2027,480.4021764577897,-0.6472268812544923,0.2785018334012472,-1.108270186209165,0.6459058478304963,-0.06128750165914052,3,middle,0
18097310310,NA,2028,532.8972555340573,-0.6185526235705036,0.2785018334012472,-1.108270186209165,0.6459058478304963,-0.06128750165914052,3,middle,0
18097310311,NA,2024,699.8664141820608,0.08723418101327934,0.9215799534353052,-1.3158593002457777,-2.8308561042116924,-1.0750451503407217,3,early,0.08723418101327934
18097310311,NA,2025,752.8889402212104,0.14222165771449247,0.9215799534353052,-1.3158593002457777,-2.8308561042116924,-1.0750451503407217,3,early,0.14222165771449247
18097310311,NA,2026,765.5176098549126,0.11931128962755515,0.9215799534353052,-1.3158593002457777,-2.8308561042116924,-1.0750451503407217,3,early,0.11931128962755515
18097310311,NA,2027,842.3297613256964,0.1409316313807885,0.9215799534353052,-1.3158593002457777,-2.8308561042116924,-1.0750451503407217,3,early,0.1409316313807885
18097310311,NA,2028,935.5102495381684,0.1404285126140086,0.9215799534353052,-1.3158593002457777,-2.8308561042116924,-1.0750451503407217,3,early,0.1404285126140086
18097310312,NA,2024,734.0593258301487,0.17858645297881642,-0.5033498118193019,-1.6508879030978745,0.6459058478304963,-0.5027772890288934,3,early,0.17858645297881642
18097310312,NA,2025,780.6803481005586,0.21220612461678734,-0.5033498118193019,-1.6508879030978745,0.6459058478304963,-0.5027772890288934,3,early,0.21220612461678734
18097310312,NA,2026,797.3011847048805,0.19682632283978654,-0.5033498118193019,-1.6508879030978745,0.6459058478304963,-0.5027772890288934,3,early,0.19682632283978654
18097310312,NA,2027,873.458536977773,0.20871980377735336,-0.5033498118193019,-1.6508879030978745,0.6459058478304963,-0.5027772890288934,3,early,0.20871980377735336
18097310312,NA,2028,968.904150831318,0.20338063170246837,-0.5033498118193019,-1.6508879030978745,0.6459058478304963,-0.5027772890288934,3,early,0.20338063170246837
18097320105,NA,2024,493.03377881398086,-0.4653549448253265,0.5255239999579467,-0.3452721653062927,NA,0.09012591732582703,2,middle,0
18097320105,NA,2025,558.9212003912706,-0.346228906833148,0.5255239999579467,-0.3452721653062927,NA,0.09012591732582703,2,middle,0
18097320105,NA,2026,563.6210564793565,-0.37308197054585496,0.5255239999579467,-0.3452721653062927,NA,0.09012591732582703,2,middle,0
18097320105,NA,2027,642.4074396707389,-0.29443302792163045,0.5255239999579467,-0.3452721653062927,NA,0.09012591732582703,2,middle,0
18097320105,NA,2028,733.7209474352095,-0.23997220981875933,0.5255239999579467,-0.3452721653062927,NA,0.09012591732582703,2,middle,0
18097320106,NA,2024,254.3214046403946,-1.10311630166678,-0.03591170369846454,-0.5216319258390107,NA,-0.27877181476873764,2,middle,0
18097320106,NA,2025,288.30805523232993,-1.027688327058317,-0.03591170369846454,-0.5216319258390107,NA,-0.27877181476873764,2,middle,0
18097320106,NA,2026,290.73238753766117,-1.0386135961137235,-0.03591170369846454,-0.5216319258390107,NA,-0.27877181476873764,2,middle,0
18097320106,NA,2027,331.3727158699036,-0.9717637303555514,-0.03591170369846454,-0.5216319258390107,NA,-0.27877181476873764,2,middle,0
18097320106,NA,2028,378.47490913517873,-0.9096600882265061,-0.03591170369846454,-0.5216319258390107,NA,-0.27877181476873764,2,middle,0
18097320107,NA,2024,103.8514059084989,-1.5051229043299612,1.6867940929220229,1.457400150427422,NA,1.5720971216747226,2,super_late,3.0102458086599224
18097320107,NA,2025,117.72973916814465,-1.4572395238407652,1.6867940929220229,1.457400150427422,NA,1.5720971216747226,2,super_late,2.9144790476815303
18097320107,NA,2026,118.71971238785233,-1.4581248779661389,1.6867940929220229,1.457400150427422,NA,1.5720971216747226,2,super_late,2.9162497559322778
18097320107,NA,2027,135.3150621647344,-1.3987124217392883,1.6867940929220229,1.457400150427422,NA,1.5720971216747226,2,super_late,2.7974248434785767
18097320107,NA,2028,154.54909767986547,-1.3317911901294346,1.6867940929220229,1.457400150427422,NA,1.5720971216747226,2,super_late,2.663582380258869
18097320108,NA,2024,636.2195609358813,-0.08280938554039695,-0.9016939786359256,-0.4114288333672111,NA,-0.6565614060015683,2,early,-0.08280938554039695
18097320108,NA,2025,721.2418904341185,0.06252789344046912,-0.9016939786359256,-0.4114288333672111,NA,-0.6565614060015683,2,early,0.06252789344046912
18097320108,NA,2026,727.3066612772031,0.026120924413649355,-0.9016939786359256,-0.4114288333672111,NA,-0.6565614060015683,2,early,0.026120924413649355
18097320108,NA,2027,828.9740292337746,0.11184726649446396,-0.9016939786359256,-0.4114288333672111,NA,-0.6565614060015683,2,early,0.11184726649446396
18097320108,NA,2028,946.8066182857496,0.16172372889982675,-0.9016939786359256,-0.4114288333672111,NA,-0.6565614060015683,2,early,0.16172372889982675
18097320109,NA,2024,273.0521080361239,-1.0530739909000641,-0.00766523781831009,1.0307832000018555,NA,0.5115589810917727,2,late,1.0530739909000641
18097320109,NA,2025,309.54186947615375,-0.9742172263279132,-0.00766523781831009,1.0307832000018555,NA,0.5115589810917727,2,late,0.9742172263279132
18097320109,NA,2026,312.14475243344265,-0.986392277905064,-0.00766523781831009,1.0307832000018555,NA,0.5115589810917727,2,late,0.986392277905064
18097320109,NA,2027,355.778231986671,-0.9186165924005703,-0.00766523781831009,1.0307832000018555,NA,0.5115589810917727,2,late,0.9186165924005703
18097320109,NA,2028,406.3494907363517,-0.8571126495461984,-0.00766523781831009,1.0307832000018555,NA,0.5115589810917727,2,late,0.8571126495461984
18097320202,NA,2024,121.33336770225472,-1.4584168225340983,0.8239518204116029,1.0946475914552565,0.26392334211635543,0.7275075846610716,3,late,1.4584168225340983
18097320202,NA,2025,124.58550865033692,-1.43997528971131,0.8239518204116029,1.0946475914552565,0.26392334211635543,0.7275075846610716,3,late,1.43997528971131
18097320202,NA,2026,128.31426260594364,-1.4347253112930234,0.8239518204116029,1.0946475914552565,0.26392334211635543,0.7275075846610716,3,late,1.4347253112930234
18097320202,NA,2027,137.74298570311632,-1.3934252077086093,0.8239518204116029,1.0946475914552565,0.26392334211635543,0.7275075846610716,3,late,1.3934252077086093
18097320202,NA,2028,150.74095824983496,-1.3389700592528788,0.8239518204116029,1.0946475914552565,0.26392334211635543,0.7275075846610716,3,late,1.3389700592528788
18097320206,NA,2024,0.07047408825338013,-1.7823915969190607,-0.8108563471959448,-0.5872691269400112,NA,-0.6990627370679781,2,early,-1.7823915969190607
18097320206,NA,2025,0.07042457952191798,-1.7535298177086442,-0.8108563471959448,-0.5872691269400112,NA,-0.6990627370679781,2,early,-1.7535298177086442
18097320206,NA,2026,0.07042459111537287,-1.7474914305828895,-0.8108563471959448,-0.5872691269400112,NA,-0.6990627370679781,2,early,-1.7474914305828895
18097320206,NA,2027,0.07037511715613091,-1.693230595655618,-0.8108563471959448,-0.5872691269400112,NA,-0.6990627370679781,2,early,-1.693230595655618
18097320206,NA,2028,0.07032567795282584,-1.623005024845367,-0.8108563471959448,-0.5872691269400112,NA,-0.6990627370679781,2,early,-1.623005024845367
18097320301,NA,2024,12.368919991065743,-1.74953417353172,0.555763318423619,1.4608482309102369,0.26392334211635543,0.7601782971500705,3,late,1.74953417353172
18097320301,NA,2025,12.700425710861794,-1.721724883608525,0.555763318423619,1.4608482309102369,0.26392334211635543,0.7601782971500705,3,late,1.721724883608525
18097320301,NA,2026,13.080542500724968,-1.7157618430012884,0.555763318423619,1.4608482309102369,0.26392334211635543,0.7601782971500705,3,late,1.7157618430012884
18097320301,NA,2027,14.04169899839689,-1.6628056755606122,0.555763318423619,1.4608482309102369,0.26392334211635543,0.7601782971500705,3,late,1.6628056755606122
18097320301,NA,2028,15.366708870145215,-1.5941692285158393,0.555763318423619,1.4608482309102369,0.26392334211635543,0.7601782971500705,3,late,1.5941692285158393
18097320305,NA,2024,9.718455658195774,-1.7566153469943147,2.079962392544095,0.9475760425797362,0.26392334211635543,1.0971539257467289,3,late,1.7566153469943147
18097320305,NA,2025,9.978934219341127,-1.7285781575426873,2.079962392544095,0.9475760425797362,0.26392334211635543,1.0971539257467289,3,late,1.7285781575426873
18097320305,NA,2026,10.277600509442264,-1.7225977682416633,2.079962392544095,0.9475760425797362,0.26392334211635543,1.0971539257467289,3,late,1.7225977682416633
18097320305,NA,2027,11.032810430606045,-1.6693580391753968,2.079962392544095,0.9475760425797362,0.26392334211635543,1.0971539257467289,3,late,1.6693580391753968
18097320305,NA,2028,12.073909565808158,-1.6003766102805912,2.079962392544095,0.9475760425797362,0.26392334211635543,1.0971539257467289,3,late,1.6003766102805912
18097320306,NA,2024,4.711979383909905,-1.7699910134746843,0.20761978989081395,1.024628778467149,0.26392334211635543,0.49872397015810616,3,middle,0
18097320306,NA,2025,4.838270836817566,-1.7415234026310948,0.20761978989081395,1.024628778467149,0.26392334211635543,0.49872397015810616,3,middle,0
18097320306,NA,2026,4.9830792891399645,-1.7355102549638737,0.20761978989081395,1.024628778467149,0.26392334211635543,0.49872397015810616,3,middle,0
18097320306,NA,2027,5.3492412090721215,-1.6817349721625265,0.20761978989081395,1.024628778467149,0.26392334211635543,0.49872397015810616,3,middle,0
18097320306,NA,2028,5.85401646335573,-1.6121019683891211,0.20761978989081395,1.024628778467149,0.26392334211635543,0.49872397015810616,3,middle,0
18097320400,NA,2024,452.6439862113464,-0.5732632550751742,0.30847059123966325,0.3297287601805839,0.26392334211635543,0.3007075645122009,3,middle,0
18097320400,NA,2025,464.7765737688331,-0.58330439197915,0.30847059123966325,0.3297287601805839,0.26392334211635543,0.3007075645122009,3,middle,0
18097320400,NA,2026,478.6869009259868,-0.5802227317613587,0.30847059123966325,0.3297287601805839,0.26392334211635543,0.3007075645122009,3,middle,0
18097320400,NA,2027,513.8616121878063,-0.5743633024581694,0.30847059123966325,0.3297287601805839,0.26392334211635543,0.3007075645122009,3,middle,0
18097320400,NA,2028,562.3516360400494,-0.5630270456210236,0.30847059123966325,0.3297287601805839,0.26392334211635543,0.3007075645122009,3,middle,0
18097320500,NA,2024,474.1423620116424,-0.5158266292288993,0.5117026103534607,0.6063711955938076,0.26392334211635543,0.46066571602120787,3,middle,0
18097320500,NA,2025,486.85119495332,-0.5277159668668538,0.5117026103534607,0.6063711955938076,0.26392334211635543,0.46066571602120787,3,middle,0
18097320500,NA,2026,501.4221916978104,-0.5247750098613967,0.5117026103534607,0.6063711955938076,0.26392334211635543,0.46066571602120787,3,middle,0
18097320500,NA,2027,538.2675328167235,-0.521215283609585,0.5117026103534607,0.6063711955938076,0.26392334211635543,0.46066571602120787,3,middle,0
18097320500,NA,2028,589.0605967953221,-0.5126769633280078,0.5117026103534607,0.6063711955938076,0.26392334211635543,0.46066571602120787,3,middle,0
18097320600,NA,2024,253.268631544815,-1.1059289669096584,-0.02320001250674374,0.6609355648770057,0.26392334211635543,0.30055296482887245,3,middle,0
18097320600,NA,2025,260.0571461124508,-1.0988299123584673,-0.02320001250674374,0.6609355648770057,0.26392334211635543,0.30055296482887245,3,middle,0
18097320600,NA,2026,267.8404369966616,-1.0944433860242229,-0.02320001250674374,0.6609355648770057,0.26392334211635543,0.30055296482887245,3,middle,0
18097320600,NA,2027,287.52177778519933,-1.0672565625780974,-0.02320001250674374,0.6609355648770057,0.26392334211635543,0.30055296482887245,3,middle,0
18097320600,NA,2028,314.6534726137159,-1.0299723164093177,-0.02320001250674374,0.6609355648770057,0.26392334211635543,0.30055296482887245,3,middle,0
18097320700,NA,2024,459.9267422539064,-0.5538061138552101,1.9814961651455292,1.3243640772562573,0.2648157813151653,1.1902253412389838,3,late,0.5538061138552101
18097320700,NA,2025,472.2716327447824,-0.564430295743714,1.9814961651455292,1.3243640772562573,0.2648157813151653,1.1902253412389838,3,late,0.564430295743714
18097320700,NA,2026,486.402046924702,-0.5614067300639213,1.9814961651455292,1.3243640772562573,0.2648157813151653,1.1902253412389838,3,late,0.5614067300639213
18097320700,NA,2027,522.1556789787112,-0.5563015696173218,1.9814961651455292,1.3243640772562573,0.2648157813151653,1.1902253412389838,3,late,0.5563015696173218
18097320700,NA,2028,571.4375126263741,-0.5458989125567176,1.9814961651455292,1.3243640772562573,0.2648157813151653,1.1902253412389838,3,late,0.5458989125567176
18097320800,NA,2024,151.56324947136653,-1.3776524696974668,4.104515199714951,1.5599615886618212,-2.983482588880773,0.8936647331653332,3,late,1.3776524696974668
18097320800,NA,2025,169.3712147241695,-1.3271956932969398,4.104515199714951,1.5599615886618212,-2.983482588880773,0.8936647331653332,3,late,1.3271956932969398
18097320800,NA,2026,171.1615999981518,-1.3302275385695106,4.104515199714951,1.5599615886618212,-2.983482588880773,0.8936647331653332,3,late,1.3302275385695106
18097320800,NA,2027,193.33445438078704,-1.2723653849703263,4.104515199714951,1.5599615886618212,-2.983482588880773,0.8936647331653332,3,late,1.2723653849703263
18097320800,NA,2028,219.2777882589955,-1.20976866266232,4.104515199714951,1.5599615886618212,-2.983482588880773,0.8936647331653332,3,late,1.20976866266232
18097320901,NA,2024,566.7078604506023,-0.2685219049325048,0.6753494682087676,-0.02539306707427817,NA,0.32497820056724475,2,middle,0
18097320901,NA,2025,642.4408589044466,-0.135909271272338,0.6753494682087676,-0.02539306707427817,NA,0.32497820056724475,2,middle,0
18097320901,NA,2026,647.8430115230807,-0.16767815196249825,0.6753494682087676,-0.02539306707427817,NA,0.32497820056724475,2,middle,0
18097320901,NA,2027,738.4024592628648,-0.08538764142604707,0.6753494682087676,-0.02539306707427817,NA,0.32497820056724475,2,middle,0
18097320901,NA,2028,843.3609593244752,-0.03328563478450054,0.6753494682087676,-0.02539306707427817,NA,0.32497820056724475,2,middle,0
18097320902,NA,2024,432.88742193731895,-0.6260463304458992,-0.6057898790376854,-1.023761942261602,NA,-0.8147759106496437,2,early,-0.6260463304458992
18097320902,NA,2025,490.7370712142963,-0.5179305331906133,-0.6057898790376854,-1.023761942261602,NA,-0.8147759106496437,2,early,-0.5179305331906133
18097320902,NA,2026,494.86358321576705,-0.5407704023467114,-0.6057898790376854,-1.023761942261602,NA,-0.8147759106496437,2,early,-0.5407704023467114
18097320902,NA,2027,564.0386231581898,-0.46509437688197885,-0.6057898790376854,-1.023761942261602,NA,-0.8147759106496437,2,early,-0.46509437688197885
18097320902,NA,2028,644.2125752899324,-0.4087078616744341,-0.6057898790376854,-1.023761942261602,NA,-0.8147759106496437,2,early,-0.4087078616744341
18097320903,NA,2024,411.10879631986506,-0.6842316921055727,-0.7788376750858182,-1.290913977870188,-3.2995749643585763,-1.7897755391048609,3,super_early,-1.3684633842111453
18097320903,NA,2025,466.07789923392573,-0.580027387469833,-0.7788376750858182,-1.290913977870188,-3.2995749643585763,-1.7897755391048609,3,super_early,-1.160054774939666
18097320903,NA,2026,470.0031888753328,-0.6014009104649597,-0.7788376750858182,-1.290913977870188,-3.2995749643585763,-1.7897755391048609,3,super_early,-1.2028018209299194
18097320903,NA,2027,535.7442143748698,-0.5267102361724366,-0.7788376750858182,-1.290913977870188,-3.2995749643585763,-1.7897755391048609,3,super_early,-1.0534204723448732
18097320903,NA,2028,611.946044958666,-0.4695347306932381,-0.7788376750858182,-1.290913977870188,-3.2995749643585763,-1.7897755391048609,3,super_early,-0.9390694613864762
18097321001,NA,2024,441.2154585406785,-0.6037965415844234,0.4089404043140132,-0.8090635849793331,-3.2808762464362107,-1.2269998090338434,3,early,-0.6037965415844234
18097321001,NA,2025,475.4873748239368,-0.5563323974262941,0.4089404043140132,-0.8090635849793331,-3.2808762464362107,-1.2269998090338434,3,early,-0.5563323974262941
18097321001,NA,2026,483.4161797251666,-0.5686887805013513,0.4089404043140132,-0.8090635849793331,-3.2808762464362107,-1.2269998090338434,3,early,-0.5686887805013513
18097321001,NA,2027,532.7142858181401,-0.5333084179206856,0.4089404043140132,-0.8090635849793331,-3.2808762464362107,-1.2269998090338434,3,early,-0.5333084179206856
18097321001,NA,2028,592.4406859360114,-0.5063050281579793,0.4089404043140132,-0.8090635849793331,-3.2808762464362107,-1.2269998090338434,3,early,-0.5063050281579793
18097321002,NA,2024,809.7651300313039,0.38084759078222313,1.1975333313642351,0.5189408793629706,-3.3094246539333723,-0.5309834810687222,3,early,0.38084759078222313
18097321002,NA,2025,871.3196698057935,0.4404545328106096,1.1975333313642351,0.5189408793629706,-3.3094246539333723,-0.5309834810687222,3,early,0.4404545328106096
18097321002,NA,2026,886.0019079007556,0.4131531374581287,1.1975333313642351,0.5189408793629706,-3.3094246539333723,-0.5309834810687222,3,early,0.4131531374581287
18097321002,NA,2027,975.1270432254784,0.43012016676788856,1.1975333313642351,0.5189408793629706,-3.3094246539333723,-0.5309834810687222,3,early,0.43012016676788856
18097321002,NA,2028,1083.273047169405,0.41898180747068886,1.1975333313642351,0.5189408793629706,-3.3094246539333723,-0.5309834810687222,3,early,0.41898180747068886
18097321100,NA,2024,707.756005262847,0.1083125868982944,0.8503925079672808,0.4078437717368629,-2.9371403256570643,-0.5596346819843069,3,early,0.1083125868982944
18097321100,NA,2025,763.0442464151791,0.1677948022381496,0.8503925079672808,0.4078437717368629,-2.9371403256570643,-0.5596346819843069,3,early,0.1677948022381496
18097321100,NA,2026,772.1329525027924,0.13544504762933032,0.8503925079672808,0.4078437717368629,-2.9371403256570643,-0.5596346819843069,3,early,0.13544504762933032
18097321100,NA,2027,845.255110576701,0.14730207400801187,0.8503925079672808,0.4078437717368629,-2.9371403256570643,-0.5596346819843069,3,early,0.14730207400801187
18097321100,NA,2028,931.1521461334764,0.13221288539143336,0.8503925079672808,0.4078437717368629,-2.9371403256570643,-0.5596346819843069,3,early,0.13221288539143336
18097321200,NA,2024,817.7831215532382,0.40226904063322083,2.2001028066969277,1.4819841034494765,NA,1.8410434550732022,2,super_late,-0.8045380812664417
18097321200,NA,2025,849.5272858256141,0.3855768388843405,2.2001028066969277,1.4819841034494765,NA,1.8410434550732022,2,super_late,-0.771153677768681
18097321200,NA,2026,869.0941414939866,0.3719178113265665,2.2001028066969277,1.4819841034494765,NA,1.8410434550732022,2,super_late,-0.743835622653133
18097321200,NA,2027,934.0309356339786,0.3406264437452639,2.2001028066969277,1.4819841034494765,NA,1.8410434550732022,2,super_late,-0.6812528874905278
18097321200,NA,2028,1018.6114197317124,0.29708570329353873,2.2001028066969277,1.4819841034494765,NA,1.8410434550732022,2,super_late,-0.5941714065870775
18097321300,NA,2024,456.7661484464652,-0.5622501863589364,1.3803286027374666,1.4763848953662555,0.26392334211635543,1.040212280073359,3,late,0.5622501863589364
18097321300,NA,2025,469.0087693931681,-0.5726468550928877,1.3803286027374666,1.4763848953662555,0.26392334211635543,1.040212280073359,3,late,0.5726468550928877
18097321300,NA,2026,483.0456763880357,-0.5695923786214028,1.3803286027374666,1.4763848953662555,0.26392334211635543,1.040212280073359,3,late,0.5695923786214028
18097321300,NA,2027,518.5400636790301,-0.564175183279287,1.3803286027374666,1.4763848953662555,0.26392334211635543,1.040212280073359,3,late,0.564175183279287
18097321300,NA,2028,567.4708586381279,-0.5533766035296503,1.3803286027374666,1.4763848953662555,0.26392334211635543,1.040212280073359,3,late,0.5533766035296503
18097321400,NA,2024,882.9059440895545,0.5762559141913739,0.18351354659001723,0.7319654336182482,0.26392334211635543,0.39313410744154026,3,middle,0
18097321400,NA,2025,906.5714039394876,0.5292256318293569,0.18351354659001723,0.7319654336182482,0.26392334211635543,0.39313410744154026,3,middle,0
18097321400,NA,2026,933.7041388735364,0.5294912157141805,0.18351354659001723,0.7319654336182482,0.26392334211635543,0.39313410744154026,3,middle,0
18097321400,NA,2027,1002.314358927819,0.48932514368149727,0.18351354659001723,0.7319654336182482,0.26392334211635543,0.39313410744154026,3,middle,0
18097321400,NA,2028,1096.896736188696,0.44466434411226685,0.18351354659001723,0.7319654336182482,0.26392334211635543,0.39313410744154026,3,middle,0
18097321600,NA,2024,856.4747153140023,0.5056403192301125,-0.24909351440325975,-0.2324146847433752,0.4318046924904609,-0.016567835552058024,3,middle,0
18097321600,NA,2025,893.1985874035832,0.49555013613980886,-0.24909351440325975,-0.2324146847433752,0.4318046924904609,-0.016567835552058024,3,middle,0
18097321600,NA,2026,905.9051538948916,0.4616939570968681,-0.24909351440325975,-0.2324146847433752,0.4318046924904609,-0.016567835552058024,3,middle,0
18097321600,NA,2027,965.2937295220116,0.40870646351111944,-0.24909351440325975,-0.2324146847433752,0.4318046924904609,-0.016567835552058024,3,middle,0
18097321600,NA,2028,1038.031884604128,0.33369596355241865,-0.24909351440325975,-0.2324146847433752,0.4318046924904609,-0.016567835552058024,3,middle,0
18097321700,NA,2024,1073.4140168533456,1.0852311501660898,2.0706049044396737,1.2165501779188514,0.8766553548823476,1.3879368124136242,3,late,-1.0852311501660898
18097321700,NA,2025,1111.6944224851957,1.045767476871272,2.0706049044396737,1.2165501779188514,0.8766553548823476,1.3879368124136242,3,late,-1.045767476871272
18097321700,NA,2026,1134.7262494057948,1.0197518502669554,2.0706049044396737,1.2165501779188514,0.8766553548823476,1.3879368124136242,3,late,-1.0197518502669554
18097321700,NA,2027,1212.5423576141786,0.947132157256896,2.0706049044396737,1.2165501779188514,0.8766553548823476,1.3879368124136242,3,late,-0.947132157256896
18097321700,NA,2028,1313.1845714919862,0.8523968053743184,2.0706049044396737,1.2165501779188514,0.8766553548823476,1.3879368124136242,3,late,-0.8523968053743184
18097321800,NA,2024,651.4605920728947,-0.042090337224383774,2.1868648745604213,1.7172611533364472,0.48515268858437993,1.4630929054937496,3,late,0.042090337224383774
18097321800,NA,2025,685.7129942443452,-0.026941156499817067,2.1868648745604213,1.7172611533364472,0.48515268858437993,1.4630929054937496,3,late,0.026941156499817067
18097321800,NA,2026,695.7557564746498,-0.05082666393003073,2.1868648745604213,1.7172611533364472,0.48515268858437993,1.4630929054937496,3,late,0.05082666393003073
18097321800,NA,2027,747.8615368162715,-0.06478890066381489,2.1868648745604213,1.7172611533364472,0.48515268858437993,1.4630929054937496,3,late,0.06478890066381489
18097321800,NA,2028,811.1072888442009,-0.09408826120690927,2.1868648745604213,1.7172611533364472,0.48515268858437993,1.4630929054937496,3,late,0.09408826120690927
18097321900,NA,2024,891.1896794725806,0.5983873446875263,2.4097098235047105,1.2318822828541998,-0.26150001912150034,1.1266973624124699,3,late,-0.5983873446875263
18097321900,NA,2025,958.9124954823056,0.6610312389655956,2.4097098235047105,1.2318822828541998,-0.26150001912150034,1.1266973624124699,3,late,-0.6610312389655956
18097321900,NA,2026,960.6523296619008,0.5952135239765479,2.4097098235047105,1.2318822828541998,-0.26150001912150034,1.1266973624124699,3,late,-0.5952135239765479
18097321900,NA,2027,1033.695454052958,0.5576627843941354,2.4097098235047105,1.2318822828541998,-0.26150001912150034,1.1266973624124699,3,late,-0.5576627843941354
18097321900,NA,2028,1112.3111437067075,0.47372263260732733,2.4097098235047105,1.2318822828541998,-0.26150001912150034,1.1266973624124699,3,late,-0.47372263260732733
18097322000,NA,2024,1062.7651397650966,1.0567808349105388,-0.2562922197477396,-0.32974647601664525,-0.264455910048877,-0.28349820193775394,3,middle,0
18097322000,NA,2025,1143.6771059333057,1.1263064355644767,-0.2562922197477396,-0.32974647601664525,-0.264455910048877,-0.28349820193775394,3,middle,0
18097322000,NA,2026,1145.7161395555902,1.0465544268802347,-0.2562922197477396,-0.32974647601664525,-0.264455910048877,-0.28349820193775394,3,middle,0
18097322000,NA,2027,1232.9189143143549,0.991505554844982,-0.2562922197477396,-0.32974647601664525,-0.264455910048877,-0.28349820193775394,3,middle,0
18097322000,NA,2028,1326.7478543368488,0.8779654680287599,-0.2562922197477396,-0.32974647601664525,-0.264455910048877,-0.28349820193775394,3,middle,0
18097322100,NA,2024,544.981926854869,-0.3265664907510281,1.6349761879544311,-0.02620842698814381,0.4183524045045047,0.6757067218235974,3,late,0.3265664907510281
18097322100,NA,2025,574.8520984793487,-0.30611163696293664,1.6349761879544311,-0.02620842698814381,0.4183524045045047,0.6757067218235974,3,late,0.30611163696293664
18097322100,NA,2026,577.3611503047482,-0.3395720889720556,1.6349761879544311,-0.02620842698814381,0.4183524045045047,0.6757067218235974,3,late,0.3395720889720556
18097322100,NA,2027,612.5878474307602,-0.35937023207485885,1.6349761879544311,-0.02620842698814381,0.4183524045045047,0.6757067218235974,3,late,0.35937023207485885
18097322100,NA,2028,651.5783238669852,-0.394822407635154,1.6349761879544311,-0.02620842698814381,0.4183524045045047,0.6757067218235974,3,late,0.394822407635154
18097322200,NA,2024,401.9727924929685,-0.7086401050205785,1.2263237155406854,0.7785030701491787,0.4183524045045047,0.8077263967314563,3,late,0.7086401050205785
18097322200,NA,2025,424.0049041264712,-0.6859758211138188,1.2263237155406854,0.7785030701491787,0.4183524045045047,0.8077263967314563,3,late,0.6859758211138188
18097322200,NA,2026,425.85557696919176,-0.7090698438464005,1.2263237155406854,0.7785030701491787,0.4183524045045047,0.8077263967314563,3,late,0.7090698438464005
18097322200,NA,2027,451.83865664558806,-0.7094287753130226,1.2263237155406854,0.7785030701491787,0.4183524045045047,0.8077263967314563,3,late,0.7094287753130226
18097322200,NA,2028,480.5979014502663,-0.7171441339672755,1.2263237155406854,0.7785030701491787,0.4183524045045047,0.8077263967314563,3,late,0.7171441339672755
18097322300,NA,2024,527.8036202937785,-0.37246130512153414,1.294614729823745,1.1309839519926268,0.4183524045045047,0.9479836954402922,3,late,0.37246130512153414
18097322300,NA,2025,556.7322529281922,-0.35174112564357074,1.294614729823745,1.1309839519926268,0.4183524045045047,0.9479836954402922,3,late,0.35174112564357074
18097322300,NA,2026,559.1622185523483,-0.3839563599633923,1.294614729823745,1.1309839519926268,0.4183524045045047,0.9479836954402922,3,late,0.3839563599633923
18097322300,NA,2027,593.2785363589531,-0.4014195218517678,1.294614729823745,1.1309839519926268,0.4183524045045047,0.9479836954402922,3,late,0.4014195218517678
18097322300,NA,2028,631.0399966482996,-0.4335399929091358,1.294614729823745,1.1309839519926268,0.4183524045045047,0.9479836954402922,3,late,0.4335399929091358
18097322400,NA,2024,748.5448614654855,0.21728706451330562,-0.35868658533121744,0.3271357336906861,0.4183524045045047,0.12893385095465779,3,middle,0
18097322400,NA,2025,789.5722699511097,0.23459780815974712,-0.35868658533121744,0.3271357336906861,0.4183524045045047,0.12893385095465779,3,middle,0
18097322400,NA,2026,793.0184935802469,0.18638152717627923,-0.35868658533121744,0.3271357336906861,0.4183524045045047,0.12893385095465779,3,middle,0
18097322400,NA,2027,841.4031860259211,0.13891385699539027,-0.35868658533121744,0.3271357336906861,0.4183524045045047,0.12893385095465779,3,middle,0
18097322400,NA,2028,894.9575044789609,0.06398098364994372,-0.35868658533121744,0.3271357336906861,0.4183524045045047,0.12893385095465779,3,middle,0
18097322500,NA,2024,484.85785266098,-0.4871983443341499,-0.8899743083301219,-0.8339730107791465,0.4183524045045047,-0.43519830486825456,3,middle,0
18097322500,NA,2025,511.4326390143365,-0.4658148474357224,-0.8899743083301219,-0.8339730107791465,0.4183524045045047,-0.43519830486825456,3,middle,0
18097322500,NA,2026,513.664888798704,-0.4949170383505545,-0.8899743083301219,-0.8339730107791465,0.4183524045045047,-0.43519830486825456,3,middle,0
18097322500,NA,2027,545.0052589709585,-0.5065427456591995,-0.8899743083301219,-0.8339730107791465,0.4183524045045047,-0.43519830486825456,3,middle,0
18097322500,NA,2028,579.6941793469065,-0.5303339546890574,-0.8899743083301219,-0.8339730107791465,0.4183524045045047,-0.43519830486825456,3,middle,0
18097322601,NA,2024,752.0274255451998,0.22659133623551972,NA,-1.9670157362403284,0.3874789696881001,-0.7897683832761142,2,early,0.22659133623551972
18097322601,NA,2025,789.268301691374,0.23383235371767008,NA,-1.9670157362403284,0.3874789696881001,-0.7897683832761142,2,early,0.23383235371767008
18097322601,NA,2026,793.6474409097,0.18791542867607708,NA,-1.9670157362403284,0.3874789696881001,-0.7897683832761142,2,early,0.18791542867607708
18097322601,NA,2027,839.6442466852392,0.1350834691705068,NA,-1.9670157362403284,0.3874789696881001,-0.7897683832761142,2,early,0.1350834691705068
18097322601,NA,2028,891.3286378598468,0.057140068551189756,NA,-1.9670157362403284,0.3874789696881001,-0.7897683832761142,2,early,0.057140068551189756
18097322602,NA,2024,353.9595251129998,-0.8369158454661635,-0.1242014107515013,-0.9257852980000322,0.4100069599298805,-0.21332658294055099,3,middle,0
18097322602,NA,2025,373.34890458217205,-0.8135380208735892,-0.1242014107515013,-0.9257852980000322,0.4100069599298805,-0.21332658294055099,3,middle,0
18097322602,NA,2026,375.0005791175018,-0.8330970140464099,-0.1242014107515013,-0.9257852980000322,0.4100069599298805,-0.21332658294055099,3,middle,0
18097322602,NA,2027,397.907874921703,-0.8268721714119099,-0.1242014107515013,-0.9257852980000322,0.4100069599298805,-0.21332658294055099,3,middle,0
18097322602,NA,2028,423.28049844326074,-0.8251953600957557,-0.1242014107515013,-0.9257852980000322,0.4100069599298805,-0.21332658294055099,3,middle,0
18097322700,NA,2024,330.376002896221,-0.8999233002750885,-0.24285237042518135,-0.7913461432141958,-0.44559976662715606,-0.49326609342217775,3,middle,0
18097322700,NA,2025,337.1881311930808,-0.9045982672417051,-0.24285237042518135,-0.7913461432141958,-0.44559976662715606,-0.49326609342217775,3,middle,0
18097322700,NA,2026,346.98220322791013,-0.901429331851645,-0.24285237042518135,-0.7913461432141958,-0.44559976662715606,-0.49326609342217775,3,middle,0
18097322700,NA,2027,368.99125615085967,-0.8898429981566782,-0.24285237042518135,-0.7913461432141958,-0.44559976662715606,-0.49326609342217775,3,middle,0
18097322700,NA,2028,399.9634190817317,-0.8691512771920059,-0.24285237042518135,-0.7913461432141958,-0.44559976662715606,-0.49326609342217775,3,middle,0
18097330103,NA,2024,8.177966912195908,-1.760731028874021,0.10110556815067454,0.4689976838492913,NA,0.2850516259999829,2,middle,0
18097330103,NA,2025,9.003823029294889,-1.731033687579241,0.10110556815067454,0.4689976838492913,NA,0.2850516259999829,2,middle,0
18097330103,NA,2026,9.069859476758898,-1.7255432546037903,0.10110556815067454,0.4689976838492913,NA,0.2850516259999829,2,middle,0
18097330103,NA,2027,10.058788548121331,-1.671479136517158,0.10110556815067454,0.4689976838492913,NA,0.2850516259999829,2,middle,0
18097330103,NA,2028,11.1878118466773,-1.602047026942875,0.10110556815067454,0.4689976838492913,NA,0.2850516259999829,2,middle,0
18097330105,NA,2024,122.0560884262384,-1.4564859492346267,-0.08399000906348376,0.46802150218647176,NA,0.192015746561494,2,middle,0
18097330105,NA,2025,134.38203432805696,-1.415305628137261,-0.08399000906348376,0.46802150218647176,NA,0.192015746561494,2,middle,0
18097330105,NA,2026,135.3676155634875,-1.4175233165097916,-0.08399000906348376,0.46802150218647176,NA,0.192015746561494,2,middle,0
18097330105,NA,2027,150.12740510418598,-1.366456040441182,-0.08399000906348376,0.46802150218647176,NA,0.192015746561494,2,middle,0
18097330105,NA,2028,166.97809388390937,-1.3083608145552128,-0.08399000906348376,0.46802150218647176,NA,0.192015746561494,2,middle,0
18097330106,NA,2024,503.35343889036193,-0.4377841897053198,-0.6827691184518595,-0.8147188046884177,NA,-0.7487439615701386,2,early,-0.4377841897053198
18097330106,NA,2025,554.1851547701935,-0.35815524138427846,-0.6827691184518595,-0.8147188046884177,NA,-0.7487439615701386,2,early,-0.35815524138427846
18097330106,NA,2026,558.2496182355269,-0.3861820455321753,-0.6827691184518595,-0.8147188046884177,NA,-0.7487439615701386,2,early,-0.3861820455321753
18097330106,NA,2027,619.1183478203986,-0.3451489632656851,-0.6827691184518595,-0.8147188046884177,NA,-0.7487439615701386,2,early,-0.3451489632656851
18097330106,NA,2028,688.609832592963,-0.325012895806079,-0.6827691184518595,-0.8147188046884177,NA,-0.7487439615701386,2,early,-0.325012895806079
18097330107,NA,2024,502.3311924191593,-0.4405152977962078,1.7790674927712555,1.337269898846975,NA,1.5581686958091152,2,super_late,0.8810305955924156
18097330107,NA,2025,553.059676481968,-0.36098942662431804,1.7790674927712555,1.337269898846975,NA,1.5581686958091152,2,super_late,0.7219788532486361
18097330107,NA,2026,557.1158852885777,-0.38894703806216613,1.7790674927712555,1.337269898846975,NA,1.5581686958091152,2,super_late,0.7778940761243323
18097330107,NA,2027,617.8609987603373,-0.34788705344304194,1.7790674927712555,1.337269898846975,NA,1.5581686958091152,2,super_late,0.6957741068860839
18097330107,NA,2028,687.2113555582881,-0.3276492182907295,1.7790674927712555,1.337269898846975,NA,1.5581686958091152,2,super_late,0.655298436581459
18097330108,NA,2024,310.96695917529564,-0.9517779144370305,2.370531852893933,1.7098083475264556,NA,2.040170100210194,2,super_late,1.903555828874061
18097330108,NA,2025,342.37028690079916,-0.8915485359656277,2.370531852893933,1.7098083475264556,NA,2.040170100210194,2,super_late,1.7830970719312553
18097330108,NA,2026,344.88127904954854,-0.9065531484213926,2.370531852893933,1.7098083475264556,NA,2.040170100210194,2,super_late,1.8131062968427851
18097330108,NA,2027,382.4853864688702,-0.8604572477319585,2.370531852893933,1.7098083475264556,NA,2.040170100210194,2,super_late,1.720914495463917
18097330108,NA,2028,425.4165524809964,-0.8211686030246822,2.370531852893933,1.7098083475264556,NA,2.040170100210194,2,super_late,1.6423372060493644
18097330109,NA,2024,434.24968934051674,-0.6224067976799416,0.4660712151708914,0.695804107841384,NA,0.5809376615061377,2,late,0.6224067976799416
18097330109,NA,2025,478.1028756052693,-0.5497460298461145,0.4660712151708914,0.695804107841384,NA,0.5809376615061377,2,late,0.5497460298461145
18097330109,NA,2026,481.6093444238084,-0.573095361543759,0.4660712151708914,0.695804107841384,NA,0.5809376615061377,2,late,0.573095361543759
18097330109,NA,2027,534.12159906566,-0.5302437553684182,0.4660712151708914,0.695804107841384,NA,0.5809376615061377,2,late,0.5302437553684182
18097330109,NA,2028,594.0728200966731,-0.5032282296986331,0.4660712151708914,0.695804107841384,NA,0.5809376615061377,2,late,0.5032282296986331
18097330204,NA,2024,21.096942276121947,-1.726215753804504,1.6427247152924669,0.15961178795784658,0.5954181666144095,0.7992515566215743,3,late,1.726215753804504
18097330204,NA,2025,22.968844015957977,-1.6958668995822486,1.6427247152924669,0.15961178795784658,0.5954181666144095,0.7992515566215743,3,late,1.6958668995822486
18097330204,NA,2026,23.28718095811576,-1.690869491440945,1.6427247152924669,0.15961178795784658,0.5954181666144095,0.7992515566215743,3,late,1.690869491440945
18097330204,NA,2027,25.815464343634613,-1.6371663107523007,1.6427247152924669,0.15961178795784658,0.5954181666144095,0.7992515566215743,3,late,1.6371663107523007
18097330204,NA,2028,28.82383104477797,-1.5688006933965473,1.6427247152924669,0.15961178795784658,0.5954181666144095,0.7992515566215743,3,late,1.5688006933965473
18097330210,NA,2024,413.0554869247569,-0.6790307717686005,0.4023044469001974,NA,0.5954181665670354,0.4988613067336164,2,middle,0
18097330210,NA,2025,449.70602388410447,-0.621255128558815,0.4023044469001974,NA,0.5954181665670354,0.4988613067336164,2,middle,0
18097330210,NA,2026,455.9385102997325,-0.6357024021018616,0.4023044469001974,NA,0.5954181665670354,0.4988613067336164,2,middle,0
18097330210,NA,2027,505.4400177228665,-0.5927027483722656,0.4023044469001974,NA,0.5954181665670354,0.4988613067336164,2,middle,0
18097330210,NA,2028,564.3409425109112,-0.5592769279945207,0.4023044469001974,NA,0.5954181665670354,0.4988613067336164,2,middle,0
18097330211,NA,2024,470.42458239846616,-0.5257593198937435,NA,-1.5219777399719443,0.5954181665670354,-0.46327978670245445,2,middle,0
18097330211,NA,2025,512.1657196764019,-0.463968799925148,NA,-1.5219777399719443,0.5954181665670354,-0.46327978670245445,2,middle,0
18097330211,NA,2026,519.263859062819,-0.48126204931845673,NA,-1.5219777399719443,0.5954181665670354,-0.46327978670245445,2,middle,0
18097330211,NA,2027,575.6409024915578,-0.4398284518602544,NA,-1.5219777399719443,0.5954181665670354,-0.46327978670245445,2,middle,0
18097330211,NA,2028,642.7229147974448,-0.4115160775789259,NA,-1.5219777399719443,0.5954181665670354,-0.46327978670245445,2,middle,0
18097330212,NA,2024,217.8165037571726,-1.2006454523831844,0.5655907426816731,-0.9381760738090366,0.5954181665670354,0.07427761181322397,3,middle,0
18097330212,NA,2025,237.14335096715936,-1.1565315496743394,0.5655907426816731,-0.9381760738090366,0.5954181665670354,0.07427761181322397,3,middle,0
18097330212,NA,2026,240.42995217944005,-1.16129315515812,0.5655907426816731,-0.9381760738090366,0.5954181665670354,0.07427761181322397,3,middle,0
18097330212,NA,2027,266.53353410331033,-1.1129620119960573,0.5655907426816731,-0.9381760738090366,0.5954181665670354,0.07427761181322397,3,middle,0
18097330212,NA,2028,297.59372295328603,-1.0621323022347235,0.5655907426816731,-0.9381760738090366,0.5954181665670354,0.07427761181322397,3,middle,0
18097330401,NA,2024,603.076292122001,-0.1713573552972167,1.0767560495069255,0.789461406419728,NA,0.9331087279633268,2,late,0.1713573552972167
18097330401,NA,2025,635.2035798518136,-0.154134224773094,1.0767560495069255,0.789461406419728,NA,0.9331087279633268,2,late,0.154134224773094
18097330401,NA,2026,647.7315205782382,-0.16795006046659572,1.0767560495069255,0.789461406419728,NA,0.9331087279633268,2,late,0.16795006046659572
18097330401,NA,2027,702.6272323142916,-0.1632942471667175,1.0767560495069255,0.789461406419728,NA,0.9331087279633268,2,late,0.1632942471667175
18097330401,NA,2028,771.509044819088,-0.1687364238064126,1.0767560495069255,0.789461406419728,NA,0.9331087279633268,2,late,0.1687364238064126
18097330500,NA,2024,775.4040657353405,0.28904606996129345,0.15946707339844973,-0.30712412823332375,-0.4457365525747098,-0.19779786913652794,3,middle,0
18097330500,NA,2025,792.4745453287874,0.24190633301002523,0.15946707339844973,-0.30712412823332375,-0.4457365525747098,-0.19779786913652794,3,middle,0
18097330500,NA,2026,815.468989137651,0.24113467929897045,0.15946707339844973,-0.30712412823332375,-0.4457365525747098,-0.19779786913652794,3,middle,0
18097330500,NA,2027,868.406376546774,0.197717870193473,0.15946707339844973,-0.30712412823332375,-0.4457365525747098,-0.19779786913652794,3,middle,0
18097330500,NA,2028,942.5258873236792,0.15365395942472823,0.15946707339844973,-0.30712412823332375,-0.4457365525747098,-0.19779786913652794,3,middle,0
18097330600,NA,2024,620.924808909378,-0.12367195849559326,-0.589147510850601,-0.6600245580824226,-0.4457365525982987,-0.5649695405104408,3,early,-0.12367195849559326
18097330600,NA,2025,634.5943610404665,-0.15566836273127418,-0.589147510850601,-0.6600245580824226,-0.4457365525982987,-0.5649695405104408,3,early,-0.15566836273127418
18097330600,NA,2026,653.0077906512739,-0.15508208536062754,-0.589147510850601,-0.6600245580824226,-0.4457365525982987,-0.5649695405104408,3,early,-0.15508208536062754
18097330600,NA,2027,695.3987359464817,-0.17903552023912492,-0.589147510850601,-0.6600245580824226,-0.4457365525982987,-0.5649695405104408,3,early,-0.17903552023912492
18097330600,NA,2028,754.7518388444888,-0.20032607297145993,-0.589147510850601,-0.6600245580824226,-0.4457365525982987,-0.5649695405104408,3,early,-0.20032607297145993
18097330701,NA,2024,273.6882001635229,-1.051374560865695,NA,-1.4459258306636278,-0.4457365525747098,-0.9458311916191688,2,early,-1.051374560865695
18097330701,NA,2025,279.71327384797684,-1.0493317499441612,NA,-1.4459258306636278,-0.4457365525747098,-0.9458311916191688,2,early,-1.0493317499441612
18097330701,NA,2026,287.8295148161653,-1.0456932363517963,NA,-1.4459258306636278,-0.4457365525747098,-0.9458311916191688,2,early,-1.0456932363517963
18097330701,NA,2027,306.51433322017755,-1.0258970617590624,NA,-1.4459258306636278,-0.4457365525747098,-0.9458311916191688,2,early,-1.0258970617590624
18097330701,NA,2028,332.67569190734935,-0.9959979423087425,NA,-1.4459258306636278,-0.4457365525747098,-0.9458311916191688,2,early,-0.9959979423087425
18097330702,NA,2024,209.15502549789997,-1.2237860882467848,-0.37051873901102383,-0.34273365516129045,0.4345763392253456,-0.09289201831565623,3,middle,0
18097330702,NA,2025,223.2752162936632,-1.1914543580569645,-0.37051873901102383,-0.34273365516129045,0.4345763392253456,-0.09289201831565623,3,middle,0
18097330702,NA,2026,227.22734827587124,-1.1934921851572302,-0.37051873901102383,-0.34273365516129045,0.4345763392253456,-0.09289201831565623,3,middle,0
18097330702,NA,2027,248.67730990992115,-1.1518469593997767,-0.37051873901102383,-0.34273365516129045,0.4345763392253456,-0.09289201831565623,3,middle,0
18097330702,NA,2028,274.95560382409485,-1.1048082854584007,-0.37051873901102383,-0.34273365516129045,0.4345763392253456,-0.09289201831565623,3,middle,0
18097330803,NA,2024,344.0280907266185,-0.8634493885703621,-1.059184529314817,NA,0.5954181665670354,-0.2318831813738908,2,middle,0
18097330803,NA,2025,374.5539128505551,-0.810503562826636,-1.059184529314817,NA,0.5954181665670354,-0.2318831813738908,2,middle,0
18097330803,NA,2026,379.7449000668192,-0.8215263773986511,-1.059184529314817,NA,0.5954181665670354,-0.2318831813738908,2,middle,0
18097330803,NA,2027,420.97419057904034,-0.7766413688962686,-1.059184529314817,NA,0.5954181665670354,-0.2318831813738908,2,middle,0
18097330803,NA,2028,470.03218463946155,-0.7370619703736845,-1.059184529314817,NA,0.5954181665670354,-0.2318831813738908,2,middle,0
18097330804,NA,2024,295.28937906837035,-0.9936632787613471,-0.11417169725871604,-0.671791358539802,0.5873478778653373,-0.06620505931106026,3,middle,0
18097330804,NA,2025,321.11309173247673,-0.9450785146608982,-0.11417169725871604,-0.671791358539802,0.5873478778653373,-0.06620505931106026,3,middle,0
18097330804,NA,2026,325.6276792647691,-0.9535095853174046,-0.11417169725871604,-0.671791358539802,0.5873478778653373,-0.06620505931106026,3,middle,0
18097330804,NA,2027,360.6966458467539,-0.9079059145894206,-0.11417169725871604,-0.671791358539802,0.5873478778653373,-0.06620505931106026,3,middle,0
18097330804,NA,2028,402.4800467229963,-0.8644070862817124,-0.11417169725871604,-0.671791358539802,0.5873478778653373,-0.06620505931106026,3,middle,0
18097330805,NA,2024,690.3721208015639,0.06186853564378803,-1.2300650091901577,-1.5391066064244896,-0.4457365525987114,-1.0716360560711196,3,early,0.06186853564378803
18097330805,NA,2025,705.5705835227392,0.023064327412562764,-1.2300650091901577,-1.5391066064244896,-0.4457365525987114,-1.0716360560711196,3,early,0.023064327412562764
18097330805,NA,2026,726.0434431081871,0.02304013822808696,-1.2300650091901577,-1.5391066064244896,-0.4457365525987114,-1.0716360560711196,3,early,0.02304013822808696
18097330805,NA,2027,773.1756194550671,-0.009663205481996976,-1.2300650091901577,-1.5391066064244896,-0.4457365525987114,-1.0716360560711196,3,early,-0.009663205481996976
18097330805,NA,2028,839.1670710934072,-0.04119169370969832,-1.2300650091901577,-1.5391066064244896,-0.4457365525987114,-1.0716360560711196,3,early,-0.04119169370969832
18097330806,NA,2024,510.4652975507703,-0.4187836303726543,-0.7945377204919606,-1.468640269044185,-0.4457365525747098,-0.9029715140369519,3,early,-0.4187836303726543
18097330806,NA,2025,521.7030488799254,-0.4399518482515238,-0.7945377204919606,-1.468640269044185,-0.4457365525747098,-0.9029715140369519,3,early,-0.4399518482515238
18097330806,NA,2026,536.8408443314225,-0.43839460588900625,-0.7945377204919606,-1.468640269044185,-0.4457365525747098,-0.9029715140369519,3,early,-0.43839460588900625
18097330806,NA,2027,571.6906222486999,-0.44843085502286406,-0.7945377204919606,-1.468640269044185,-0.4457365525747098,-0.9029715140369519,3,early,-0.44843085502286406
18097330806,NA,2028,620.4850909084321,-0.4534374489527013,-0.7945377204919606,-1.468640269044185,-0.4457365525747098,-0.9029715140369519,3,early,-0.4534374489527013
18097330900,NA,2024,687.911388278451,0.05529426349640787,-1.0754960883502025,-1.7254044117104408,-0.4457365525747098,-1.082212350878451,3,early,0.05529426349640787
18097330900,NA,2025,703.0556794579062,0.01673128300359131,-1.0754960883502025,-1.7254044117104408,-0.4457365525747098,-1.082212350878451,3,early,0.01673128300359131
18097330900,NA,2026,723.4555660398811,0.016728721785920487,-1.0754960883502025,-1.7254044117104408,-0.4457365525747098,-1.082212350878451,3,early,0.016728721785920487
18097330900,NA,2027,770.4197472315687,-0.015664583225774405,-1.0754960883502025,-1.7254044117104408,-0.4457365525747098,-1.082212350878451,3,early,-0.015664583225774405
18097330900,NA,2028,836.175982255435,-0.04683030954793879,-1.0754960883502025,-1.7254044117104408,-0.4457365525747098,-1.082212350878451,3,early,-0.04683030954793879
18097331000,NA,2024,518.6676217237273,-0.3968697039919693,-0.68337848065674,-2.056026236544993,-0.44561680733799464,-1.0616738415132425,3,early,-0.3968697039919693
18097331000,NA,2025,529.3941602880252,-0.4205840517685682,-0.68337848065674,-2.056026236544993,-0.44561680733799464,-1.0616738415132425,3,early,-0.4205840517685682
18097331000,NA,2026,544.7704230667631,-0.41905563719431427,-0.68337848065674,-2.056026236544993,-0.44561680733799464,-1.0616738415132425,3,early,-0.41905563719431427
18097331000,NA,2027,579.3610375320014,-0.43172722879004105,-0.68337848065674,-2.056026236544993,-0.44561680733799464,-1.0616738415132425,3,early,-0.43172722879004105
18097331000,NA,2028,628.0273851706725,-0.4392191818976279,-0.68337848065674,-2.056026236544993,-0.44561680733799464,-1.0616738415132425,3,early,-0.4392191818976279
18097340101,NA,2024,366.1819472218901,-0.804261532781114,-0.25353821998345205,0.5899024267420091,0.8075910722905525,0.3813184263497032,3,middle,0
18097340101,NA,2025,409.37486587466657,-0.7228172590236115,-0.25353821998345205,0.5899024267420091,0.8075910722905525,0.3813184263497032,3,middle,0
18097340101,NA,2026,417.6560689393006,-0.7290671267279267,-0.25353821998345205,0.5899024267420091,0.8075910722905525,0.3813184263497032,3,middle,0
18097340101,NA,2027,478.2185403473132,-0.6519821181055271,-0.25353821998345205,0.5899024267420091,0.8075910722905525,0.3813184263497032,3,middle,0
18097340101,NA,2028,552.6235761279457,-0.581365783006345,-0.25353821998345205,0.5899024267420091,0.8075910722905525,0.3813184263497032,3,middle,0
18097340102,NA,2024,575.0342026701603,-0.24627664291014262,-1.0395910387823122,-0.6316444392612528,NA,-0.8356177390217825,2,early,-0.24627664291014262
18097340102,NA,2025,641.2953223235199,-0.13879396740868613,-1.0395910387823122,-0.6316444392612528,NA,-0.8356177390217825,2,early,-0.13879396740868613
18097340102,NA,2026,647.0587171449029,-0.16959091995853387,-1.0395910387823122,-0.6316444392612528,NA,-0.8356177390217825,2,early,-0.16959091995853387
18097340102,NA,2027,727.611944803316,-0.10888581117763274,-1.0395910387823122,-0.6316444392612528,NA,-0.8356177390217825,2,early,-0.10888581117763274
18097340102,NA,2028,820.8026168933798,-0.07581122790685581,-1.0395910387823122,-0.6316444392612528,NA,-0.8356177390217825,2,early,-0.07581122790685581
18097340108,NA,2024,169.50291369140055,-1.3297235567793242,-0.6438966740427879,NA,NA,-0.6438966740427879,1,early,-1.3297235567793242
18097340108,NA,2025,173.8534950732159,-1.3159083917648806,-0.6438966740427879,NA,NA,-0.6438966740427879,1,early,-1.3159083917648806
18097340108,NA,2026,175.45458925655456,-1.319757627412076,-0.6438966740427879,NA,NA,-0.6438966740427879,1,early,-1.319757627412076
18097340108,NA,2027,182.62844079342256,-1.2956795397848866,-0.6438966740427879,NA,NA,-0.6438966740427879,1,early,-1.2956795397848866
18097340108,NA,2028,191.3240146089757,-1.262465389299315,-0.6438966740427879,NA,NA,-0.6438966740427879,1,early,-1.262465389299315
18097340111,NA,2024,256.38691203701313,-1.0975979417392985,1.910504502263369,-0.4965306339502007,0.08335925851990553,0.4991110422776913,3,middle,0
18097340111,NA,2025,287.0334398476563,-1.0308980701051287,1.910504502263369,-0.4965306339502007,0.08335925851990553,0.4991110422776913,3,middle,0
18097340111,NA,2026,289.71672791583916,-1.0410906267715236,1.910504502263369,-0.4965306339502007,0.08335925851990553,0.4991110422776913,3,middle,0
18097340111,NA,2027,327.0736048477741,-0.981125771522135,1.910504502263369,-0.4965306339502007,0.08335925851990553,0.4991110422776913,3,middle,0
18097340111,NA,2028,370.4315967554758,-0.9248228436754063,1.910504502263369,-0.4965306339502007,0.08335925851990553,0.4991110422776913,3,middle,0
18097340112,NA,2024,692.1432517025096,0.06660041789514352,-0.5350705093310993,-0.20945992388142504,NA,-0.3722652166062622,2,middle,0
18097340112,NA,2025,773.8123460203358,0.19491108629577375,-0.5350705093310993,-0.20945992388142504,NA,-0.3722652166062622,2,middle,0
18097340112,NA,2026,780.8182588070564,0.1566271144613786,-0.5350705093310993,-0.20945992388142504,NA,-0.3722652166062622,2,middle,0
18097340112,NA,2027,880.0336269662356,0.22303817397740652,-0.5350705093310993,-0.20945992388142504,NA,-0.3722652166062622,2,middle,0
18097340112,NA,2028,994.9356608878816,0.25245362580242386,-0.5350705093310993,-0.20945992388142504,NA,-0.3722652166062622,2,middle,0
18097340113,NA,2024,428.93818199467427,-0.6365974073770096,-0.41725201076909846,0.04845766766114207,1.6326261387854486,0.42127726522583075,3,middle,0
18097340113,NA,2025,486.49319317892105,-0.5286174887847126,-0.41725201076909846,0.04845766766114207,1.6326261387854486,0.42127726522583075,3,middle,0
18097340113,NA,2026,494.455345104469,-0.5417660295190839,-0.41725201076909846,0.04845766766114207,1.6326261387854486,0.42127726522583075,3,middle,0
18097340113,NA,2027,570.4110529627559,-0.4512173334991911,-0.41725201076909846,0.04845766766114207,1.6326261387854486,0.42127726522583075,3,middle,0
18097340113,NA,2028,662.2172022735244,-0.374766651509604,-0.41725201076909846,0.04845766766114207,1.6326261387854486,0.42127726522583075,3,middle,0
18097340114,NA,2024,499.7266457155856,-0.4474737943776217,0.4311350296537283,0.09445633816019389,1.6832245482928592,0.7362719720355938,3,late,0.4474737943776217
18097340114,NA,2025,566.9700462051512,-0.32596026172136927,0.4311350296537283,0.09445633816019389,1.6832245482928592,0.7362719720355938,3,late,0.32596026172136927
18097340114,NA,2026,576.4777782600435,-0.3417264914804982,0.4311350296537283,0.09445633816019389,1.6832245482928592,0.7362719720355938,3,late,0.3417264914804982
18097340114,NA,2027,665.5991079652134,-0.2439292488433514,0.4311350296537283,0.09445633816019389,1.6832245482928592,0.7362719720355938,3,late,0.2439292488433514
18097340114,NA,2028,773.5309208427537,-0.16492490807165122,0.4311350296537283,0.09445633816019389,1.6832245482928592,0.7362719720355938,3,late,0.16492490807165122
18097340115,NA,2024,784.340300083393,0.3129207641936203,-0.26094002811684935,-0.48244189793065145,NA,-0.3716909630237504,2,middle,0
18097340115,NA,2025,875.5734175125518,0.451166342262176,-0.26094002811684935,-0.48244189793065145,NA,-0.3716909630237504,2,middle,0
18097340115,NA,2026,883.2560730127116,0.40645648726862843,-0.26094002811684935,-0.48244189793065145,NA,-0.3716909630237504,2,middle,0
18097340115,NA,2027,993.7423859794006,0.47065822319285583,-0.26094002811684935,-0.48244189793065145,NA,-0.3716909630237504,2,middle,0
18097340115,NA,2028,1121.4218310124968,0.4908975373067498,-0.26094002811684935,-0.48244189793065145,NA,-0.3716909630237504,2,middle,0
18097340201,NA,2024,140.13181819148593,-1.4081935137004684,0.04782793680647777,-1.5419718322953568,NA,-0.7470719477444395,2,early,-1.4081935137004684
18097340201,NA,2025,143.7285141453103,-1.3917692743741397,0.04782793680647777,-1.5419718322953568,NA,-0.7470719477444395,2,early,-1.3917692743741397
18097340201,NA,2026,145.0521739872713,-1.3939042342822885,0.04782793680647777,-1.5419718322953568,NA,-0.7470719477444395,2,early,-1.3939042342822885
18097340201,NA,2027,150.9829283245658,-1.36459299397252,0.04782793680647777,-1.5419718322953568,NA,-0.7470719477444395,2,early,-1.36459299397252
18097340201,NA,2028,158.1717220926136,-1.3249620424523747,0.04782793680647777,-1.5419718322953568,NA,-0.7470719477444395,2,early,-1.3249620424523747
18097340202,NA,2024,335.70296882678554,-0.8856913902977088,-0.2739429735026975,-0.4285621668793058,NA,-0.35125257019100165,2,middle,0
18097340202,NA,2025,344.31944925334466,-0.886640145259366,-0.2739429735026975,-0.4285621668793058,NA,-0.35125257019100165,2,middle,0
18097340202,NA,2026,347.49040462633246,-0.9001899102804982,-0.2739429735026975,-0.4285621668793058,NA,-0.35125257019100165,2,middle,0
18097340202,NA,2027,361.6983608408341,-0.9057245108146659,-0.2739429735026975,-0.4285621668793058,NA,-0.35125257019100165,2,middle,0
18097340202,NA,2028,378.9200861751747,-0.9088208679811309,-0.2739429735026975,-0.4285621668793058,NA,-0.35125257019100165,2,middle,0
18097340301,NA,2024,135.05970718708866,-1.4217445347039406,NA,-1.175917733582753,NA,-1.175917733582753,1,early,-1.4217445347039406
18097340301,NA,2025,138.52621724142128,-1.4048697253144709,NA,-1.175917733582753,NA,-1.175917733582753,1,early,-1.4048697253144709
18097340301,NA,2026,139.80196736585592,-1.406708644816697,NA,-1.175917733582753,NA,-1.175917733582753,1,early,-1.406708644816697
18097340301,NA,2027,145.5180546233531,-1.3764936804859824,NA,-1.175917733582753,NA,-1.175917733582753,1,early,-1.3764936804859824
18097340301,NA,2028,152.44664649775518,-1.3357546011736252,NA,-1.175917733582753,NA,-1.175917733582753,1,early,-1.3357546011736252
18097340302,NA,2024,218.1007450019337,-1.1998860527812296,-2.3070457444616783e-4,NA,NA,-2.3070457444616783e-4,1,middle,0
18097340302,NA,2025,223.69866923378652,-1.1903880166754341,-2.3070457444616783e-4,NA,NA,-2.3070457444616783e-4,1,middle,0
18097340302,NA,2026,225.7587945576532,-1.197073751761332,-2.3070457444616783e-4,NA,NA,-2.3070457444616783e-4,1,middle,0
18097340302,NA,2027,234.989418127822,-1.1816546581747385,-2.3070457444616783e-4,NA,NA,-2.3070457444616783e-4,1,middle,0
18097340302,NA,2028,246.17804017666217,-1.1590579700911017,-2.3070457444616783e-4,NA,NA,-2.3070457444616783e-4,1,middle,0
18097340400,NA,2024,708.4858596949252,0.11026251913163763,-0.7198850031357884,-1.3773553522953024,-0.8064002935780706,-0.9678802163363871,3,early,0.11026251913163763
18097340400,NA,2025,716.6792844284962,0.05103831542502898,-0.7198850031357884,-1.3773553522953024,-0.8064002935780706,-0.9678802163363871,3,early,0.05103831542502898
18097340400,NA,2026,730.4106870570023,0.033691144646852494,-0.7198850031357884,-1.3773553522953024,-0.8064002935780706,-0.9678802163363871,3,early,0.033691144646852494
18097340400,NA,2027,760.3468556443163,-0.03760000783355293,-0.7198850031357884,-1.3773553522953024,-0.8064002935780706,-0.9678802163363871,3,early,-0.03760000783355293
18097340400,NA,2028,802.018199687847,-0.11122245040970828,-0.7198850031357884,-1.3773553522953024,-0.8064002935780706,-0.9678802163363871,3,early,-0.11122245040970828
18097340500,NA,2024,1011.0335565975136,0.9185709713174479,-0.8625776201847644,-0.498520722186708,-0.8336920061599407,-0.7315967828438044,3,early,0.9185709713174479
18097340500,NA,2025,1022.5196858390603,0.8212071943398533,-0.8625776201847644,-0.498520722186708,-0.8336920061599407,-0.7315967828438044,3,early,0.8212071943398533
18097340500,NA,2026,1042.2533771798244,0.7942253701380603,-0.8625776201847644,-0.498520722186708,-0.8336920061599407,-0.7315967828438044,3,early,0.7942253701380603
18097340500,NA,2027,1084.9483002378345,0.669274523057659,-0.8625776201847644,-0.498520722186708,-0.8336920061599407,-0.7315967828438044,3,early,0.669274523057659
18097340500,NA,2028,1144.4959462765669,0.5343954335008241,-0.8625776201847644,-0.498520722186708,-0.8336920061599407,-0.7315967828438044,3,early,0.5343954335008241
18097340600,NA,2024,1339.930120719956,1.7972749753364856,-0.6016709099491511,-0.8018154925177446,-0.8336920061599407,-0.7457261362089455,3,early,1.7972749753364856
18097340600,NA,2025,1355.1531207969342,1.6588464287560685,-0.6016709099491511,-0.8018154925177446,-0.8336920061599407,-0.7457261362089455,3,early,1.6588464287560685
18097340600,NA,2026,1381.3062631610985,1.6211208921679852,-0.6016709099491511,-0.8018154925177446,-0.8336920061599407,-0.7457261362089455,3,early,1.6211208921679852
18097340600,NA,2027,1437.8904405034957,1.4378657107661672,-0.6016709099491511,-0.8018154925177446,-0.8336920061599407,-0.7457261362089455,3,early,1.4378657107661672
18097340600,NA,2028,1516.8096270505914,1.2362581767783585,-0.6016709099491511,-0.8018154925177446,-0.8336920061599407,-0.7457261362089455,3,early,1.2362581767783585
18097340700,NA,2024,843.9005456420684,0.4720462521487985,-0.6858631740466761,NA,-0.8298678092697633,-0.7578654916582197,2,early,0.4720462521487985
18097340700,NA,2025,853.5191846752138,0.3956292591910037,-0.6858631740466761,NA,-0.8298678092697633,-0.7578654916582197,2,early,0.3956292591910037
18097340700,NA,2026,869.9697716365916,0.37405333257947954,-0.6858631740466761,NA,-0.8298678092697633,-0.7578654916582197,2,early,0.37405333257947954
18097340700,NA,2027,905.610741742406,0.2787366661131904,-0.6858631740466761,NA,-0.8298678092697633,-0.7578654916582197,2,early,0.2787366661131904
18097340700,NA,2028,955.3024663582212,0.17773957667156973,-0.6858631740466761,NA,-0.8298678092697633,-0.7578654916582197,2,early,0.17773957667156973
18097340800,NA,2024,108.9914537589748,-1.491390378302778,0.14149487405191802,0.9678893352075368,NA,0.5546921046297274,2,late,1.491390378302778
18097340800,NA,2025,111.78888598956478,-1.472199811007673,0.14149487405191802,0.9678893352075368,NA,0.5546921046297274,2,late,1.472199811007673
18097340800,NA,2026,112.81840713448638,-1.4725172134686582,0.14149487405191802,0.9678893352075368,NA,0.5546921046297274,2,late,1.4725172134686582
18097340800,NA,2027,117.4312310042406,-1.4376574879818067,0.14149487405191802,0.9678893352075368,NA,0.5546921046297274,2,late,1.4376574879818067
18097340800,NA,2028,123.02253705613089,-1.3912231139832076,0.14149487405191802,0.9678893352075368,NA,0.5546921046297274,2,late,1.3912231139832076
18097340901,NA,2024,347.41488218505265,-0.8544009899553019,0.9072829638688268,-0.4213727222741457,NA,0.24295512079734055,2,middle,0
18097340901,NA,2025,387.82552171255537,-0.7770829288243889,0.9072829638688268,-0.4213727222741457,NA,0.24295512079734055,2,middle,0
18097340901,NA,2026,391.22848717981054,-0.7935197532016887,0.9072829638688268,-0.4213727222741457,NA,0.24295512079734055,2,middle,0
18097340901,NA,2027,440.1671439016072,-0.7348454677926994,0.9072829638688268,-0.4213727222741457,NA,0.24295512079734055,2,middle,0
18097340901,NA,2028,496.72131770996293,-0.6867492660067163,0.9072829638688268,-0.4213727222741457,NA,0.24295512079734055,2,middle,0
18097340903,NA,2024,113.59171546429204,-1.4790999842368404,-0.760191743744741,NA,NA,-0.760191743744741,1,early,-1.4790999842368404
18097340903,NA,2025,116.5072118072096,-1.4603180985570927,-0.760191743744741,NA,NA,-0.760191743744741,1,early,-1.4603180985570927
18097340903,NA,2026,117.58018290373256,-1.4609040073191086,-0.760191743744741,NA,NA,-0.760191743744741,1,early,-1.4609040073191086
18097340903,NA,2027,122.38768786503567,-1.426863965104099,-0.760191743744741,NA,NA,-0.760191743744741,1,early,-1.426863965104099
18097340903,NA,2028,128.2149705356032,-1.3814346592624143,-0.760191743744741,NA,NA,-0.760191743744741,1,early,-1.3814346592624143
18097340904,NA,2024,301.96754551838325,-0.9758214031102919,-0.4750420072012269,-0.1741776572538439,NA,-0.3246098322275354,2,middle,0
18097340904,NA,2025,309.7181269689623,-0.9737733737989124,-0.4750420072012269,-0.1741776572538439,NA,-0.3246098322275354,2,middle,0
18097340904,NA,2026,312.57043186898477,-0.9853541141447076,-0.4750420072012269,-0.1741776572538439,NA,-0.3246098322275354,2,middle,0
18097340904,NA,2027,325.35059829112225,-0.9848779096340924,-0.4750420072012269,-0.1741776572538439,NA,-0.3246098322275354,2,middle,0
18097340904,NA,2028,340.8416777870486,-0.9806039303584538,-0.4750420072012269,-0.1741776572538439,NA,-0.3246098322275354,2,middle,0
18097341000,NA,2024,140.81337526547978,-1.4063726162049786,0.3729378042800543,1.7479730763195116,NA,1.060455440299783,2,late,1.4063726162049786
18097341000,NA,2025,144.29233377951292,-1.3903494608583935,0.3729378042800543,1.7479730763195116,NA,1.060455440299783,2,late,1.3903494608583935
18097341000,NA,2026,145.75066272932006,-1.392200732448594,0.3729378042800543,1.7479730763195116,NA,1.060455440299783,2,late,1.392200732448594
18097341000,NA,2027,151.77111927017063,-1.3628765749170695,0.3729378042800543,1.7479730763195116,NA,1.060455440299783,2,late,1.3628765749170695
18097341000,NA,2028,159.15722325792953,-1.3231042365561372,0.3729378042800543,1.7479730763195116,NA,1.060455440299783,2,late,1.3231042365561372
18097341100,NA,2024,509.2430750264721,-0.42204900904502995,-0.8606250678752888,-0.5767991428647808,-0.8336920061599407,-0.7570387389666701,3,early,-0.42204900904502995
18097341100,NA,2025,515.0282957166535,-0.4567602461514775,-0.8606250678752888,-0.5767991428647808,-0.8336920061599407,-0.7570387389666701,3,early,-0.4567602461514775
18097341100,NA,2026,524.9679559112462,-0.46735067343519715,-0.8606250678752888,-0.5767991428647808,-0.8336920061599407,-0.7570387389666701,3,early,-0.46735067343519715
18097341100,NA,2027,546.4727044002884,-0.5033471351135811,-0.8606250678752888,-0.5767991428647808,-0.8336920061599407,-0.7570387389666701,3,early,-0.5033471351135811
18097341100,NA,2028,576.4659871829047,-0.5364195430653507,-0.8606250678752888,-0.5767991428647808,-0.8336920061599407,-0.7570387389666701,3,early,-0.5364195430653507
18097341200,NA,2024,597.1807506996764,-0.18710831295005514,-0.7095660535307885,-1.922664533042736,-0.8336920061599407,-1.1553075309111551,3,early,-0.18710831295005514
18097341200,NA,2025,603.9651001737171,-0.23279912568782343,-0.7095660535307885,-1.922664533042736,-0.8336920061599407,-1.1553075309111551,3,early,-0.23279912568782343
18097341200,NA,2026,615.6211613527761,-0.2462620682746443,-0.7095660535307885,-1.922664533042736,-0.8336920061599407,-1.1553075309111551,3,early,-0.2462620682746443
18097341200,NA,2027,640.8395291407473,-0.2978474182110978,-0.7095660535307885,-1.922664533042736,-0.8336920061599407,-1.1553075309111551,3,early,-0.2978474182110978
18097341200,NA,2028,676.0122580587504,-0.3487610648307682,-0.7095660535307885,-1.922664533042736,-0.8336920061599407,-1.1553075309111551,3,early,-0.3487610648307682
18097341600,NA,2024,566.8745841339522,-0.26807647380276567,-1.4611518877054537,-1.4998547939838245,-0.8336920061599407,-1.2648995626164063,3,early,-0.26807647380276567
18097341600,NA,2025,573.3146209743443,-0.30998332075920665,-1.4611518877054537,-1.4998547939838245,-0.8336920061599407,-1.2648995626164063,3,early,-0.30998332075920665
18097341600,NA,2026,584.3791591079829,-0.32245629290335065,-1.4611518877054537,-1.4998547939838245,-0.8336920061599407,-1.2648995626164063,3,early,-0.32245629290335065
18097341600,NA,2027,608.3177205245066,-0.36866915542833867,-1.4611518877054537,-1.4998547939838245,-0.8336920061599407,-1.2648995626164063,3,early,-0.36866915542833867
18097341600,NA,2028,641.705477092352,-0.4134340882663813,-1.4611518877054537,-1.4998547939838245,-0.8336920061599407,-1.2648995626164063,3,early,-0.4134340882663813
18097341701,NA,2024,739.7687738441812,0.19384022993466546,-0.7100385301046706,-0.4679070855897283,-0.8336920061599407,-0.6705458739514465,3,early,0.19384022993466546
18097341701,NA,2025,748.1730951546876,0.13034619230420413,-0.7100385301046706,-0.4679070855897283,-0.8336920061599407,-0.6705458739514465,3,early,0.13034619230420413
18097341701,NA,2026,762.6122193934698,0.11222550902621195,-0.7100385301046706,-0.4679070855897283,-0.8336920061599407,-0.6705458739514465,3,early,0.11222550902621195
18097341701,NA,2027,793.851974734072,0.035363054202980505,-0.7100385301046706,-0.4679070855897283,-0.8336920061599407,-0.6705458739514465,3,early,0.035363054202980505
18097341701,NA,2028,837.4228525739182,-0.04447978667587392,-0.7100385301046706,-0.4679070855897283,-0.8336920061599407,-0.6705458739514465,3,early,-0.04447978667587392
18097341702,NA,2024,312.36697558101616,-0.9480375286878471,NA,0.3483455684450813,-0.06459638763888811,0.14187459040309658,2,middle,0
18097341702,NA,2025,315.7697679671843,-0.9585341001722115,NA,0.3483455684450813,-0.06459638763888811,0.14187459040309658,2,middle,0
18097341702,NA,2026,322.3844257406236,-0.9614193596529393,NA,0.3483455684450813,-0.06459638763888811,0.14187459040309658,2,middle,0
18097341702,NA,2027,336.1163301820133,-0.9614337081161237,NA,0.3483455684450813,-0.06459638763888811,0.14187459040309658,2,middle,0
18097341702,NA,2028,355.5026698322644,-0.9529659341541972,NA,0.3483455684450813,-0.06459638763888811,0.14187459040309658,2,middle,0
18097341902,NA,2024,473.507390617747,-0.5175230650300521,-0.0956414914442276,0.00106476702188505,NA,-0.047288362211171275,2,middle,0
18097341902,NA,2025,507.74360813801377,-0.47510458404735334,-0.0956414914442276,0.00106476702188505,NA,-0.047288362211171275,2,middle,0
18097341902,NA,2026,516.1220214940085,-0.4889244864308141,-0.0956414914442276,0.00106476702188505,NA,-0.047288362211171275,2,middle,0
18097341902,NA,2027,565.9957071874568,-0.46083249549437394,-0.0956414914442276,0.00106476702188505,NA,-0.047288362211171275,2,middle,0
18097341902,NA,2028,626.4820163759636,-0.44213241565088396,-0.0956414914442276,0.00106476702188505,NA,-0.047288362211171275,2,middle,0
18097341903,NA,2024,323.64290703859484,-0.917911929330324,-0.8180679430162466,-1.241071925793241,NA,-1.0295699344047438,2,early,-0.917911929330324
18097341903,NA,2025,330.7389947256421,-0.9208385160125936,-0.8180679430162466,-1.241071925793241,NA,-1.0295699344047438,2,early,-0.9208385160125936
18097341903,NA,2026,334.736183775428,-0.931295406044295,-0.8180679430162466,-1.241071925793241,NA,-1.0295699344047438,2,early,-0.931295406044295
18097341903,NA,2027,348.62911755591546,-0.9341849978827338,-0.8180679430162466,-1.241071925793241,NA,-1.0295699344047438,2,early,-0.9341849978827338
18097341903,NA,2028,366.1541842028944,-0.9328863574900028,-0.8180679430162466,-1.241071925793241,NA,-1.0295699344047438,2,early,-0.9328863574900028
18097341904,NA,2024,123.61800643322545,-1.4523130153812405,0.8771684528319812,-1.0275105154051194,NA,-0.0751710312865691,2,middle,0
18097341904,NA,2025,126.79085774567464,-1.4344217682257951,0.8771684528319812,-1.0275105154051194,NA,-0.0751710312865691,2,middle,0
18097341904,NA,2026,127.95853728712656,-1.4355928682004104,0.8771684528319812,-1.0275105154051194,NA,-0.0751710312865691,2,middle,0
18097341904,NA,2027,133.19040057856566,-1.4033392315919255,0.8771684528319812,-1.0275105154051194,NA,-0.0751710312865691,2,middle,0
18097341904,NA,2028,139.53205581890143,-1.3601003894436734,0.8771684528319812,-1.0275105154051194,NA,-0.0751710312865691,2,middle,0
18097342000,NA,2024,552.2056617488317,-0.30726703472833156,0.00418378431542611,-0.3583081994374509,NA,-0.1770622075610124,2,middle,0
18097342000,NA,2025,536.691232325465,-0.4022085272645595,0.00418378431542611,-0.3583081994374509,NA,-0.1770622075610124,2,middle,0
18097342000,NA,2026,569.6861577848892,-0.35829016278498593,0.00418378431542611,-0.3583081994374509,NA,-0.1770622075610124,2,middle,0
18097342000,NA,2027,600.6977669427669,-0.38526289277368586,0.00418378431542611,-0.3583081994374509,NA,-0.1770622075610124,2,middle,0
18097342000,NA,2028,660.274093983148,-0.37842967918114606,0.00418378431542611,-0.3583081994374509,NA,-0.1770622075610124,2,middle,0
18097342101,NA,2024,785.6788833939927,0.31649702081361686,-0.17270163412016856,NA,NA,-0.17270163412016856,1,middle,0
18097342101,NA,2025,796.4369038665726,0.25188436475086123,-0.17270163412016856,NA,NA,-0.17270163412016856,1,middle,0
18097342101,NA,2026,819.7901241525459,0.2516732334350372,-0.17270163412016856,NA,NA,-0.17270163412016856,1,middle,0
18097342101,NA,2027,865.0271230063371,0.19035897422752904,-0.17270163412016856,NA,NA,-0.17270163412016856,1,middle,0
18097342101,NA,2028,931.0379332199574,0.13199757826483635,-0.17270163412016856,NA,NA,-0.17270163412016856,1,middle,0
18097342200,NA,2024,834.0273136981116,0.4456682069268552,-0.16863941078765232,-0.7253690976160714,NA,-0.44700425420186185,2,middle,0
18097342200,NA,2025,845.6079340351027,0.3757071069566782,-0.16863941078765232,-0.7253690976160714,NA,-0.44700425420186185,2,middle,0
18097342200,NA,2026,870.2842505338696,0.37482029609073064,-0.16863941078765232,-0.7253690976160714,NA,-0.44700425420186185,2,middle,0
18097342200,NA,2027,918.3084838336972,0.3063881465167939,-0.16863941078765232,-0.7253690976160714,NA,-0.44700425420186185,2,middle,0
18097342200,NA,2028,988.290811794692,0.23992716692098956,-0.16863941078765232,-0.7253690976160714,NA,-0.44700425420186185,2,middle,0
18097342300,NA,2024,1106.1267718593474,1.1726289278928477,-0.41488498988037426,0.3868525358357166,NA,-0.014016227022328825,2,middle,0
18097342300,NA,2025,1121.4856363747422,1.0704237622728996,-0.41488498988037426,0.3868525358357166,NA,-0.014016227022328825,2,middle,0
18097342300,NA,2026,1154.212502342502,1.0672756908261403,-0.41488498988037426,0.3868525358357166,NA,-0.014016227022328825,2,middle,0
18097342300,NA,2027,1217.9045802277694,0.9588093036702855,-0.41488498988037426,0.3868525358357166,NA,-0.014016227022328825,2,middle,0
18097342300,NA,2028,1310.7184989328075,0.8477479177806414,-0.41488498988037426,0.3868525358357166,NA,-0.014016227022328825,2,middle,0
18097342400,NA,2024,278.0021236195432,-1.03984916891169,-0.31930568203844584,0.6418505509037906,NA,0.1612724344326724,2,middle,0
18097342400,NA,2025,282.08353744835426,-1.043362939900047,-0.31930568203844584,0.6418505509037906,NA,0.1612724344326724,2,middle,0
18097342400,NA,2026,290.26796439780975,-1.039746249544939,-0.31930568203844584,0.6418505509037906,NA,0.1612724344326724,2,middle,0
18097342400,NA,2027,306.44898781951383,-1.0260393624179456,-0.31930568203844584,0.6418505509037906,NA,0.1612724344326724,2,middle,0
18097342400,NA,2028,329.93342405888234,-1.0011674961938575,-0.31930568203844584,0.6418505509037906,NA,0.1612724344326724,2,middle,0
18097342500,NA,2024,758.4869549625965,0.24384908527370128,-0.6540251759169157,0.25748476786482094,NA,-0.19827020402604736,2,middle,0
18097342500,NA,2025,769.0186613715439,0.18283960484726772,-0.6540251759169157,0.25748476786482094,NA,-0.19827020402604736,2,middle,0
18097342500,NA,2026,791.4599800769614,0.18258056310791534,-0.6540251759169157,0.25748476786482094,NA,-0.19827020402604736,2,middle,0
18097342500,NA,2027,835.1345029163504,0.125262739582982,-0.6540251759169157,0.25748476786482094,NA,-0.19827020402604736,2,middle,0
18097342500,NA,2028,898.7783177045612,0.07118374462959887,-0.6540251759169157,0.25748476786482094,NA,-0.19827020402604736,2,middle,0
18097342600,NA,2024,812.3797979671789,0.3878331279846678,-0.660876859420244,0.2715961915948878,0.16342691857063488,-0.07528458308490711,3,middle,0
18097342600,NA,2025,850.5897338718434,0.3882523010433481,-0.660876859420244,0.2715961915948878,0.16342691857063488,-0.07528458308490711,3,middle,0
18097342600,NA,2026,866.3735417344573,0.36528270556163644,-0.660876859420244,0.2715961915948878,0.16342691857063488,-0.07528458308490711,3,middle,0
18097342600,NA,2027,930.3368984477444,0.33258205316535155,-0.660876859420244,0.2715961915948878,0.16342691857063488,-0.07528458308490711,3,middle,0
18097342600,NA,2028,1010.6739666159305,0.28212250718724025,-0.660876859420244,0.2715961915948878,0.16342691857063488,-0.07528458308490711,3,middle,0
18097350100,NA,2024,494.8947878294072,-0.46038293766029614,-0.39890123290451585,-1.01128823511401,-0.30243144718141657,-0.5708736383999808,3,early,-0.46038293766029614
18097350100,NA,2025,533.455911144115,-0.4103557297782808,-0.39890123290451585,-1.01128823511401,-0.30243144718141657,-0.5708736383999808,3,early,-0.4103557297782808
18097350100,NA,2026,534.1674789903839,-0.4449145144951727,-0.39890123290451585,-1.01128823511401,-0.30243144718141657,-0.5708736383999808,3,early,-0.4449145144951727
18097350100,NA,2027,575.2954757461604,-0.44058067700489545,-0.39890123290451585,-1.01128823511401,-0.30243144718141657,-0.5708736383999808,3,early,-0.44058067700489545
18097350100,NA,2028,619.3683211184713,-0.4555427143481653,-0.39890123290451585,-1.01128823511401,-0.30243144718141657,-0.5708736383999808,3,early,-0.4555427143481653
18097350300,NA,2024,1000.2489753168344,0.8897580988622841,-1.1067097222008555,-1.2121554601101152,-0.17755355051842975,-0.8321395776098002,3,early,0.8897580988622841
18097350300,NA,2025,1072.7480034958355,0.9476924033609007,-1.1067097222008555,-1.2121554601101152,-0.17755355051842975,-0.8321395776098002,3,early,0.9476924033609007
18097350300,NA,2026,1075.5342417778477,0.8753920525148905,-1.1067097222008555,-1.2121554601101152,-0.17755355051842975,-0.8321395776098002,3,early,0.8753920525148905
18097350300,NA,2027,1155.2836115249909,0.8224415560431582,-1.1067097222008555,-1.2121554601101152,-0.17755355051842975,-0.8321395776098002,3,early,0.8224415560431582
18097350300,NA,2028,1241.749400198879,0.717731634902885,-1.1067097222008555,-1.2121554601101152,-0.17755355051842975,-0.8321395776098002,3,early,0.717731634902885
18097350400,NA,2024,613.6951550317016,-0.142987228106075,-0.35015189739069513,-0.1465971486109355,0.4183524045045047,-0.026132213832375305,3,middle,0
18097350400,NA,2025,647.3314810612437,-0.12359368129035882,-0.35015189739069513,-0.1465971486109355,0.4183524045045047,-0.026132213832375305,3,middle,0
18097350400,NA,2026,650.1568781831901,-0.16203500288774159,-0.35015189739069513,-0.1465971486109355,0.4183524045045047,-0.026132213832375305,3,middle,0
18097350400,NA,2027,689.8250918159041,-0.1911730727539952,-0.35015189739069513,-0.1465971486109355,0.4183524045045047,-0.026132213832375305,3,middle,0
18097350400,NA,2028,733.7316323939637,-0.23995206719481005,-0.35015189739069513,-0.1465971486109355,0.4183524045045047,-0.026132213832375305,3,middle,0
18097350500,NA,2024,756.0536801108285,0.23734817103997455,-0.8070640769998174,-1.5483855488407037,-0.7384962148931505,-1.031315280244557,3,early,0.23734817103997455
18097350500,NA,2025,753.7624228704898,0.1444212662346368,-0.8070640769998174,-1.5483855488407037,-0.7384962148931505,-1.031315280244557,3,early,0.1444212662346368
18097350500,NA,2026,770.305567116104,0.13098834823005445,-0.8070640769998174,-1.5483855488407037,-0.7384962148931505,-1.031315280244557,3,early,0.13098834823005445
18097350500,NA,2027,790.2986643683513,0.027625120069554164,-0.8070640769998174,-1.5483855488407037,-0.7384962148931505,-1.031315280244557,3,early,0.027625120069554164
18097350500,NA,2028,824.0417920823365,-0.069704935010631,-0.8070640769998174,-1.5483855488407037,-0.7384962148931505,-1.031315280244557,3,early,-0.069704935010631
18097350600,NA,2024,1361.4942990791417,1.8548874040894443,-1.1909735031686888,-2.047565135043079,-0.7384962148931505,-1.3256782843683061,3,early,1.8548874040894443
18097350600,NA,2025,1357.3684776724554,1.664425151885345,-1.1909735031686888,-2.047565135043079,-0.7384962148931505,-1.3256782843683061,3,early,1.664425151885345
18097350600,NA,2026,1387.1591078892343,1.6353950402343704,-1.1909735031686888,-2.047565135043079,-0.7384962148931505,-1.3256782843683061,3,early,1.6353950402343704
18097350600,NA,2027,1423.162641470589,1.405793438119683,-1.1909735031686888,-2.047565135043079,-0.7384962148931505,-1.3256782843683061,3,early,1.405793438119683
18097350600,NA,2028,1483.92700691112,1.1742698933253788,-1.1909735031686888,-2.047565135043079,-0.7384962148931505,-1.3256782843683061,3,early,1.1742698933253788
18097350700,NA,2024,506.22724206829133,-0.4301063279254409,-1.483216599384226,-1.842352746428288,-0.7384962148931505,-1.3546885202352215,3,early,-0.4301063279254409
18097350700,NA,2025,504.69302754897814,-0.48278657184707163,-1.483216599384226,-1.842352746428288,-0.7384962148931505,-1.3546885202352215,3,early,-0.48278657184707163
18097350700,NA,2026,515.769769270018,-0.48978357301785175,-1.483216599384226,-1.842352746428288,-0.7384962148931505,-1.3546885202352215,3,early,-0.48978357301785175
18097350700,NA,2027,529.156408805758,-0.5410562966993693,-1.483216599384226,-1.842352746428288,-0.7384962148931505,-1.3546885202352215,3,early,-0.5410562966993693
18097350700,NA,2028,551.7496143929073,-0.5830133216613802,-1.483216599384226,-1.842352746428288,-0.7384962148931505,-1.3546885202352215,3,early,-0.5830133216613802
18097350800,NA,2024,681.6161121633119,0.03847534553799826,-1.444329031360582,-1.8166547606220187,-0.25614120200149865,-1.1723749979946998,3,early,0.03847534553799826
18097350800,NA,2025,683.8477317607781,-0.031638270122560104,-1.444329031360582,-1.8166547606220187,-0.25614120200149865,-1.1723749979946998,3,early,-0.031638270122560104
18097350800,NA,2026,697.4736317419432,-0.04663704211979399,-1.444329031360582,-1.8166547606220187,-0.25614120200149865,-1.1723749979946998,3,early,-0.04663704211979399
18097350800,NA,2027,718.9972103599339,-0.12764585205189222,-1.444329031360582,-1.8166547606220187,-0.25614120200149865,-1.1723749979946998,3,early,-0.12764585205189222
18097350800,NA,2028,751.8264518519812,-0.20584083175078072,-1.444329031360582,-1.8166547606220187,-0.25614120200149865,-1.1723749979946998,3,early,-0.20584083175078072
18097350900,NA,2024,399.3957694830552,-0.7155250672983147,1.0722424777950144,-0.1576198092828268,0.4183524045045047,0.4443250243388974,3,middle,0
18097350900,NA,2025,421.2864070275503,-0.6928215545530662,1.0722424777950144,-0.1576198092828268,0.4183524045045047,0.4443250243388974,3,middle,0
18097350900,NA,2026,423.12520077678533,-0.7157287927605904,1.0722424777950144,-0.1576198092828268,0.4183524045045047,0.4443250243388974,3,middle,0
18097350900,NA,2027,448.94143805971015,-0.7157379586604545,1.0722424777950144,-0.1576198092828268,0.4183524045045047,0.4443250243388974,3,middle,0
18097350900,NA,2028,477.516005957443,-0.7229539328996991,1.0722424777950144,-0.1576198092828268,0.4183524045045047,0.4443250243388974,3,middle,0
18097351000,NA,2024,919.7147482690092,0.6745969950778206,-1.0750128709695472,-0.11540823347042244,-0.11951611301860704,-0.4366457391528589,3,middle,0
18097351000,NA,2025,984.3881016925352,0.7251840421404423,-1.0750128709695472,-0.11540823347042244,-0.11951611301860704,-0.4366457391528589,3,middle,0
18097351000,NA,2026,987.346024100812,0.6603151565259604,-1.0750128709695472,-0.11540823347042244,-0.11951611301860704,-0.4366457391528589,3,middle,0
18097351000,NA,2027,1059.2945635751787,0.613409173808429,-1.0750128709695472,-0.11540823347042244,-0.11951611301860704,-0.4366457391528589,3,middle,0
18097351000,NA,2028,1137.6131497755275,0.521420410870451,-1.0750128709695472,-0.11540823347042244,-0.11951611301860704,-0.4366457391528589,3,middle,0
18097351200,NA,2024,1307.216730229487,1.7098754998031624,-0.979754042714128,-1.7570802588421066,-0.30243144718141657,-1.0130885829125504,3,early,1.7098754998031624
18097351200,NA,2025,1409.0723501816844,1.7946261107590948,-0.979754042714128,-1.7570802588421066,-0.30243144718141657,-1.0130885829125504,3,early,1.7946261107590948
18097351200,NA,2026,1410.9519251873269,1.6934218994464034,-0.979754042714128,-1.7570802588421066,-0.30243144718141657,-1.0130885829125504,3,early,1.6934218994464034
18097351200,NA,2027,1519.5877661506436,1.6157754511686206,-0.979754042714128,-1.7570802588421066,-0.30243144718141657,-1.0130885829125504,3,early,1.6157754511686206
18097351200,NA,2028,1636.0021941109453,1.4609526385057718,-0.979754042714128,-1.7570802588421066,-0.30243144718141657,-1.0130885829125504,3,early,1.4609526385057718
18097351500,NA,2024,624.0248357702733,-0.11538970105546653,-0.4691400979391105,-0.1268245171867262,-0.15751982551623012,-0.2511614802140223,3,middle,0
18097351500,NA,2025,668.7754979467079,-0.06959324718179294,-0.4691400979391105,-0.1268245171867262,-0.15751982551623012,-0.2511614802140223,3,middle,0
18097351500,NA,2026,670.6138818948428,-0.11214365713394234,-0.4691400979391105,-0.1268245171867262,-0.15751982551623012,-0.2511614802140223,3,middle,0
18097351500,NA,2027,720.0417843595129,-0.12537111554584177,-0.4691400979391105,-0.1268245171867262,-0.15751982551623012,-0.2511614802140223,3,middle,0
18097351500,NA,2028,773.7108747126819,-0.1645856701565991,-0.4691400979391105,-0.1268245171867262,-0.15751982551623012,-0.2511614802140223,3,middle,0
18097351600,NA,2024,632.2314303116118,-0.09346436564773529,1.5486831255676925,1.203201903724336,0.2382996915679115,0.9967282402866466,3,late,0.09346436564773529
18097351600,NA,2025,676.5807009423536,-0.049938144673640696,1.5486831255676925,1.203201903724336,0.2382996915679115,0.9967282402866466,3,late,0.049938144673640696
18097351600,NA,2026,679.9942391420171,-0.08926647270803609,1.5486831255676925,1.203201903724336,0.2382996915679115,0.9967282402866466,3,late,0.08926647270803609
18097351600,NA,2027,731.9206648830274,-0.09950284466341544,1.5486831255676925,1.203201903724336,0.2382996915679115,0.9967282402866466,3,late,0.09950284466341544
18097351600,NA,2028,789.6990213030227,-0.1344458042175044,1.5486831255676925,1.203201903724336,0.2382996915679115,0.9967282402866466,3,late,0.1344458042175044
18097351700,NA,2024,841.3254917221218,0.46516655063516493,-0.07448193444322174,-0.13275238034301645,0.3688170875163175,0.05386092424335976,3,middle,0
18097351700,NA,2025,883.8645958367175,0.47204523035333257,-0.07448193444322174,-0.13275238034301645,0.3688170875163175,0.05386092424335976,3,middle,0
18097351700,NA,2026,890.1632430988669,0.4233019655119735,-0.07448193444322174,-0.13275238034301645,0.3688170875163175,0.05386092424335976,3,middle,0
18097351700,NA,2027,944.8914416475382,0.36427703194024136,-0.07448193444322174,-0.13275238034301645,0.3688170875163175,0.05386092424335976,3,middle,0
18097351700,NA,2028,1007.3813865365706,0.275915538691868,-0.07448193444322174,-0.13275238034301645,0.3688170875163175,0.05386092424335976,3,middle,0
18097351900,NA,2024,665.2076981952354,-0.005362567733674315,-0.779348149476525,NA,-0.7384962148931505,-0.7589221821848378,2,early,-0.005362567733674315
18097351900,NA,2025,663.1917229035009,-0.08365433834340931,-0.779348149476525,NA,-0.7384962148931505,-0.7589221821848378,2,early,-0.08365433834340931
18097351900,NA,2026,677.7470856335439,-0.09474691912303287,-0.779348149476525,NA,-0.7384962148931505,-0.7589221821848378,2,early,-0.09474691912303287
18097351900,NA,2027,695.3378290435616,-0.1791681553186872,-0.779348149476525,NA,-0.7384962148931505,-0.7589221821848378,2,early,-0.1791681553186872
18097351900,NA,2028,725.026434989902,-0.2563625673893908,-0.779348149476525,NA,-0.7384962148931505,-0.7589221821848378,2,early,-0.2563625673893908
18097352100,NA,2024,1070.4285819442814,1.0772550449266434,-0.6356678912346558,-1.339776867529062,-0.7384962148938793,-0.904646991219199,3,early,1.0772550449266434
18097352100,NA,2025,1067.1847157761345,0.9336829034831817,-0.6356678912346558,-1.339776867529062,-0.7384962148938793,-0.904646991219199,3,early,0.9336829034831817
18097352100,NA,2026,1090.606622245663,0.912151167185444,-0.6356678912346558,-1.339776867529062,-0.7384962148938793,-0.904646991219199,3,early,0.912151167185444
18097352100,NA,2027,1118.913131385012,0.7432386858297179,-0.6356678912346558,-1.339776867529062,-0.7384962148938793,-0.904646991219199,3,early,0.7432386858297179
18097352100,NA,2028,1166.6870344045435,0.5762287015060052,-0.6356678912346558,-1.339776867529062,-0.7384962148938793,-0.904646991219199,3,early,0.5762287015060052
18097352300,NA,2024,492.48082355221794,-0.4668322603571896,-1.23003109005736,-2.100346414084771,-0.7384962148931505,-1.3562912396784272,3,early,-0.4668322603571896
18097352300,NA,2025,490.9882717105316,-0.5172979588032005,-1.23003109005736,-2.100346414084771,-0.7384962148931505,-1.3562912396784272,3,early,-0.5172979588032005
18097352300,NA,2026,501.764231527097,-0.5239408296644801,-1.23003109005736,-2.100346414084771,-0.7384962148931505,-1.3562912396784272,3,early,-0.5239408296644801
18097352300,NA,2027,514.7873671107917,-0.5723473145819447,-1.23003109005736,-2.100346414084771,-0.7384962148931505,-1.3562912396784272,3,early,-0.5723473145819447
18097352300,NA,2028,536.7670706746325,-0.6112574872088893,-1.23003109005736,-2.100346414084771,-0.7384962148931505,-1.3562912396784272,3,early,-0.6112574872088893
18097352400,NA,2024,897.2701425601559,0.6146323525233436,-0.9057187663377272,-1.2073269275432776,NA,-1.0565228469405024,2,early,0.6146323525233436
18097352400,NA,2025,894.1509477122461,0.49794837478932336,-0.9057187663377272,-1.2073269275432776,NA,-1.0565228469405024,2,early,0.49794837478932336
18097352400,NA,2026,914.4855410048588,0.4826201428686861,-0.9057187663377272,-1.2073269275432776,NA,-1.0565228469405024,2,early,0.4826201428686861
18097352400,NA,2027,938.6828347872624,0.3507567407186754,-0.9057187663377272,-1.2073269275432776,NA,-1.0565228469405024,2,early,0.3507567407186754
18097352400,NA,2028,979.8250925341904,0.22396811612371448,-0.9057187663377272,-1.2073269275432776,NA,-1.0565228469405024,2,early,0.22396811612371448
18097352500,NA,2024,1278.6486416733708,1.6335509146910954,-0.4572285805390932,0.22533989303265056,-0.5594824849092481,-0.26379039080523026,3,middle,0
18097352500,NA,2025,1261.6995313435154,1.423511116979239,-0.4572285805390932,0.22533989303265056,-0.5594824849092481,-0.26379039080523026,3,middle,0
18097352500,NA,2026,1316.178123609763,1.4622838222599184,-0.4572285805390932,0.22533989303265056,-0.5594824849092481,-0.26379039080523026,3,middle,0
18097352500,NA,2027,1369.600581912919,1.2891529968831774,-0.4572285805390932,0.22533989303265056,-0.5594824849092481,-0.26379039080523026,3,middle,0
18097352500,NA,2028,1471.1291223548917,1.1501441122256628,-0.4572285805390932,0.22533989303265056,-0.5594824849092481,-0.26379039080523026,3,middle,0
18097352600,NA,2024,1444.39637024506,2.076374612596263,-1.19111583676495,-0.5403617397381028,-0.5339726031187086,-0.7551500598739205,3,early,2.076374612596263
18097352600,NA,2025,1428.1469303228605,1.8426598170168225,-1.19111583676495,-0.5403617397381028,-0.5339726031187086,-0.7551500598739205,3,early,1.8426598170168225
18097352600,NA,2026,1481.6171633322394,1.8657630633214506,-1.19111583676495,-0.5403617397381028,-0.5339726031187086,-0.7551500598739205,3,early,1.8657630633214506
18097352600,NA,2027,1534.652891886709,1.6485823097481744,-1.19111583676495,-0.5403617397381028,-0.5339726031187086,-0.7551500598739205,3,early,1.6485823097481744
18097352600,NA,2028,1634.2304128924188,1.4576125860426516,-1.19111583676495,-0.5403617397381028,-0.5339726031187086,-0.7551500598739205,3,early,1.4576125860426516
18097352700,NA,2024,1222.4188057032268,1.483323191442807,-0.6590898406877758,0.8571293085119199,-0.49201746714159467,-0.09799266643915017,3,middle,0
18097352700,NA,2025,1208.888594870128,1.2905223439114504,-0.6590898406877758,0.8571293085119199,-0.49201746714159467,-0.09799266643915017,3,middle,0
18097352700,NA,2026,1255.8070783184428,1.3150485410524448,-0.6590898406877758,0.8571293085119199,-0.49201746714159467,-0.09799266643915017,3,middle,0
18097352700,NA,2027,1303.1257594225838,1.1443928310041414,-0.6590898406877758,0.8571293085119199,-0.49201746714159467,-0.09799266643915017,3,middle,0
18097352700,NA,2028,1391.4783472109875,0.999991393071049,-0.6590898406877758,0.8571293085119199,-0.49201746714159467,-0.09799266643915017,3,middle,0
18097352800,NA,2024,637.5358568723518,-0.07929267349162032,-0.757146171040173,-1.3458286551217875,NA,-1.0514874130809804,2,early,-0.07929267349162032
18097352800,NA,2025,650.1597011993705,-0.1164716427269142,-0.757146171040173,-1.3458286551217875,NA,-1.0514874130809804,2,early,-0.1164716427269142
18097352800,NA,2026,663.8269317637029,-0.12869593821964298,-0.757146171040173,-1.3458286551217875,NA,-1.0514874130809804,2,early,-0.12869593821964298
18097352800,NA,2027,696.6890380186329,-0.1762256693060768,-0.757146171040173,-1.3458286551217875,NA,-1.0514874130809804,2,early,-0.1762256693060768
18097352800,NA,2028,741.7395646321311,-0.22485600820236026,-0.757146171040173,-1.3458286551217875,NA,-1.0514874130809804,2,early,-0.22485600820236026
18097353300,NA,2024,938.416288858941,0.7245613923695475,-0.4134223393786307,1.1100669249154564,0.11899193623410996,0.2718788405903119,3,middle,0
18097353300,NA,2025,1025.3568218928808,0.8283516850082607,-0.4134223393786307,1.1100669249154564,0.11899193623410996,0.2718788405903119,3,middle,0
18097353300,NA,2026,1036.682852182574,0.7806397545422781,-0.4134223393786307,1.1100669249154564,0.11899193623410996,0.2718788405903119,3,middle,0
18097353300,NA,2027,1147.9284015865435,0.8064243427453027,-0.4134223393786307,1.1100669249154564,0.11899193623410996,0.2718788405903119,3,middle,0
18097353300,NA,2028,1277.853639807071,0.7857931162931844,-0.4134223393786307,1.1100669249154564,0.11899193623410996,0.2718788405903119,3,middle,0
18097353500,NA,2024,589.0877557041874,-0.20873014754117233,-0.8453045622062816,-0.06836803515543785,0.11899193623410996,-0.26489355370920314,3,middle,0
18097353500,NA,2025,643.6643080554284,-0.1328283752995525,-0.8453045622062816,-0.06836803515543785,0.11899193623410996,-0.26489355370920314,3,middle,0
18097353500,NA,2026,650.7742135892489,-0.1605294210037143,-0.8453045622062816,-0.06836803515543785,0.11899193623410996,-0.26489355370920314,3,middle,0
18097353500,NA,2027,720.6081977207303,-0.12413765467969418,-0.8453045622062816,-0.06836803515543785,0.11899193623410996,-0.26489355370920314,3,middle,0
18097353500,NA,2028,802.1683100291212,-0.11093947167064593,-0.8453045622062816,-0.06836803515543785,0.11899193623410996,-0.26489355370920314,3,middle,0
18097353600,NA,2024,1152.9219551360864,1.297650346173056,-0.7304363208127297,-1.0129379873951525,NA,-0.871687154103941,2,early,1.297650346173056
18097353600,NA,2025,1239.4882738457554,1.3675786135969457,-0.7304363208127297,-1.0129379873951525,NA,-0.871687154103941,2,early,1.3675786135969457
18097353600,NA,2026,1252.7500890099918,1.3075930352167238,-0.7304363208127297,-1.0129379873951525,NA,-0.871687154103941,2,early,1.3075930352167238
18097353600,NA,2027,1365.8390653107074,1.280961658465206,-0.7304363208127297,-1.0129379873951525,NA,-0.871687154103941,2,early,1.280961658465206
18097353600,NA,2028,1497.7150528589275,1.2002622654918973,-0.7304363208127297,-1.0129379873951525,NA,-0.871687154103941,2,early,1.2002622654918973
18097354201,NA,2024,1884.5172411682745,3.2522335716719177,0.8781322409880451,0.6100403594723685,NA,0.7440863002302067,2,late,-3.2522335716719177
18097354201,NA,2025,2338.446217783129,4.134980185636448,0.8781322409880451,0.6100403594723685,NA,0.7440863002302067,2,late,-4.134980185636448
18097354201,NA,2026,2374.887653135034,4.044306289230471,0.8781322409880451,0.6100403594723685,NA,0.7440863002302067,2,late,-4.044306289230471
18097354201,NA,2027,2946.9223422704677,4.724037831771885,0.8781322409880451,0.6100403594723685,NA,0.7440863002302067,2,late,-4.724037831771885
18097354201,NA,2028,3656.7368913862097,5.270316815285883,0.8781322409880451,0.6100403594723685,NA,0.7440863002302067,2,late,-5.270316815285883
18097354202,NA,2024,1230.5159855940265,1.504956206704892,NA,0.799596967556716,1.5834561847069226,1.1915265761318192,2,late,-1.504956206704892
18097354202,NA,2025,1426.2644591160984,1.8379193682984232,NA,0.799596967556716,1.5834561847069226,1.1915265761318192,2,late,-1.8379193682984232
18097354202,NA,2026,1437.5426211537504,1.7582723352675254,NA,0.799596967556716,1.5834561847069226,1.1915265761318192,2,late,-1.7582723352675254
18097354202,NA,2027,1668.0258154081064,1.9390244020988006,NA,0.799596967556716,1.5834561847069226,1.1915265761318192,2,late,-1.9390244020988006
18097354202,NA,2028,1936.243716294939,2.0269494022233583,NA,0.799596967556716,1.5834561847069226,1.1915265761318192,2,late,-2.0269494022233583
18097354400,NA,2024,471.0055279552418,-0.5242072234520616,0.04007040512194974,1.5283221877424384,NA,0.7841962964321941,2,late,0.5242072234520616
18097354400,NA,2025,491.7207445757705,-0.5154534418497347,0.04007040512194974,1.5283221877424384,NA,0.7841962964321941,2,late,0.5154534418497347
18097354400,NA,2026,502.5761819024987,-0.5219606131339909,0.04007040512194974,1.5283221877424384,NA,0.7841962964321941,2,late,0.5219606131339909
18097354400,NA,2027,540.9099159089212,-0.5154610476385433,0.04007040512194974,1.5283221877424384,NA,0.7841962964321941,2,late,0.5154610476385433
18097354400,NA,2028,590.2905928100087,-0.510358250850686,0.04007040512194974,1.5283221877424384,NA,0.7841962964321941,2,late,0.510358250850686
18097354500,NA,2024,1047.627445544623,1.0163378690235676,-0.3136188255502367,0.564490452721401,-0.5506570968878243,-0.09992848990555332,3,middle,0
18097354500,NA,2025,1034.0652725407824,0.8502813504208296,-0.3136188255502367,0.564490452721401,-0.5506570968878243,-0.09992848990555332,3,middle,0
18097354500,NA,2026,1078.4150643302382,0.8824179159327472,-0.3136188255502367,0.564490452721401,-0.5506570968878243,-0.09992848990555332,3,middle,0
18097354500,NA,2027,1122.0553730189222,0.7500814482940023,-0.3136188255502367,0.564490452721401,-0.5506570968878243,-0.09992848990555332,3,middle,0
18097354500,NA,2028,1204.892945449718,0.6482521240131655,-0.3136188255502367,0.564490452721401,-0.5506570968878243,-0.09992848990555332,3,middle,0
18097354700,NA,2024,676.8935044127886,0.025858082871030308,-0.6398897553200147,-0.3175732666399462,-0.5506570969209361,-0.5027067062936323,3,early,0.025858082871030308
18097354700,NA,2025,668.1305408998911,-0.07121738134916962,-0.6398897553200147,-0.3175732666399462,-0.5506570969209361,-0.5027067062936323,3,early,-0.07121738134916962
18097354700,NA,2026,696.7859455816052,-0.048314198192067746,-0.6398897553200147,-0.3175732666399462,-0.5506570969209361,-0.5027067062936323,3,early,-0.048314198192067746
18097354700,NA,2027,724.9827600597949,-0.114611305512786,-0.6398897553200147,-0.3175732666399462,-0.5506570969209361,-0.5027067062936323,3,early,-0.114611305512786
18097354700,NA,2028,778.5058225422945,-0.15554653081966135,-0.6398897553200147,-0.3175732666399462,-0.5506570969209361,-0.5027067062936323,3,early,-0.15554653081966135
18097354800,NA,2024,787.0501083546541,0.32016048524219454,0.2377214943230017,-0.7746021681337257,-0.5506570969209361,-0.3625125902438867,3,middle,0
18097354800,NA,2025,776.8611388769023,0.20258857221835214,0.2377214943230017,-0.7746021681337257,-0.5506570969209361,-0.3625125902438867,3,middle,0
18097354800,NA,2026,810.17984096145085,0.22823529656817673,0.2377214943230017,-0.7746021681337257,-0.5506570969209361,-0.3625125902438867,3,middle,0
18097354800,NA,2027,842.9653925108319,0.14231582576222485,0.2377214943230017,-0.7746021681337257,-0.5506570969209361,-0.3625125902438867,3,middle,0
18097354800,NA,2028,905.1987087842102,0.08328706913464735,0.2377214943230017,-0.7746021681337257,-0.5506570969209361,-0.3625125902438867,3,middle,0
18097354900,NA,2024,1104.604990383895,1.168563225719005,-0.9906698418312592,-0.789854749883168,-0.5506570969209361,-0.7770605628784544,3,early,1.168563225719005
18097354900,NA,2025,1090.3052384766097,0.9919051231965473,-0.9906698418312592,-0.789854749883168,-0.5506570969209361,-0.7770605628784544,3,early,0.9919051231965473
18097354900,NA,2026,1137.0670725565792,1.0254607418920645,-0.9906698418312592,-0.789854749883168,-0.5506570969209361,-0.7770605628784544,3,early,1.0254607418920645
18097354900,NA,2027,1183.0808686393448,0.8829747835134701,-0.9906698418312592,-0.789854749883168,-0.5506570969209361,-0.7770605628784544,3,early,0.8829747835134701
18097354900,NA,2028,1270.4237394872057,0.7717867273527136,-0.9906698418312592,-0.789854749883168,-0.5506570969209361,-0.7770605628784544,3,early,0.7717867273527136
18097355000,NA,2024,999.0066050136636,0.8864388919171361,-0.8100619843523366,-0.289950192196429,-0.5506570968878243,-0.5502230911455299,3,early,0.8864388919171361
18097355000,NA,2025,986.0738310077928,0.72942905441121475,-0.8100619843523366,-0.289950192196429,-0.5506570968878243,-0.5502230911455299,3,early,0.72942905441121475
18097355000,NA,2026,1028.3653466221542,0.7603546946394111,-0.8100619843523366,-0.289950192196429,-0.5506570968878243,-0.5502230911455299,3,early,0.7603546946394111
18097355000,NA,2027,1069.9802773479323,0.6366791223442767,-0.8100619843523366,-0.289950192196429,-0.5506570968878243,-0.5502230911455299,3,early,0.6366791223442767
18097355000,NA,2028,1148.973326238866,0.5428359135189155,-0.8100619843523366,-0.289950192196429,-0.5506570968878243,-0.5502230911455299,3,early,0.5428359135189155
18097355100,NA,2024,876.6947924557952,0.5596617493215887,-1.2299976192271254,0.1210272181625846,-0.5506570969209361,-0.553209165995159,3,early,0.5596617493215887
18097355100,NA,2025,865.3453630212815,0.42541000260040984,-1.2299976192271254,0.1210272181625846,-0.5506570969209361,-0.553209165995159,3,early,0.42541000260040984
18097355100,NA,2026,902.459017851432,0.45328938488862563,-1.2299976192271254,0.1210272181625846,-0.5506570969209361,-0.553209165995159,3,early,0.45328938488862563
18097355100,NA,2027,938.9788605899904,0.35140138695768725,-1.2299976192271254,0.1210272181625846,-0.5506570969209361,-0.553209165995159,3,early,0.35140138695768725
18097355100,NA,2028,1008.3005237733493,0.2776482394110917,-1.2299976192271254,0.1210272181625846,-0.5506570969209361,-0.553209165995159,3,early,0.2776482394110917
18097355300,NA,2024,1403.9270442838988,1.9682538152358338,-0.8259650407721866,0.31849751105917523,-0.564074193957407,-0.35718057455680613,3,middle,0
18097355300,NA,2025,1385.1129451850245,1.734291413313506,-0.8259650407721866,0.31849751105917523,-0.564074193957407,-0.35718057455680613,3,middle,0
18097355300,NA,2026,1445.1107192340987,1.7767297107144606,-0.8259650407721866,0.31849751105917523,-0.564074193957407,-0.35718057455680613,3,middle,0
18097355300,NA,2027,1503.855098916851,1.5815149081064017,-0.8259650407721866,0.31849751105917523,-0.564074193957407,-0.35718057455680613,3,middle,0
18097355300,NA,2028,1615.55596221436,1.4224086656418364,-0.8259650407721866,0.31849751105917523,-0.564074193957407,-0.35718057455680613,3,middle,0
18097355400,NA,2024,1228.5428368835992,1.4996845989670502,-0.8141073576005483,-0.2334568417560049,-0.5567366033696565,-0.5347669342420699,3,early,1.4996845989670502
18097355400,NA,2025,1212.365835528588,1.2992787493022742,-0.8141073576005483,-0.2334568417560049,-0.5567366033696565,-0.5347669342420699,3,early,1.2992787493022742
18097355400,NA,2026,1264.6141247298826,1.3365275124490532,-0.8141073576005483,-0.2334568417560049,-0.5567366033696565,-0.5347669342420699,3,early,1.3365275124490532
18097355400,NA,2027,1315.8983018584463,1.1722072018056777,-0.8141073576005483,-0.2334568417560049,-0.5567366033696565,-0.5347669342420699,3,early,1.1722072018056777
18097355400,NA,2028,1413.331126586314,1.0411869023220628,-0.8141073576005483,-0.2334568417560049,-0.5567366033696565,-0.5347669342420699,3,early,1.0411869023220628
18097355500,NA,2024,1154.6260639849925,1.3022031674310506,-0.28436887162057484,1.3400658144652182,-0.35337972186675254,0.23410574032596362,3,middle,0
18097355500,NA,2025,1124.2341573874255,1.077345102086898,-0.28436887162057484,1.3400658144652182,-0.35337972186675254,0.23410574032596362,3,middle,0
18097355500,NA,2026,1179.8451954166292,1.1297897114905564,-0.28436887162057484,1.3400658144652182,-0.35337972186675254,0.23410574032596362,3,middle,0
18097355500,NA,2027,1219.16073830992,0.9615448002918647,-0.28436887162057484,1.3400658144652182,-0.35337972186675254,0.23410574032596362,3,middle,0
18097355500,NA,2028,1307.4837032293528,0.8416498808198479,-0.28436887162057484,1.3400658144652182,-0.35337972186675254,0.23410574032596362,3,middle,0
18097355600,NA,2024,864.132088341007,0.526098314457425,-1.0107578076398005,-0.6385560575202556,-0.4892447456617867,-0.7128528702739476,3,early,0.526098314457425
18097355600,NA,2025,849.4853689613685,0.3854712836202397,-1.0107578076398005,-0.6385560575202556,-0.4892447456617867,-0.7128528702739476,3,early,0.3854712836202397
18097355600,NA,2026,887.5483925935388,0.4169247651900363,-1.0107578076398005,-0.6385560575202556,-0.4892447456617867,-0.7128528702739476,3,early,0.4169247651900363
18097355600,NA,2027,921.49439863766,0.3133260146933532,-1.0107578076398005,-0.6385560575202556,-0.4892447456617867,-0.7128528702739476,3,early,0.3133260146933532
18097355600,NA,2028,989.057112320982,0.24137174931838842,-1.0107578076398005,-0.6385560575202556,-0.4892447456617867,-0.7128528702739476,3,early,0.24137174931838842
18097355700,NA,2024,1025.8090877417285,0.9580463559648114,-1.000883977930353,0.9221843283893232,-0.21271138340463108,-0.097137010981887,3,middle,0
18097355700,NA,2025,1014.2583552162092,0.8004034688843511,-1.000883977930353,0.9221843283893232,-0.21271138340463108,-0.097137010981887,3,middle,0
18097355700,NA,2026,1057.5179590226217,0.8314532330861594,-1.000883977930353,0.9221843283893232,-0.21271138340463108,-0.097137010981887,3,middle,0
18097355700,NA,2027,1102.3983255599007,0.7072749037368696,-1.000883977930353,0.9221843283893232,-0.21271138340463108,-0.097137010981887,3,middle,0
18097355700,NA,2028,1185.4603851077864,0.6116190621226127,-1.000883977930353,0.9221843283893232,-0.21271138340463108,-0.097137010981887,3,middle,0
18097355900,NA,2024,997.6906833935016,0.882923179919059,1.9426975273743825,1.4245266893751276,-0.02054335483509839,1.1155602873048038,3,late,-0.882923179919059
18097355900,NA,2025,956.1269844473426,0.6540167506863885,1.9426975273743825,1.4245266893751276,-0.02054335483509839,1.1155602873048038,3,late,-0.6540167506863885
18097355900,NA,2026,1009.7742522193809,0.7150140019424672,1.9426975273743825,1.4245266893751276,-0.02054335483509839,1.1155602873048038,3,late,-0.7150140019424672
18097355900,NA,2027,1033.8216283914587,0.5579375503504296,1.9426975273743825,1.4245266893751276,-0.02054335483509839,1.1155602873048038,3,late,-0.5579375503504296
18097355900,NA,2028,1104.9398387533804,0.4598267040308601,1.9426975273743825,1.4245266893751276,-0.02054335483509839,1.1155602873048038,3,late,-0.4598267040308601
18097356200,NA,2024,981.257091767372,0.8390180001832259,0.9450418462402456,-0.01780991256729287,1.7019812716527405,0.876404401775231,3,late,-0.8390180001832259
18097356200,NA,2025,1065.4552080392928,0.929327648165001,0.9450418462402456,-0.01780991256729287,1.7019812716527405,0.876404401775231,3,late,-0.929327648165001
18097356200,NA,2026,1075.8130530150158,0.8760720283329365,0.9450418462402456,-0.01780991256729287,1.7019812716527405,0.876404401775231,3,late,-0.8760720283329365
18097356200,NA,2027,1181.30672351209,0.8791112825172512,0.9450418462402456,-0.01780991256729287,1.7019812716527405,0.876404401775231,3,late,-0.8791112825172512
18097356200,NA,2028,1303.1863564541202,0.8335487882405765,0.9450418462402456,-0.01780991256729287,1.7019812716527405,0.876404401775231,3,late,-0.8335487882405765
18097356400,NA,2024,1226.1186360796376,1.4932079276200239,-0.9055998522297878,-0.5814438022165451,-0.20558753170924932,-0.564210395385194,3,early,1.4932079276200239
18097356400,NA,2025,1257.9760152238794,1.4141345394497329,-0.9055998522297878,-0.5814438022165451,-0.20558753170924932,-0.564210395385194,3,early,1.4141345394497329
18097356400,NA,2026,1282.2457704989918,1.3795282640583446,-0.9055998522297878,-0.5814438022165451,-0.20558753170924932,-0.564210395385194,3,early,1.3795282640583446
18097356400,NA,2027,1352.669355989707,1.2522823896162534,-0.9055998522297878,-0.5814438022165451,-0.20558753170924932,-0.564210395385194,3,early,1.2522823896162534
18097356400,NA,2028,1445.3480763462696,1.1015432774710612,-0.9055998522297878,-0.5814438022165451,-0.20558753170924932,-0.564210395385194,3,early,1.1015432774710612
18097356900,NA,2024,1347.4214605729655,1.8172893842491193,-0.6373743743524274,0.7580240934944841,NA,0.060324859571028344,2,middle,0
18097356900,NA,2025,1343.695610825742,1.629994067952949,-0.6373743743524274,0.7580240934944841,NA,0.060324859571028344,2,middle,0
18097356900,NA,2026,1407.6780730789296,1.6854375000793638,-0.6373743743524274,0.7580240934944841,NA,0.060324859571028344,2,middle,0
18097356900,NA,2027,1489.641476729191,1.5505623424801191,-0.6373743743524274,0.7580240934944841,NA,0.060324859571028344,2,middle,0
18097356900,NA,2028,1630.0256586169005,1.4496860431219405,-0.6373743743524274,0.7580240934944841,NA,0.060324859571028344,2,middle,0
18097357000,NA,2024,870.2915961861547,0.5425545040219443,0.4402763532838831,1.7378893851134904,-0.9188609420046466,0.4197682654642423,3,middle,0
18097357000,NA,2025,835.0926804332295,0.34922754101081666,0.4402763532838831,1.7378893851134904,-0.9188609420046466,0.4197682654642423,3,middle,0
18097357000,NA,2026,882.3633534669843,0.40427928770681376,0.4402763532838831,1.7378893851134904,-0.9188609420046466,0.4197682654642423,3,middle,0
18097357000,NA,2027,905.039443505152,0.27749256760351304,0.4402763532838831,1.7378893851134904,-0.9188609420046466,0.4197682654642423,3,middle,0
18097357000,NA,2028,969.3362040303408,0.20419511169384968,0.4402763532838831,1.7378893851134904,-0.9188609420046466,0.4197682654642423,3,middle,0
18097357100,NA,2024,924.6264834194404,0.6877195442746502,0.70571884540674,1.0470896913215295,-0.01229909014625734,0.5801698155273374,3,late,-0.6877195442746502
18097357100,NA,2025,885.1014601731101,0.4751599085153274,0.70571884540674,1.0470896913215295,-0.01229909014625734,0.5801698155273374,3,late,-0.4751599085153274
18097357100,NA,2026,935.1656833355,0.5330556878682742,0.70571884540674,1.0470896913215295,-0.01229909014625734,0.5801698155273374,3,late,-0.5330556878682742
18097357100,NA,2027,956.7794810320344,0.39016524779108297,0.70571884540674,1.0470896913215295,-0.01229909014625734,0.5801698155273374,3,late,-0.39016524779108297
18097357100,NA,2028,1022.306849971758,0.30405210001706756,0.70571884540674,1.0470896913215295,-0.01229909014625734,0.5801698155273374,3,late,-0.30405210001706756
18097357200,NA,2024,1081.7813916841906,1.1075860378998954,0.1248838932050974,0.6202977736259502,-0.01229909014625734,0.2442941922282634,3,middle,0
18097357200,NA,2025,1035.5385531192865,0.8539913731851217,0.1248838932050974,0.6202977736259502,-0.01229909014625734,0.2442941922282634,3,middle,0
18097357200,NA,2026,1094.1119276357406,0.9207000439248759,0.1248838932050974,0.6202977736259502,-0.01229909014625734,0.2442941922282634,3,middle,0
18097357200,NA,2027,1119.3993746787844,0.7442975628184346,0.1248838932050974,0.6202977736259502,-0.01229909014625734,0.2442941922282634,3,middle,0
18097357200,NA,2028,1196.064141078425,0.6316086076024503,0.1248838932050974,0.6202977736259502,-0.01229909014625734,0.2442941922282634,3,middle,0
18097357300,NA,2024,1006.675230759641,0.9069269507276415,-1.3568133529191275,-0.2604558669881285,-0.01229909014625734,-0.5431894366845045,3,early,0.9069269507276415
18097357300,NA,2025,963.6429138216072,0.6729434028666862,-1.3568133529191275,-0.2604558669881285,-0.01229909014625734,-0.5431894366845045,3,early,0.6729434028666862
18097357300,NA,2026,1018.1496660963044,0.735440290926652,-1.3568133529191275,-0.2604558669881285,-0.01229909014625734,-0.5431894366845045,3,early,0.735440290926652
18097357300,NA,2027,1041.6814330032512,0.5750536038689675,-1.3568133529191275,-0.2604558669881285,-0.01229909014625734,-0.5431894366845045,3,early,0.5750536038689675
18097357300,NA,2028,1113.0235074202212,0.4750655366583916,-1.3568133529191275,-0.2604558669881285,-0.01229909014625734,-0.5431894366845045,3,early,0.4750655366583916
18097357400,NA,2024,1198.5430690712583,1.419535035329372,-1.171190079457072,-0.4728514367374881,-0.01229909014593512,-0.5521135354468317,3,early,1.419535035329372
18097357400,NA,2025,1147.3090872229718,1.13545250961225,-1.171190079457072,-0.4728514367374881,-0.01229909014593512,-0.5521135354468317,3,early,1.13545250961225
18097357400,NA,2026,1212.2045191532263,1.2087089037465595,-1.171190079457072,-0.4728514367374881,-0.01229909014593512,-0.5521135354468317,3,early,1.2087089037465595
18097357400,NA,2027,1240.2213867210842,1.0074079232503872,-1.171190079457072,-0.4728514367374881,-0.01229909014593512,-0.5521135354468317,3,early,1.0074079232503872
18097357400,NA,2028,1325.1609257282198,0.8749738882825566,-1.171190079457072,-0.4728514367374881,-0.01229909014593512,-0.5521135354468317,3,early,0.8749738882825566
18097357500,NA,2024,207.646557772778,-1.2278162204360181,NA,1.470895679402264,-0.01229909014625734,0.7292982946280033,2,late,1.2278162204360181
18097357500,NA,2025,198.77013075608292,-1.253163191059883,NA,1.470895679402264,-0.01229909014625734,0.7292982946280033,2,late,1.253163191059883
18097357500,NA,2026,210.01332488484468,-1.2354744228749897,NA,1.470895679402264,-0.01229909014625734,0.7292982946280033,2,late,1.2354744228749897
18097357500,NA,2027,214.8671346685618,-1.2254743327868969,NA,1.470895679402264,-0.01229909014625734,0.7292982946280033,2,late,1.2254743327868969
18097357500,NA,2028,229.58287002101235,-1.1903421593435275,NA,1.470895679402264,-0.01229909014625734,0.7292982946280033,2,late,1.1903421593435275
18097357601,NA,2024,1397.3536386930712,1.9506918263226538,-0.6398913465984296,0.3186559285416881,-0.01229909014625734,-0.11117816940099962,3,middle,0
18097357601,NA,2025,1337.6212660937908,1.6146976216666753,-0.6398913465984296,0.3186559285416881,-0.01229909014625734,-0.11117816940099962,3,middle,0
18097357601,NA,2026,1413.2813157738738,1.6991029088839125,-0.6398913465984296,0.3186559285416881,-0.01229909014625734,-0.11117816940099962,3,middle,0
18097357601,NA,2027,1445.9456628005255,1.4554073193365409,-0.6398913465984296,0.3186559285416881,-0.01229909014625734,-0.11117816940099962,3,middle,0
18097357601,NA,2028,1544.9748027692758,1.289353425531272,-0.6398913465984296,0.3186559285416881,-0.01229909014625734,-0.11117816940099962,3,middle,0
18097357602,NA,2024,421.60449828049025,-0.6561906106719632,NA,-0.3536806610951918,-0.01229909014625734,-0.18298987562072458,2,middle,0
18097357602,NA,2025,403.5819986444091,-0.7374048872109047,NA,-0.3536806610951918,-0.01229909014625734,-0.18298987562072458,2,middle,0
18097357602,NA,2026,426.4100256505654,-0.707717632581493,NA,-0.3536806610951918,-0.01229909014625734,-0.18298987562072458,2,middle,0
18097357602,NA,2027,436.2652490487296,-0.7433425035873755,NA,-0.3536806610951918,-0.01229909014625734,-0.18298987562072458,2,middle,0
18097357602,NA,2028,466.1439744698733,-0.744391783907244,NA,-0.3536806610951918,-0.01229909014625734,-0.18298987562072458,2,middle,0
18097357800,NA,2024,720.4548988016641,0.14223987534213445,-0.7590377380174244,1.1133785970800671,-2.2074247313449495,-0.6176946240941023,3,early,0.14223987534213445
18097357800,NA,2025,697.5266544891942,0.0028080637624270897,-0.7590377380174244,1.1133785970800671,-2.2074247313449495,-0.6176946240941023,3,early,0.0028080637624270897
18097357800,NA,2026,735.9874516632875,0.047291977646713515,-0.7590377380174244,1.1133785970800671,-2.2074247313449495,-0.6176946240941023,3,early,0.047291977646713515
18097357800,NA,2027,760.9279740575724,-0.036334524230184864,-0.7590377380174244,1.1133785970800671,-2.2074247313449495,-0.6176946240941023,3,early,-0.036334524230184864
18097357800,NA,2028,819.975466002107,-0.07737052165197468,-0.7590377380174244,1.1133785970800671,-2.2074247313449495,-0.6176946240941023,3,early,-0.07737052165197468
18097357900,NA,2024,1712.7092497786691,2.7932188344419124,-0.11158955289958984,0.768534654405816,-2.748366453381146,-0.6971404506249732,3,early,2.7932188344419124
18097357900,NA,2025,1674.4737138134533,2.4629611958165807,-0.11158955289958984,0.768534654405816,-2.748366453381146,-0.6971404506249732,3,early,2.4629611958165807
18097357900,NA,2026,1762.5123642454807,2.5508213341650254,-0.11158955289958984,0.768534654405816,-2.748366453381146,-0.6971404506249732,3,early,2.5508213341650254
18097357900,NA,2027,1836.3941747109689,2.305674973072601,-0.11158955289958984,0.768534654405816,-2.748366453381146,-0.6971404506249732,3,early,2.305674973072601
18097357900,NA,2028,1988.7897766582585,2.1260059880526896,-0.11158955289958984,0.768534654405816,-2.748366453381146,-0.6971404506249732,3,early,2.1260059880526896
18097358000,NA,2024,648.6514427773236,-0.04959546498542232,-1.588392010102962,1.6352527831903934,NA,0.023430386543715653,2,middle,0
18097358000,NA,2025,646.8576396329044,-0.12478691122324016,-1.588392010102962,1.6352527831903934,NA,0.023430386543715653,2,middle,0
18097358000,NA,2026,677.6590190736125,-0.09496169931532368,-1.588392010102962,1.6352527831903934,NA,0.023430386543715653,2,middle,0
18097358000,NA,2027,717.1162775840018,-0.13174190120931326,-1.588392010102962,1.6352527831903934,NA,0.023430386543715653,2,middle,0
18097358000,NA,2028,784.6975018004596,-0.14387435970686255,-1.588392010102962,1.6352527831903934,NA,0.023430386543715653,2,middle,0
18097358100,NA,2024,642.7566251034667,-0.06534448901916654,-0.848412209185218,0.6718003022600293,0.4906931776428645,0.10469375690589194,3,middle,0
18097358100,NA,2025,694.2602323881546,-0.005417457247935503,-0.848412209185218,0.6718003022600293,0.4906931776428645,0.10469375690589194,3,middle,0
18097358100,NA,2026,705.9532688941117,-0.025956569310151036,-0.848412209185218,0.6718003022600293,0.4906931776428645,0.10469375690589194,3,middle,0
18097358100,NA,2027,778.2196700415271,0.0013210675441454815,-0.848412209185218,0.6718003022600293,0.4906931776428645,0.10469375690589194,3,middle,0
18097358100,NA,2028,865.8210730944623,0.009054783736130228,-0.848412209185218,0.6718003022600293,0.4906931776428645,0.10469375690589194,3,middle,0
18097360101,NA,2024,836.7392526120915,0.4529136203556256,-1.090366914523076,-0.4025137085019636,-0.7384962148931505,-0.7437922793060634,3,early,0.4529136203556256
18097360101,NA,2025,834.2034990440577,0.34698839984276986,-1.090366914523076,-0.4025137085019636,-0.7384962148931505,-0.7437922793060634,3,early,0.34698839984276986
18097360101,NA,2026,852.5121070207032,0.33147689305383066,-1.090366914523076,-0.4025137085019636,-0.7384962148931505,-0.7437922793060634,3,early,0.33147689305383066
18097360101,NA,2027,874.6388708834648,0.2112901804339507,-1.090366914523076,-0.4025137085019636,-0.7384962148931505,-0.7437922793060634,3,early,0.2112901804339507
18097360101,NA,2028,911.9830510104202,0.09607649185025116,-1.090366914523076,-0.4025137085019636,-0.7384962148931505,-0.7437922793060634,3,early,0.09607649185025116
18097360102,NA,2024,812.2347520803378,0.3874456128342014,-1.1260769244545756,-1.4717994735299296,-0.738496214899715,-1.1121242042947401,3,early,0.3874456128342014
18097360102,NA,2025,809.7732545800285,0.2854680320179238,-1.1260769244545756,-1.4717994735299296,-0.738496214899715,-1.1121242042947401,3,early,0.2854680320179238
18097360102,NA,2026,827.5456862130623,0.2705878034146018,-1.1260769244545756,-1.4717994735299296,-0.738496214899715,-1.1121242042947401,3,early,0.2705878034146018
18097360102,NA,2027,849.0244512806445,0.1555104507304438,-1.1260769244545756,-1.4717994735299296,-0.738496214899715,-1.1121242042947401,3,early,0.1555104507304438
18097360102,NA,2028,885.2749835933042,0.045728093623123224,-1.1260769244545756,-1.4717994735299296,-0.738496214899715,-1.1121242042947401,3,early,0.045728093623123224
18097360201,NA,2024,501.8417760068027,-0.4418228583124383,-0.7689632479319516,-1.5743318159766972,-0.4500463477006149,-0.9311138038697546,3,early,-0.4418228583124383
18097360201,NA,2025,511.8783975627195,-0.46469233595623344,-0.7689632479319516,-1.5743318159766972,-0.4500463477006149,-0.9311138038697546,3,early,-0.46469233595623344
18097360201,NA,2026,527.0013037206069,-0.46239166477369137,-0.7689632479319516,-1.5743318159766972,-0.4500463477006149,-0.9311138038697546,3,early,-0.46239166477369137
18097360201,NA,2027,560.4693323103847,-0.47286711121720637,-0.7689632479319516,-1.5743318159766972,-0.4500463477006149,-0.9311138038697546,3,early,-0.47286711121720637
18097360201,NA,2028,607.7592406835247,-0.47742743538248733,-0.7689632479319516,-1.5743318159766972,-0.4500463477006149,-0.9311138038697546,3,early,-0.47742743538248733
18097360202,NA,2024,340.6747981216388,-0.8724082892098536,-0.6619644303928562,-1.1947805533570286,-0.4457365525747098,-0.7674938454415315,3,early,-0.8724082892098536
18097360202,NA,2025,348.17458048443024,-0.8769321338762363,-0.6619644303928562,-1.1947805533570286,-0.4457365525747098,-0.7674938454415315,3,early,-0.8769321338762363
18097360202,NA,2026,358.27729374092314,-0.8738824205811448,-0.6619644303928562,-1.1947805533570286,-0.4457365525747098,-0.7674938454415315,3,early,-0.8738824205811448
18097360202,NA,2027,381.5353357919542,-0.8625261437204187,-0.6619644303928562,-1.1947805533570286,-0.4457365525747098,-0.7674938454415315,3,early,-0.8625261437204187
18097360202,NA,2028,414.09982565100046,-0.8425021971094085,-0.6619644303928562,-1.1947805533570286,-0.4457365525747098,-0.7674938454415315,3,early,-0.8425021971094085
18097360301,NA,2024,640.1081663846663,-0.07242030413720665,-0.4939439852793739,-1.389255242274494,-0.985081277777518,-0.9560935017771286,3,early,-0.07242030413720665
18097360301,NA,2025,639.4051830084841,-0.14355372599695654,-0.4939439852793739,-1.389255242274494,-0.985081277777518,-0.9560935017771286,3,early,-0.14355372599695654
18097360301,NA,2026,665.8093334185172,-0.12386117904487157,-0.4939439852793739,-1.389255242274494,-0.985081277777518,-0.9560935017771286,3,early,-0.12386117904487157
18097360301,NA,2027,704.7886481185036,-0.15858739878969802,-0.4939439852793739,-1.389255242274494,-0.985081277777518,-0.9560935017771286,3,early,-0.15858739878969802
18097360301,NA,2028,766.8687924433674,-0.1774839408333254,-0.4939439852793739,-1.389255242274494,-0.985081277777518,-0.9560935017771286,3,early,-0.1774839408333254
18097360302,NA,2024,543.78844209816,-0.3297550915114347,-1.3577016182375143,-1.4754840156512978,-0.972409398107697,-1.2685316773321698,3,early,-0.3297550915114347
18097360302,NA,2025,541.3843508806171,-0.39039029187261803,-1.3577016182375143,-1.4754840156512978,-0.972409398107697,-1.2685316773321698,3,early,-0.39039029187261803
18097360302,NA,2026,563.9933299923582,-0.37217405525122316,-1.3577016182375143,-1.4754840156512978,-0.972409398107697,-1.2685316773321698,3,early,-0.37217405525122316
18097360302,NA,2027,595.117667620647,-0.3974145025596166,-1.3577016182375143,-1.4754840156512978,-0.972409398107697,-1.2685316773321698,3,early,-0.3974145025596166
18097360302,NA,2028,645.8299343457693,-0.4056589163296525,-1.3577016182375143,-1.4754840156512978,-0.972409398107697,-1.2685316773321698,3,early,-0.4056589163296525
18097360401,NA,2024,725.2958655424502,0.15517335450389355,-0.7355537336495147,-1.651802505819647,0.6735257912379473,-0.5712768160770715,3,early,0.15517335450389355
18097360401,NA,2025,777.7220187844187,0.2047564444490786,-0.7355537336495147,-1.651802505819647,0.6735257912379473,-0.5712768160770715,3,early,0.2047564444490786
18097360401,NA,2026,796.0395053752701,0.19374928963632881,-0.7355537336495147,-1.651802505819647,0.6735257912379473,-0.5712768160770715,3,early,0.19374928963632881
18097360401,NA,2027,880.171430189322,0.22333826379615787,-0.7355537336495147,-1.651802505819647,0.6735257912379473,-0.5712768160770715,3,early,0.22333826379615787
18097360401,NA,2028,986.343906091683,0.23625698060181988,-0.7355537336495147,-1.651802505819647,0.6735257912379473,-0.5712768160770715,3,early,0.23625698060181988
18097360402,NA,2024,151.9349953865924,-1.3766592862476543,-0.8775476737400087,NA,0.5954181665670354,-0.14106475358648668,2,middle,0
18097360402,NA,2025,165.41621294692155,-1.337155199205383,-0.8775476737400087,NA,0.5954181665670354,-0.14106475358648668,2,middle,0
18097360402,NA,2026,167.70875869461557,-1.3386484638299192,-0.8775476737400087,NA,0.5954181665670354,-0.14106475358648668,2,middle,0
18097360402,NA,2027,185.9170369766293,-1.2885180655431254,-0.8775476737400087,NA,0.5954181665670354,-0.14106475358648668,2,middle,0
18097360402,NA,2028,207.58275977412725,-1.2318154076490577,-0.8775476737400087,NA,0.5954181665670354,-0.14106475358648668,2,middle,0
18097360405,NA,2024,737.5607422517938,0.18794109199016273,-0.03415194092626474,-1.2549110807997474,0.6782083957248137,-0.20361820866706615,3,middle,0
18097360405,NA,2025,791.2323510444323,0.23877823294553494,-0.03415194092626474,-1.2549110807997474,0.6782083957248137,-0.20361820866706615,3,middle,0
18097360405,NA,2026,809.8011894575817,0.2273118263784064,-0.03415194092626474,-1.2549110807997474,0.6782083957248137,-0.20361820866706615,3,middle,0
18097360405,NA,2027,895.659523709763,0.25706620624376697,-0.03415194092626474,-1.2549110807997474,0.6782083957248137,-0.20361820866706615,3,middle,0
18097360405,NA,2028,1003.9320534005374,0.2694130690208601,-0.03415194092626474,-1.2549110807997474,0.6782083957248137,-0.20361820866706615,3,middle,0
18097360406,NA,2024,374.5628751863378,-0.781870435508922,NA,NA,0.5954181665670354,0.5954181665670354,1,late,0.781870435508922
18097360406,NA,2025,407.7979321265876,-0.7267883017350372,NA,NA,0.5954181665670354,0.5954181665670354,1,late,0.7267883017350372
18097360406,NA,2026,413.4496197610049,-0.739325980532142,NA,NA,0.5954181665670354,0.5954181665670354,1,late,0.739325980532142
18097360406,NA,2027,458.33807457010585,-0.6952751938272328,NA,NA,0.5954181665670354,0.5954181665670354,1,late,0.6952751938272328
18097360406,NA,2028,511.75001898576573,-0.6584180870841354,NA,NA,0.5954181665670354,0.5954181665670354,1,late,0.6584180870841354
18097360407,NA,2024,239.0265019482276,-1.1439792771513317,-0.07608463044435147,-1.1459098589189831,0.6061722578132285,-0.2052740771833687,3,middle,0
18097360407,NA,2025,259.9732982570285,-1.0990410584611805,-0.07608463044435147,-1.1459098589189831,0.6061722578132285,-0.2052740771833687,3,middle,0
18097360407,NA,2026,263.6869014853401,-1.1045731918949617,-0.07608463044435147,-1.1459098589189831,0.6061722578132285,-0.2052740771833687,3,middle,0
18097360407,NA,2027,292.2198062190692,-1.0570258112964328,-0.07608463044435147,-1.1459098589189831,0.6061722578132285,-0.2052740771833687,3,middle,0
18097360407,NA,2028,326.25950221300644,-1.0080933466218434,-0.07608463044435147,-1.1459098589189831,0.6061722578132285,-0.2052740771833687,3,middle,0
18097360501,NA,2024,832.1901344050534,0.44075986498288133,0.2174078027016832,-0.5079068846952558,0.6782083957248137,0.1292364379104137,3,middle,0
18097360501,NA,2025,892.7478620678844,0.49441511727084103,0.2174078027016832,-0.5079068846952558,0.6782083957248137,0.1292364379104137,3,middle,0
18097360501,NA,2026,913.6990813872592,0.480702094201534,0.2174078027016832,-0.5079068846952558,0.6782083957248137,0.1292364379104137,3,middle,0
18097360501,NA,2027,1010.5730962156218,0.5073099405556453,0.2174078027016832,-0.5079068846952558,0.6782083957248137,0.1292364379104137,3,middle,0
18097360501,NA,2028,1132.7370524416558,0.5122282935028469,0.2174078027016832,-0.5079068846952558,0.6782083957248137,0.1292364379104137,3,middle,0
18097360502,NA,2024,727.4237813823812,0.16085844937179497,-0.16372523867043445,-1.08472077730564,0.6579004473908565,-0.19684852286173932,3,middle,0
18097360502,NA,2025,778.8426465728187,0.2075784151353983,-0.16372523867043445,-1.08472077730564,0.6579004473908565,-0.19684852286173932,3,middle,0
18097360502,NA,2026,797.4047367125427,0.19707886955144557,-0.16372523867043445,-1.08472077730564,0.6579004473908565,-0.19684852286173932,3,middle,0
18097360502,NA,2027,880.8044465692516,0.2247167639971336,-0.16372523867043445,-1.08472077730564,0.6579004473908565,-0.19684852286173932,3,middle,0
18097360502,NA,2028,986.3093364417228,0.23619181203400155,-0.16372523867043445,-1.08472077730564,0.6579004473908565,-0.19684852286173932,3,middle,0
18097360601,NA,2024,948.8767255806924,0.7525082566237112,0.2618909096739148,0.09467186303549376,-0.985081277777518,-0.20950616835603647,3,middle,0
18097360601,NA,2025,947.8348180236608,0.6331353743579256,0.2618909096739148,0.09467186303549376,-0.985081277777518,-0.20950616835603647,3,middle,0
18097360601,NA,2026,986.9754308277156,0.6594113390665369,0.2618909096739148,0.09467186303549376,-0.985081277777518,-0.20950616835603647,3,middle,0
18097360601,NA,2027,1044.757242042322,0.5817516981252234,0.2618909096739148,0.09467186303549376,-0.985081277777518,-0.20950616835603647,3,middle,0
18097360601,NA,2028,1136.7829457000669,0.5198553614511774,0.2618909096739148,0.09467186303549376,-0.985081277777518,-0.20950616835603647,3,middle,0
18097360602,NA,2024,1467.553663184699,2.1382433222393566,-0.8955340552544092,-0.3187636217371464,-0.985081277777518,-0.7331263182563579,3,early,2.1382433222393566
18097360602,NA,2025,1465.9425265527225,1.9378368827086565,-0.8955340552544092,-0.3187636217371464,-0.985081277777518,-0.7331263182563579,3,early,1.9378368827086565
18097360602,NA,2026,1526.4781043645864,1.9751716918495235,-0.8955340552544092,-0.3187636217371464,-0.985081277777518,-0.7331263182563579,3,early,1.9751716918495235
18097360602,NA,2027,1615.8448483568911,1.8253915233173543,-0.8955340552544092,-0.3187636217371464,-0.985081277777518,-0.7331263182563579,3,early,1.8253915233173543
18097360602,NA,2028,1758.173831091617,1.691263058750592,-0.8955340552544092,-0.3187636217371464,-0.985081277777518,-0.7331263182563579,3,early,1.691263058750592
18097360700,NA,2024,433.8110183421537,-0.6235787830539363,0.3355598916445786,1.161296127446601,-0.985081277777518,0.1705915804378872,3,middle,0
18097360700,NA,2025,433.3345176186884,-0.6624819402175413,0.3355598916445786,1.161296127446601,-0.985081277777518,0.1705915804378872,3,middle,0
18097360700,NA,2026,451.2290518246378,-0.6471880147754454,0.3355598916445786,1.161296127446601,-0.985081277777518,0.1705915804378872,3,middle,0
18097360700,NA,2027,477.645893405077,-0.6532291536483492,0.3355598916445786,1.161296127446601,-0.985081277777518,0.1705915804378872,3,middle,0
18097360700,NA,2028,519.7185490415993,-0.6433963066509006,0.3355598916445786,1.161296127446601,-0.985081277777518,0.1705915804378872,3,middle,0
18097360800,NA,2024,693.8266770704132,0.07109797965955722,-0.928373836612924,-1.0079582549305697,-0.985081277777518,-0.9738044564403372,3,early,0.07109797965955722
18097360800,NA,2025,693.0647230639886,-0.008427995004486231,-0.928373836612924,-1.0079582549305697,-0.985081277777518,-0.9738044564403372,3,early,-0.008427995004486231
18097360800,NA,2026,721.6847231928795,0.0124099205577096,-0.928373836612924,-1.0079582549305697,-0.985081277777518,-0.9738044564403372,3,early,0.0124099205577096
18097360800,NA,2027,763.9352304317691,-0.029785714992931277,-0.928373836612924,-1.0079582549305697,-0.985081277777518,-0.9738044564403372,3,early,-0.029785714992931277
18097360800,NA,2028,831.2252020402408,-0.05616321446826414,-0.928373836612924,-1.0079582549305697,-0.985081277777518,-0.9738044564403372,3,early,-0.05616321446826414
18097360900,NA,2024,1379.846661826699,1.9039189124377187,-0.9478393931721087,0.08612384965833136,-0.868760941600952,-0.5768254950382431,3,early,1.9039189124377187
18097360900,NA,2025,1360.9020570890125,1.6733234298278756,-0.9478393931721087,0.08612384965833136,-0.868760941600952,-0.5768254950382431,3,early,1.6733234298278756
18097360900,NA,2026,1411.7192411319097,1.6952932597703878,-0.9478393931721087,0.08612384965833136,-0.868760941600952,-0.5768254950382431,3,early,1.6952932597703878
18097360900,NA,2027,1463.0483830988014,1.4926513846023208,-0.9478393931721087,0.08612384965833136,-0.868760941600952,-0.5768254950382431,3,early,1.4926513846023208
18097360900,NA,2028,1556.9501861839308,1.3119286783066635,-0.9478393931721087,0.08612384965833136,-0.868760941600952,-0.5768254950382431,3,early,1.3119286783066635
18097361000,NA,2024,462.70164873889814,-0.5463924716797544,0.8463400047426644,1.4792892831454971,-0.985081277777518,0.4468493367035478,3,middle,0
18097361000,NA,2025,462.19342841980176,-0.5898092819425489,0.8463400047426644,1.4792892831454971,-0.985081277777518,0.4468493367035478,3,middle,0
18097361000,NA,2026,481.2796824333453,-0.573899354180213,0.8463400047426644,1.4792892831454971,-0.985081277777518,0.4468493367035478,3,middle,0
18097361000,NA,2027,509.4558192221045,-0.5839576615952157,0.8463400047426644,1.4792892831454971,-0.985081277777518,0.4468493367035478,3,middle,0
18097361000,NA,2028,554.3303989307016,-0.5781481861344269,0.8463400047426644,1.4792892831454971,-0.985081277777518,0.4468493367035478,3,middle,0
18097361100,NA,2024,822.1012258350993,0.41380560238590164,0.3563567106203911,1.435147069959686,NA,0.8957518902900385,2,late,-0.41380560238590164
18097361100,NA,2025,821.1350564778483,0.3140793802562142,0.3563567106203911,1.435147069959686,NA,0.8957518902900385,2,late,-0.3140793802562142
18097361100,NA,2026,855.0673934115388,0.33770882606914987,0.3563567106203911,1.435147069959686,NA,0.8957518902900385,2,late,-0.33770882606914987
18097361100,NA,2027,905.0768881586064,0.2775741096677454,0.3563567106203911,1.435147069959686,NA,0.8957518902900385,2,late,-0.2775741096677454
18097361100,NA,2028,984.7683763897708,0.23328688937014538,0.3563567106203911,1.435147069959686,NA,0.8957518902900385,2,late,-0.23328688937014538
18097361200,NA,2024,732.4082017107911,0.17417518958151368,0.10657498397721513,1.1499501214812715,NA,0.6282625527292434,2,late,-0.17417518958151368
18097361200,NA,2025,730.5846786570619,0.08605495101172678,0.10657498397721513,1.1499501214812715,NA,0.6282625527292434,2,late,-0.08605495101172678
18097361200,NA,2026,761.1517854836175,0.10866374533031395,0.10657498397721513,1.1499501214812715,NA,0.6282625527292434,2,late,-0.10866374533031395
18097361200,NA,2027,805.0465699421093,0.05974117810845985,0.10657498397721513,1.1499501214812715,NA,0.6282625527292434,2,late,-0.05974117810845985
18097361200,NA,2028,875.6049243879997,0.027498695586013287,0.10657498397721513,1.1499501214812715,NA,0.6282625527292434,2,late,-0.027498695586013287
18097361300,NA,2024,588.6467355874328,-0.20990840899087537,-0.14167774316478343,0.773052125128204,-0.985081277777518,-0.11790229860469914,3,middle,0
18097361300,NA,2025,588.0002457572103,-0.27300190455971485,-0.14167774316478343,0.773052125128204,-0.985081277777518,-0.11790229860469914,3,middle,0
18097361300,NA,2026,612.2816490311637,-0.2544066023537836,-0.14167774316478343,0.773052125128204,-0.985081277777518,-0.11790229860469914,3,middle,0
18097361300,NA,2027,648.1272165319389,-0.281977246676953,-0.14167774316478343,0.773052125128204,-0.985081277777518,-0.11790229860469914,3,middle,0
18097361300,NA,2028,705.2164338916682,-0.2937071572691709,-0.14167774316478343,0.773052125128204,-0.985081277777518,-0.11790229860469914,3,middle,0
18097361401,NA,2024,817.5064282252938,0.4015298065953135,NA,-1.2084901739715777,1.228249341711337,0.009879583869879638,2,middle,0
18097361401,NA,2025,928.3762067177958,0.5841345988372336,NA,-1.2084901739715777,1.228249341711337,0.009879583869879638,2,middle,0
18097361401,NA,2026,949.5383430236656,0.5681082959633443,NA,-1.2084901739715777,1.228249341711337,0.009879583869879638,2,middle,0
18097361401,NA,2027,1107.3584191064,0.7180763461126078,NA,-1.2084901739715777,1.228249341711337,0.009879583869879638,2,middle,0
18097361401,NA,2028,1304.0429456193287,0.8351635772005342,NA,-1.2084901739715777,1.228249341711337,0.009879583869879638,2,middle,0
18097361402,NA,2024,1375.3060089891285,1.891787773762314,0.3388023339243472,0.9443933135071352,0.2458445352939665,0.509680060908483,3,late,-1.891787773762314
18097361402,NA,2025,1327.4445956922614,1.5890706776851635,0.3388023339243472,0.9443933135071352,0.2458445352939665,0.509680060908483,3,late,-1.5890706776851635
18097361402,NA,2026,1404.8282252823744,1.6784871791150746,0.3388023339243472,0.9443933135071352,0.2458445352939665,0.509680060908483,3,late,-1.6784871791150746
18097361402,NA,2027,1455.406220224645,1.4760092827674745,0.3388023339243472,0.9443933135071352,0.2458445352939665,0.509680060908483,3,late,-1.4760092827674745
18097361402,NA,2028,1573.7970399850583,1.3436873260143516,0.3388023339243472,0.9443933135071352,0.2458445352939665,0.509680060908483,3,late,-1.3436873260143516
18097361601,NA,2024,737.3430023947676,0.18735936233690842,0.7576066785121887,-0.6660559755357521,1.2081885239350496,0.4332464089704954,3,middle,0
18097361601,NA,2025,807.3106930102847,0.2792667967505063,0.7576066785121887,-0.6660559755357521,1.2081885239350496,0.4332464089704954,3,middle,0
18097361601,NA,2026,831.4487706157242,0.2801067992648371,0.7576066785121887,-0.6660559755357521,1.2081885239350496,0.4332464089704954,3,middle,0
18097361601,NA,2027,946.6157896168536,0.3680320912050866,0.7576066785121887,-0.6660559755357521,1.2081885239350496,0.4332464089704954,3,middle,0
18097361601,NA,2028,1094.6945617855936,0.44051294101441746,0.7576066785121887,-0.6660559755357521,1.2081885239350496,0.4332464089704954,3,middle,0
18097361602,NA,2024,536.9635721246574,-0.3479889109757007,-0.5061173776773821,NA,1.2324784627312615,0.3631805425269397,2,middle,0
18097361602,NA,2025,610.2691820858162,-0.2169241540475958,-0.5061173776773821,NA,1.2324784627312615,0.3631805425269397,2,middle,0
18097361602,NA,2026,624.1013904480828,-0.22558015181077937,-0.5061173776773821,NA,1.2324784627312615,0.3631805425269397,2,middle,0
18097361602,NA,2027,728.2057736543193,-0.10759264844692377,-0.5061173776773821,NA,1.2324784627312615,0.3631805425269397,2,middle,0
18097361602,NA,2028,857.8899390470688,-0.005896500052939393,-0.5061173776773821,NA,1.2324784627312615,0.3631805425269397,2,middle,0
18097370201,NA,2024,926.3946491934169,0.6924435046769367,-0.44982943249755897,0.8560525879842076,0.48909809520551384,0.2984404168973875,3,middle,0
18097370201,NA,2025,1000.4085631194648,0.7655268508732666,-0.44982943249755897,0.8560525879842076,0.48909809520551384,0.2984404168973875,3,middle,0
18097370201,NA,2026,1017.2955202294414,0.7333571663709497,-0.44982943249755897,0.8560525879842076,0.48909809520551384,0.2984404168973875,3,middle,0
18097370201,NA,2027,1121.2614125174382,0.7483524650550785,-0.44982943249755897,0.8560525879842076,0.48909809520551384,0.2984404168973875,3,middle,0
18097370201,NA,2028,1247.3286630010864,0.7282493163581641,-0.44982943249755897,0.8560525879842076,0.48909809520551384,0.2984404168973875,3,middle,0
18097370203,NA,2024,571.0153132866343,-0.25701380035791466,NA,-0.2799695125489545,NA,-0.2799695125489545,1,middle,0
18097370203,NA,2025,578.9991471721809,-0.29566851751948486,NA,-0.2799695125489545,NA,-0.2799695125489545,1,middle,0
18097370203,NA,2026,595.8835725338985,-0.2943988766747923,NA,-0.2799695125489545,NA,-0.2799695125489545,1,middle,0
18097370203,NA,2027,628.8064882117877,-0.32405139944261857,NA,-0.2799695125489545,NA,-0.2799695125489545,1,middle,0
18097370203,NA,2028,676.759035352642,-0.3473532864246176,NA,-0.2799695125489545,NA,-0.2799695125489545,1,middle,0
18097370204,NA,2024,895.767163337905,0.6106168838179373,NA,1.6097456708648843,0.4906931776428645,1.0502194242538745,2,late,-0.6106168838179373
18097370204,NA,2025,967.5444177930964,0.6827681903242787,NA,1.6097456708648843,0.4906931776428645,1.0502194242538745,2,late,-0.6827681903242787
18097370204,NA,2026,983.8401842177768,0.6517649762440683,NA,1.6097456708648843,0.4906931776428645,1.0502194242538745,2,late,-0.6517649762440683
18097370204,NA,2027,1084.5531216215488,0.6684139548018555,NA,1.6097456708648843,0.4906931776428645,1.0502194242538745,2,late,-0.6684139548018555
18097370204,NA,2028,1206.6374046237745,0.6515406706464603,NA,1.6097456708648843,0.4906931776428645,1.0502194242538745,2,late,-0.6515406706464603
18097370303,NA,2024,50.25422159129118,-1.6483170437681092,1.3590280341928898,0.11702431252033202,NA,0.7380261733566109,2,late,1.6483170437681092
18097370303,NA,2025,51.30865403455277,-1.6245014435796579,1.3590280341928898,0.11702431252033202,NA,0.7380261733566109,2,late,1.6245014435796579
18097370303,NA,2026,52.73521727413902,-1.6190504615222936,1.3590280341928898,0.11702431252033202,NA,0.7380261733566109,2,late,1.6190504615222936
18097370303,NA,2027,55.91708176852296,-1.5716149490726565,1.3590280341928898,0.11702431252033202,NA,0.7380261733566109,2,late,1.5716149490726565
18097370303,NA,2028,60.402705403110275,-1.5092701509231212,1.3590280341928898,0.11702431252033202,NA,0.7380261733566109,2,late,1.5092701509231212
18097370304,NA,2024,430.6669135779681,-0.6319788022293167,0.7548083184140526,0.5705083291574035,0.4906931776428645,0.6053366084047735,3,late,0.6319788022293167
18097370304,NA,2025,465.1758725447039,-0.5822988757388293,0.7548083184140526,0.5705083291574035,0.4906931776428645,0.6053366084047735,3,late,0.5822988757388293
18097370304,NA,2026,473.0105930394657,-0.5940663348306648,0.7548083184140526,0.5705083291574035,0.4906931776428645,0.6053366084047735,3,late,0.5940663348306648
18097370304,NA,2027,521.4312921026539,-0.5578790445230112,0.7548083184140526,0.5705083291574035,0.4906931776428645,0.6053366084047735,3,late,0.5578790445230112
18097370304,NA,2028,580.1269334531547,-0.5295181533906884,0.7548083184140526,0.5705083291574035,0.4906931776428645,0.6053366084047735,3,late,0.5295181533906884
18097370305,NA,2024,652.7373191431966,-0.038679340239033196,NA,NA,0.49069317761872744,0.49069317761872744,1,middle,0
18097370305,NA,2025,705.0406774233372,0.021729915135361134,NA,NA,0.49069317761872744,0.49069317761872744,1,middle,0
18097370305,NA,2026,716.9152814694521,7.780183774031924e-4,NA,NA,0.49069317761872744,0.49069317761872744,1,middle,0
18097370305,NA,2027,790.3038361997495,0.02763638260690377,NA,NA,0.49069317761872744,0.49069317761872744,1,middle,0
18097370305,NA,2028,879.2655134758451,0.03439941192247882,NA,NA,0.49069317761872744,0.49069317761872744,1,middle,0
18097370306,NA,2024,1042.4833345187562,1.0025944875212154,NA,0.950340754316408,0.49069317760914977,0.7205169659627788,2,late,-1.0025944875212154
18097370306,NA,2025,1126.016922664778,1.0818344708187406,NA,0.950340754316408,0.49069317760914977,0.7205169659627788,2,late,-1.0818344708187406
18097370306,NA,2026,1144.981722588301,1.0447633018768399,NA,0.950340754316408,0.49069317760914977,0.7205169659627788,2,late,-1.0447633018768399
18097370306,NA,2027,1262.190297606429,1.0552489413201482,NA,0.950340754316408,0.49069317760914977,0.7205169659627788,2,late,-1.0552489413201482
18097370306,NA,2028,1404.2705806668853,1.0241065210656404,NA,0.950340754316408,0.49069317760914977,0.7205169659627788,2,late,-1.0241065210656404
18097380101,NA,2024,962.9453918886244,0.7900951297154755,2.1300261411686296,0.6437510824954028,NA,1.3868886118320163,2,late,-0.7900951297154755
18097380101,NA,2025,1099.9844848460425,1.01627945141056,2.1300261411686296,0.6437510824954028,NA,1.3868886118320163,2,late,-1.01627945141056
18097380101,NA,2026,1115.5220563825017,0.972915908525299,2.1300261411686296,0.6437510824954028,NA,1.3868886118320163,2,late,-0.972915908525299
18097380101,NA,2027,1290.4630874134791,1.1168177216343298,2.1300261411686296,0.6437510824954028,NA,1.3868886118320163,2,late,-1.1168177216343298
18097380101,NA,2028,1499.8432435634893,1.2042741990931984,2.1300261411686296,0.6437510824954028,NA,1.3868886118320163,2,late,-1.2042741990931984
18097380102,NA,2024,400.8336627735732,-0.7116834869063104,NA,-0.7158968814819584,NA,-0.7158968814819584,1,early,-0.7116834869063104
18097380102,NA,2025,457.877183426517,-0.60067847238393,NA,-0.7158968814819584,NA,-0.7158968814819584,1,early,-0.60067847238393
18097380102,NA,2026,464.3448455711939,-0.6152007008037415,NA,-0.7158968814819584,NA,-0.7158968814819584,1,early,-0.6152007008037415
18097380102,NA,2027,537.1653787000629,-0.5236154105565242,NA,-0.7158968814819584,NA,-0.7158968814819584,1,early,-0.5236154105565242
18097380102,NA,2028,624.3214783206314,-0.44620532847890143,NA,-0.7158968814819584,NA,-0.7158968814819584,1,early,-0.44620532847890143
18097380103,NA,2024,1231.6269031388158,1.5079242148911314,0.8569481882031349,0.3663750606518899,NA,0.6116616244275124,2,late,-1.5079242148911314
18097380103,NA,2025,1406.2233059928808,1.787451632963651,0.8569481882031349,0.3663750606518899,NA,0.6116616244275124,2,late,-1.787451632963651
18097380103,NA,2026,1426.1595326004335,1.7305108109130987,0.8569481882031349,0.3663750606518899,NA,0.6116616244275124,2,late,-1.7305108109130987
18097380103,NA,2027,1649.2409467330615,1.8981171743162704,0.8569481882031349,0.3663750606518899,NA,0.6116616244275124,2,late,-1.8981171743162704
18097380103,NA,2028,1916.2695858769,1.9892954058925147,0.8569481882031349,0.3663750606518899,NA,0.6116616244275124,2,late,-1.9892954058925147
18097380200,NA,2024,597.450067682565,-0.18638878609258885,-0.9549054049922804,0.6897186719174201,NA,-0.13259336653743015,2,middle,0
18097380200,NA,2025,603.9655558749212,-0.23279797813869713,-0.9549054049922804,0.6897186719174201,NA,-0.13259336653743015,2,middle,0
18097380200,NA,2026,632.5911975719662,-0.20487487607387084,-0.9549054049922804,0.6897186719174201,NA,-0.13259336653743015,2,middle,0
18097380200,NA,2027,682.4913995333177,-0.20714342771789693,-0.9549054049922804,0.6897186719174201,NA,-0.13259336653743015,2,middle,0
18097380200,NA,2028,759.1130649748335,-0.19210455897945802,-0.9549054049922804,0.6897186719174201,NA,-0.13259336653743015,2,middle,0
18097380301,NA,2024,384.1254323041369,-0.7563224117693288,-0.7210798175614852,0.971476112251566,NA,0.12519814734504042,2,middle,0
18097380301,NA,2025,376.6982882404821,-0.8051035856410987,-0.7210798175614852,0.971476112251566,NA,0.12519814734504042,2,middle,0
18097380301,NA,2026,410.1722462648665,-0.7473189679981921,-0.7210798175614852,0.971476112251566,NA,0.12519814734504042,2,middle,0
18097380301,NA,2027,450.1458096135463,-0.7131152359606133,-0.7210798175614852,0.971476112251566,NA,0.12519814734504042,2,middle,0
18097380301,NA,2028,522.6039828829933,-0.6379568650830907,-0.7210798175614852,0.971476112251566,NA,0.12519814734504042,2,middle,0
18097380302,NA,2024,474.3672807943745,-0.5152257198351112,-0.47728357287234013,0.4826490258792675,NA,0.002682726503463684,2,middle,0
18097380302,NA,2025,468.80323370105936,-0.5731644361346281,-0.47728357287234013,0.4826490258792675,NA,0.002682726503463684,2,middle,0
18097380302,NA,2026,494.70846706004824,-0.5411487057319994,-0.47728357287234013,0.4826490258792675,NA,0.002682726503463684,2,middle,0
18097380302,NA,2027,528.3956873707483,-0.5427128962508123,-0.47728357287234013,0.4826490258792675,NA,0.002682726503463684,2,middle,0
18097380302,NA,2028,585.0692029421588,-0.5202012923654428,-0.47728357287234013,0.4826490258792675,NA,0.002682726503463684,2,middle,0
18097380402,NA,2024,506.6423666180727,-0.42899725095763264,-0.7516448617342206,0.8529143782219999,NA,0.05063475824388963,2,middle,0
18097380402,NA,2025,501.36592009793344,-0.49116491101933946,-0.7516448617342206,0.8529143782219999,NA,0.05063475824388963,2,middle,0
18097380402,NA,2026,545.9759131556411,-0.41611564052252736,-0.7516448617342206,0.8529143782219999,NA,0.05063475824388963,2,middle,0
18097380402,NA,2027,605.2387266873149,-0.37537418512100484,-0.7516448617342206,0.8529143782219999,NA,0.05063475824388963,2,middle,0
18097380402,NA,2028,708.9109901979165,-0.28674240803163054,-0.7516448617342206,0.8529143782219999,NA,0.05063475824388963,2,middle,0
18097380403,NA,2024,3.7868683496750823,-1.772462607460816,-0.04986245355531639,1.2839715325590717,-0.01229909014625734,0.40726999628583266,3,middle,0
18097380403,NA,2025,3.6249801454410497,-1.74457871751842,-0.04986245355531639,1.2839715325590717,-0.01229909014625734,0.40726999628583266,3,middle,0
18097380403,NA,2026,3.8300275689763255,-1.7383223628782858,-0.04986245355531639,1.2839715325590717,-0.01229909014625734,0.40726999628583266,3,middle,0
18097380403,NA,2027,3.91854221813051,-1.684850561125277,-0.04986245355531639,1.2839715325590717,-0.01229909014625734,0.40726999628583266,3,middle,0
18097380403,NA,2028,4.186914149628721,-1.615244686649713,-0.04986245355531639,1.2839715325590717,-0.01229909014625734,0.40726999628583266,3,middle,0
18097380404,NA,2024,344.8536810294504,-0.8612436814152469,-0.43124641294039984,1.489993815403625,NA,0.5293737012316125,2,late,0.8612436814152469
18097380404,NA,2025,341.21397465764517,-0.8944603674302676,-0.43124641294039984,1.489993815403625,NA,0.5293737012316125,2,late,0.8944603674302676
18097380404,NA,2026,369.35657324873074,-0.8468618376835553,-0.43124641294039984,1.489993815403625,NA,0.5293737012316125,2,late,0.8468618376835553
18097380404,NA,2027,406.74151261447815,-0.807635431698805,-0.43124641294039984,1.489993815403625,NA,0.5293737012316125,2,late,0.807635431698805
18097380404,NA,2028,471.54785924740935,-0.7342047142663108,-0.43124641294039984,1.489993815403625,NA,0.5293737012316125,2,late,0.7342047142663108
18097380501,NA,2024,377.9437464946897,-0.772837853597802,-0.6413287490046543,0.8863656145437193,NA,0.1225184327695325,2,middle,0
18097380501,NA,2025,373.6122189614396,-0.8128749412433397,-0.6413287490046543,0.8863656145437193,NA,0.1225184327695325,2,middle,0
18097380501,NA,2026,394.22161426407393,-0.7862199970716653,-0.6413287490046543,0.8863656145437193,NA,0.1225184327695325,2,middle,0
18097380501,NA,2027,421.14452397424685,-0.7762704391273562,-0.6413287490046543,0.8863656145437193,NA,0.1225184327695325,2,middle,0
18097380501,NA,2028,466.36563360641503,-0.7439739258008153,-0.6413287490046543,0.8863656145437193,NA,0.1225184327695325,2,middle,0
18097380502,NA,2024,577.1422593535189,-0.24064460521066502,-0.9034525103047012,0.11805693198348788,NA,-0.39269778916060666,2,middle,0
18097380502,NA,2025,570.5278584951915,-0.31700096043163767,-0.9034525103047012,0.11805693198348788,NA,-0.39269778916060666,2,middle,0
18097380502,NA,2026,601.9995630470634,-0.2794829583115643,-0.9034525103047012,0.11805693198348788,NA,-0.39269778916060666,2,middle,0
18097380502,NA,2027,643.1124621810583,-0.2928977221965625,-0.9034525103047012,0.11805693198348788,NA,-0.39269778916060666,2,middle,0
18097380502,NA,2028,712.1677469538313,-0.2806029714518575,-0.9034525103047012,0.11805693198348788,NA,-0.39269778916060666,2,middle,0
18097380600,NA,2024,671.8414033893711,0.012360521989448694,0.11757163665931664,-0.35507550937900384,NA,-0.1187519363598436,2,middle,0
18097380600,NA,2025,685.6605694752063,-0.027073172824307913,0.11757163665931664,-0.35507550937900384,NA,-0.1187519363598436,2,middle,0
18097380600,NA,2026,715.2925068299654,-0.003179668278976966,0.11757163665931664,-0.35507550937900384,NA,-0.1187519363598436,2,middle,0
18097380600,NA,2027,776.1466204394914,-0.0031933484862214936,0.11757163665931664,-0.35507550937900384,NA,-0.1187519363598436,2,middle,0
18097380600,NA,2028,865.4423661401712,0.008340868788700748,0.11757163665931664,-0.35507550937900384,NA,-0.1187519363598436,2,middle,0
18097380700,NA,2024,792.8340567387107,0.3356133028101456,-0.2207471169977716,-0.01295788683167898,NA,-0.11685250191472529,2,middle,0
18097380700,NA,2025,831.1367354540995,0.3392656599265211,-0.2207471169977716,-0.01295788683167898,NA,-0.11685250191472529,2,middle,0
18097380700,NA,2026,859.4664901588544,0.3484375163464909,-0.2207471169977716,-0.01295788683167898,NA,-0.11685250191472529,2,middle,0
18097380700,NA,2027,945.3147345448056,0.36519882379659047,-0.2207471169977716,-0.01295788683167898,NA,-0.11685250191472529,2,middle,0
18097380700,NA,2028,1061.31628832923,0.37759028255811966,-0.2207471169977716,-0.01295788683167898,NA,-0.11685250191472529,2,middle,0
18097380800,NA,2024,389.80080167798167,-0.7411596817894928,-0.40478908721924733,1.0776500219694165,NA,0.3364304673750846,2,middle,0
18097380800,NA,2025,385.33338774015465,-0.7833586334689588,-0.40478908721924733,1.0776500219694165,NA,0.3364304673750846,2,middle,0
18097380800,NA,2026,406.5893496887549,-0.756057077175787,-0.40478908721924733,1.0776500219694165,NA,0.3364304673750846,2,middle,0
18097380800,NA,2027,434.3569012709415,-0.747498253546808,-0.40478908721924733,1.0776500219694165,NA,0.3364304673750846,2,middle,0
18097380800,NA,2028,480.99671192852014,-0.7163923210988009,-0.40478908721924733,1.0776500219694165,NA,0.3364304673750846,2,middle,0
18097380901,NA,2024,763.450281527721,0.2571094698498238,0.6947628954083526,0.5064919884379621,NA,0.6006274419231573,2,late,-0.2571094698498238
18097380901,NA,2025,755.3108661386061,0.1483205640722284,0.6947628954083526,0.5064919884379621,NA,0.6006274419231573,2,late,-0.1483205640722284
18097380901,NA,2026,806.2417604456663,0.21863095081995793,0.6947628954083526,0.5064919884379621,NA,0.6006274419231573,2,late,-0.21863095081995793
18097380901,NA,2027,873.876901129507,0.20963086245692591,0.6947628954083526,0.5064919884379621,NA,0.6006274419231573,2,late,-0.20963086245692591
18097380901,NA,2028,988.7240795020334,0.2407439364284007,0.6947628954083526,0.5064919884379621,NA,0.6006274419231573,2,late,-0.2407439364284007
18097380902,NA,2024,1408.7246103868144,1.9810713420939392,0.0861848962848292,1.0293613357520297,NA,0.5577731160184295,2,late,-1.9810713420939392
18097380902,NA,2025,1394.0540825315172,1.7568070315726112,0.0861848962848292,1.0293613357520297,NA,0.5577731160184295,2,late,-1.7568070315726112
18097380902,NA,2026,1518.0922536557075,1.9547199491088159,0.0861848962848292,1.0293613357520297,NA,0.5577731160184295,2,late,-1.9547199491088159
18097380902,NA,2027,1682.8734564566964,1.9713576509979422,0.0861848962848292,1.0293613357520297,NA,0.5577731160184295,2,late,-1.9713576509979422
18097380902,NA,2028,1971.1352711665895,2.0927248052881167,0.0861848962848292,1.0293613357520297,NA,0.5577731160184295,2,late,-2.0927248052881167
18097381002,NA,2024,569.8446868343202,-0.26014133120824007,0.6426441760557761,1.5411065512848132,NA,1.0918753636702947,2,late,0.26014133120824007
18097381002,NA,2025,587.8256810044738,-0.2734414944219209,0.6426441760557761,1.5411065512848132,NA,1.0918753636702947,2,late,0.2734414944219209
18097381002,NA,2026,611.0188920406504,-0.2574862637990637,0.6426441760557761,1.5411065512848132,NA,1.0918753636702947,2,late,0.2574862637990637
18097381002,NA,2027,666.5562080920168,-0.24184500148580407,0.6426441760557761,1.5411065512848132,NA,1.0918753636702947,2,late,0.24184500148580407
18097381002,NA,2028,745.1742027396775,-0.218381240690953,0.6426441760557761,1.5411065512848132,NA,1.0918753636702947,2,late,0.218381240690953
18097381003,NA,2024,466.8716573626452,-0.5352515730684927,-0.8143764150044599,0.13205781299434227,NA,-0.3411593010050588,2,middle,0
18097381003,NA,2025,461.5209856195864,-0.5915026308761353,-0.8143764150044599,0.13205781299434227,NA,-0.3411593010050588,2,middle,0
18097381003,NA,2026,486.979628579059,-0.5599981011940852,-0.8143764150044599,0.13205781299434227,NA,-0.3411593010050588,2,middle,0
18097381003,NA,2027,520.2373535650108,-0.5604790475660235,-0.8143764150044599,0.13205781299434227,NA,-0.3411593010050588,2,middle,0
18097381003,NA,2028,576.0987204255824,-0.5371118916604196,-0.8143764150044599,0.13205781299434227,NA,-0.3411593010050588,2,middle,0
18097381004,NA,2024,517.8569905584858,-0.39903544522608914,-0.925307528261178,-0.536860722324887,NA,-0.7310841252930325,2,early,-0.39903544522608914
18097381004,NA,2025,511.92201257846335,-0.46458250439825627,-0.925307528261178,-0.536860722324887,NA,-0.7310841252930325,2,early,-0.46458250439825627
18097381004,NA,2026,540.1608891084703,-0.43029755002371195,-0.925307528261178,-0.536860722324887,NA,-0.7310841252930325,2,early,-0.43029755002371195
18097381004,NA,2027,577.0505758947326,-0.43675864966998124,-0.925307528261178,-0.536860722324887,NA,-0.7310841252930325,2,early,-0.43675864966998124
18097381004,NA,2028,639.0123565883333,-0.41851099261488084,-0.925307528261178,-0.536860722324887,NA,-0.7310841252930325,2,early,-0.41851099261488084
18097381101,NA,2024,825.0342792798266,0.42164176149191235,0.5664298698935022,0.7263567125591419,NA,0.646393291226322,2,late,-0.42164176149191235
18097381101,NA,2025,875.6785407719408,0.45143106419707424,0.5664298698935022,0.7263567125591419,NA,0.646393291226322,2,late,-0.45143106419707424
18097381101,NA,2026,902.145522392264,0.45252481982494086,0.5664298698935022,0.7263567125591419,NA,0.646393291226322,2,late,-0.45252481982494086
18097381101,NA,2027,998.710699276923,0.4814775654662846,0.5664298698935022,0.7263567125591419,NA,0.646393291226322,2,late,-0.4814775654662846
18097381101,NA,2028,1125.3223776146087,0.4982506067205535,0.5664298698935022,0.7263567125591419,NA,0.646393291226322,2,late,-0.4982506067205535
18097381102,NA,2024,856.0580663196067,0.504527169445095,-0.12229695929607833,0.11132866425409596,NA,-0.0054841475209911825,2,middle,0
18097381102,NA,2025,942.2324484182152,0.6190274582736137,-0.12229695929607833,0.11132866425409596,NA,-0.0054841475209911825,2,middle,0
18097381102,NA,2026,961.6151206917804,0.5975616166316329,-0.12229695929607833,0.11132866425409596,NA,-0.0054841475209911825,2,middle,0
18097381102,NA,2027,1086.313636402852,0.6722477734150752,-0.12229695929607833,0.11132866425409596,NA,-0.0054841475209911825,2,middle,0
18097381102,NA,2028,1239.8602688846015,0.7141703612910917,-0.12229695929607833,0.11132866425409596,NA,-0.0054841475209911825,2,middle,0
18097381203,NA,2024,324.29057121677585,-0.916181582562653,-0.7340480693987859,-0.6147154513735711,NA,-0.6743817603861785,2,early,-0.916181582562653
18097381203,NA,2025,320.57393064346235,-0.9464362329007565,-0.7340480693987859,-0.6147154513735711,NA,-0.6743817603861785,2,early,-0.9464362329007565
18097381203,NA,2026,338.25761138069043,-0.9227072098119677,-0.7340480693987859,-0.6147154513735711,NA,-0.6743817603861785,2,early,-0.9227072098119677
18097381203,NA,2027,361.3585170322572,-0.9064645781703884,-0.7340480693987859,-0.6147154513735711,NA,-0.6743817603861785,2,early,-0.9064645781703884
18097381203,NA,2028,400.16000457173146,-0.8687806863745722,-0.7340480693987859,-0.6147154513735711,NA,-0.6743817603861785,2,early,-0.8687806863745722
18097381204,NA,2024,588.1100340921963,-0.21134229977682992,-1.2415474854170845,0.31810556808588053,NA,-0.461720958665602,2,middle,0
18097381204,NA,2025,581.3699400428728,-0.2896983746641302,-1.2415474854170845,0.31810556808588053,NA,-0.461720958665602,2,middle,0
18097381204,NA,2026,613.4397177703189,-0.2515822587360061,-1.2415474854170845,0.31810556808588053,NA,-0.461720958665602,2,middle,0
18097381204,NA,2027,655.3339112236409,-0.2662834504406105,-1.2415474854170845,0.31810556808588053,NA,-0.461720958665602,2,middle,0
18097381204,NA,2028,725.701494283347,-0.2550899873257539,-1.2415474854170845,0.31810556808588053,NA,-0.461720958665602,2,middle,0
18097381205,NA,2024,1034.024965384354,0.9799964927817403,-0.2777215134286654,0.06963513701450817,NA,-0.10404318820707861,2,middle,0
18097381205,NA,2025,1022.9887577090988,0.8223884135463799,-0.2777215134286654,0.06963513701450817,NA,-0.10404318820707861,2,middle,0
18097381205,NA,2026,1091.4437157523698,0.9141927037740883,-0.2777215134286654,0.06963513701450817,NA,-0.10404318820707861,2,middle,0
18097381205,NA,2027,1182.331579939171,0.8813430806752381,-0.2777215134286654,0.06963513701450817,NA,-0.10404318820707861,2,middle,0
18097381205,NA,2028,1336.5656925848757,0.8964734499849685,-0.2777215134286654,0.06963513701450817,NA,-0.10404318820707861,2,middle,0
18097381206,NA,2024,615.6519473835095,-0.13775931920664555,0.2789801770623814,-0.00272233649343281,NA,0.1381289202844743,2,middle,0
18097381206,NA,2025,608.9901189557573,-0.22014509742981525,0.2789801770623814,-0.00272233649343281,NA,0.1381289202844743,2,middle,0
18097381206,NA,2026,642.4298723851938,-0.18087992873041764,0.2789801770623814,-0.00272233649343281,NA,0.1381289202844743,2,middle,0
18097381206,NA,2027,686.5183798895843,-0.1983739970894884,0.2789801770623814,-0.00272233649343281,NA,0.1381289202844743,2,middle,0
18097381206,NA,2028,760.3332296674821,-0.18980437990289992,0.2789801770623814,-0.00272233649343281,NA,0.1381289202844743,2,middle,0
18097381207,NA,2024,382.9513555131054,-0.7594591607957526,NA,0.45313816986994354,NA,0.45313816986994354,1,middle,0
18097381207,NA,2025,437.45000117803994,-0.6521183082562974,NA,0.45313816986994354,NA,0.45313816986994354,1,middle,0
18097381207,NA,2026,443.62912412099575,-0.6657230175603497,NA,0.45313816986994354,NA,0.45313816986994354,1,middle,0
18097381207,NA,2027,513.2009272514225,-0.5758020556191664,NA,0.45313816986994354,NA,0.45313816986994354,1,middle,0
18097381207,NA,2028,596.4687476527555,-0.49871157513007086,NA,0.45313816986994354,NA,0.45313816986994354,1,middle,0
18097390102,NA,2024,1176.6141784306246,1.3609482146946423,-0.67815897889834,1.2945195228794173,0.4888261627943723,0.36839556892514985,3,middle,0
18097390102,NA,2025,1120.1514687750885,1.0670640545306567,-0.67815897889834,1.2945195228794173,0.4888261627943723,0.36839556892514985,3,middle,0
18097390102,NA,2026,1199.2889507323068,1.1772099071790467,-0.67815897889834,1.2945195228794173,0.4888261627943723,0.36839556892514985,3,middle,0
18097390102,NA,2027,1242.1108762816184,1.0115226062531044,-0.67815897889834,1.2945195228794173,0.4888261627943723,0.36839556892514985,3,middle,0
18097390102,NA,2028,1354.9356891449795,0.9311034322968429,-0.67815897889834,1.2945195228794173,0.4888261627943723,0.36839556892514985,3,middle,0
18097390103,NA,2024,746.8094457784961,0.21265060162758403,0.40265733141018706,1.6966893763414974,1.1936025211698875,1.0976497429738574,3,late,-0.21265060162758403
18097390103,NA,2025,723.4893154854553,0.06818737081576058,0.40265733141018706,1.6966893763414974,1.1936025211698875,1.0976497429738574,3,late,-0.06818737081576058
18097390103,NA,2026,783.1500166054111,0.16231389714820807,0.40265733141018706,1.6966893763414974,1.1936025211698875,1.0976497429738574,3,late,-0.16231389714820807
18097390103,NA,2027,840.708222920032,0.13740045732436534,0.40265733141018706,1.6966893763414974,1.1936025211698875,1.0976497429738574,3,late,-0.13740045732436534
18097390103,NA,2028,953.5718937219644,0.17447720808119446,0.40265733141018706,1.6966893763414974,1.1936025211698875,1.0976497429738574,3,late,-0.17447720808119446
18097390104,NA,2024,1107.2243726233116,1.1755613579979876,0.9475663038535148,0.5538918182899285,1.2227653203929447,0.9080744808454627,3,late,-1.1755613579979876
18097390104,NA,2025,1249.430935517977,1.3926162755873404,0.9475663038535148,0.5538918182899285,1.2227653203929447,0.9080744808454627,3,late,-1.3926162755873404
18097390104,NA,2026,1279.516701470826,1.3728725031077496,0.9475663038535148,0.5538918182899285,1.2227653203929447,0.9080744808454627,3,late,-1.3728725031077496
18097390104,NA,2027,1486.4725251230368,1.543661414535013,0.9475663038535148,0.5538918182899285,1.2227653203929447,0.9080744808454627,3,late,-1.543661414535013
18097390104,NA,2028,1745.6063954079236,1.6675717056244233,0.9475663038535148,0.5538918182899285,1.2227653203929447,0.9080744808454627,3,late,-1.6675717056244233
18097390200,NA,2024,1047.1511031865073,1.0150652381024239,1.1465682285839087,0.8341094224238632,1.2324784627312615,1.071052037913011,3,late,-1.0150652381024239
18097390200,NA,2025,1190.1064490018157,1.2432250471504702,1.1465682285839087,0.8341094224238632,1.2324784627312615,1.071052037913011,3,late,-1.2432250471504702
18097390200,NA,2026,1217.080874962034,1.220601552205981,1.1465682285839087,0.8341094224238632,1.2324784627312615,1.071052037913011,3,late,-1.220601552205981
18097390200,NA,2027,1420.0974567401051,1.3991184800917884,1.1465682285839087,0.8341094224238632,1.2324784627312615,1.071052037913011,3,late,-1.3991184800917884
18097390200,NA,2028,1672.9976008951726,1.5306940931852357,1.1465682285839087,0.8341094224238632,1.2324784627312615,1.071052037913011,3,late,-1.5306940931852357
18097390300,NA,2024,374.48083619550175,-0.7820896168491882,1.839329422543044,1.1146242607903014,1.2324784627312615,1.3954773820215356,3,late,0.7820896168491882
18097390300,NA,2025,425.6044162342461,-0.6819479214603588,1.839329422543044,1.1146242607903014,1.2324784627312615,1.3954773820215356,3,late,0.6819479214603588
18097390300,NA,2026,435.25109497137896,-0.686155684774505,1.839329422543044,1.1146242607903014,1.2324784627312615,1.3954773820215356,3,late,0.686155684774505
18097390300,NA,2027,507.8539258828259,-0.5874460551978944,1.839329422543044,1.1146242607903014,1.2324784627312615,1.3954773820215356,3,late,0.5874460551978944
18097390300,NA,2028,598.2962328254335,-0.4952665130148989,1.839329422543044,1.1146242607903014,1.2324784627312615,1.3954773820215356,3,late,0.4952665130148989
18097390405,NA,2024,1261.618900220877,1.5880530176800938,0.4780359986904386,0.16755315652926586,NA,0.32279457760985225,2,middle,0
18097390405,NA,2025,1248.4802720975892,1.3902223100506468,0.4780359986904386,0.16755315652926586,NA,0.32279457760985225,2,middle,0
18097390405,NA,2026,1359.565827162823,1.5680994612430617,0.4780359986904386,0.16755315652926586,NA,0.32279457760985225,2,middle,0
18097390405,NA,2027,1507.1397651940224,1.5886678243132821,0.4780359986904386,0.16755315652926586,NA,0.32279457760985225,2,middle,0
18097390405,NA,2028,1765.2999169393013,1.7046967154228068,0.4780359986904386,0.16755315652926586,NA,0.32279457760985225,2,middle,0
18097390406,NA,2024,486.3481747184122,-0.48321669143170093,1.853938866719985,0.42869323786784913,1.2324784627244916,1.171703522437442,3,late,0.48321669143170093
18097390406,NA,2025,552.7437843803039,-0.3617849077467423,1.853938866719985,0.42869323786784913,1.2324784627244916,1.171703522437442,3,late,0.3617849077467423
18097390406,NA,2026,565.2721489552561,-0.36905522123555995,1.853938866719985,0.42869323786784913,1.2324784627244916,1.171703522437442,3,late,0.36905522123555995
18097390406,NA,2027,659.563382318975,-0.2570730619897026,1.853938866719985,0.42869323786784913,1.2324784627244916,1.171703522437442,3,late,0.2570730619897026
18097390406,NA,2028,777.0231907976495,-0.158341496563073,1.853938866719985,0.42869323786784913,1.2324784627244916,1.171703522437442,3,late,0.158341496563073
18097390408,NA,2024,1008.0667571193674,0.910644653851881,0.6513365702973684,0.8199954954825309,NA,0.7356660328899496,2,late,-0.910644653851881
18097390408,NA,2025,997.9450723481692,0.7593232756857007,0.6513365702973684,0.8199954954825309,NA,0.7356660328899496,2,late,-0.7593232756857007
18097390408,NA,2026,1086.5475687390035,0.9022517877460903,0.6513365702973684,0.8199954954825309,NA,0.7356660328899496,2,late,-0.9022517877460903
18097390408,NA,2027,1204.6791310699275,0.9300086519018314,0.6513365702973684,0.8199954954825309,NA,0.7356660328899496,2,late,-0.9300086519018314
18097390408,NA,2028,1411.062212846157,1.036909686350262,0.6513365702973684,0.8199954954825309,NA,0.7356660328899496,2,late,-1.036909686350262
18097390409,NA,2024,1486.5161023884846,2.1889047552609884,0.672670879736601,NA,NA,0.672670879736601,1,late,-2.1889047552609884
18097390409,NA,2025,1471.035488235653,1.9506620051307044,0.672670879736601,NA,NA,0.672670879736601,1,late,-1.9506620051307044
18097390409,NA,2026,1601.923176373983,2.159170102667477,0.672670879736601,NA,NA,0.672670879736601,1,late,-2.159170102667477
18097390409,NA,2027,1775.8038151418295,2.1737292201798537,0.672670879736601,NA,NA,0.672670879736601,1,late,-2.1737292201798537
18097390409,NA,2028,2079.9837966604805,2.297919319080979,0.672670879736601,NA,NA,0.672670879736601,1,late,-2.297919319080979
18097390410,NA,2024,520.1062832630405,-0.39302607109055626,1.5394379624959946,1.4069725695969195,NA,1.473205266046457,2,late,0.39302607109055626
18097390410,NA,2025,514.6896227123119,-0.45761309426071833,1.5394379624959946,1.4069725695969195,NA,1.473205266046457,2,late,0.45761309426071833
18097390410,NA,2026,560.4851133872357,-0.3807300319764796,1.5394379624959946,1.4069725695969195,NA,1.473205266046457,2,late,0.3807300319764796
18097390410,NA,2027,621.3228268151657,-0.34034833750988513,1.5394379624959946,1.4069725695969195,NA,1.473205266046457,2,late,0.34034833750988513
18097390410,NA,2028,727.7501589365575,-0.25122797132202085,1.5394379624959946,1.4069725695969195,NA,1.473205266046457,2,late,0.25122797132202085
18097390411,NA,2024,939.48230781091,0.7274094462066396,-0.31729416749823924,0.140805025872717,NA,-0.08824457081276112,2,middle,0
18097390411,NA,2025,929.6983104849788,0.5874639273742229,-0.31729416749823924,0.140805025872717,NA,-0.08824457081276112,2,middle,0
18097390411,NA,2026,1012.4198127212254,0.7214660990125253,-0.31729416749823924,0.140805025872717,NA,-0.08824457081276112,2,middle,0
18097390411,NA,2027,1122.3127683130308,0.7506419700686496,-0.31729416749823924,0.140805025872717,NA,-0.08824457081276112,2,middle,0
18097390411,NA,2028,1314.5553743647968,0.8549809582391914,-0.31729416749823924,0.140805025872717,NA,-0.08824457081276112,2,middle,0
18097390500,NA,2024,818.4799367842784,0.4041307029318532,-0.45810728153563274,-1.603341774388458,-0.30243144718141657,-0.7879601677018357,3,early,0.4041307029318532
18097390500,NA,2025,882.2541555080137,0.4679898111974702,-0.45810728153563274,-1.603341774388458,-0.30243144718141657,-0.7879601677018357,3,early,0.4679898111974702
18097390500,NA,2026,883.4309915016923,0.40688308536361245,-0.45810728153563274,-1.603341774388458,-0.30243144718141657,-0.7879601677018357,3,early,0.40688308536361245
18097390500,NA,2027,951.4504481673872,0.37856037766791245,-0.45810728153563274,-1.603341774388458,-0.30243144718141657,-0.7879601677018357,3,early,0.37856037766791245
18097390500,NA,2028,1024.340249510846,0.307885339170989,-0.45810728153563274,-1.603341774388458,-0.30243144718141657,-0.7879601677018357,3,early,0.307885339170989
18097390601,NA,2024,244.15941144687545,-1.1302658224645565,0.01188627889984805,1.1806765720612675,-0.4457365525982429,0.24894209945429088,3,middle,0
18097390601,NA,2025,249.53441330450744,-1.125328312479695,0.01188627889984805,1.1806765720612675,-0.4457365525982429,0.24894209945429088,3,middle,0
18097390601,NA,2026,256.7749828143232,-1.1214302511739513,0.01188627889984805,1.1806765720612675,-0.4457365525982429,0.24894209945429088,3,middle,0
18097390601,NA,2027,273.4438509658443,-1.0979136285958224,0.01188627889984805,1.1806765720612675,-0.4457365525982429,0.24894209945429088,3,middle,0
18097390601,NA,2028,296.78260475637194,-1.0636613721352035,0.01188627889984805,1.1806765720612675,-0.4457365525982429,0.24894209945429088,3,middle,0
18097390602,NA,2024,128.71013878072478,-1.4387085039000056,NA,-0.5071550234029892,-0.4436791903342621,-0.4754171068686257,2,middle,0
18097390602,NA,2025,131.5665529124592,-1.4223955879838202,NA,-0.5071550234029892,-0.4436791903342621,-0.4754171068686257,2,middle,0
18097390602,NA,2026,135.3742005780031,-1.4175072567172327,NA,-0.5071550234029892,-0.4436791903342621,-0.4754171068686257,2,middle,0
18097390602,NA,2027,144.17425518710172,-1.3794200309749693,NA,-0.5071550234029892,-0.4436791903342621,-0.4754171068686257,2,middle,0
18097390602,NA,2028,156.4840992182266,-1.3281434448058222,NA,-0.5071550234029892,-0.4436791903342621,-0.4754171068686257,2,middle,0
18097390700,NA,2024,921.1089318987432,0.6783217975580588,-0.21466838210607053,-1.6580575619243738,-0.8336920061599407,-0.9021393167301284,3,early,0.6783217975580588
18097390700,NA,2025,931.5735113877162,0.5921860679754659,-0.21466838210607053,-1.6580575619243738,-0.8336920061599407,-0.9021393167301284,3,early,0.5921860679754659
18097390700,NA,2026,949.5520638960884,0.568141758967005,-0.21466838210607053,-1.6580575619243738,-0.8336920061599407,-0.9021393167301284,3,early,0.568141758967005
18097390700,NA,2027,988.4496872757516,0.4591324768488262,-0.21466838210607053,-1.6580575619243738,-0.8336920061599407,-0.9021393167301284,3,early,0.4591324768488262
18097390700,NA,2028,1042.7011383346564,0.34249815214123025,-0.21466838210607053,-1.6580575619243738,-0.8336920061599407,-0.9021393167301284,3,early,0.34249815214123025
18097390801,NA,2024,0.3854103528180163,-1.7815501902676347,NA,NA,NA,NA,NA,NA,-1.7815501902676347
18097390801,NA,2025,0.3907609764748024,-1.7527231449388634,NA,NA,NA,NA,NA,NA,-1.7527231449388634
18097390801,NA,2026,0.4021644931906247,-1.746682370253818,NA,NA,NA,NA,NA,NA,-1.746682370253818
18097390801,NA,2027,0.424356416596625,-1.6924597415231,NA,NA,NA,NA,NA,NA,-1.6924597415231
18097390801,NA,2028,0.4566956511350034,-1.6222766640482726,NA,NA,NA,NA,NA,NA,-1.6222766640482726
18097390802,NA,2024,881.9532823285873,0.5737107136780415,0.1565082649398323,0.3885925091526603,0.4098512178971111,0.3183173306632012,3,middle,0
18097390802,NA,2025,914.8290516276488,0.5500200828996956,0.1565082649398323,0.3885925091526603,0.4098512178971111,0.3183173306632012,3,middle,0
18097390802,NA,2026,937.2024984566888,0.5380231527463252,0.1565082649398323,0.3885925091526603,0.4098512178971111,0.3183173306632012,3,middle,0
18097390802,NA,2027,1004.4577884721296,0.4939928239363718,0.1565082649398323,0.3885925091526603,0.4098512178971111,0.3183173306632012,3,middle,0
18097390802,NA,2028,1093.6884303969068,0.43861624429595886,0.1565082649398323,0.3885925091526603,0.4098512178971111,0.3183173306632012,3,middle,0
18097390900,NA,2024,851.0841608167494,0.4912385214087904,0.4768764259719507,0.4996733836660122,0.11899193623410996,0.36518058195735764,3,middle,0
18097390900,NA,2025,929.933692806512,0.5880566683523784,0.4768764259719507,0.4996733836660122,0.11899193623410996,0.36518058195735764,3,middle,0
18097390900,NA,2026,940.2056941238328,0.5453474645325349,0.4768764259719507,0.4996733836660122,0.11899193623410996,0.36518058195735764,3,middle,0
18097390900,NA,2027,1041.098349462318,0.573783840867809,0.4768764259719507,0.4996733836660122,0.11899193623410996,0.36518058195735764,3,middle,0
18097390900,NA,2028,1158.9323047680953,0.5616099644112579,0.4768764259719507,0.4996733836660122,0.11899193623410996,0.36518058195735764,3,middle,0
18097391001,NA,2024,827.975599640796,0.4295000070931778,NA,-0.21917666576582848,-0.6423875433839155,-0.430782104574872,2,middle,0
18097391001,NA,2025,905.6806773250806,0.5269825994671397,NA,-0.21917666576582848,-0.6423875433839155,-0.430782104574872,2,middle,0
18097391001,NA,2026,917.5298839527184,0.4900448062624893,NA,-0.21917666576582848,-0.6423875433839155,-0.430782104574872,2,middle,0
18097391001,NA,2027,1019.536026157568,0.5268282360027213,NA,-0.21917666576582848,-0.6423875433839155,-0.430782104574872,2,middle,0
18097391001,NA,2028,1140.0849593521436,0.5260801135348729,NA,-0.21917666576582848,-0.6423875433839155,-0.430782104574872,2,middle,0
18097391002,NA,2024,2241.119994085746,4.204959446655944,1.247571403408309,1.0138969977909402,NA,1.1307342005996246,2,late,-4.204959446655944
18097391002,NA,2025,2717.3641697487024,5.089173329904099,1.247571403408309,1.0138969977909402,NA,1.1307342005996246,2,late,-5.089173329904099
18097391002,NA,2026,2751.10233505173,4.961833461720046,1.247571403408309,1.0138969977909402,NA,1.1307342005996246,2,late,-4.961833461720046
18097391002,NA,2027,3335.727413188311,5.570726614865068,1.247571403408309,1.0138969977909402,NA,1.1307342005996246,2,late,-5.570726614865068
18097391002,NA,2028,4044.592370512903,6.001477996387654,1.247571403408309,1.0138969977909402,NA,1.1307342005996246,2,late,-6.001477996387654
