GEOID,NAME,year,percent_bachelors_plus,edu_delta,edu_delta_zscore
18097310103,NA,2025,59.04081933084794,0.011214713525085296,-0.16637190551202533
18097310103,NA,2026,58.398109228449975,-0.010885860150354643,-0.39751039867451604
18097310103,NA,2027,58.36947640970581,-4.903038663829351e-4,-0.35921998842967784
18097310103,NA,2028,57.736260845271225,-0.01084840233943396,-0.46636884015599234
18097310104,NA,2024,57.61027224604093,0.016028575238419496,0.0388945578516545
18097310104,NA,2025,58.67645205034061,0.018506765594619168,-0.057477129120176364
18097310104,NA,2026,58.66478375667332,-1.9885820051412928e-4,-7.484149107468443e-4
18097310104,NA,2027,59.710222981304895,0.017820558735335723,-2.8733522013327267e-4
18097310104,NA,2028,60.74601234998442,0.017346935197408708,0.06217801758877862
18097310105,NA,2024,51.54541922748925,0.11887265659669644,0.8555369664685768
18097310105,NA,2025,55.84768901779452,0.08346560867645181,0.9125761048142241
18097310105,NA,2026,55.55996615237019,-0.0051519207058444705,-0.1846341215424499
18097310105,NA,2027,59.075260505790425,0.0632702752874208,0.8906257639874636
18097310105,NA,2028,61.93578869493956,0.04842176174354318,0.6447034760785512
18097310106,NA,2024,47.65379785354519,0.10727003155416082,0.7634053091493125
18097310106,NA,2025,47.428993212084904,-0.004717454884733074,-0.4042925758364972
18097310106,NA,2026,48.708785474356176,0.026983331831407664,1.0084082869152495
18097310106,NA,2027,50.02865261476517,0.02709710635474316,0.18155313412761195
18097310106,NA,2028,52.418254801412495,0.047764672077977854,0.6323857417177798
18097310108,NA,2024,74.29017316260122,0.020477153399979686,0.07421888120402384
18097310108,NA,2025,75.57909931371046,0.017349887558992805,-0.07475319541823656
18097310108,NA,2026,75.5927291533782,1.8033874168255082e-4,0.013329521233482584
18097310108,NA,2027,76.90615324198905,0.01737500555041338,-0.00902114477835304
18097310108,NA,2028,78.23100502547548,0.01722686323053657,0.05992716101681615
18097310110,NA,2024,51.12830932948798,0.016175147923573663,0.04005843105719911
18097310110,NA,2025,51.83533646798177,0.013828486561866749,-0.12733951412681757
18097310110,NA,2026,51.83694986964647,3.1125517352403875e-5,0.007789882037487029
18097310110,NA,2027,52.54713070315618,0.013700282043900947,-0.08105370199278977
18097310110,NA,2028,53.258855142785194,0.013544496723324695,-0.009102097594051785
18097310111,NA,2024,35.93056961206799,-0.012127891444359329,-0.18468432453306405
18097310111,NA,2025,35.32967409339575,-0.016723796064463614,-0.5835874883774302
18097310111,NA,2026,35.31871330739799,-3.10243054288728e-4,-0.004883650943477863
18097310111,NA,2027,34.69364056452255,-0.017698061009048915,-0.6965293802014709
18097310111,NA,2028,34.0548871861767,-0.018411252550965762,-0.6081412416984898
18097310112,NA,2024,68.33837901859562,0.016758410073270058,0.04468987508871133
18097310112,NA,2025,69.50028152875407,0.017002195937985132,-0.07994539659314813
18097310112,NA,2026,69.50012875014977,-2.1982443947354824e-6,0.0065527154420918134
18097310112,NA,2027,70.66172767360341,0.01671362261254994,-0.02198568598202997
18097310112,NA,2028,71.82317576354143,0.016436734964971667,0.0451154989314109
18097310113,NA,2024,72.38759955797511,0.03008411553734458,0.15050380295871493
18097310113,NA,2025,75.51254528737668,0.04316962778823474,0.31082205993490514
18097310113,NA,2026,75.25792769494005,-0.003371858165654995,-0.11854812773576864
18097310113,NA,2027,78.06604480854283,0.03731323994178459,0.38181152794002293
18097310113,NA,2028,80.66655525872285,0.033311671630832373,0.36145130224385735
18097310201,NA,2024,37.20370385717027,-0.03347439791023765,-0.3541881231534463
18097310201,NA,2025,36.91223790598042,-0.00783432618184532,-0.4508379103602681
18097310201,NA,2026,36.64126022680107,-0.007341133850230275,-0.2659101009167395
18097310201,NA,2027,36.02878016062464,-0.016715584081587798,-0.677270699823536
18097310201,NA,2028,35.1861195479871,-0.02338854129617407,-0.7014449775708023
18097310203,NA,2024,33.24759902163757,-0.015999505689725635,-0.21542721552702468
18097310203,NA,2025,32.715418568387776,-0.01600658299877389,-0.572877093598449
18097310203,NA,2026,32.71540989654771,-2.65068901605936e-7,0.006624485855086734
18097310203,NA,2027,32.18321212643073,-0.01626749509787251,-0.6684871831046786
18097310203,NA,2028,31.65100571120372,-0.016536771194132438,-0.5730024096217041
18097310204,NA,2024,34.83888089454226,0.03934052702112689,0.22400514663771082
18097310204,NA,2025,35.38878097110825,0.015784091292442515,-0.09813578137556436
18097310204,NA,2026,35.586528269161754,0.005587852777832358,0.21408704016003635
18097310204,NA,2027,36.37933220165538,0.022278203889325443,0.08709218572269896
18097310204,NA,2028,37.33503859407936,0.026270586472735946,0.22945985399244717
18097310305,NA,2024,23.059241122308247,0.055050682471835755,0.34875300784246865
18097310305,NA,2025,22.35519949456034,-0.030531864600990555,-0.7897882287657997
18097310305,NA,2026,22.74607439916527,0.01748474240634912,0.655766900590806
18097310305,NA,2027,22.583460720575996,-0.007149087606749482,-0.4897466035359487
18097310305,NA,2028,22.719157324823232,0.006008671829627943,-0.15036788534614492
18097310306,NA,2024,21.30406247184049,0.060162038850745336,0.3893401795050823
18097310306,NA,2025,22.517988294697496,0.05698095489822963,0.5170714617461175
18097310306,NA,2026,22.518440786775887,2.0094693738537117e-5,0.007380355448072369
18097310306,NA,2027,23.733395343647732,0.05395376031476107,0.7080018477614013
18097310306,NA,2028,24.94895998620292,0.05121747752289196,0.6971116725894607
18097310308,NA,2024,40.13175207583009,0.006169837050028937,-0.03938961362189375
18097310308,NA,2025,40.46017138108876,0.00818352771237385,-0.21163766858253744
18097310308,NA,2026,40.45231242233928,-1.942393836016354e-4,-5.769382918181775e-4
18097310308,NA,2027,40.76726434899928,0.0077857582867393305,-0.19699120591079997
18097310308,NA,2028,41.075963377896024,0.007572228203836406,-0.12105762057577918
18097310309,NA,2024,20.853048154178936,-0.12036362574577031,-1.0441396241569916
18097310309,NA,2025,23.232296219056227,0.11409593682832853,1.3699895603274106
18097310309,NA,2026,22.23434547033054,-0.042955321304276484,-1.5881102587087
18097310309,NA,2027,23.188668895664716,0.04292113867744041,0.4917385158652376
18097310309,NA,2028,23.389334400250036,0.008653601700390645,-0.10078630575625026
18097310310,NA,2024,28.82131400797555,-0.022113194416263804,-0.26397349472204457
18097310310,NA,2025,28.05411725498888,-0.02661907617308379,-0.7313571839977996
18097310310,NA,2026,28.050312719050677,-1.356141739775607e-4,0.0015995612146090495
18097310310,NA,2027,27.2751307812498,-0.02763541161073768,-0.8913230223646113
18097310310,NA,2028,26.49573101239241,-0.02857547320701337,-0.7986786623680793
18097310311,NA,2024,45.498828117861805,0.02683289197657368,0.1246871783697847
18097310311,NA,2025,47.17067505322544,0.03674483507647319,0.21487837233641857
18097310311,NA,2026,47.198634871664154,5.927372972120981e-4,0.02864008913280424
18097310311,NA,2027,48.93125819851705,0.03670918304234849,0.36997070152347933
18097310311,NA,2028,50.69754173999889,0.03609724349036614,0.4136693418915465
18097310312,NA,2024,30.919170198947768,0.031180024482842406,0.15920596363783454
18097310312,NA,2025,31.774368075774156,0.02765914710270878,0.07919860060209098
18097310312,NA,2026,31.777680794965416,1.0425759478072116e-4,0.010504958562541631
18097310312,NA,2027,32.6390910947234,0.027107399854505942,0.18175490906640268
18097310312,NA,2028,33.503452591195575,0.026482400933398376,0.23343050578768604
18097320105,NA,2024,56.01838131080797,0.022516057455193472,0.09040897689643475
18097320105,NA,2025,57.29026721728191,0.022704795760111418,0.005213530765187997
18097320105,NA,2026,57.2870078536647,-5.6892100098737686e-5,0.00452217003837051
18097320105,NA,2027,58.55320613188521,0.022102712738199193,0.08365217823323039
18097320105,NA,2028,59.81676422510793,0.021579656806096637,0.14152417555042998
18097320106,NA,2024,39.12940304732479,-0.0178432687230502,-0.23006777689494276
18097320106,NA,2025,37.909823559893475,-0.03116785313479753,-0.799285669063304
18097320106,NA,2026,37.876844082472495,-8.699454211090751e-4,-0.025662969822542143
18097320106,NA,2027,36.58489135515035,-0.034109302361861715,-1.0182253335463674
18097320106,NA,2028,35.252297330348554,-0.03642470909276574,-0.9458196199001835
18097320107,NA,2024,68.20040871207948,0.02735650022612357,0.12884493539806213
18097320107,NA,2025,69.99473761591898,0.02630965030451038,0.05904609062546863
18097320107,NA,2026,69.99487923088824,2.0232230892869296e-6,0.00670944020187161
18097320107,NA,2027,71.78948859402692,0.025639152218820183,0.1529740683759228
18097320107,NA,2028,73.58423685570195,0.025000153878019793,0.2056444570305794
18097320108,NA,2024,35.42495158756509,0.06556750929174582,0.43226278956047315
18097320108,NA,2025,37.001993702883595,0.04451783403063514,0.3309552975882219
18097320108,NA,2026,37.023657322048315,5.854716731934495e-4,0.02837034805738844
18097320108,NA,2027,38.64169085677546,0.04370269313624986,0.5070586797280747
18097320108,NA,2028,40.2793040448644,0.04237943919583431,0.5314347275878202
18097320109,NA,2024,64.25498184920127,0.03247321261964453,0.16947463696239745
18097320109,NA,2025,64.63030412320909,0.005841138900150256,-0.24661738396273247
18097320109,NA,2026,64.82147152126929,0.0029578601037645313,0.11644683053483802
18097320109,NA,2027,65.5125062115986,0.01066058320046892,-0.14063839740351475
18097320109,NA,2028,66.35130400828955,0.012803628577140902,-0.02299033461752979
18097320202,NA,2024,72.78659124644271,0.0051846109743578506,-0.04721288730806083
18097320202,NA,2025,72.81441689640128,3.8229087915886417e-4,-0.32813628000661976
18097320202,NA,2026,72.83464993872421,2.77871377473371e-4,0.016950484553195696
18097320202,NA,2027,72.89940848928023,8.891173447047596e-4,-0.3321803384711468
18097320202,NA,2028,72.98148387846005,0.0011258718126896383,-0.24190034536995403
18097320203,NA,2024,48.65368168553908,0.003964860177790408,-0.0568984250197658
18097320203,NA,2025,48.683602658908114,6.149786066020901e-4,-0.3246614723931468
18097320203,NA,2026,48.6600472598241,-4.8384667110723534e-4,-0.011328799519361124
18097320203,NA,2027,48.63259638593016,-5.641357836617678e-4,-0.36066725427055374
18097320203,NA,2028,48.56685921267143,-0.0013517101315557722,-0.28834483817749545
18097320204,NA,2025,40.99285994946949,-6.225636625396547e-4,-0.3431421260402437
18097320204,NA,2026,40.98490762742998,-1.9399285751986461e-4,-5.677858487184226e-4
18097320204,NA,2027,40.94664156887375,-9.336621886302243e-4,-0.3679107739152188
18097320204,NA,2028,40.902330585340486,-0.0010821640514456776,-0.28329195546334285
18097320205,NA,2024,68.71439846762956,0.03140312099911968,0.16097748100665643
18097320205,NA,2025,71.85028956189164,0.0456365938463299,0.3476621311111557
18097320205,NA,2026,71.62247112096223,-0.0031707379652683443,-0.11108140787786076
18097320205,NA,2027,74.45190334794371,0.03950481158633701,0.4247710892773556
18097320205,NA,2028,77.10501174795591,0.035635199111205385,0.4050079061337749
18097320206,NA,2024,32.378198631367084,0.13037162478533748,0.9468455274879265
18097320206,NA,2025,36.51425703790108,0.12774207897183953,1.5737721969788252
18097320206,NA,2026,36.50482335961454,-2.583560245180694e-4,-0.00295731080056028
18097320206,NA,2027,40.6226790209318,0.11280305675640823,1.8615757984136676
18097320206,NA,2028,44.73171879283439,0.10115137334456237,1.6331672774217083
18097320301,NA,2024,66.29558431005098,0.026353860800048423,0.12088338948243615
18097320301,NA,2025,65.95881992350195,-0.005079740831215207,-0.40970271920298623
18097320301,NA,2026,66.38551413736946,0.00646910018042135,0.24680393019888353
18097320301,NA,2027,66.63426608611341,0.0037470817538480805,-0.2761580324517691
18097320301,NA,2028,67.21000615332999,0.008640300269421752,-0.10103565299435056
18097320303,NA,2024,38.11170702822268,-0.046823133699390285,-0.46018492533079575
18097320303,NA,2025,35.82000910252093,-0.06013107531511763,-1.2318036451883712
18097320303,NA,2026,35.78184776018659,-0.0010653638368745,-0.03291800717230328
18097320303,NA,2027,33.40341337646209,-0.06647041817585819,-1.652573447700688
18097320303,NA,2028,30.973562083002236,-0.07274260465764448,-1.6266311035590155
18097320304,NA,2025,74.01713151748612,0.008433557269567515,-0.2079038893305062
18097320304,NA,2026,74.06403087587363,6.336284239334411e-4,0.030158199135258
18097320304,NA,2027,74.74776630826314,0.009231679997749653,-0.1686480018054124
18097320304,NA,2028,75.46734992319142,0.009626824324899363,-0.0825423759079891
18097320305,NA,2024,61.128014610789286,-0.0790299903144529,-0.7159262826625644
18097320305,NA,2025,61.618905772199014,0.008030543189326611,-0.21392224023257336
18097320305,NA,2026,59.7748503540331,-0.029926779696206607,-1.1044170734516545
18097320305,NA,2027,58.35603530879524,-0.023735986570180168,-0.8148858273376727
18097320305,NA,2028,55.15647837980484,-0.0548282094912671,-1.2908097195725914
18097320306,NA,2024,69.25939714641498,-0.024086267420520002,-0.27964085320580173
18097320306,NA,2025,70.29543504642905,0.014958806208259068,-0.11046005358930204
18097320306,NA,2026,69.72754907782367,-0.00807856112178984,-0.29328757389922017
18097320306,NA,2027,69.98021529546918,0.003623621093629792,-0.27857812938018983
18097320306,NA,2028,69.7987146794115,-0.0025935989949636973,-0.3116251573283045
18097320400,NA,2024,61.00281477481954,0.03608757488301628,0.1981747961294711
18097320400,NA,2025,63.3538043011531,0.038539033567742687,0.24167176898887466
18097320400,NA,2026,63.35739605360893,5.669355606108262e-5,0.008739112308672262
18097320400,NA,2027,65.71574016368386,0.037222869893192234,0.38004007882714025
18097320400,NA,2028,68.07785525370336,0.0359444340752455,0.4108047925280111
18097320500,NA,2024,59.8831377271308,-0.04149611063906078,-0.417885233551836
18097320500,NA,2025,62.238376369781776,0.03933058173042103,0.2534922358967237
18097320500,NA,2026,61.080842675786926,-0.01859839156339016,-0.6838432053530087
18097320500,NA,2027,61.93343682902334,0.013958454335051274,-0.0759929646881979
18097320500,NA,2028,61.87071564804054,-0.0010127192062012735,-0.2819901496348955
18097320600,NA,2024,45.48386531158761,0.009413010890896079,-0.013636908536780127
18097320600,NA,2025,45.97563393708482,0.010811935663962435,-0.17238672887098205
18097320600,NA,2026,45.97499863793839,-1.3818170453094858e-5,0.006121318036557347
18097320600,NA,2027,46.4655145710418,0.010669188638074978,-0.14046971214716414
18097320600,NA,2028,46.955412606220285,0.010543260732203352,-0.06536295456676577
18097320700,NA,2024,81.85184269562677,0.01016549066959338,-0.007661777145697532
18097320700,NA,2025,84.47918025917863,0.03209869780600849,0.1454959715624441
18097320700,NA,2026,84.22261118477395,-0.003037068702815726,-0.1061188485007913
18097320700,NA,2027,86.44630159689154,0.02640253467372422,0.16793802151740964
18097320700,NA,2028,88.4761885870251,0.023481478705695835,0.1771755305913071
18097320800,NA,2024,81.06368690211728,-0.009322129935062207,-0.16240493026267466
18097320800,NA,2025,84.09556614654984,0.03740120096059152,0.22468011476787
18097320800,NA,2026,82.94068376329622,-0.013732975900787148,-0.5032114454646807
18097320800,NA,2027,84.71723861432282,0.021419582892476585,0.07026135043089474
18097320800,NA,2028,85.43061748631135,0.008420704966980885,-0.10515216363831677
18097320901,NA,2024,48.089427058656696,-0.06274057078563233,-0.5865787244628338
18097320901,NA,2025,45.47612156522079,-0.0543426206814307,-1.145362617754787
18097320901,NA,2026,45.6216289979698,0.003199644730923934,0.12542324401034782
18097320901,NA,2027,43.4041829983648,-0.04860514734587129,-1.3023753604345856
18097320901,NA,2028,41.51263431469625,-0.04357987071752545,-1.0799495337017477
18097320902,NA,2024,27.991652431226797,-0.017098486441754268,-0.22415376815413968
18097320902,NA,2025,27.73979470114781,-0.008997601363398555,-0.4682095074867714
18097320902,NA,2026,27.747967520788393,2.946243737067533e-4,0.01757245056861716
18097320902,NA,2027,27.513307830411406,-0.008456824457545697,-0.5153810844321203
18097320902,NA,2028,27.287762262886957,-0.008197689965695254,-0.41667886236820867
18097320903,NA,2024,27.574502208083693,0.1568448985875215,1.1570588698238478
18097320903,NA,2025,28.28512692574959,0.025771080554903847,0.05100343927087314
18097320903,NA,2026,28.849309916244508,0.019946277489789388,0.7471530112506297
18097320903,NA,2027,30.372933513364003,0.052813173054845564,0.6856438616673955
18097320903,NA,2028,32.3216569541288,0.06415986917784422,0.9397283971450193
18097321001,NA,2024,18.361057763901144,-0.09538203211999241,-0.845771098518909
18097321001,NA,2025,17.24791410688959,-0.060625246721899506,-1.2391832804854896
18097321001,NA,2026,17.397720281915568,0.008685466201744374,0.32908797800705847
18097321001,NA,2027,16.666011235682582,-0.04205775437104686,-1.1740322461217356
18097321001,NA,2028,16.21062092150841,-0.027324493409626505,-0.775227925516746
18097321002,NA,2024,57.56138529956886,-0.0511494988082597,-0.4945388052663375
18097321002,NA,2025,60.85472394185352,0.057214374274437985,0.5205571953277427
18097321002,NA,2026,59.81467663714482,-0.017090658495180433,-0.6278676224966724
18097321002,NA,2027,61.5352609706955,0.02876525345089287,0.214252438152132
18097321002,NA,2028,62.47565515254845,0.015282200270521074,0.023472711924097993
18097321100,NA,2024,54.26280900780469,0.003203519366445029,-0.06294391821435705
18097321100,NA,2025,54.70356162910018,0.008122554459576437,-0.21254820359599388
18097321100,NA,2026,54.69800688743076,-1.0154259620398509e-4,0.0028644909723515516
18097321100,NA,2027,55.12799609587204,0.007861149480751894,-0.19551337486132087
18097321100,NA,2028,55.55275507230942,0.007704959485534069,-0.11856945380799126
18097321200,NA,2024,78.07141827650267,-0.0020016225728862747,-0.10427580230907917
18097321200,NA,2025,78.193500632333,0.0015637266303778485,-0.3104934847106516
18097321200,NA,2026,78.17411015144329,-2.4798072388243497e-4,-0.0025721209333121283
18097321200,NA,2027,78.26145931280647,0.001117366877524617,-0.3277061521812458
18097321200,NA,2028,78.33262078824173,9.092786674322895e-4,-0.2459605778883709
18097321300,NA,2024,78.95406145102147,-0.019965484108580123,-0.2469194134806739
18097321300,NA,2025,80.40562565643016,0.018384921291340506,-0.05929667292398229
18097321300,NA,2026,79.80954579310372,-0.00741340992573658,-0.26859339780684344
18097321300,NA,2027,80.41729070195107,0.007614940077755206,-0.20033961359102687
18097321300,NA,2028,80.57373108049883,0.001945357486955901,-0.22653835236191464
18097321400,NA,2024,67.68747832629415,0.0959617036000655,0.6736105435595352
18097321400,NA,2025,69.9990693596754,0.034150940329583435,0.17614283044051335
18097321400,NA,2026,68.06389829232903,-0.027645668507432664,-1.0197293186733198
18097321400,NA,2027,68.51176404105365,0.006580077838049814,-0.22062515979838926
18097321400,NA,2028,70.03755891333468,0.022270553001185966,0.15447564358889973
18097321600,NA,2024,43.82676043659687,0.0019585974650928595,-0.0728293292816063
18097321600,NA,2025,43.41307119806311,-0.009439192730939738,-0.4748039465783236
18097321600,NA,2026,43.45747056867064,0.0010227189503586587,0.044603441107957595
18097321600,NA,2027,43.120737097751594,-0.007748575020880333,-0.5014978581218205
18097321600,NA,2028,42.81971898807232,-0.006980820132941878,-0.39386754735749907
18097321700,NA,2024,65.52240672669325,0.0017520795526950739,-0.07446920279863971
18097321700,NA,2025,67.13934989683753,0.02467771333383495,0.03467580228787425
18097321700,NA,2026,66.88423056041701,-0.003799848178639209,-0.13443753875858896
18097321700,NA,2027,68.12090375588964,0.018489757377944782,0.01283041076160712
18097321700,NA,2028,69.16621470116182,0.015344936541330068,0.024648759515632945
18097321800,NA,2024,82.37832169747516,0.003593766872793891,-0.05984512381284691
18097321800,NA,2025,82.77257044904559,0.004785831313950162,-0.2623766630419378
18097321800,NA,2026,82.76974101546881,-3.418322714188182e-5,0.005365251898530179
18097321800,NA,2027,83.15857286028618,0.0046977535515631,-0.2575228016542145
18097321800,NA,2028,83.54479654056492,0.004644424104387035,-0.17594193096341473
18097321900,NA,2024,84.94158313418714,0.007924303278575184,-0.02545812132992876
18097321900,NA,2025,85.99409001575836,0.012390949670769702,-0.148806757752939
18097321900,NA,2026,85.9503140614437,-5.090577074149394e-4,-0.01226477584135799
18097321900,NA,2027,86.93021331049702,0.01140076403156387,-0.12612924645096377
18097321900,NA,2028,87.87617919043045,0.010881899904635395,-0.05901485994777548
18097322000,NA,2024,47.76748764258579,0.05123499385745656,0.3184541992049212
18097322000,NA,2025,48.385000974734595,0.012927481905041116,-0.14079453333094039
18097322000,NA,2026,48.77424245125684,0.008044672288536114,0.30529808207726017
18097322000,NA,2027,49.90452280422568,0.02317371416067404,0.10464613086788194
18097322000,NA,2028,51.339719845284954,0.028758857121818915,0.27610471614644067
18097322100,NA,2024,67.16197557251238,0.07041212580564249,0.47073189003258786
18097322100,NA,2025,70.66197438504,0.05211280315524358,0.444373640825601
18097322100,NA,2026,70.60002266064961,-8.767335604409343e-4,-0.025914983964582562
18097322100,NA,2027,73.96357469616635,0.04764236481458628,0.5842847962162769
18097322100,NA,2028,77.25009203896964,0.044434268574821134,0.5699543448843309
18097322200,NA,2024,61.38765694986927,0.07185897631430893,0.48222073283910577
18097322200,NA,2025,62.31398765892783,0.015089852831734918,-0.10850308830377828
18097322200,NA,2026,62.66023433924653,0.005556484078885537,0.21292245655832617
18097322200,NA,2027,64.16628348096516,0.02403516612409695,0.12153245924953529
18097322200,NA,2028,65.94253594561695,0.02768202190140423,0.2559184753782511
18097322300,NA,2024,74.71509443318158,0.02260374501110851,0.09110526759126553
18097322300,NA,2025,76.14502758152837,0.019138477428086498,-0.04804355429191721
18097322300,NA,2026,76.11277564811307,-4.235592846921765e-4,-0.009090590605183035
18097322300,NA,2027,77.46412154096248,0.017754521252739464,-0.0015818132223509175
18097322300,NA,2028,78.76298234595345,0.01676725662349554,0.05131142348103225
18097322400,NA,2024,55.15145378208854,0.061958844101917654,0.40360786850335445
18097322400,NA,2025,58.04148472832046,0.05240171832370666,0.44868811257731067
18097322400,NA,2026,58.06108327332807,3.3766443259253265e-4,0.019170341092543387
18097322400,NA,2027,60.98679518374874,0.05039023982118285,0.6381491109817281
18097322400,NA,2028,63.929220332670184,0.04824692197804681,0.6414259480638153
18097322600,NA,2025,26.732424956288384,0.0528190099169048,0.4549196745982899
18097322600,NA,2026,26.732424734817936,-8.284712249562176e-9,0.006634019137184594
18097322600,NA,2027,28.073566678334316,0.05016910949232356,0.633814476542654
18097322600,NA,2028,29.41470838041866,0.04777240161362761,0.6325306387871682
18097322602,NA,2024,37.19350715784901,-0.01985962694684773,-0.24607884544423692
18097322602,NA,2025,37.314585237070666,0.003255355261545967,-0.28523179982791086
18097322602,NA,2026,37.063393365415685,-0.0067317342550931025,-0.24328573971550754
18097322602,NA,2027,36.8984972298326,-0.0044490296384182,-0.4368196065138774
18097322602,NA,2028,36.51237528173392,-0.010464435602718813,-0.4591710397429234
18097322700,NA,2024,36.55413978792224,0.056328291509248896,0.35889797396792905
18097322700,NA,2025,37.56447724706483,0.027639481191578108,0.07890492263946866
18097322700,NA,2026,37.69250758951579,0.003408282287782116,0.13316905067672669
18097322700,NA,2027,38.906530159585635,0.032208591248185536,0.2817493332117324
18097322700,NA,2028,40.21763367490098,0.03369880351543819,0.36870843618927807
18097330103,NA,2024,44.30877587521682,-0.022028116663406205,-0.26329792739628566
18097330103,NA,2025,43.36106613091661,-0.02138875935027329,-0.6532510246550726
18097330103,NA,2026,43.36041131471481,-1.5101478359036413e-5,0.006073674385612874
18097330103,NA,2027,42.41141750465261,-0.021886180995246862,-0.7786256228145771
18097330103,NA,2028,41.461793446806354,-0.022390764414843778,-0.682740756184256
18097330105,NA,2024,44.32461480145572,0.004229554095481092,-0.05479659985263602
18097330105,NA,2025,44.15172116226993,-0.003900623614220722,-0.3920945473934559
18097330105,NA,2026,44.15958712228627,1.7815749441418838e-4,0.013248540992500434
18097330105,NA,2027,44.00190918610239,-0.0035706388229409525,-0.41960123986387854
18097330105,NA,2028,43.851614870526454,-0.003415631693167609,-0.3270348965815196
18097330106,NA,2024,38.52907605875277,-0.03572854573330597,-0.37208738078010745
18097330106,NA,2025,40.11634374869403,0.04119661960024268,0.2813584352374999
18097330106,NA,2026,39.43499507112508,-0.01698431646306575,-0.623919604538285
18097330106,NA,2027,40.12151303130437,0.017408851172444173,-0.008357697120027017
18097330106,NA,2028,40.27543404471306,0.003836371108153269,-0.19108960818105836
18097330107,NA,2024,63.18649555473636,0.027627647567591396,0.13099800454022273
18097330107,NA,2025,64.1383163634247,0.015063674608505773,-0.10889401691176008
18097330107,NA,2026,64.02320859159086,-0.0017946802841162235,-0.05999436046177647
18097330107,NA,2027,64.69159758300587,0.01043979216472457,-0.14496638096105421
18097330107,NA,2028,65.16705974385792,0.007349674124865757,-0.12522959613608278
18097330108,NA,2024,72.25090416226175,-0.00845280471094978,-0.15550197740904909
18097330108,NA,2025,72.36489358142457,0.0015776884799507673,-0.3102849875039994
18097330108,NA,2026,72.45550905188307,0.0012522020827203661,0.0531231534897368
18097330108,NA,2027,72.7844776858073,0.004540284627476243,-0.2606095343740178
18097330108,NA,2028,73.25037906557152,0.006401109063053356,-0.14301129788490186
18097330109,NA,2024,57.97792150204785,0.012014034555861919,0.007016747002497724
18097330109,NA,2025,58.47892827029115,0.00864133717221316,-0.20480103901874697
18097330109,NA,2026,58.487496050678764,1.4651055758085896e-4,0.012073627626060386
18097330109,NA,2027,59.00446244605828,0.008838921654836573,-0.17634691786187084
18097330109,NA,2028,59.52898208587177,0.008889491032868957,-0.09636434892406102
18097330203,NA,2024,78.4726578607506,0.010943921454560579,-0.0014805795232247878
18097330203,NA,2025,80.12408264151304,0.021044588341749382,-0.019578930103536882
18097330203,NA,2026,79.98803457898596,-0.0016979671784297379,-0.05640382273676953
18097330203,NA,2027,81.43660582034039,0.01810984916655256,0.005383385175914413
18097330203,NA,2028,82.7831301004597,0.016534631650659826,0.0469506599943523
18097330204,NA,2024,46.54253190304359,-0.005595391270701411,-0.13281243647057103
18097330204,NA,2025,46.25353369750681,-0.006209335713381781,-0.42657135658159573
18097330204,NA,2026,46.25408363266135,1.1889581412960482e-5,0.007075735250698032
18097330204,NA,2027,45.966151829553446,-0.0062250028644949,-0.47163253673623584
18097330204,NA,2028,45.67873853050367,-0.006252716131546765,-0.380218585661406
18097330206,NA,2024,59.09880945114146,-0.004046863322066829,-0.1205162150732685
18097330206,NA,2025,61.74276293341603,0.044737846782859414,0.33424082534205063
18097330206,NA,2026,61.17141846451361,-0.009253626526538272,-0.33691265071948984
18097330206,NA,2027,63.012236725066515,0.030092783635886855,0.24027491136270182
18097330206,NA,2028,64.41946526145915,0.02233262314639961,0.15563920405947626
18097330208,NA,2024,54.38479899755643,0.010417402334707448,-0.005661450571329275
18097330208,NA,2025,54.78959476569515,0.0074431785278255,-0.22269356315576883
18097330208,NA,2026,54.80555881159403,2.913700305167133e-4,0.017451630935010967
18097330208,NA,2027,55.237378911874465,0.007879129592764711,-0.1951609256375929
18097330208,NA,2028,55.681765611954866,0.00804503596720929,-0.11219441553978601
18097330209,NA,2025,26.540556053876188,-0.07450186579644735,-1.4464077101506425
18097330209,NA,2026,26.540316904381054,-9.010719091429031e-6,0.0062997978336093935
18097330209,NA,2027,24.403277158669344,-0.08052050596874927,-1.9279856660664183
18097330209,NA,2028,22.265911345973723,-0.08758519598816727,-1.9048687731129474
18097330210,NA,2024,35.987310966555455,0.07769340256878987,0.5285495039888873
18097330210,NA,2025,36.92680780605163,0.026106336213041592,0.056009929841550815
18097330210,NA,2026,37.13959691343669,0.00576245605909631,0.22056930193664084
18097330210,NA,2027,38.42259046591101,0.03454516632112781,0.3275512764951546
18097330210,NA,2028,39.86795383178228,0.03761754083586877,0.4421686774200941
18097330212,NA,2024,24.488455035133573,-0.039253898381809815,-0.4000807513277897
18097330212,NA,2025,23.78284728729077,-0.028813894009665608,-0.7641331701339897
18097330212,NA,2026,23.764970676590483,-7.5165981954739e-4,-0.021271538984728423
18097330212,NA,2027,23.0268603231486,-0.03105875296404015,-0.9584279437170043
18097330212,NA,2028,22.27353289502965,-0.03271516036259792,-0.8762808061718742
18097330213,NA,2024,56.09044251287226,0.04110606611222445,0.23802456396167335
18097330213,NA,2025,58.82362975272502,0.04872821674076677,0.39383042236406557
18097330213,NA,2026,58.77354873594508,-8.513758329852239e-4,-0.024973561637133768
18097330213,NA,2027,61.42108386044945,0.045046371734316804,0.5333976968871998
18097330213,NA,2028,64.02884394365336,0.04245708345246424,0.5328902387272081
18097330401,NA,2024,51.986725600512976,-0.006143343993968542,-0.13716350291821797
18097330401,NA,2025,51.70656885718991,-0.005389005367945399,-0.41432107522294204
18097330401,NA,2026,51.70495668311648,-3.1179289383564956e-5,0.00547677506561545
18097330401,NA,2027,51.421764894037686,-0.005477072359123869,-0.4569714753461524
18097330401,NA,2028,51.13712800528281,-0.005535338768348663,-0.36677070440656623
18097330500,NA,2024,37.75600737729951,0.07297748985582997,0.49110238728683514
18097330500,NA,2025,38.439064849038935,0.01809135867872791,-0.06368054659255021
18097330500,NA,2026,38.612554996010225,0.004513381052651422,0.1741965699250955
18097330500,NA,2027,39.5946870522044,0.02543556250798873,0.14898326812448962
18097330500,NA,2028,40.71563171498327,0.028310481689145295,0.2676995170343561
18097330600,NA,2024,21.55852737402743,0.00998260556780095,-0.009113992266445466
18097330600,NA,2025,21.805553775076184,0.011458407931255854,-0.16273273129675073
18097330600,NA,2026,21.80548168872521,-3.3058711427225163e-6,0.006511594069805762
18097330600,NA,2027,22.05236437634818,0.011322046958064824,-0.12767227195765135
18097330600,NA,2028,22.2991754339702,0.011192045143546103,-0.05320090963572283
18097330700,NA,2025,14.093946351108944,0.08643294163472426,0.9568883307679119
18097330700,NA,2026,14.09395337660242,4.984759627291169e-7,0.00665283296089696
18097330700,NA,2027,15.215231969292695,0.07955742173460911,1.209889187817262
18097330700,NA,2028,16.33651603754173,0.07369483886358119,1.1184699447325455
18097330702,NA,2024,13.519019352309847,0.13308894159050566,0.9684226188619766
18097330702,NA,2025,16.051772402740276,0.1873473943949704,2.463879320854912
18097330702,NA,2026,15.906488953461981,-0.009050928809175796,-0.32938736450520933
18097330702,NA,2027,18.215692769753897,0.14517369754243137,2.496110622694957
18097330702,NA,2028,20.415716286377712,0.1207762748544392,2.0010536349814325
18097330803,NA,2024,5.160952160877105,-0.4702282606859651,-3.8222703089175543
18097330803,NA,2025,4.390774469685439,-0.14923170515511508,-2.562374665565032
18097330803,NA,2026,4.374984583780038,-0.0035961505229696877,-0.12687512917629498
18097330803,NA,2027,3.5682532765875976,-0.1843963771171544,-3.9641782172709865
18097330803,NA,2028,2.7391914688890107,-0.23234387904533438,-4.618499952777297
18097330804,NA,2024,7.446987059991414,-0.08308971823855715,-0.7481629067490807
18097330804,NA,2025,6.926480361061824,-0.06989493801137203,-1.3776108384024075
18097330804,NA,2026,6.93350991662079,0.0010148813239236887,0.04431246406622659
18097330804,NA,2027,6.42802287080313,-0.07290492865755072,-1.7787038201213594
18097330804,NA,2028,5.930657174210675,-0.07737459971580862,-1.7134619999752363
18097330805,NA,2024,14.25765190733204,0.013961734048028696,0.02248262489783295
18097330805,NA,2025,14.8993429693289,0.04500678415825754,0.3382569616886006
18097330805,NA,2026,14.955411674080176,0.003763166259525441,0.14634435178509303
18097330805,NA,2027,15.730415996013017,0.051820995558151894,0.6661950290760988
18097330805,NA,2028,16.59066250110445,0.05468682489448917,0.7621476966940377
18097330806,NA,2024,16.22235301099843,0.07324154665983951,0.4931991533971455
18097330806,NA,2025,17.329775744536505,0.06826523456783762,0.6855835759833376
18097330806,NA,2026,17.32977594751044,1.1712438796607216e-8,0.006634761544583408
18097330806,NA,2027,18.437199087343757,0.06390291156605543,0.9030268082717251
18097330806,NA,2028,19.544622430498976,0.06006461924660833,0.8629592689157212
18097330900,NA,2024,28.329646972287787,0.08879105443662993,0.6166713777190144
18097330900,NA,2025,30.07381065117851,0.06156672833222632,0.5855524281348657
18097330900,NA,2026,30.041836343689152,-0.0010631944139112282,-0.0328374659164328
18097330900,NA,2027,31.716633732951337,0.055748835394145546,0.7431892157717609
18097330900,NA,2028,33.35312117809437,0.05159713539973931,0.7042286995647011
18097331000,NA,2024,8.81073164687197,0.11805146415478784,0.8490162161751106
18097331000,NA,2025,8.612620006864198,-0.02248526546352214,-0.6696255358181781
18097331000,NA,2026,8.75756051583088,0.016828852178682574,0.6314165440472543
18097331000,NA,2027,8.793478441751263,0.004101362000919595,-0.2692133705957419
18097331000,NA,2028,8.940007252542578,0.016663350204578764,0.049363604585577946
18097340101,NA,2024,21.59887882705622,-0.05011072287953,-0.48629031429585706
18097340101,NA,2025,20.947612418635693,-0.0301527877273291,-0.784127340582465
18097340101,NA,2026,20.910895475707353,-0.0017527984666966256,-0.058439470414874246
18097340101,NA,2027,20.19448005722221,-0.03426038924623853,-1.0211869644347693
18097340101,NA,2028,19.447763157607813,-0.03697628745570736,-0.9561594503828599
18097340102,NA,2024,25.171194745341225,0.042964584616627555,0.25278229243617367
18097340102,NA,2025,26.263374969290705,0.043390082791029405,0.31411419197193313
18097340102,NA,2026,26.26203504899748,-5.101858747369459e-5,0.0047402280617255465
18097340102,NA,2027,27.351632899828054,0.04148946754498262,0.4636746540322972
18097340102,NA,2028,28.439981207928213,0.03979098111202717,0.4829117622282957
18097340108,NA,2024,30.881062748085263,0.10401101224183407,0.7375267817144093
18097340108,NA,2025,33.394767275609176,0.08139954728986032,0.8817228839980026
18097340108,NA,2026,33.350219027467794,-0.0013339888783689968,-0.04289088870186751
18097340108,NA,2027,35.75977970082084,0.07225022034693374,1.0666521793451098
18097340108,NA,2028,38.10466212205036,0.06557317860589862,0.9662221483279272
18097340109,NA,2025,36.41637343502639,0.04130408536495134,0.28296325927141225
18097340109,NA,2026,36.3354812042283,-0.0022213148418639417,-0.07583344931650332
18097340109,NA,2027,37.67662951291745,0.03691015680103571,0.37391022343460584
18097340109,NA,2028,38.9531012430052,0.033879668818308506,0.37209891829938746
18097340111,NA,2024,27.32574260804481,-0.030404335496478585,-0.32981002447178875
18097340111,NA,2025,26.656062267428624,-0.02450730617725383,-0.6998213804552422
18097340111,NA,2026,26.643325625227007,-4.778140924880381e-4,-0.01110483606624326
18097340111,NA,2027,25.950771804537947,-0.025993520119474978,-0.8591383851872352
18097340111,NA,2028,25.24755047372907,-0.02709828193571895,-0.7709873888122849
18097340112,NA,2024,31.43681775102505,-0.006670965736841672,-0.14135312944069645
18097340112,NA,2025,31.20008262520957,-0.007530505399445553,-0.4463008478369702
18097340112,NA,2026,31.198721856963846,-4.3614251349022304e-5,0.005015118915406223
18097340112,NA,2027,30.95904830816907,-0.007682159220932294,-0.5001959642783188
18097340112,NA,2028,30.717762536117547,-0.007793707663418581,-0.4091058522499994
18097340113,NA,2024,10.794986634808804,-0.0543591707907487,-0.5200254859195369
18097340113,NA,2025,8.450764066303297,-0.21715845028899639,-3.5767486239304924
18097340113,NA,2026,8.737253104125617,0.03390096275018162,1.2652298893777902
18097340113,NA,2027,6.8231588234609974,-0.21907277468713926,-4.643910879476395
18097340113,NA,2028,5.123931865032609,-0.2490381658104901,-4.931449311886167
18097340114,NA,2024,42.04854601476967,0.03178527927330865,0.16401204215382983
18097340114,NA,2025,43.35424492351799,0.031052177363985134,0.129867913995527
18097340114,NA,2026,43.35428094065816,8.307638670324025e-7,0.00666516936812425
18097340114,NA,2027,44.660052259796885,0.03011862475417426,0.24078145337279422
18097340114,NA,2028,45.9658599761134,0.029238830906877622,0.2851022546778078
18097340201,NA,2024,7.8355009242227585,-0.05522729693795758,-0.5269189173983037
18097340201,NA,2025,7.396140190508309,-0.056073088110576985,-1.1712042960578752
18097340201,NA,2026,7.396238091109367,1.3236715169950841e-5,0.007125748478385954
18097340201,NA,2027,6.9570746988146235,-0.05937658940734192,-1.513519005718323
18097340201,NA,2028,6.518010771569947,-0.06311042302298209,-1.44606723091251
18097340202,NA,2024,28.56353750940556,0.03613525297113496,0.19855338815154228
18097340202,NA,2025,29.53229125539138,0.03391574820404597,0.17263062377011268
18097340202,NA,2026,29.530962921552533,-4.497903082978372e-5,0.004964450578605268
18097340202,NA,2027,30.496866813983857,0.03270817463681075,0.2915422520424287
18097340202,NA,2028,31.46122109076317,0.03162142139588986,0.3297660475696099
18097340300,NA,2025,8.724779472389018,0.0018918936584082502,-0.3055928511447104
18097340300,NA,2026,8.725234665287028,5.217242446642345e-5,0.008571262321484713
18097340300,NA,2027,8.742449643955917,0.0019730103921877795,-0.31093368200331095
18097340300,NA,2028,8.760013155849874,0.002008992057060288,-0.2253454653454473
18097340301,NA,2024,9.512802717843089,-0.03759364316558245,-0.38689734980587404
18097340301,NA,2025,9.454734340030177,-0.006104234423362276,-0.425001842079226
18097340301,NA,2026,9.391340409702472,-0.006704993292016903,-0.24229296385491877
18097340301,NA,2027,9.244938801022512,-0.015589000322968727,-0.6551872127514431
18097340301,NA,2028,9.050271391229485,-0.021056646667200862,-0.6577315239856066
18097340400,NA,2024,7.662142691600072,-0.31608281900903057,-2.5982649689326673
18097340400,NA,2025,7.948194739395607,0.03733316636208439,0.22366413019717613
18097340400,NA,2026,7.948182632084014,-1.5232781770402326e-6,0.006577774007324909
18097340400,NA,2027,8.23420993476056,0.03598650357151523,0.3558046152211384
18097340400,NA,2028,8.520224576385425,0.03473492221973351,0.38813140939150625
18097340500,NA,2024,19.142994607019627,-0.09878759155264749,-0.8728132405755136
18097340500,NA,2025,21.206279190571475,0.10778274903735552,1.2757125082353096
18097340500,NA,2026,20.389089236619945,-0.03853528224389602,-1.4240133984160832
18097340500,NA,2027,21.299386864091023,0.044646311412288586,0.5255556461901466
18097340500,NA,2028,21.59030694253113,0.013658612818126414,-0.0069628891789463064
18097340600,NA,2024,26.933933176274405,0.23413186233206829,1.7707627543202196
18097340600,NA,2025,31.100460628303136,0.15469435617739435,1.9762600250364808
18097340600,NA,2026,30.874242075681916,-0.007273800710699052,-0.2634103137791645
18097340600,NA,2027,34.425564620141806,0.11502541619498041,1.9051388673428789
18097340600,NA,2028,37.470786818926136,0.08845816277484153,1.3952216755096152
18097340700,NA,2024,7.675448078043754,-0.37946769300078875,-3.1015780957832444
18097340700,NA,2025,7.811955705625728,0.017784971794997162,-0.06825592960889608
18097340700,NA,2026,7.804556938642102,-9.471081586264196e-4,-0.028527687257208795
18097340700,NA,2027,7.92445853208239,0.01536302372869236,-0.04846035576407232
18097340700,NA,2028,8.034710801885728,0.013912908920777234,-0.002195880952242049
18097340800,NA,2024,34.616702102862604,0.06945908935673084,0.4631642208885794
18097340800,NA,2025,35.223601809833006,0.017531990920654827,-0.07203378191716737
18097340800,NA,2026,35.4106750706733,0.005311020203165873,0.20380944855758085
18097340800,NA,2027,36.32775736114785,0.025898469561628668,0.15805725117850483
18097340800,NA,2028,37.38981947233961,0.02923555397690536,0.28504082569020917
18097340902,NA,2025,50.97281570706575,0.05766248177615374,0.52724894214106
18097340902,NA,2026,50.9135076460503,-0.001163523344605566,-0.03656224352553366
18097340902,NA,2027,53.60828138536888,0.052928463661404024,0.6879038078098718
18097340902,NA,2028,56.25819213497678,0.04943099612835433,0.6636224786307598
18097340903,NA,2024,38.52078658926962,0.027481427279706816,0.12983692957596946
18097340903,NA,2025,38.40662908003186,-0.0029635300663760633,-0.37810060009607854
18097340903,NA,2026,38.45902141331829,0.001364148183305769,0.05727922617984665
18097340903,NA,2027,38.442453087070184,-4.308046757104389e-4,-0.35805367514141717
18097340903,NA,2028,38.47206982732627,7.704175430482962e-4,-0.2485636540480431
18097340904,NA,2024,36.72799890198769,-0.006884441693212007,-0.14304825391348694
18097340904,NA,2025,36.50521730347033,-0.0060657156713567195,-0.4244266280178697
18097340904,NA,2026,36.50489518179581,-8.823990057194031e-6,0.006306730271948706
18097340904,NA,2027,36.28147912176414,-0.006120167142489974,-0.46957752902475675
18097340904,NA,2028,36.05775042484875,-0.006166471222535885,-0.3786018475892116
18097341000,NA,2024,47.03685316855304,0.022432650453284353,0.08974667631447619
18097341000,NA,2025,48.18553807157912,0.024420955604956163,0.03084154888341087
18097341000,NA,2026,48.1903649390509,1.001725344358384e-4,0.010353298007613542
18097341000,NA,2027,49.34930264570257,0.024049158127718018,0.12180673289205365
18097341000,NA,2028,50.51374063968669,0.02359583482555072,0.1793192384910336
18097341100,NA,2024,11.815392914365486,0.05794406292443588,0.3717281479832515
18097341100,NA,2025,12.386917236850216,0.048371165193317855,0.388498446118002
18097341100,NA,2026,12.386066282410193,-6.869783851404243e-5,0.004083874226744655
18097341100,NA,2027,12.95585996474165,0.04600279615333869,0.5521456915492154
18097341100,NA,2028,13.52477299128905,0.043911637521218294,0.5601571576443958
18097341200,NA,2024,17.679664842074963,0.06077989052449784,0.3942462846728021
18097341200,NA,2025,19.332920880396266,0.09351172961077858,1.0625983594988255
18097341200,NA,2026,19.263807134312724,-0.0035749252019969813,-0.12608712516032494
18097341200,NA,2027,20.801217490239495,0.07980823028425843,1.2148055798044324
18097341200,NA,2028,22.28464777996677,0.07131458965915538,1.0738500413174918
18097341600,NA,2024,11.830667950470213,0.22282559717565098,1.6809843685555328
18097341600,NA,2025,13.529792243242454,0.14362031796393282,1.8108875203545758
18097341600,NA,2026,13.424969653527585,-0.0077475387522837336,-0.28099815048450977
18097341600,NA,2027,14.84226879384508,0.10557186920307715,1.719828826093022
18097341600,NA,2028,16.032862835737756,0.08021644523689009,1.240723297846568
18097341700,NA,2025,3.72357830100599,-0.20785589171302687,-3.4378302472729008
18097341700,NA,2026,4.193061493878216,0.12608387817315037,4.687581318151569
18097341700,NA,2027,3.752086580159636,-0.10516776688402829,-2.4111254802354494
18097341700,NA,2028,3.723445443992949,-0.007633388930345153,-0.40610053399506246
18097341702,NA,2024,10.74018163367706,-0.15027955251792524,-1.2816896530216706
18097341702,NA,2025,9.636510169848677,-0.10276096824728709,-1.868410818888078
18097341702,NA,2026,9.426410309504208,-0.021802484160899138,-0.8027972526262426
18097341702,NA,2027,8.068942625703817,-0.1440068530044485,-3.1724558737106285
18097341702,NA,2028,6.53598351584676,-0.1899826508833733,-3.8244007863474896
18097341902,NA,2024,20.00162871497292,0.0183324563637981,0.05718872710814161
18097341902,NA,2025,18.607134622029044,-0.06971902702603305,-1.3749838978333198
18097341902,NA,2026,18.922017399516776,0.016922690348837532,0.6349003478977814
18097341902,NA,2027,17.987758345657557,-0.04937417792899168,-1.3174500291491427
18097341902,NA,2028,17.290125506348517,-0.03878375648055432,-0.9900420762711133
18097341903,NA,2024,22.04566594881642,0.016983990499896517,0.04648111616456191
18097341903,NA,2025,23.090748771197916,0.04740536415674046,0.37407579980195144
18097341903,NA,2026,22.96108213049251,-0.00561552342846261,-0.2018456778580172
18097341903,NA,2027,23.821346940927388,0.0374662137239794,0.3848101461214257
18097341903,NA,2028,24.58363883902834,0.03200036924827532,0.3368697645003168
18097341904,NA,2024,31.9569059504883,0.0735523092742163,0.49566679107314027
18097341904,NA,2025,32.661968779078265,0.022062925293278912,-0.004371746505428833
18097341904,NA,2026,32.784452896778994,0.003750053113123597,0.1458575175911629
18097341904,NA,2027,33.704163939873034,0.028053267992292685,0.2002959777023664
18097341904,NA,2028,34.723544572600616,0.03024494642697917,0.3039627913173514
18097342000,NA,2024,11.95592501586545,-0.11141857292799995,-0.9731106511540482
18097342000,NA,2025,10.227411639038124,-0.1445737886891728,-2.492816361925119
18097342000,NA,2026,10.231893370107093,4.3820775257175093e-4,0.02290307804500042
18097342000,NA,2027,8.51208074417474,-0.16808351726542203,-3.6444107548976854
18097342000,NA,2028,6.796502537742342,-0.201546279692713,-4.0411713663526765
18097342101,NA,2024,19.173905953089115,0.0111919362083015,4.88803286097361e-4
18097342101,NA,2025,20.011580551504405,0.043688260517431576,0.3185669847567315
18097342101,NA,2026,19.963061662694372,-0.0024245405646574625,-0.08337833808005281
18097342101,NA,2027,20.714989830889248,0.037665974332986574,0.3887258876655171
18097342101,NA,2028,21.4270627279539,0.034374764500383126,0.38137993033556566
18097342200,NA,2024,17.882497367395157,0.03344199902272016,0.17716736999276872
18097342200,NA,2025,18.923895951974018,0.058235634720552154,0.5358080364979637
18097342200,NA,2026,18.970501702090285,0.0024627988990504335,0.09806735735903513
18097342200,NA,2027,20.119194232704377,0.06055151037399931,0.8373320702356575
18097342200,NA,2028,21.33283012687857,0.060322291247697724,0.8677895613825748
18097342300,NA,2024,11.015224562329944,0.12109858476551705,0.8732121434664762
18097342300,NA,2025,11.45929883700542,0.040314591151789037,0.26818679442230364
18097342300,NA,2026,11.520646738090086,0.005353547538751391,0.20538830389140525
18097342300,NA,2027,12.072277083666563,0.047881890497748936,0.5889800195293137
18097342300,NA,2028,12.673851855048987,0.04983109377073003,0.6711226673194903
18097342400,NA,2024,4.945934411701371,-0.016308600339394075,-0.21788160858360212
18097342400,NA,2025,4.940949966873607,-0.0010077862771434853,-0.3488947907330301
18097342400,NA,2026,4.9475359727921875,0.0013329432523576656,0.05612072257291452
18097342400,NA,2027,4.957413183834352,0.001996389939655119,-0.3104753921244659
18097342400,NA,2028,4.975999524085668,0.003749201360081056,-0.1927236831898703
18097342500,NA,2024,6.354319666309483,-0.07505903003573178,-0.6843945258156162
18097342500,NA,2025,6.527306758571672,0.027223542620835373,0.0726935657783443
18097342500,NA,2026,6.469331781395076,-0.008881913983966427,-0.32311257783909886
18097342500,NA,2027,6.54101123591624,0.011079885364251085,-0.13241916484105154
18097342500,NA,2028,6.565659926894546,0.0037683303222233455,-0.1923650936599874
18097350100,NA,2024,26.331400138200763,-0.2910147850987558,-2.399210056667364
18097350100,NA,2025,27.887266681145867,0.05908787739273702,0.5485348758477402
18097350100,NA,2026,27.887128591821497,-4.95169806169482e-6,0.0064504916618181776
18097350100,NA,2027,29.44272769196525,0.05578197464904888,0.743838817101123
18097350100,NA,2028,30.99819688598227,0.05283033590809261,0.727346147717527
18097350300,NA,2024,23.14355567715775,0.13489139690951335,0.982735172717273
18097350300,NA,2025,25.20729702528886,0.08917131736019224,0.9977814578956731
18097350300,NA,2026,25.066085461358483,-0.005602011345711033,-0.20134403288944153
18097350300,NA,2027,26.760334612440527,0.0675912939694503,0.9753271095135495
18097350300,NA,2028,28.17261756388002,0.05277523513412796,0.7263132343537391
18097350400,NA,2024,30.414995529572355,0.0023123526790889137,-0.07002030511411801
18097350400,NA,2025,31.02682659310184,0.020116099077989613,-0.03344438660264489
18097350400,NA,2026,30.968876186750524,-0.0018677516431603314,-0.06270718277684001
18097350400,NA,2027,31.48340609558215,0.0166144197719309,-0.023930276991411103
18097350400,NA,2028,31.95261554334776,0.014903388989778055,0.016371555151161003
18097350500,NA,2024,7.124582219661092,-0.407216132965453,-3.3219170063829035
18097350500,NA,2025,7.119022951287391,-7.802939459887748e-4,-0.3454975677982882
18097350500,NA,2026,7.1153888952365625,-5.104711806234175e-4,-0.012317251964860622
18097350500,NA,2027,7.101179306752407,-0.00199702204522767,-0.388754935271616
18097350500,NA,2028,7.0814277333741495,-0.002781449745886011,-0.31514658791927525
18097350600,NA,2024,15.975890013499578,0.18783700748520005,1.403154416831048
18097350600,NA,2025,17.962051462434083,0.12432242881343103,1.5227053593057847
18097350600,NA,2026,17.861224764598585,-0.005613317501420578,-0.20176378136418827
18097350600,NA,2027,19.589272104620928,0.09674853560139818,1.5468723352553753
18097350600,NA,2028,21.12841528712805,0.07857071841602803,1.2098726744505435
18097350700,NA,2024,6.0179328964250365,0.004401476375164526,-0.05343143597814445
18097350700,NA,2025,6.1327535741775865,0.019079753750786965,-0.04892049560383634
18097350700,NA,2026,6.1099993039174505,-0.0037102860868150067,-0.13111248713148285
18097350700,NA,2027,6.196872647032849,0.01421822471562284,-0.07090090136207944
18097350700,NA,2028,6.264999603755467,0.010993764210280865,-0.05691786333741552
18097350800,NA,2024,10.548912686389084,0.07767692004150883,0.5284186230417185
18097350800,NA,2025,11.31546687017918,0.07266665357645397,0.7513115129453605
18097350800,NA,2026,11.315448380450134,-1.6340226397515423e-6,0.006573662546232039
18097350800,NA,2027,12.081965749977966,0.0677407862027064,0.9782574817785786
18097350800,NA,2028,12.848464793496646,0.063441583876372,0.9262634957739571
18097350900,NA,2024,69.01299677425523,0.09576486899548864,0.6720475611938234
18097350900,NA,2025,74.57679102036856,0.08061951380422983,0.8700743698094147
18097350900,NA,2026,74.60764232914623,4.136851204719072e-4,0.021992659182469166
18097350900,NA,2027,80.22703303615103,0.07531923716626454,1.1268115707221023
18097350900,NA,2028,85.87237743878627,0.07036710930206524,1.056088673330302
18097351000,NA,2024,42.37415752113296,0.0922021221532332,0.6437572587853061
18097351000,NA,2025,43.85762422479735,0.035008759830199576,0.18895295052926545
18097351000,NA,2026,44.29837861845623,0.010049664145046933,0.37973472484696663
18097351000,NA,2027,46.38499819899317,0.04710374613276658,0.5737267009075596
18097351000,NA,2028,48.80981034215517,0.05227578392392007,0.7169505740412935
18097351200,NA,2024,12.743640333980052,0.37732112762168546,2.9077696189820474
18097351200,NA,2025,11.470229459463717,-0.09992520513317305,-1.8260633716582557
18097351200,NA,2026,12.474775548621391,0.0875785521735013,3.258045738313914
18097351200,NA,2027,12.57507114479166,0.008039871802050458,-0.19201002942278098
18097351200,NA,2028,13.446415101366378,0.06929137390491902,1.0359230497344327
18097351500,NA,2024,49.064702516255366,0.06964206771772141,0.4646171765421338
18097351500,NA,2025,52.230007520840616,0.06451287467882993,0.6295482669703352
18097351500,NA,2026,52.229789221053665,-4.1795855928450365e-6,0.006479156845586967
18097351500,NA,2027,55.394652728518395,0.06059498907931604,0.8381843472363045
18097351500,NA,2028,58.55929292877331,0.05712898347362838,0.8079281467926326
18097351600,NA,2024,89.33773697937758,0.055260861249036175,0.35042195077614285
18097351600,NA,2025,94.39027184060078,0.05655543818386066,0.5107170710999239
18097351600,NA,2026,94.37833784105732,-1.2643251588062565e-4,0.0019404363167077247
18097351600,NA,2027,99.40814654982928,0.05329410142020796,0.6950711015488773
18097351600,NA,2028,100,0.0059537721073397165,-0.15139702981616895
18097351700,NA,2024,54.71138059105412,0.05202018224264138,0.3246890561420118
18097351700,NA,2025,58.79899677435378,0.07471235671885101,0.7818607169459937
18097351700,NA,2026,58.6367760578402,-0.00275890279448332,-0.09579175600811488
18097351700,NA,2027,62.45706527679484,0.06515176099017195,0.9275069677818119
18097351700,NA,2028,66.15213945661843,0.059161828424820984,0.8460356462978678
18097351900,NA,2024,22.702173039176326,0.16312715665906552,1.2069436886227658
18097351900,NA,2025,25.008736058824834,0.1016009795920485,1.183397972486842
18097351900,NA,2026,24.90157128635557,-0.0042850935056132355,-0.15245259101046835
18097351900,NA,2027,26.954537264569172,0.08244323037311685,1.2664573011718663
18097351900,NA,2028,28.846682511586845,0.07019765275306122,1.0529120585306633
18097352100,NA,2024,4.456551598752209,-0.2565955231646678,-2.125900901707343
18097352100,NA,2025,4.79226240121771,0.07532972412111127,0.7910800813415972
18097352100,NA,2026,4.39674790432441,-0.08253189491309976,-3.0574166113517713
18097352100,NA,2027,4.191861190365498,-0.04659960462081458,-1.263062369720421
18097352100,NA,2028,3.683323502106607,-0.12131548855379681,-2.5371733207382245
18097352300,NA,2024,8.229312081725151,0.07935180202337144,0.541718169673405
18097352300,NA,2025,8.786008159723753,0.06764794826955933,0.6763654227420014
18097352300,NA,2026,8.780851931376434,-5.86868149173414e-4,-0.015153539722428335
18097352300,NA,2027,9.325584431438472,0.06203640652629128,0.8664392579894871
18097352300,NA,2028,9.86298086185237,0.05762603238057906,0.817245773778689
18097352400,NA,2024,12.958056617738755,0.09605696292335719,0.6743669585344051
18097352400,NA,2025,12.536799969247316,-0.03250924586289938,-0.8193171581129483
18097352400,NA,2026,12.882347381470408,0.02756264860815505,1.0299158036770815
18097352400,NA,2027,12.922104710293496,0.0030861866743536748,-0.2891130105724501
18097352400,NA,2028,13.23052667296578,0.02386778079786045,0.1844171093341414
18097352500,NA,2024,32.47772207449917,0.009529193547240133,-0.012714350008732318
18097352500,NA,2025,32.90792636419015,0.013246134956883981,-0.13603597531515443
18097352500,NA,2026,32.901261245674434,-2.0253839278594477e-4,-8.85044471895132e-4
18097352500,NA,2027,33.319213204957144,0.012703219981807123,-0.1005982826685426
18097352500,NA,2028,33.73140362946234,0.012370953118540973,-0.031101223652549977
18097352600,NA,2024,15.172828568065146,-0.09922866895185023,-0.8763156541798179
18097352600,NA,2025,18.274936562298077,0.2044515286201849,2.719301368595441
18097352600,NA,2026,17.026763767693748,-0.06829970601262492,-2.529037227876749
18097352600,NA,2027,18.611632724728523,0.09308104456361077,1.4749815501270054
18097352600,NA,2028,19.15939303003029,0.029431072136620218,0.28870598872698056
18097352700,NA,2024,37.153762714591466,-0.22753986295448514,-1.8951818945985415
18097352700,NA,2025,41.197885534397486,0.10884827065490632,1.2916243170344606
18097352700,NA,2026,40.245639379477694,-0.023113957004534336,-0.8514865454265286
18097352700,NA,2027,43.1549451767249,0.07228872101683481,1.0674068760461075
18097352700,NA,2028,45.259572004567495,0.04876907661969865,0.6512142045349889
18097352800,NA,2024,27.27697513457577,0.026133826491183898,0.1191361878389745
18097352800,NA,2025,29.22736040441241,0.07150298961721635,0.733934110065058
18097352800,NA,2026,29.105135585646455,-0.004181863058269952,-0.14862009268540222
18097352800,NA,2027,30.846762167432047,0.05983915026475595,0.8233682658200555
18097352800,NA,2028,32.491432742369106,0.053317445961103216,0.7364774619838743
18097353300,NA,2024,62.1614612288087,0.04705655893637095,0.28527497184309514
18097353300,NA,2025,64.73425372651026,0.04138886774606898,0.2842293443659424
18097353300,NA,2026,64.73706371732992,4.3408097844643834e-5,0.00824588092517433
18097353300,NA,2027,67.31536893897487,0.039827342693560475,0.4310933990765381
18097353300,NA,2028,69.896380987783,0.038342091701940584,0.45575103241187603
18097353500,NA,2024,71.05682996650562,0.15495908514690004,1.1420844035248465
18097353500,NA,2025,70.82875847735167,-0.003209705376125749,-0.38177682251642936
18097353500,NA,2026,72.84895405143317,0.02852225024849875,1.0655416463813971
18097353500,NA,2027,75.40702248105208,0.03511468988028099,0.3387151744828446
18097353500,NA,2028,79.50974508257397,0.05440769926372302,0.7569152367220761
18097353600,NA,2024,32.5510907569328,0.1014843424839853,0.7174635398673559
18097353600,NA,2025,35.36495992888926,0.08644469682961886,0.95706387522471
18097353600,NA,2026,35.36694828628439,5.6223940282373874e-5,0.008721677513690304
18097353600,NA,2027,38.18473012986811,0.07967274475520636,1.2121497693452574
18097353600,NA,2028,41.00443835045533,0.0738438692900869,1.1212636535695129
18097354200,NA,2025,75.35966674340742,0.04112320848467732,0.28026216124796477
18097354200,NA,2026,75.06058091632217,-0.003968778525834105,-0.14070918912279137
18097354200,NA,2027,77.72119791926166,0.035446261812249524,0.3452147040713693
18097354200,NA,2028,80.09869203984425,0.03059003443375108,0.3104317751125042
18097354201,NA,2024,67.78593591654128,0.11190136412189333,0.8001808098224457
18097354201,NA,2025,67.49212064511033,-0.004334457693299321,-0.3985731441700485
18097354201,NA,2026,69.67498237049318,0.032342467602416214,1.2073697308959406
18097354201,NA,2027,71.7380201565045,0.029609448267115868,0.2308004889896837
18097354201,NA,2028,75.82379682016871,0.05695413191987497,0.8046503977964592
18097354202,NA,2024,62.55849802827635,-0.017636085649722966,-0.22842262160946566
18097354202,NA,2025,61.40748766935154,-0.018398944910802517,-0.6086030748413923
18097354202,NA,2026,61.41388495950443,1.0417768900317093e-4,0.010501992007939713
18097354202,NA,2027,60.271271185612584,-0.01860513749692383,-0.7143100482966145
18097354202,NA,2028,59.133680230930246,-0.01887451404797802,-0.6168254934206058
18097354400,NA,2024,58.59110545971119,0.03951961299487583,0.22542719445048043
18097354400,NA,2025,60.0028324708325,0.024094561794743008,0.025967395402343222
18097354400,NA,2026,60.04885478346424,7.670023353332223e-4,0.03510979341003027
18097354400,NA,2027,61.54483699731325,0.02491275177925556,0.13873504300957892
18097354400,NA,2028,63.080370485754145,0.024949834354227596,0.20470117248401826
18097354500,NA,2024,41.642169163058824,0.036011059800667544,0.19756722143660066
18097354500,NA,2025,43.103240192120246,0.03508633335934741,0.1901113833037341
18097354500,NA,2026,43.102904854134614,-7.779878824387687e-6,0.006345493588914739
18097354500,NA,2027,44.563329982207705,0.033882290138340876,0.3145574644496862
18097354500,NA,2028,46.02344271688665,0.032764892912219734,0.35120144539334824
18097354700,NA,2024,42.02930194987606,0.13073150416285872,0.9497031811106632
18097354700,NA,2025,45.92436222471114,0.0926748742931851,1.0501013049231447
18097354700,NA,2026,45.8520410068744,-0.0015747898137999927,-0.05183078197429262
18097354700,NA,2027,49.58618569803455,0.0814390070575115,1.2467723443828136
18097354700,NA,2028,53.22807436839829,0.07344563045324315,1.1137983098554802
18097354800,NA,2024,23.06352232195521,0.06548211487359623,0.4315847077263112
18097354800,NA,2025,24.467269017643428,0.06086436738034262,0.5750638251912186
18097354800,NA,2026,24.467199134680943,-2.856181555599413e-6,0.0065282890918055975
18097354800,NA,2027,25.870804993871474,0.057366838413514865,0.7749055870468518
18097354800,NA,2028,27.274339883126142,0.05425168987154261,0.7539907009222162
18097354900,NA,2024,12.43180168874579,0.14008717926058956,1.0239927361841539
18097354900,NA,2025,13.66955206426675,0.09956323359320196,1.1529675953074368
18097354900,NA,2026,13.620155904726964,-0.003613590211848372,-0.12752258910829517
18097354900,NA,2027,14.733855013903808,0.08176845529281551,1.2532302449069415
18097354900,NA,2028,15.759982740540366,0.0696442123034493,1.0425373215654115
18097355000,NA,2024,18.37692655784774,0.05578635977132951,0.35459471768020273
18097355000,NA,2025,19.47006986828577,0.059484555646287296,0.5544586116230702
18097355000,NA,2026,19.4725511889298,1.2744282176768706e-4,0.01136572537970303
18097355000,NA,2027,20.57080837905634,0.05640027233570222,0.7559587938586885
18097355000,NA,2028,21.671707346324116,0.053517535479482126,0.7402283192335399
18097355100,NA,2024,9.263119593633856,-0.39590277482665326,-3.2320822981722332
18097355100,NA,2025,9.68150027096292,0.04516628260058275,0.3406388079845723
18097355100,NA,2026,9.68755318945906,6.252045991563815e-4,0.029845459094120976
18097355100,NA,2027,10.119488096544794,0.04458658431478013,0.5243848654331984
18097355100,NA,2028,10.559270898378232,0.04345899690159216,0.5516720037823991
18097355300,NA,2024,35.1362916814484,0.055429830278621584,0.35176366411034615
18097355300,NA,2025,36.9732367121327,0.052280560718767966,0.44687882348116
18097355300,NA,2026,36.97299825852101,-6.449357235038811e-6,0.006394890078941435
18097355300,NA,2027,38.80944599775124,0.04966997067399026,0.6240302722546794
18097355300,NA,2028,40.645633156591096,0.047312892818574426,0.6239167348247103
18097355400,NA,2024,22.773431607895716,0.038129302551416444,0.21438731296895308
18097355400,NA,2025,23.70637080174877,0.04096612271334621,0.27791634421589634
18097355400,NA,2026,23.69475503643902,-4.899849667791001e-4,-0.011556687787663906
18097355400,NA,2027,24.60865741720751,0.0385698176395175,0.40644317838825905
18097355400,NA,2028,25.51362394211677,0.036774315216256515,0.4263616578717886
18097355500,NA,2024,16.44155017772262,-0.22172768696925804,-1.849029803654717
18097355500,NA,2025,17.813042656758114,0.08341625115701023,0.9118390316293928
18097355500,NA,2026,17.815651433103497,1.4645315770311917e-4,0.012071496617806928
18097355500,NA,2027,19.193085049796647,0.07731592761933603,1.1659510376902968
18097355500,NA,2028,20.574051725422333,0.07195126119864281,1.0857850196156553
18097355600,NA,2024,19.312837109447248,0.08979580831880907,0.6246497136579734
18097355600,NA,2025,20.94972938147598,0.08475669642695904,0.9318563719534476
18097355600,NA,2026,20.958158326262343,4.023414638385514e-4,0.021571518461235138
18097355600,NA,2027,22.616585291073395,0.07913037677231904,1.2015181795972474
18097355600,NA,2028,24.290712929913894,0.07402212214154469,1.1246051629378242
18097355700,NA,2024,4.847085750085882,-0.5061292507077129,-4.107345255145684
18097355700,NA,2025,4.7351643790220646,-0.02309044585436404,-0.6786629072890695
18097355700,NA,2026,4.784271088560705,0.01037064515778896,0.3916513562805307
18097355700,NA,2027,4.745347119335881,-0.008135820170786623,-0.5090887036282111
18097355700,NA,2028,4.74326212445546,-4.3937668372584504e-4,-0.2712423304867874
18097355900,NA,2024,65.015298834644625,0.06080833231148386,0.3944721291659696
18097355900,NA,2025,69.10724806968406,0.06293825158670141,0.6060338669244043
18097355900,NA,2026,69.1146159319553,1.0661489897278997e-4,0.010592475032733147
18097355900,NA,2027,73.22174694970336,0.05942492716434411,0.815248593924448
18097355900,NA,2028,77.33671889272149,0.05619876763995735,0.7904904177614123
18097356200,NA,2024,35.21988466826623,0.0385917559574831,0.21805946462236447
18097356200,NA,2025,35.59242378743998,0.010577522404819462,-0.1758873044557763
18097356200,NA,2026,35.68185760738552,0.002512720698080173,0.09992073701677827
18097356200,NA,2027,36.20763264186683,0.014735080226666364,-0.060769411440495164
18097356200,NA,2028,36.80455582162199,0.01648611456206983,0.046041163710164965
18097356400,NA,2024,37.11711527061084,0.12306406087801447,0.8888191781678441
18097356400,NA,2025,40.47381236790391,0.09043529037265707,1.0166568111220644
18097356400,NA,2026,40.38312659887484,-0.0022406035834910965,-0.07654955654921614
18097356400,NA,2027,43.52373031475408,0.07777019711907962,1.1748557059389588
18097356400,NA,2028,46.52563208972353,0.06897161050443867,1.0299287983684107
18097356900,NA,2024,41.48135644570436,0.09282979875510544,0.648741379652697
18097356900,NA,2025,45.42913345825263,0.09516991127605934,1.087360569084824
18097356900,NA,2026,45.45149851415271,4.923064605806271e-4,0.024911528198691926
18097356900,NA,2027,49.44754336542121,0.08791888016682692,1.3737919227706423
18097356900,NA,2028,53.47005060069381,0.0813489803840397,1.2619536836339083
18097357000,NA,2024,43.7339343706434,0.10715142825349733,0.7624635292836698
18097357000,NA,2025,47.817336324772384,0.09336918831775609,1.060469740273088
18097357000,NA,2026,47.81282915567638,-9.425805455554048e-5,0.0031349343772289887
18097357000,NA,2027,51.886808356609485,0.08520682153462222,1.3206296866875802
18097357000,NA,2028,55.95583496510957,0.0784212160542681,1.2070701187645057
18097357100,NA,2024,54.74954124437859,0.09224992169636392,0.6441368152315062
18097357100,NA,2025,59.04878418992656,0.07852564328088119,0.8388058653803029
18097357100,NA,2026,59.05671571670266,1.3432159332182891e-4,0.011621104302668403
18097357100,NA,2027,63.37124070838888,0.0730573134541237,1.0824729561513122
18097357100,NA,2028,67.69315877992081,0.06819999140335287,1.015464107150516
18097357200,NA,2024,42.65464391207544,0.1500865306952146,1.1033934594181125
18097357200,NA,2025,47.52167666174971,0.11410323245709764,1.370098508515914
18097357200,NA,2026,47.38487997965104,-0.0028786164905830747,-0.10023620579591908
18097357200,NA,2027,51.89805138563275,0.09524496860432796,1.517399158416286
18097357200,NA,2028,56.14705941071387,0.08187220736879919,1.2717620421371725
18097357300,NA,2024,11.141798635925666,0.6403816407546004,4.996624594588067
18097357300,NA,2025,9.42045941810116,-0.15449383659422922,-2.6409559237544684
18097357300,NA,2026,10.86069360602246,0.15288364653999031,5.68254036387305
18097357300,NA,2027,10.99480443358928,0.012348274652776547,-0.10755598157461825
18097357300,NA,2028,12.27363926846219,0.11631264954254683,1.9173789802741448
18097357400,NA,2024,6.926524111553427,-4.3091700513486764e-4,-0.09180347759057667
18097357400,NA,2025,6.864312789382846,-0.008981607682100212,-0.46797066822286354
18097357400,NA,2026,6.862959524476761,-1.9714499435086186e-4,-6.848110039519697e-4
18097357400,NA,2027,6.797948908426606,-0.009472679507768422,-0.5352940484679344
18097357400,NA,2028,6.731485904579823,-0.009776920177260617,-0.4462829472594709
18097357500,NA,2024,23.410310523566928,0.04340485575741648,0.2562783038751387
18097357500,NA,2025,23.947647496673113,0.022953004940504895,0.00892012569067919
18097357500,NA,2026,23.976365009861667,0.0011991788835434836,0.051154632309553486
18097357500,NA,2027,24.56546918433331,0.024570203791498102,0.13202035890257052
18097357500,NA,2028,25.17874167588791,0.024964818988505888,0.2049820728758613
18097357600,NA,2025,6.620689944096441,-6.899671506761518e-4,-0.3441486860179653
18097357600,NA,2026,6.62361141374537,4.412636256339031e-4,0.023016529344435044
18097357600,NA,2027,6.623585870645573,-3.856370520805008e-6,-0.34968456161037853
18097357600,NA,2028,6.625760576138937,3.2832751561384654e-4,-0.2568510276088472
18097357800,NA,2024,32.635150088870105,0.05444269132124391,0.3439252010199505
18097357800,NA,2025,34.3712686428536,0.05319781123285172,0.4605764477814269
18097357800,NA,2026,34.36627085635778,-1.4540593621237274e-4,0.0012360355946960523
18097357800,NA,2027,36.09385997376949,0.050269903436209074,0.635790256629764
18097357800,NA,2028,37.81748733949856,0.0477540325967265,0.6321862951115426
18097357900,NA,2024,31.86494327262139,0.04780387444920842,0.29120909593016164
18097357900,NA,2025,33.3129699241987,0.045442624491394135,0.3447655185621518
18097357900,NA,2026,33.312957255092364,-3.803055195206184e-7,0.006620207619774282
18097357900,NA,2027,34.76095848464421,0.04346660725626528,0.5024308840238886
18097357900,NA,2028,36.20894696072247,0.04165559694557652,0.5178656562342058
18097358000,NA,2024,26.789035802047373,0.07654543874274089,0.5194339969851944
18097358000,NA,2025,28.99870569666972,0.08248411443212422,0.8979191063113635
18097358000,NA,2026,28.98302741407004,-5.406545645063598e-4,-0.013437829964406914
18097358000,NA,2027,31.16375937817755,0.07524169000540137,1.1252914780425323
18097358000,NA,2028,33.33085857992321,0.06953908145187304,1.040566549582985
18097358100,NA,2024,17.866036747280337,0.02608994832353284,0.11878776941719459
18097358100,NA,2025,18.468608249748065,0.03372720603854429,0.1698150573483478
18097358100,NA,2026,18.45579997926103,-6.935157383723967e-4,-0.01911290168875074
18097358100,NA,2027,19.03607360000712,0.03144126081763732,0.2667079911780019
18097358100,NA,2028,19.605997735482912,0.02993916431777066,0.29823063177978465
18097360101,NA,2024,10.706593750729777,0.05600153839043065,0.3563033622950878
18097360101,NA,2025,11.339675172788963,0.059130049836441545,0.5491646517713501
18097360101,NA,2026,11.3403974533214,6.36949931485109e-5,0.008999045270324498
18097360101,NA,2027,11.974947406453234,0.05595482484134506,0.7472270560649621
18097360101,NA,2028,12.610244405607428,0.05305217447651045,0.7315047103916088
18097360102,NA,2024,7.365685279340909,-0.03975790991344674,-0.4040828989062469
18097360102,NA,2025,7.025852008009332,-0.04613735972194366,-1.0228305720562676
18097360102,NA,2026,7.025132749972489,-1.023730696324554e-4,0.0028336590995317007
18097360102,NA,2027,6.683816446943059,-0.04858503250785784,-1.3019810659475322
18097360102,NA,2028,6.341733615134577,-0.05118076394287263,-1.2224350856147626
18097360201,NA,2024,10.217807034518696,0.009008444658721304,-0.016849402031056365
18097360201,NA,2025,10.334018975473452,0.01137347187729798,-0.1640011112418133
18097360201,NA,2026,10.332644737233451,-1.3298197373756704e-4,0.0016972833815727172
18097360201,NA,2027,10.44633494162468,0.011003011066619717,-0.13392606794073716
18097360201,NA,2028,10.558840237155955,0.01076983422032396,-0.061115631581611346
18097360202,NA,2024,6.226233158429915,-0.49450620449375515,-4.015051441731517
18097360202,NA,2025,5.150085166741789,-0.17284093998810368,-2.9149396669399175
18097360202,NA,2026,5.093271209589729,-0.011031653907192185,-0.40292308788845405
18097360202,NA,2027,3.926718698520265,-0.2290379724670959,-4.83925038677967
18097360202,NA,2028,2.7170827805267592,-0.3080526034241623,-6.037727806389842
18097360301,NA,2024,11.920057492488436,-0.02211380200511537,-0.26397831933437654
18097360301,NA,2025,11.611657558771556,-0.025872352873400284,-0.7202061025230321
18097360301,NA,2026,11.613509512950506,1.5949093999512165e-4,0.012555532869539084
18097360301,NA,2027,11.308548583059904,-0.026259153578901517,-0.8643453775855207
18097360301,NA,2028,11.005212594904714,-0.026823600387549718,-0.7658382371493332
18097360302,NA,2024,6.6373939914515825,0.013431730731820357,0.018274087284321564
18097360302,NA,2025,6.87580831846278,0.03591986965339933,0.2025588737343772
18097360302,NA,2026,6.885567252843874,0.0014193144906162747,0.05932731166052391
18097360302,NA,2027,7.14539856035447,0.03773564297164911,0.39009154420855147
18097360302,NA,2028,7.417257485624043,0.03804671257639236,0.45021388612136226
18097360401,NA,2024,18.58349975887072,0.06966402055176513,0.46479149493783195
18097360401,NA,2025,19.62007719926006,0.05577945240882509,0.4991290027962433
18097360401,NA,2026,19.62862694359575,4.357650710984373e-4,0.02281239188702986
18097360401,NA,2027,20.6810414586527,0.053616308368442445,0.7013870571282447
18097360401,NA,2028,21.740929706003353,0.051249268537547854,0.6977076236355843
18097360402,NA,2024,13.083781881848845,0.04191580107893844,0.24445433517286264
18097360402,NA,2025,13.55194373794654,0.03578184506019455,0.20049770397444006
18097360402,NA,2026,13.554350932452593,1.776272505700227e-4,0.013228855340670564
18097360402,NA,2027,14.027028450468242,0.034872751957744974,0.33397266604199666
18097360402,NA,2028,14.501851507215358,0.0338505805719147,0.37155363306530714
18097360405,NA,2024,34.161534026316716,0.05069668656613446,0.314179723151896
18097360405,NA,2025,35.373267957242106,0.03547071188290074,0.19585144288820228
18097360405,NA,2026,35.39496874470053,6.134798595553992e-4,0.02941017041680687
18097360405,NA,2027,36.64686824145292,0.03536941947264283,0.34370842741833646
18097360405,NA,2028,37.91771506840984,0.03467818364679265,0.3870677940188714
18097360407,NA,2024,12.716093023407725,0.13791206260868183,1.0067210324732845
18097360407,NA,2025,14.270644061371302,0.12225068148699192,1.4917672283514594
18097360407,NA,2026,14.267393239996435,-2.2779780372117475e-4,-0.001822816733788998
18097360407,NA,2027,15.817809851916984,0.10866852730842202,1.780530046675058
18097360407,NA,2028,17.365619074842183,0.09785230935353662,1.5713233678151257
18097360501,NA,2024,21.18614240658195,0.17068906510918058,1.266989682994863
18097360501,NA,2025,20.817690039008873,-0.01739119658983357,-0.5935540149848861
18097360501,NA,2026,21.25458583379606,0.020986756646319327,0.7857814849935237
18097360501,NA,2027,21.594301364081076,0.015983163960073377,-0.03630426113035053
18097360501,NA,2028,22.26807561059515,0.03120148390791644,0.3218939432038596
18097360502,NA,2024,26.513201226917214,0.0738604016936526,0.4981132258330423
18097360502,NA,2025,28.24558952064212,0.06534059312181895,0.6419088773863356
18097360502,NA,2026,28.24978934817324,1.4868967518100185e-4,0.0121545288017077
18097360502,NA,2027,29.989997060337085,0.06160073233524388,0.857899098154915
18097360502,NA,2028,31.733904527305132,0.05814963780954918,0.8270612265576682
18097360601,NA,2024,25.877885613785025,0.025223754341446192,0.11190968046430225
18097360601,NA,2025,26.611925572056784,0.02836553067847003,0.08974727480187807
18097360601,NA,2026,26.608757575809467,-1.1904423220854277e-4,0.002214731212517004
18097360601,NA,2027,27.33677078564121,0.027359909900250168,0.18670465407036177
18097360601,NA,2028,28.061895056412016,0.02652560086400846,0.234240327182763
18097360602,NA,2024,15.922597205181022,0.007762490828701285,-0.026743007218003167
18097360602,NA,2025,15.81844581955576,-0.006541105341242415,-0.4315257890369581
18097360602,NA,2026,15.781165138552536,-0.0023567853269842454,-0.08086288027104468
18097360602,NA,2027,15.5840680091704,-0.012489390209892592,-0.5944281264101404
18097360602,NA,2028,15.322239848193645,-0.01680101503809417,-0.5779558971698447
18097360700,NA,2024,45.353329528854026,0.010690786370706196,-0.0034906207609323695
18097360700,NA,2025,45.87503975111034,0.011503239732915338,-0.1620632422461514
18097360700,NA,2026,45.87413330816736,-1.9758957112703257e-5,0.00590076242037551
18097360700,NA,2027,46.3940893663011,0.011334406137786912,-0.12743000520781914
18097360700,NA,2028,46.91319389910462,0.011189022996118458,-0.05325756249630433
18097360800,NA,2024,20.54410512228724,0.033625288965076994,0.17862279978536996
18097360800,NA,2025,21.881157258676943,0.06508203343153673,0.6380477146589242
18097360800,NA,2026,21.775726475970988,-0.0048183366839131825,-0.17224959509484972
18097360800,NA,2027,22.95178362743127,0.054007711419319815,0.7090594065189576
18097360800,NA,2028,24.048690715070595,0.04779180151943985,0.6328943073988386
18097360900,NA,2024,25.54835859037196,0.1540190580152776,1.1346200360007777
18097360900,NA,2025,23.74453132574821,-0.07060442878328532,-1.3882059134543765
18097360900,NA,2026,25.133677773029188,0.05850384782177653,2.1786281963242673
18097360900,NA,2027,24.99774141062441,-0.005408534462499115,-0.45562798380148783
18097360900,NA,2028,26.028139567554827,0.041219650207777736,0.5096934441403961
18097361000,NA,2024,65.54204115797204,0.03474101692875675,0.18748233510900733
18097361000,NA,2025,66.25453886517582,0.01087085013856215,-0.1715069383159224
18097361000,NA,2026,66.48221983199231,0.003436458402945153,0.13421510750345064
18097361000,NA,2027,67.54556964529905,0.01599449922090357,-0.03608206541335459
18097361000,NA,2028,68.78006256587481,0.018276445473158764,0.07960252030477565
18097361100,NA,2024,49.17393464166913,0.006802298197020162,-0.03436750065618765
18097361100,NA,2025,49.920861165698696,0.015189480554534285,-0.10701531250442642
18097361100,NA,2026,49.95257386700894,6.352595001311023e-4,0.03021875391300496
18097361100,NA,2027,50.77020130308838,0.016368074210875383,-0.028759184714619686
18097361100,NA,2028,51.62848609303529,0.01690528632776367,0.053898913925898496
18097361200,NA,2024,38.56256112298837,0.0700284708178045,0.4676854440999878
18097361200,NA,2025,40.423379772846125,0.0482545400426857,0.3867568417549703
18097361200,NA,2026,40.47224564571092,0.001208851737271699,0.05151374337286912
18097361200,NA,2027,42.419989955616416,0.0481254321036646,0.5937539636454154
18097361200,NA,2028,44.40818368540592,0.04686926451113571,0.6156005248273314
18097361300,NA,2024,12.293230730289224,0.00526902907365101,-0.046542558019032856
18097361300,NA,2025,12.880458554565063,0.04776838873030931,0.3794969733463215
18097361300,NA,2026,12.823475300604386,-0.004424008176361127,-0.1576098896241031
18097361300,NA,2027,13.315369720720506,0.038358901045564275,0.4023087553236435
18097361300,NA,2028,13.76282110313714,0.033604127545954654,0.36693365033650804
18097361400,NA,2025,22.18910080404572,0.015846546733410127,-0.097203112325238
18097361400,NA,2026,22.193036306831676,1.7736197697737488e-4,0.013219006883886044
18097361400,NA,2027,22.545187198815757,0.015867630148276746,-0.0385689746234049
18097361400,NA,2028,22.90029290917921,0.015750843283399485,0.03225784498154974
18097361401,NA,2024,25.31630592557545,0.061520173394101985,0.4001245654421672
18097361401,NA,2025,23.814406010596,-0.059325397607167374,-1.2197721768150593
18097361401,NA,2026,24.178996330351577,0.015309654147718676,0.5750153169000802
18097361401,NA,2027,23.27196761027336,-0.037513083987677165,-1.084946841782968
18097361401,NA,2028,22.644697291029132,-0.02695390135242892,-0.7682808454514336
18097361402,NA,2024,15.309897369678431,-0.07848069972317728,-0.7115645927571702
18097361402,NA,2025,17.884324776713235,0.16815445230439696,2.1772643711363346
18097361402,NA,2026,16.6047084902012,-0.07154960013800427,-2.649691687028127
18097361402,NA,2027,17.886507359452818,0.07719490348222813,1.163578701903644
18097361402,NA,2028,17.901569873575994,8.421160051246268e-4,-0.24721960215343255
18097361600,NA,2025,32.13857770213274,0.0027732851342965326,-0.29243072246470064
18097361600,NA,2026,32.13256783763348,-1.8699845882919064e-4,-3.081141921798056e-4
18097361600,NA,2027,32.212350839828424,0.002482932661905135,-0.30093809866126214
18097361600,NA,2028,32.28762523740769,0.002336817885585374,-0.21920007654390883
18097361601,NA,2024,36.15920858059168,-0.00997829518801685,-0.16761526775168262
18097361601,NA,2025,36.20644978629721,0.0013064778671867394,-0.31433507090307794
18097361601,NA,2026,36.183891829718426,-6.230369647378664e-4,-0.016496330813989067
18097361601,NA,2027,36.18972525895054,1.612161914357202e-4,-0.34644878108360033
18097361601,NA,2028,36.17609931495279,-3.7651415975792357e-4,-0.2700639161666987
18097361602,NA,2024,44.973313785240045,-0.15772297279373093,-1.3407947816989931
18097361602,NA,2025,55.68688011336293,0.23822052293684903,3.223585629051335
18097361602,NA,2026,49.455131241306056,-0.11190694934553302,-4.147984847839728
18097361602,NA,2027,53.793678349042615,0.08772693548355015,1.3700293903363958
18097361602,NA,2028,52.04045309160662,-0.032591659675326845,-0.8739656751648008
18097370201,NA,2024,6.610427975914366,-0.16267912305084697,-1.3801495255985348
18097370201,NA,2025,6.2794849666456205,-0.050063779603160774,-1.0814651801074109
18097370201,NA,2026,6.176496883790015,-0.016400721301610188,-0.6022532499272519
18097370201,NA,2027,5.67295381033476,-0.08152567433115443,-1.9476891478241
18097370201,NA,2028,5.088982318130799,-0.10293958169377393,-2.192700486661159
18097370202,NA,2025,11.242282020660916,0.019228730847432818,-0.04669576826068752
18097370202,NA,2026,11.242282030534689,8.782712335175802e-10,0.006634359318979358
18097370202,NA,2027,11.454378520018802,0.018865964126148604,0.020204879634278295
18097370202,NA,2028,11.666475019979204,0.018516630962537306,0.08410501244628785
18097370203,NA,2024,31.06531648925046,0.16342655871506628,1.2093211167929445
18097370203,NA,2025,31.82015806327624,0.024298531588660133,0.029013348021372808
18097370203,NA,2026,32.97756988549707,0.03637354094593892,1.3570259828532247
18097370203,NA,2027,34.93365432780433,0.05931560297193128,0.8131056024501391
18097370203,NA,2028,38.004979422697666,0.0879188036291072,1.3851109051986985
18097370204,NA,2024,7.421617130368666,-0.19988867375340547,-1.675615212179295
18097370204,NA,2025,9.921775664944496,0.3368751702840316,4.696830150682251
18097370204,NA,2026,8.621064684047537,-0.13109659246707384,-4.860412983284667
18097370204,NA,2027,9.685448955505516,0.12346320442619119,2.0705378320407237
18097370204,NA,2028,9.570160821436946,-0.011903230774143458,-0.4861425440138385
18097370301,NA,2025,22.481359490433285,0.0026546042347159737,-0.2942030260492847
18097370301,NA,2026,22.74935381177296,0.011920734662586474,0.44919944973287995
18097370301,NA,2027,23.097408853996132,0.01529955730184529,-0.04970443549277992
18097370301,NA,2028,23.694492800338164,0.025850689578053254,0.22158851058429244
18097370302,NA,2025,16.62633321593697,-0.10894151175519406,-1.9607070472824872
18097370302,NA,2026,18.05549987682165,0.08595801866371655,3.197882364795726
18097370302,NA,2027,17.555738608359807,-0.027679170993399116,-0.8921808012504626
18097370302,NA,2028,18.38886531806339,0.04745608990252692,0.626601092430375
18097370303,NA,2024,19.747095330276192,-0.10777182205003266,-0.9441533073645272
18097370303,NA,2025,20.10949908610973,0.01835225635832627,-0.05978446984897976
18097370303,NA,2026,19.7793640905208,-0.016416868176341692,-0.6028527132828427
18097370303,NA,2027,19.600496930120062,-0.009043119868876848,-0.526873747128083
18097370303,NA,2028,19.167599941955263,-0.022086021069168238,-0.6770280691995741
18097370304,NA,2024,33.98736566290515,0.21007178194754683,1.5797115850430772
18097370304,NA,2025,25.70721200082177,-0.24362446163694862,-3.9719748730353786
18097370304,NA,2026,30.02337272454584,0.16789688137267067,6.23991659182578
18097370304,NA,2027,26.434359802474447,-0.11954063106098567,-2.692864816358888
18097370304,NA,2028,26.819105154249655,0.014554744455706148,0.009835901066055435
18097370306,NA,2024,25.727692001102486,0.10675293015521126,0.7592992203364207
18097370306,NA,2025,27.73143990741436,0.07788292499094007,0.8292079272692324
18097370306,NA,2026,27.86990434950891,0.004993049136894356,0.19200456336849836
18097370306,NA,2027,30.03021238231095,0.07751400958217158,1.1698338741256948
18097370306,NA,2028,32.31325406728441,0.07602482646170916,1.1621476493163483
18097380100,NA,2025,27.21629479639135,-0.036646592544943846,-0.8811016102123954
18097380100,NA,2026,27.271583584590644,0.0020314590436691926,0.08205358123167207
18097380100,NA,2027,26.309190068873264,-0.035289242105513985,-1.041354713741528
18097380100,NA,2028,25.39007221844932,-0.034935239283985564,-0.917898174160874
18097380101,NA,2024,35.29827163370254,-0.018487321307861238,-0.23518193268484922
18097380101,NA,2025,35.651903338963606,0.01001838585556758,-0.1842370870578067
18097380101,NA,2026,35.48849698310146,-0.004583383790440099,-0.1635268142304924
18097380101,NA,2027,35.59396635067183,0.002971931091378277,-0.2913526680060389
18097380101,NA,2028,35.57682391799711,-4.816106332694581e-4,-0.2720340437015081
18097380103,NA,2024,35.45953019831061,-0.09466003613353324,-0.840038026342011
18097380103,NA,2025,35.79552863204293,0.009475546682463643,-0.19234349521400465
18097380103,NA,2026,35.129915153737464,-0.018594877733126514,-0.6837127520909473
18097380103,NA,2027,34.463388340619,-0.018973197350508064,-0.7215248203507998
18097380103,NA,2028,33.29762610187678,-0.03382610633697425,-0.8971064835773509
18097380200,NA,2024,25.020445823168274,0.060808375543684345,0.3944724724550327
18097380200,NA,2025,26.71158140503099,0.06759014582772815,0.6755022385631052
18097380200,NA,2026,26.66483071947873,-0.0017502028368659994,-0.05834310594843649
18097380200,NA,2027,28.28798834467194,0.06087260190283117,0.843626161173564
18097380200,NA,2028,29.875984257429533,0.0561367564709383,0.7893279628524306
18097380300,NA,2025,10.22068499365751,0.034893863918510126,0.1872371694991171
18097380300,NA,2026,10.220686480810905,1.45504278403763e-7,0.0066397286547180455
18097380300,NA,2027,10.565303416106266,0.03371759186062229,0.31132902070640633
18097380300,NA,2028,10.909921594951738,0.03261791595309216,0.34844623064175134
18097380402,NA,2024,22.725074657076085,0.02666239648979829,0.12333334406897042
18097380402,NA,2025,24.618069861862455,0.08329984536252932,0.9101007029888618
18097380402,NA,2026,24.420961171961935,-0.0080066670948023555,-0.2906184608119201
18097380402,NA,2027,26.009202627208083,0.0650359928121762,0.9252376602025311
18097380402,NA,2028,27.449193298411988,0.055364660418214307,0.7748543307488546
18097380403,NA,2024,17.24504715100703,0.03470282906042166,0.1871791010058364
18097380403,NA,2025,17.662545143530412,0.024209733314588533,0.027687292185950462
18097380403,NA,2026,17.685219865374346,0.001283774317895503,0.054295293507932496
18097380403,NA,2027,18.138479999607124,0.02562931858824169,0.15278130787135272
18097380403,NA,2028,18.608881246617628,0.025933884593455137,0.22314807566888256
18097380404,NA,2024,20.29979770835067,0.01864750662624548,0.05969041122804858
18097380404,NA,2025,20.50897799327639,0.010304550219220499,-0.17996369404111473
18097380404,NA,2026,20.523452456113787,7.057622687069998e-4,0.032836215615763276
18097380404,NA,2027,20.75771213842364,0.011414243427648296,-0.12586502102884786
18097380404,NA,2028,21.003611215029135,0.011846155056284946,-0.0409390334107597
18097380501,NA,2024,14.63106087621256,-0.1227485257065859,-1.063077130551025
18097380501,NA,2025,15.257816437936109,0.042837328545501485,0.3058597185545134
18097380501,NA,2026,14.772061226940131,-0.03183648282648266,-1.175316059521318
18097380501,NA,2027,14.69203205940872,-0.005417603291912987,-0.45580575254312644
18097380501,NA,2028,14.246703809836616,-0.030310868351728026,-0.831210198813987
18097380502,NA,2024,19.87634864534401,0.1295322859208934,0.940180683941728
18097380502,NA,2025,19.982857853320837,0.005358590245989614,-0.2538234526100686
18097380502,NA,2026,20.341590564242072,0.01795202235608251,0.6731149763841319
18097380502,NA,2027,20.987888651443026,0.031772249331232905,0.27319608450002797
18097380502,NA,2028,21.90324423170964,0.04361351422567594,0.5545685694292866
18097380600,NA,2024,17.59419178842254,-0.04320377697894329,-0.4314451072411882
18097380600,NA,2025,17.86017291039913,0.015117552722803351,-0.10808943609515267
18097380600,NA,2026,17.757620748827176,-0.005741946737382486,-0.20653922643941128
18097380600,NA,2027,17.848250130255966,0.005103689436253722,-0.24956557717527086
18097380600,NA,2028,17.85744807007853,5.15341266255076e-4,-0.25334528733787776
18097380700,NA,2024,30.407151639528166,0.25809213954645216,1.9610214278098326
18097380700,NA,2025,29.5894297635839,-0.02689241944257803,-0.735439115109366
18097380700,NA,2026,31.027824157998214,0.04861176460333705,1.81137809384226
18097380700,NA,2027,32.20717561853308,0.03800947995996862,0.39545934358001344
18097380700,NA,2028,34.48323598016746,0.07066935606500868,1.0617545596353886
18097380901,NA,2024,31.54006165565972,0.05472055306644963,0.3461315864713097
18097380901,NA,2025,32.52065670640907,0.031090460806800113,0.1304396141020395
18097380901,NA,2026,32.44240860509779,-0.0024061045881604848,-0.08269389031426268
18097380901,NA,2027,33.238496442770916,0.024538493653890825,0.13139877137430456
18097380901,NA,2028,33.9182978748089,0.020452231743046667,0.12038958286683091
18097380902,NA,2024,35.921907579159935,-0.05938120108745992,-0.559903356026287
18097380902,NA,2025,34.64255080078253,-0.03561494543568233,-0.8656956613509371
18097380902,NA,2026,34.820152138099004,0.005126681875644801,0.19696576677907723
18097380902,NA,2027,33.99173618127534,-0.023791279071329385,-0.8159696803800858
18097380902,NA,2028,33.488268513635596,-0.014811472557764938,-0.5406601412685834
18097381001,NA,2025,16.781109318841523,0.031217079191572683,0.13233045094267487
18097381001,NA,2026,16.304125850330298,-0.02842383417261196,-1.0486192313412965
18097381001,NA,2027,16.275668815995335,-0.0017453885351593756,-0.38382237226954496
18097381001,NA,2028,15.822285537531869,-0.027856506764127098,-0.7852009923910868
18097381002,NA,2024,47.800293309780486,0.048536318008476353,0.2970251279712547
18097381002,NA,2025,49.71102624413112,0.03997324706707772,0.2630893832377871
18097381002,NA,2026,49.71999827947915,1.804838086416627e-4,0.013334906939852429
18097381002,NA,2027,51.647875437693166,0.0387746827217752,0.4104589786880137
18097381002,NA,2028,53.5839960898656,0.03748693698946304,0.4397203913324767
18097381003,NA,2024,15.23107822914104,-0.15584969416601402,-1.3259198491764301
18097381003,NA,2025,14.55375965572685,-0.04446950919852166,-0.997923974013465
18097381003,NA,2026,13.92275010909946,-0.04335715042395172,-1.6030284293429604
18097381003,NA,2027,12.542987130005214,-0.0991013246867426,-2.292210045131386
18097381003,NA,2028,10.595562518986272,-0.15526003421946688,-3.1734942346382637
18097381004,NA,2024,20.316616436097146,-0.1563300644608655,-1.329734271449783
18097381004,NA,2025,26.680083563329937,0.3132149069825736,4.343503123253436
18097381004,NA,2026,23.595571771591334,-0.1156110243964178,-4.285501072885506
18097381004,NA,2027,26.60818171389462,0.12767692054533786,2.1531358144195103
18097381004,NA,2028,26.779626522918814,0.00644331171771384,-0.14222017132079742
18097381101,NA,2024,31.107245396876024,-0.09201081683702206,-0.8190016691818893
18097381101,NA,2025,29.188614568562095,-0.061677940423056854,-1.2549035255006853
18097381101,NA,2026,29.40374665985931,0.007370411185220194,0.28026569467974827
18097381101,NA,2027,28.02793190837472,-0.04679045726382858,-1.2668034957950953
18097381101,NA,2028,27.03868556463692,-0.0352950173766553,-0.9246425367746401
18097381102,NA,2024,21.349517092190233,-0.04970881326340093,-0.4830989158932738
18097381102,NA,2025,20.397786453224946,-0.04457855579850256,-0.9995524052160922
18097381102,NA,2026,20.39504469928868,-1.3441428767546615e-4,0.0016441077835854978
18097381102,NA,2027,19.437967194332348,-0.046926962851408294,-1.2694793016155879
18097381102,NA,2028,18.478277767445444,-0.04937190279684833,-1.1885263631680651
18097381201,NA,2025,36.7079015168185,0.017404837404202178,-0.07393261006725677
18097381201,NA,2026,36.3923628617811,-0.008595932810074425,-0.3124953384669122
18097381201,NA,2027,36.62721937887765,0.006453456127279544,-0.2231072201791186
18097381201,NA,2028,36.60503805610427,-6.055966887338338e-4,-0.27435827337012736
18097381203,NA,2024,10.447192249249376,-0.02158026434914495,-0.2597417169873574
18097381203,NA,2025,10.099346774070035,-0.033295594345392976,-0.8310599763691381
18097381203,NA,2026,10.10427811334208,4.882829931838195e-4,0.024762154322514236
18097381203,NA,2027,9.765674004020395,-0.03351096491243433,-1.006496620764838
18097381203,NA,2028,9.431458202139284,-0.0342235263785704,-0.9045564782410418
18097381204,NA,2024,18.04495579687497,0.17029931345430405,1.2638948259452678
18097381204,NA,2025,14.944607485814284,-0.17181246360257663,-2.899581067610357
18097381204,NA,2026,16.161698111049088,0.0814401198820438,3.0301523979187994
18097381204,NA,2027,14.719462912251148,-0.08923785043428967,-2.0988645397719243
18097381204,NA,2028,14.213103864335205,-0.034400647016440744,-0.9078767632514905
18097381205,NA,2024,26.33589676499134,0.14832057542336852,1.0893707373745742
18097381205,NA,2025,28.783695548940468,0.09294533638979852,1.0541402104674753
18097381205,NA,2026,28.571228718805855,-0.0073814993551942765,-0.26740869686538
18097381205,NA,2027,30.45211143995593,0.06583135572017107,0.940828499642518
18097381205,NA,2028,31.883664223461107,0.047009967973085987,0.618238137254934
18097381206,NA,2024,35.674696978506944,-0.0067877135810006095,-0.1422801758919419
18097381206,NA,2025,35.68734356735343,3.5449744265814154e-4,-0.32855132916206287
18097381206,NA,2026,35.67857692887986,-2.456511916338888e-4,-0.0024856355148090803
18097381206,NA,2027,35.6745892888244,-1.1176567001014437e-4,-0.35179981811216976
18097381206,NA,2028,35.66264185796181,-3.3490030581329044e-4,-0.2692838271994237
18097381207,NA,2024,37.63837110742698,-0.019166408368833654,-0.24057428279200946
18097381207,NA,2025,38.61187804433917,0.025864746753615497,0.05240218953580805
18097381207,NA,2026,38.099973584635826,-0.013257693891903122,-0.48556628795679146
18097381207,NA,2027,38.50967181404278,0.010753241823038273,-0.13882208727302214
18097381207,NA,2028,38.45410703125654,-0.0014428786372046032,-0.2900538734789176
18097390101,NA,2025,26.3486475495066,-1.740331553131691e-4,-0.3364440623369667
18097390101,NA,2026,25.923620431116817,-0.016130889359357026,-0.5922355614123926
18097390101,NA,2027,25.43590888718975,-0.018813403985102783,-0.7183925235356395
18097390101,NA,2028,24.573326731392218,-0.03391198480947355,-0.8987163524689048
18097390102,NA,2024,18.45638091749631,0.0055819001323560435,-0.04405817805673528
18097390102,NA,2025,18.509852072731903,0.002897163613745146,-0.29058080159322486
18097390102,NA,2026,18.512127744968556,1.2294383702848855e-4,0.01119869760910606
18097390102,NA,2027,18.569833044209005,0.0031171618970775583,-0.28850582897113125
18097390102,NA,2028,18.62954102902647,0.0032153215742607433,-0.20273173799113148
18097390103,NA,2024,35.66038069640408,-0.06070235980980687,-0.5703941322278272
18097390103,NA,2025,38.39685171934903,0.0767370109209431,0.8120955897232705
18097390103,NA,2026,37.28838648026161,-0.028868649106688182,-1.0651332786372705
18097390103,NA,2027,38.53914339363828,0.033542800626107816,0.3079027331017928
18097390103,NA,2028,38.93029316415527,0.01014941527168367,-0.07274594050629252
18097390104,NA,2024,38.81821229183413,0.11019094361492354,0.7865990664288365
18097390104,NA,2025,39.74871230352816,0.023970707478710107,0.02411783537164664
18097390104,NA,2026,40.55539958427025,0.020294677084935042,0.7600875756084613
18097390104,NA,2027,42.43124215320907,0.04625383027088659,0.5570665051568238
18097390104,NA,2028,44.998949116163345,0.06051453675767737,0.8713933756686252
18097390200,NA,2024,34.34377574044912,-0.010231463035667687,-0.16962556915317695
18097390200,NA,2025,35.007774534422204,0.01933389033841859,-0.04512538462283337
18097390200,NA,2026,34.930228954609156,-0.002215095956379587,-0.0756025690983511
18097390200,NA,2027,35.45683985494231,0.015076079261245878,-0.05408509017798783
18097390200,NA,2028,35.91956687483276,0.013050430376297495,-0.018363813822752286
18097390300,NA,2024,37.6625882693247,0.02655126014798448,0.12245085624210629
18097390300,NA,2025,38.777418783733275,0.029600475316152952,0.10818913710544648
18097390300,NA,2026,38.774618937640184,-7.220300321442163e-5,0.003953742679424974
18097390300,NA,2027,39.88401689903673,0.028611447173233273,0.21123750125257482
18097390300,NA,2028,40.99077217600034,0.02774934329621992,0.2571804752263583
18097390402,NA,2025,47.304469973813475,0.017984488867065718,-0.06527647105016825
18097390402,NA,2026,47.30446016948645,-2.0726005456328522e-7,0.006626632046594829
18097390402,NA,2027,48.140155647988735,0.01766631466690649,-0.003310853769059663
18097390402,NA,2028,48.975839344320285,0.017359389164468997,0.06241147835680706
18097390403,NA,2025,40.94401203628654,0.015547485847904996,-0.10166909363531268
18097390403,NA,2026,40.3058417176971,-0.015586413906479413,-0.5720215517389293
18097390403,NA,2027,40.180061142186304,-0.0031206537353013486,-0.41078055539235325
18097390403,NA,2028,39.510028956608984,-0.016675738327183165,-0.5756074730087901
18097390404,NA,2025,39.16318825672239,0.04122855613168497,0.28183535468582216
18097390404,NA,2026,39.20744695648235,0.0011301097211451339,0.04859039418003016
18097390404,NA,2027,40.81184299035292,0.0409206964088058,0.45252550516818035
18097390404,NA,2028,42.45307745310014,0.04021466178665767,0.49085403598084504
18097390405,NA,2024,50.08274504187884,0.19351796828666323,1.4482645821501712
18097390405,NA,2025,45.674825401047,-0.08801274045873408,-1.6481703499643292
18097390405,NA,2026,48.60709683154908,0.06419885363009747,2.3900590365787058
18097390405,NA,2027,48.00482220424516,-0.01239067269109162,-0.5924930487618504
18097390405,NA,2028,49.72157871480553,0.03576216787672126,0.40738804937403433
18097390406,NA,2024,47.24727533815444,0.04170119582508547,0.2427502434147983
18097390406,NA,2025,47.611047680058505,0.0076993295232477,-0.21886837031525297
18097390406,NA,2026,47.822915271725314,0.004449967013759881,0.1718422819791243
18097390406,NA,2027,48.522270349621714,0.014623848711914134,-0.06294979057275883
18097390406,NA,2028,49.38201845122634,0.01771862889781972,0.06914574894290969
18097390407,NA,2024,55.90250443272372,-0.04609204229118857,-0.4543796301633171
18097390407,NA,2025,58.63125192600911,0.04881261619628008,0.3950907890959645
18097390407,NA,2026,56.88661793803981,-0.029756041883106432,-1.098078319725674
18097390407,NA,2027,57.80775385927131,0.016192488754293466,-0.032201040795722134
18097390407,NA,2028,57.0449600194988,-0.013195355101142114,-0.5103645719274363
18097390408,NA,2024,42.74820854512768,-0.00573718177099658,-0.13393833631965094
18097390408,NA,2025,42.921603645739125,0.0040561957217084554,-0.2732725677758948
18097390408,NA,2026,42.899124377875275,-5.237285179133799e-4,-0.01280943934044816
18097390408,NA,2027,43.0311697988752,0.0030780446667584282,-0.28927261159465095
18097390408,NA,2028,43.14376543683537,0.0026166064851698145,-0.21395518862760246
18097390409,NA,2024,44.01433464623106,-0.02755947658219504,-0.3072201738430257
18097390409,NA,2025,41.35939232549666,-0.0603199467190344,-1.2346241282431014
18097390409,NA,2026,41.784872904956,0.010287399198489977,0.3885607952319969
18097390409,NA,2027,39.595043955833226,-0.05240721813618454,-1.3769042008361052
18097390409,NA,2028,37.794754521183485,-0.04546754479317905,-1.1153356751100303
18097390410,NA,2024,42.195183493339165,-0.11981384751155555,-1.039774062080257
18097390410,NA,2025,45.111441095896275,0.06911351867962523,0.698251300759441
18097390410,NA,2026,42.25614051200317,-0.06329437753547729,-2.3432111126291497
18097390410,NA,2027,42.28607050364445,7.082992265414756e-4,-0.33572476607744717
18097390410,NA,2028,39.491389784277786,-0.06608986567162356,-1.501919552159328
18097390500,NA,2024,12.716589952224837,-0.43866229156968306,-3.5716179747336843
18097390500,NA,2025,12.95773919503808,0.018963357607599374,-0.05065868011821223
18097390500,NA,2026,12.958510328740518,5.9511438749604295e-5,0.008843728058791791
18097390500,NA,2027,13.201115589472986,0.01872169366523524,0.017376865441733506
18097390500,NA,2028,13.44441538122376,0.018430244785129224,0.08248562617144856
18097390600,NA,2025,60.84329975343539,0.05673679089755446,0.5134252749110636
18097390600,NA,2026,60.7480642412664,-0.0015652588297302428,-0.05147693791545521
18097390600,NA,2027,63.888625281741376,0.05169812535922058,0.6637865064705794
18097390600,NA,2028,66.95483006221708,0.04799296849719492,0.636665362589631
18097390601,NA,2024,77.63534580776634,-0.02610113274226955,-0.29564006723602004
18097390601,NA,2025,82.25155297556012,0.05946012244505239,0.5540937420418273
18097390601,NA,2026,80.26790965933793,-0.024116788613238627,-0.8887173291690602
18097390601,NA,2027,82.67951854646431,0.030044495955624084,0.23932836801457885
18097390601,NA,2028,83.30382724967951,0.007550947492084736,-0.12145654657949238
18097390602,NA,2024,58.12596453463234,0.05127538964119638,0.31877496545316386
18097390602,NA,2025,61.0265754193081,0.04990215487860916,0.41136125316439776
18097390602,NA,2026,61.02633163331186,-3.994751377800476e-6,0.006486018937516274
18097390602,NA,2027,63.92645766604621,0.047522535848300684,0.5819358883720224
18097390602,NA,2028,66.8263426024863,0.045362828511305686,0.5873610326395416
18097390700,NA,2024,11.879740725170787,0.11755786741223573,0.8450967681388257
18097390700,NA,2025,11.795849925919107,-0.007061669205787657,-0.43929955218165195
18097390700,NA,2026,11.951694750186396,0.01321183511540358,0.4971324041107596
18097390700,NA,2027,12.12485500957847,0.014488343537168547,-0.06560598613017028
18097390700,NA,2028,12.418377580677737,0.02420833658360344,0.19080113258642753
18097390800,NA,2025,11.889854838026444,-0.006533017954644782,-0.4314050172505328
18097390800,NA,2026,11.889851777551453,-2.574022167634027e-7,0.006624770485809298
18097390800,NA,2027,11.811658845247118,-0.006576442984088882,-0.47852152592882075
18097390800,NA,2028,11.73346334906138,-0.006620195961484554,-0.38710732423899535
18097390802,NA,2024,21.38512407364914,0.09128936181894387,0.636509405646463
18097390802,NA,2025,23.897511462737576,0.11748294657706526,1.4205689672911455
18097390802,NA,2026,23.857120102038493,-0.0016901910796052189,-0.0561151299480866
18097390802,NA,2027,26.29548999080743,0.10220721857205994,1.6538743702936092
18097390802,NA,2028,28.699100621005485,0.0914077140619296,1.4505136564093062
18097390900,NA,2024,79.20755263222622,0.03805633493409655,0.2138079072319173
18097390900,NA,2025,81.43549131997177,0.02812785667157569,0.08619800532490239
18097390900,NA,2026,81.36847344340562,-8.229566185440351e-4,-0.02391847958965063
18097390900,NA,2027,83.44244122784481,0.025488591547458528,0.15002275240483487
18097390900,NA,2028,85.42352607202189,0.023741932942345167,0.18205797855588407
18097391000,NA,2025,87.93079721572575,0.023166085683194337,0.012102135309825962
18097391000,NA,2026,87.93101678827567,2.4971063254941583e-6,0.006727033429022915
18097391000,NA,2027,89.92240705435269,0.022647187975455507,0.09432507474095483
18097391000,NA,2028,91.91409312645942,0.022148940818531138,0.1521959142924619
18097391001,NA,2024,59.421069260380946,-0.09347378978190157,-0.8306185336010069
18097391001,NA,2025,52.607372579118234,-0.11466802543396426,-2.046223088666762
18097391001,NA,2026,52.62465528996461,3.2852260052296245e-4,0.01883094455793229
18097391001,NA,2027,45.844219066532766,-0.1288452377706093,-2.8752553047809397
18097391001,NA,2028,39.079859123856885,-0.147550990733617,-3.0289813092178988
