GEOID,NAME,year,percent_white,white_delta,white_delta_zscore
18097310103,NA,2025,53.38597738601362,-0.02439752218125668,-0.03229527398917084
18097310103,NA,2026,53.49251192428645,0.0019955528303343684,0.065020043936423
18097310103,NA,2027,52.28958812476885,-0.02248770447011772,0.052185215374406166
18097310103,NA,2028,51.17375083224746,-0.021339569358604926,0.1243940410990093
18097310104,NA,2024,54.989854890422386,-0.14990595625995307,-1.7236059905390753
18097310104,NA,2025,47.605650635603105,-0.13428302856106267,-1.7232153493799296
18097310104,NA,2026,48.28168572298448,0.014200732021416362,0.7691646782314281
18097310104,NA,2027,42.75502278930725,-0.11446706656818872,-1.3265429258376018
18097310104,NA,2028,38.76613575368747,-0.0932963374917758,-0.6884660743491626
18097310105,NA,2024,37.57400093520479,-0.030986291671034283,-0.16304837861352273
18097310105,NA,2025,36.08975956502836,-0.03950181863081237,-0.2647204493615316
18097310105,NA,2026,36.09340648554791,1.0105139417682096e-4,-0.044278066320675005
18097310105,NA,2027,34.61631783310817,-0.04092405777856345,-0.22416720268845314
18097310105,NA,2028,33.14274043887284,-0.04256886597065934,-0.11542285094124208
18097310106,NA,2024,37.586005138141694,0.057830387232158165,1.0024741176653644
18097310106,NA,2025,34.743712183739646,-0.0756210441614007,-0.8205237174116494
18097310106,NA,2026,35.86421485942535,0.03225051686359848,1.8104979473151355
18097310106,NA,2027,34.493778931355216,-0.03821179226819116,-0.1835115958187089
18097310106,NA,2028,34.002664987341035,-0.014237754146668835,0.20461974443218608
18097310108,NA,2024,65.37663870180087,-0.010785236068566295,0.10204580238957699
18097310108,NA,2025,64.66647430496074,-0.010862663039000298,0.17597937291579502
18097310108,NA,2026,64.66649451378522,3.1250852461361944e-7,-0.05008992247504348
18097310108,NA,2027,63.95637100120961,-0.010981320665591876,0.22466059238312075
18097310108,NA,2028,63.24626817484801,-0.01110292556074155,0.24003235664888756
18097310110,NA,2024,40.79621791820555,-0.003874165697719034,0.19273831746738881
18097310110,NA,2025,40.52522575083303,-0.006642580641074258,0.24091807394695927
18097310110,NA,2026,40.53296295776792,1.909232284715845e-4,-0.03909315515286957
18097310110,NA,2027,40.27584635042745,-0.0063433953152738365,0.29418095055331667
18097310110,NA,2028,40.025198491069,-0.006223279758732936,0.29515530828876857
18097310111,NA,2024,35.995132128941094,0.007308028616936468,0.33947988889789177
18097310111,NA,2025,35.33633138098411,-0.018302495615158065,0.06149510037588876
18097310111,NA,2026,35.309099797188416,-7.706398126646752e-4,-0.09456792085292655
18097310111,NA,2027,34.59341761135429,-0.02026905783338928,0.08544170339180919
18097310111,NA,2028,33.847870819655704,-0.021551695183013142,0.12199776029608489
18097310112,NA,2024,59.58771343467318,-0.01875365993185718,-0.0025221389840698765
18097310112,NA,2025,58.40125513549938,-0.019911123129007557,0.036741512331324715
18097310112,NA,2026,58.401547342311574,5.003433770633947e-6,-0.04981929229500665
18097310112,NA,2027,57.215668076842995,-0.02030561379680118,0.08489374638998347
18097310112,NA,2028,56.03007573731895,-0.020721462833078186,0.13137648562415913
18097310113,NA,2024,73.26803261703343,0.08127751839382658,1.3101658618242866
18097310113,NA,2025,71.14643021114063,-0.028956726830407176,-0.10245239409577851
18097310113,NA,2026,72.26292182951292,0.01569286913003065,0.8552494724170734
18097310113,NA,2027,71.8841136264294,-0.00524208257143588,0.3106891197509442
18097310113,NA,2028,72.34682260056302,0.00643687389035974,0.4381708191820256
18097310201,NA,2024,30.748099682251656,-0.01908033309663293,-0.00680900184787674
18097310201,NA,2025,29.94140336573889,-0.02623564788878341,-0.06058038421295169
18097310201,NA,2026,29.944764038486568,1.1224165770151728e-4,-0.04363247448675753
18097310201,NA,2027,29.144626640390925,-0.026720444250863506,-0.011261598313206368
18097310201,NA,2028,28.347695338344025,-0.027344021657235817,0.05656470530066916
18097310203,NA,2024,28.820825233903108,-0.05574583163347935,-0.487962585946134
18097310203,NA,2025,27.372794600289556,-0.05024251116550871,-0.4299984121143639
18097310203,NA,2026,27.342458406764184,-0.0011082607372887576,-0.11404604229447589
18097310203,NA,2027,25.844647990529023,-0.05477965419029851,-0.43185619128751496
18097310203,NA,2028,24.323482854054873,-0.0588580326971988,-0.29943353248525645
18097310204,NA,2024,12.80307997657392,-0.02170387443834587,-0.04123718010724441
18097310204,NA,2025,12.28976734910236,-0.04009290174011093,-0.2738160464849845
18097310204,NA,2026,12.30295123322719,0.0010727529456278084,0.011781613170985812
18097310204,NA,2027,11.813732019592932,-0.03976437883562445,-0.20678415113286372
18097310204,NA,2028,11.335814684992792,-0.04045439102626669,-0.09153667050258847
18097310305,NA,2024,7.191977320197536,-0.16167742027113263,-1.8780804235914683
18097310305,NA,2025,6.0427324527256,-0.15979539649610164,-2.1158001090388314
18097310305,NA,2026,6.063028290971854,0.003358718659982829,0.14366419078373938
18097310305,NA,2027,4.959572027790785,-0.18199754482824515,-2.3387935942796494
18097310305,NA,2028,3.882939249701932,-0.21708179094002067,-2.0868092822392956
18097310306,NA,2024,4.5061379375767805,-0.14293655200558453,-1.6321479722429604
18097310306,NA,2025,4.110741820491649,-0.08774611930715992,-1.007104583761041
18097310306,NA,2026,4.075088282124878,-0.008673261402368126,-0.5504881906118047
18097310306,NA,2027,3.6190938074248016,-0.11189806039301486,-1.2880347102132852
18097310306,NA,2028,3.134938095964738,-0.13377816028608802,-1.1457692579668262
18097310308,NA,2024,23.730611000305636,0.017792788379942692,0.4770691741849844
18097310308,NA,2025,24.218340221395607,0.020552746032695524,0.6594002318263168
18097310308,NA,2026,24.223259260246625,2.0311213758050783e-4,-0.03838994917673535
18097310308,NA,2027,24.72182263417119,0.020582010396213324,0.6977803419950237
18097310308,NA,2028,25.226502821171323,0.02041435999555108,0.5960675850305668
18097310309,NA,2024,25.07711935903596,0.026573896716208578,0.5923018020491196
18097310309,NA,2025,26.685985033518236,0.06415671798055045,1.3303789073812318
18097310309,NA,2026,26.62583995238396,-0.0022538077968167203,-0.18013526578481348
18097310309,NA,2027,28.12572324279632,0.056331867580315276,1.23365418390619
18097310309,NA,2028,29.57464327341376,0.051515831899133335,0.9474055716861928
18097310310,NA,2024,26.252309078277072,0.06825433796511104,1.1392654189096025
18097310310,NA,2025,25.090453778129785,-0.044257261206355536,-0.337897282078313
18097310310,NA,2026,25.442214516838614,0.014019704140044054,0.7587207667303792
18097310310,NA,2027,24.85313736596436,-0.023153532900384133,0.04220475483317598
18097310310,NA,2028,24.53367263917707,-0.012854100554113068,0.22025019655176487
18097310311,NA,2024,21.388209681593683,0.054937259483116785,0.9645082139887383
18097310311,NA,2025,20.500046771976727,-0.04152581832883806,-0.29586579177045025
18097310311,NA,2026,20.737441702147727,0.01158021407519505,0.6179810190637068
18097310311,NA,2027,20.23961782899812,-0.024006040875237167,0.029426054168951794
18097310311,NA,2028,19.924780580946635,-0.015555493720855074,0.18973389046468592
18097310312,NA,2024,13.538027206624662,-0.04358215754193928,-0.3283412629449987
18097310312,NA,2025,13.100692936017127,-0.0323041358931182,-0.1539623827299414
18097310312,NA,2026,13.08860365142226,-9.227973401033651e-4,-0.1033462357663064
18097310312,NA,2027,12.629532517058635,-0.03507411077527278,-0.13647919992283222
18097310312,NA,2028,12.1603206456982,-0.03715195877018207,-0.054230722298068704
18097320105,NA,2024,44.13040557850935,-0.12024637779452907,-1.334389614082581
18097320105,NA,2025,43.66078344519097,-0.010641690851512897,0.1793796967640921
18097320105,NA,2026,42.76471875886838,-0.020523330449336852,-1.2341457104903506
18097320105,NA,2027,40.93603218620897,-0.042761571354428485,-0.25171068221599124
18097320105,NA,2028,38.435047090787826,-0.06109495624892791,-0.3247029544407021
18097320106,NA,2024,39.9980530281963,-0.056126599933237875,-0.49295932782748886
18097320106,NA,2025,37.223294997939746,-0.06937232740554933,-0.7243683557447584
18097320106,NA,2026,37.2046732879684,-5.002703272878328e-4,-0.078969688379264
18097320106,NA,2027,34.39004685549434,-0.07565249695081389,-0.7447304605212154
18097320106,NA,2028,31.553803703963837,-0.08247279113774664,-0.5661978101240073
18097320107,NA,2024,86.36950546614473,-0.004873089194419422,0.1796296556502217
18097320107,NA,2025,85.99698286569091,-0.004313126472628048,0.27676375503718403
18097320107,NA,2026,85.99651704402038,-5.416721087225795e-6,-0.050420454802890695
18097320107,NA,2027,85.62307570994365,-0.00434251696362975,0.3241731925913972
18097320107,NA,2028,85.24918110613642,-0.004366750443231426,0.31612760419481284
18097320108,NA,2024,42.58026355543129,0.032765723050851125,0.6735558297294828
18097320108,NA,2025,43.32932483744224,0.0175917483703647,0.6138363485138546
18097320108,NA,2026,43.30466506457574,-5.691243276700897e-4,-0.08294203275535787
18097320108,NA,2027,44.00137561648595,0.01608857962234045,0.6304258907658331
18097320108,NA,2028,44.67002261735416,0.015196047657602962,0.5371188845883947
18097320109,NA,2024,76.37328162362707,0.0010636324746404746,0.2575359987479812
18097320109,NA,2025,76.04098142805913,-0.004351000618325385,0.27618094702721274
18097320109,NA,2026,76.05898607728851,2.367756029872936e-4,-0.036447827052442115
18097320109,NA,2027,75.76034299910056,-0.003926466727869338,0.3304095934004087
18097320109,NA,2028,75.47765968501535,-0.0037312834511396,0.3233061613473421
18097320202,NA,2024,77.86971244264993,-0.0258116448794129,-0.09514258298581316
18097320202,NA,2025,75.98263296297159,-0.024233805679816034,-0.02977600162943037
18097320202,NA,2026,75.97109924194717,-1.5179417420352337e-4,-0.05886530404106664
18097320202,NA,2027,74.0632182701345,-0.0251132468905918,0.01282954755411996
18097320202,NA,2028,72.14562435179938,-0.02589131235616815,0.07297524569616179
18097320203,NA,2024,71.02673717467925,0.009307165457975941,0.36571413893004046
18097320203,NA,2025,71.38095825413956,0.004987151227137998,0.4198765893621066
18097320203,NA,2026,71.40557667380246,3.4488777210373023e-4,-0.030210589352486286
18097320203,NA,2027,71.80298885320713,0.005565562214000952,0.47269072169744725
18097320203,NA,2028,72.2204584127712,0.005814097243466154,0.43113561859942773
18097320204,NA,2025,45.99432877866977,-0.03416659062561733,-0.18262186841137656
18097320204,NA,2026,45.913130485870646,-0.001765397929598178,-0.15195778621204659
18097320204,NA,2027,44.171168781251005,-0.037940381894798314,-0.1794432797195541
18097320204,NA,2028,42.367722652230334,-0.04082858069597117,-0.09576370662450798
18097320205,NA,2024,68.84604771372868,-0.03225354257734114,-0.17967824428706755
18097320205,NA,2025,72.45530675004436,0.05242507240682093,1.1498521421004382
18097320205,NA,2026,71.26463808523296,-0.016433146421130362,-0.9981736619320525
18097320205,NA,2027,73.21295670555956,0.02733920598875983,0.7990675819433098
18097320205,NA,2028,74.25513780574146,0.01423492708228169,0.5262615795414339
18097320206,NA,2024,38.460082832808055,-0.00851953761810409,0.13177808405568417
18097320206,NA,2025,38.653551896420595,0.005030386035661527,0.42054188734449405
18097320206,NA,2026,38.5405785453492,-0.0029227159091130828,-0.21872610093240702
18097320206,NA,2027,38.58117882477068,0.0010534423964008166,0.40505613033756477
18097320206,NA,2028,38.53461250454062,-0.0012069698658394579,0.35182208675100907
18097320301,NA,2024,86.45029874990631,-0.0059271202964070735,0.1657978283817955
18097320301,NA,2025,86.33832071004436,-0.001295288061246569,0.32320230478052014
18097320301,NA,2026,86.40272625911307,7.45967127215863e-4,-0.007071406272317781
18097320301,NA,2027,86.45040166883496,5.517813127668969e-4,0.3975364624731635
18097320301,NA,2028,86.60809467914443,0.0018240864965965997,0.3860624353467086
18097320304,NA,2025,73.36923002402267,-0.020848535973642335,0.022316587242082915
18097320304,NA,2026,73.3692300243966,5.096589816844244e-12,-0.05010795151079926
18097320304,NA,2027,71.80701918470415,-0.021292452424170105,0.07010149130848077
18097320304,NA,2028,70.2448083453657,-0.021755684292089628,0.11969339595266124
18097320305,NA,2024,74.4236231066333,-0.06712633352257591,-0.63730650574237
18097320305,NA,2025,68.37472277339664,-0.08127661729891689,-0.9075517748063439
18097320305,NA,2026,68.52715210155286,0.0022293227961067696,0.07850676662036672
18097320305,NA,2027,62.682619552502786,-0.08528783657007732,-0.8891597496594589
18097320305,NA,2028,56.95627527835169,-0.0913545782711701,-0.6665309782465559
18097320306,NA,2024,76.22907503450591,0.015400882983904074,0.4456807054595042
18097320306,NA,2025,73.45699843199756,-0.03636508249973569,-0.2164522994482158
18097320306,NA,2026,74.38778603098636,0.012671190204572191,0.6809219210871819
18097320306,NA,2027,72.81564483418704,-0.021134399619642474,0.07247062982422066
18097320306,NA,2028,71.98297057512,-0.01143537574875797,0.23627683086274237
18097320400,NA,2024,59.9466087048562,-0.0277592776770359,-0.12070095634713232
18097320400,NA,2025,60.17707096641964,0.0038444587032122612,0.402292817012489
18097320400,NA,2026,59.90139243866727,-0.004581122399696103,-0.3144033551162123
18097320400,NA,2027,59.69789732116342,-0.003397168399920103,0.33834353078803686
18097320400,NA,2028,59.28612785889802,-0.00689755386274582,0.2875383663352713
18097320500,NA,2024,66.42872270893234,-1.3856805240808345e-4,0.24175977544604169
18097320500,NA,2025,66.69141918627372,0.003954561620767905,0.4039870826148191
18097320500,NA,2026,66.70439382445328,1.9454733964074933e-4,-0.03888407191091925
18097320500,NA,2027,66.99489694771016,0.0043550822757103536,0.45454618669279734
18097320500,NA,2028,67.30049796832718,0.004561556693721602,0.41698628585028874
18097320600,NA,2024,67.70724117529086,-0.03686169337520617,-0.24015003277863367
18097320600,NA,2025,65.56456251998699,-0.03164622598868816,-0.14383845372556436
18097320600,NA,2026,65.58481451001289,3.0888622218316897e-4,-0.032287600906842635
18097320600,NA,2027,63.48538237711739,-0.03201094870177579,-0.09056381569434993
18097320600,NA,2028,61.409316174109904,-0.03270148379472915,-0.003955901788471589
18097320700,NA,2024,83.252286693609,-0.032641250512726594,-0.18476605353931536
18097320700,NA,2025,81.37156266663484,-0.022590659087788456,-0.0044912334119910835
18097320700,NA,2026,81.55125912804895,0.002208344727878675,0.07729649400171638
18097320700,NA,2027,80.1342682116802,-0.017375463377504063,0.1288153473765359
18097320700,NA,2028,79.06189874789676,-0.01338215831647327,0.2142849884857074
18097320800,NA,2024,88.7726614897835,-0.002983000457367657,0.20443289047279736
18097320800,NA,2025,88.70766036208894,-7.322201069981382e-4,0.33186680421283876
18097320800,NA,2026,88.73757263656232,3.372005794233246e-4,-0.030654081036955327
18097320800,NA,2027,88.74577707384572,9.245731024210002e-5,0.39065140789385633
18097320800,NA,2028,88.80326069181358,6.477335582968369e-4,0.37277375646295885
18097320901,NA,2024,51.62561425523962,-0.010145499444138006,0.11044093083473536
18097320901,NA,2025,50.65945592878419,-0.018714708587847406,0.055151960012611495
18097320901,NA,2026,50.702136891449506,8.425073243052417e-4,-0.0015017820406687938
18097320901,NA,2027,49.80883542305136,-0.01761861576585322,0.12517060541732938
18097320901,NA,2028,48.94937370150833,-0.017255206114401123,0.17053307797280828
18097320902,NA,2024,28.23245384794749,0.005796185595814407,0.31964029262250504
18097320902,NA,2025,27.600296890751707,-0.022391144623857828,-0.0014211013854336443
18097320902,NA,2026,27.746181664242084,0.005285623341945156,0.2548317182210333
18097320902,NA,2027,27.325468730983623,-0.015162912805427697,0.16198045820133025
18097320902,NA,2028,27.01454303371048,-0.011378604346522714,0.2369181493901351
18097320903,NA,2024,21.972713007214978,-0.08693880921644337,-0.8973014347731059
18097320903,NA,2025,26.8577704701573,0.22232381869904994,3.764256992693606
18097320903,NA,2026,24.87950385497129,-0.0736571420693366,-4.299556530447977
18097320903,NA,2027,27.49073261114177,0.10495501724600187,1.9624927323510841
18097320903,NA,2028,28.37509851373167,0.03216960111974143,0.7288607454966719
18097321001,NA,2024,33.26313262400996,-0.0340715435920228,-0.20353548717248188
18097321001,NA,2025,32.23414986226885,-0.030934631845178973,-0.13288843072042578
18097321001,NA,2026,32.22216285239864,-3.718729956095901e-4,-0.07156215336944693
18097321001,NA,2027,31.172192947283406,-0.032585332956228674,-0.09917357028950473
18097321001,NA,2028,30.11247865046108,-0.03399550036837162,-0.01857376872068562
18097321002,NA,2024,64.38010975346086,0.02693503999080571,0.5970410088751434
18097321002,NA,2025,66.67860872060888,0.03570200448476957,0.8925172832721724
18097321002,NA,2026,66.6586202296361,-2.9977366589239995e-4,-0.06740257853963035
18097321002,NA,2027,68.91910748477343,0.03391140181645014,0.8975817608906632
18097321002,NA,2028,71.16137829338514,0.03253482075500025,0.7329864515641122
18097321100,NA,2024,61.77695121749778,0.031430154688619316,0.6560294485280848
18097321100,NA,2025,63.13519960632773,0.021986329238682822,0.6814602350297279
18097321100,NA,2026,63.090314830471335,-7.109310833935956e-4,-0.09112318803265596
18097321100,NA,2027,64.34726481371007,0.019923026008290767,0.6879024704864187
18097321100,NA,2028,65.54483992992996,0.018611126979320103,0.5756973511278887
18097321200,NA,2024,86.94554140915461,-0.008323996270442224,0.13434413181233365
18097321200,NA,2025,86.28767720553454,-0.007566393778885683,0.2267024213818623
18097321200,NA,2026,86.28188718716909,-6.7101335358144e-5,-0.05397918093688805
18097321200,NA,2027,85.61384085930852,-0.007742602180355496,0.2732074861123671
18097321200,NA,2028,84.94106492071411,-0.007858261372714281,0.2766857274838483
18097321300,NA,2024,86.81434423734774,-0.001887974142550597,0.21880268925043184
18097321300,NA,2025,86.06804559052424,-0.008596490054490813,0.21085128205157055
18097321300,NA,2026,85.9901521015189,-9.050221655539925e-4,-0.10232074539155277
18097321300,NA,2027,85.05679582888006,-0.010854222836318983,0.2265657301217219
18097321300,NA,2028,84.00172169476679,-0.012404348457187409,0.2253308241412844
18097321400,NA,2024,69.37156901489926,0.011644687518467256,0.39638894664290664
18097321400,NA,2025,69.31132716860428,-8.683938845616135e-4,0.32977135976516053
18097321400,NA,2026,69.35737720663785,6.643941173072321e-4,-0.011777539327080718
18097321400,NA,2027,69.3818272374878,3.5252242565486647e-4,0.394549663817667
18097321400,NA,2028,69.44611088521117,9.265199589416628e-4,0.3759230689139313
18097321600,NA,2024,46.77481208154243,0.027941509986981528,0.6102487018091615
18097321600,NA,2025,46.50898844057003,-0.005683050965741732,0.25568333321004183
18097321600,NA,2026,46.74973021764428,0.005176241951206251,0.248521256229881
18097321600,NA,2027,46.85228618204983,0.002193723127986047,0.42214841166739303
18097321600,NA,2028,47.1356178363424,0.0060473389322273086,0.43377043490611394
18097321700,NA,2024,80.72605825839024,0.002834022694435445,0.2807684552397652
18097321700,NA,2025,81.0311259986207,0.003779049130009371,0.4012862933671483
18097321700,NA,2026,81.02773980939423,-4.178874703675284e-5,-0.05251883996461872
18097321700,NA,2027,81.32648228789323,0.003686916100606341,0.44453068443654487
18097321700,NA,2028,81.62222665602806,0.0036365075657387447,0.40653646215092853
18097321800,NA,2024,92.45840734973964,5.4188114582354174e-5,0.24428927386568783
18097321800,NA,2025,92.41088311444382,-5.140066399376142e-4,0.33522467682342605
18097321800,NA,2026,92.4028660041335,-8.67550448618859e-5,-0.05511304827913604
18097321800,NA,2027,92.33563712968304,-7.275626542520008e-4,0.3783596874946843
18097321800,NA,2028,92.2550403238874,-8.728678146492364e-4,0.3555962728206133
18097321900,NA,2024,81.08531063398813,0.004211846619571968,0.2988493472578991
18097321900,NA,2025,81.20149985153498,0.001432925601917212,0.36518410388197814
18097321900,NA,2026,81.21628213070898,1.8204441052227516e-4,-0.03960539441785771
18097321900,NA,2027,81.35910801338623,0.0017585868120311154,0.4156259193344856
18097321900,NA,2028,81.51436820332925,0.0019083320077388777,0.387014115330256
18097322000,NA,2024,44.494193902657926,6.336183348834012e-4,0.2518930141217359
18097322000,NA,2025,45.504668143471015,0.02271024940970401,0.692599931159708
18097322000,NA,2026,45.3642342792453,-0.0030861419268665147,-0.22815452076170062
18097322000,NA,2027,46.154071907745355,0.017411020841619607,0.650248673643745
18097322000,NA,2028,46.837874077712634,0.014815641214367625,0.5328216206424482
18097322100,NA,2024,51.60650924733244,0.021164217109160388,0.5213117204840548
18097322100,NA,2025,52.464809851023006,0.016631634578828436,0.599062100860512
18097322100,NA,2026,52.452924936015904,-2.2653117472171136e-4,-0.06317705211737815
18097322100,NA,2027,53.28545000378523,0.01587185211853992,0.6271772456170897
18097322100,NA,2028,54.103745966420426,0.015356836858412048,0.5389352408773627
18097322200,NA,2024,70.4620100566836,0.003098925775893102,0.2842447223619464
18097322200,NA,2025,71.42807579839986,0.013710448239258488,0.5541108348722268
18097322200,NA,2026,71.45350629091091,3.560293655793245e-4,-0.029567805404744796
18097322200,NA,2027,72.47302544401222,0.01426828725451923,0.6031405491902669
18097322200,NA,2028,73.5208317922081,0.014457880594557881,0.5287801753932236
18097322300,NA,2024,78.72112351103726,-0.0020327410981731964,0.21690294310387917
18097322300,NA,2025,78.56707659128202,-0.0019568689175739618,0.31302188710476575
18097322300,NA,2026,78.56710290010348,3.348580932538425e-7,-0.0500886330774369
18097322300,NA,2027,78.4131089276572,-0.0019600311932345127,0.3598855535249155
18097322300,NA,2028,78.25914159782936,-0.0019635406876916672,0.3432754793706255
18097322400,NA,2024,59.88585051604833,0.011751869190622655,0.3977954690622156
18097322400,NA,2025,61.103722331639275,0.020336553711708172,0.6560734606465097
18097322400,NA,2026,61.19016889846981,0.0014147512382525207,0.03151227495968797
18097322400,NA,2027,62.62385950410893,0.023430080868349634,0.7404716024965102
18097322400,NA,2028,64.20823737234578,0.025299907747348138,0.6512572080859501
18097322500,NA,2024,32.679470404693234,7.054009543150386e-5,0.2445038574526195
18097322500,NA,2025,33.31432290468468,0.01942664590734222,0.6420717835933123
18097322500,NA,2026,33.2956749555025,-5.597577124870634e-4,-0.08240165135502144
18097322500,NA,2027,33.894880821586675,0.01799650756096627,0.6590248490580564
18097322500,NA,2028,34.4769421384744,0.017172543545780128,0.5594463836899825
18097322600,NA,2025,11.109755770577014,0.04104774118913035,0.9747775722671007
18097322600,NA,2026,11.109738256419448,-1.5764664793582739e-6,-0.050198901752818936
18097322600,NA,2027,11.547755657524531,0.03942643750873143,0.9802495978411907
18097322600,NA,2028,11.98575802395414,0.037929653122181106,0.7939292117044005
18097322601,NA,2024,6.130715847360239,0.014739174735487914,0.4369972480388214
18097322601,NA,2025,7.732744863891055,0.26131190164695317,4.364206288370012
18097322601,NA,2026,7.310720824775746,-0.05457622701170428,-3.1987350066568556
18097322601,NA,2027,8.421854433136431,0.15198687448098092,2.667478542474365
18097322601,NA,2028,9.168596046100022,0.08866712419363121,1.3670853950999569
18097322602,NA,2024,30.52818182218853,0.012546141100580721,0.40821853138171027
18097322602,NA,2025,32.36265269938515,0.06009106234631023,1.2678165280643383
18097322602,NA,2026,32.143170064446515,-0.00678197294200189,-0.44137544425868147
18097322602,NA,2027,33.637918432850874,0.04650282985179777,1.0863214496033302
18097322602,NA,2028,34.96755264552264,0.039527838659993764,0.8119831253872627
18097322700,NA,2024,33.67827673308582,0.06733354181167095,1.1271820056974147
18097322700,NA,2025,35.44281506926793,0.052393961548769186,1.1493734076778974
18097322700,NA,2026,35.37009777197563,-0.0020516795054282833,-0.16847402348823332
18097322700,NA,2027,36.9451464014827,0.04453051387251228,1.0567573443304143
18097322700,NA,2028,38.37673223330095,0.03874895544495094,0.8031844659070505
18097330103,NA,2024,63.20987176533744,-0.03184879954356579,-0.1743668870408512
18097330103,NA,2025,61.61056399511887,-0.025301550621015245,-0.04620647927795917
18097330103,NA,2026,61.5888911765939,-3.5177114312234803e-4,-0.07040243163601892
18097330103,NA,2027,59.94917299467096,-0.026623602903019794,-0.009809991252019461
18097330103,NA,2028,58.29031969177043,-0.02767099561236641,0.05287104181617092
18097330105,NA,2024,63.186998481932335,-0.050857622933396684,-0.4238156568241565
18097330105,NA,2025,61.36996406681231,-0.028756460328458022,-0.0993706896951667
18097330105,NA,2026,61.56564887241158,0.0031886087693686616,0.1338501630795007
18097330105,NA,2027,60.2132153408722,-0.021967339844694123,0.0599852406887566
18097330105,NA,2028,59.157103281607704,-0.01753953934008934,0.1673211057754059
18097330106,NA,2024,33.13062302251795,-0.040715274804635215,-0.29071976700769253
18097330106,NA,2025,28.98241115170721,-0.125207783384916,-1.5835653194260282
18097330106,NA,2026,29.385056411808403,0.013892745430791109,0.7513962291305707
18097330106,NA,2027,25.86475974479262,-0.11979887387934873,-1.4064642540109618
18097330106,NA,2028,22.647871288546515,-0.12437341340059294,-1.039528471485752
18097330107,NA,2024,83.55468790238356,-0.006928673067266078,0.15265466315582502
18097330107,NA,2025,83.28878294183178,-0.0031824062446673684,0.294163297489131
18097330107,NA,2026,83.267826292386,-2.5161430754028213e-4,-0.06462415527817492
18097330107,NA,2027,82.96416357020934,-0.003646819374272914,0.3346013780271358
18097330107,NA,2028,82.6428757257932,-0.003872609938919469,0.3217096657270827
18097330108,NA,2024,92.28377782539192,0.02671527096500781,0.5941570264214431
18097330108,NA,2025,91.48908448572396,-0.008611408834731327,0.21062171160283608
18097330108,NA,2026,92.19367978304405,0.007701413794670042,0.39420418119234746
18097330108,NA,2027,92.34215816463556,0.0016105049927601645,0.41340624128091263
18097330108,NA,2028,93.03743755124589,0.007529382033401477,0.450512344771911
18097330109,NA,2024,68.52425925248323,-0.07676113793848527,-0.7637420067390852
18097330109,NA,2025,64.14688516902555,-0.0638806479808689,-0.6398622976418217
18097330109,NA,2026,64.45876900370563,0.0048620261741201265,0.2303934311498778
18097330109,NA,2027,60.9262409613707,-0.05480290885064598,-0.43220476790192114
18097330109,NA,2028,58.08338618590047,-0.046660596987637804,-0.16164511790977126
18097330202,NA,2025,19.743973010827386,-0.02584092868272836,-0.05450643823363514
18097330202,NA,2026,19.744880231736715,4.594925797518634e-5,-0.04745703427658372
18097330202,NA,2027,19.22329553689244,-0.026416199476657853,-0.006701109716136348
18097330202,NA,2028,18.703080765277893,-0.027061685162992788,0.05975412140786403
18097330203,NA,2024,89.55906607548008,0.005752516678630748,0.3190672346564312
18097330203,NA,2025,89.86401271839549,0.0034049779243834344,0.39553007917605854
18097330203,NA,2026,89.88230810751264,2.03589719218078e-4,-0.038362396402436175
18097330203,NA,2027,90.21900143882952,0.0037459355284261697,0.4454153583911943
18097330203,NA,2028,90.57042864430018,0.003895268179275213,0.40945955316306826
18097330204,NA,2024,55.9605332991474,-0.011805478663727942,0.0886573745513896
18097330204,NA,2025,55.016491051734846,-0.0168697864683669,0.08354165354125105
18097330204,NA,2026,55.022561064955816,1.1033079545663682e-4,-0.043742716489397905
18097330204,NA,2027,54.090257640477425,-0.016944020896769607,0.13528247082612754
18097330204,NA,2028,53.163649543653584,-0.01713077617383041,0.17193870163381444
18097330206,NA,2024,51.9976137361904,-0.05744681628797299,-0.5102842478808075
18097330206,NA,2025,49.330632825969474,-0.051290448130020705,-0.44612408427455547
18097330206,NA,2026,49.29066497602013,-8.102034711442441e-4,-0.09685043857719101
18097330206,NA,2027,46.55329144044345,-0.05553533385902609,-0.44318348037988337
18097330206,NA,2028,43.78321454124892,-0.059503352254659525,-0.3067233892087781
18097330208,NA,2024,67.72580791279972,-0.057921027166554784,-0.5165072169649104
18097330208,NA,2025,67.61080076969313,-0.0016981287732243944,0.3170033849273993
18097330208,NA,2026,66.91311789435042,-0.010319103862107326,-0.6454405971907294
18097330208,NA,2027,65.76340515799762,-0.01718217253256804,0.1317126878371905
18097330208,NA,2028,64.09023005650162,-0.025442342857340927,0.07804703266099587
18097330209,NA,2025,39.98656580563397,-0.06730165532954702,-0.6925048179751694
18097330209,NA,2026,39.98423148838525,-5.8377537597742446e-5,-0.05347588514028476
18097330209,NA,2027,37.09508951827883,-0.07225703389961768,-0.6938340381679234
18097330209,NA,2028,34.20416089966225,-0.07793291932054947,-0.5149131175900518
18097330211,NA,2024,16.55857021340584,-0.11271057724391353,-1.2354988969596565
18097330211,NA,2025,14.129533763311676,-0.14669361054661678,-1.9141895999250669
18097330211,NA,2026,14.194656412599306,0.004608973684377737,0.21579425566400773
18097330211,NA,2027,11.856794261665224,-0.1647001577902918,-2.0795137543821482
18097330211,NA,2028,9.568424806261278,-0.1930006884578055,-1.8147769459955956
18097330212,NA,2024,30.237848846797597,-0.12584832457941386,-1.4079027771660266
18097330212,NA,2025,26.83993746277496,-0.11237278819794427,-1.3860601911866348
18097330212,NA,2026,26.57295228068479,-0.009947310140362875,-0.6239909691162631
18097330212,NA,2027,22.864915680439527,-0.13954176265693075,-1.7024010351059236
18097330212,NA,2028,18.92606327367648,-0.17226621177232926,-1.5805497905858168
18097330213,NA,2024,82.22484120416944,0.032622111741568594,0.6716712488854806
18097330213,NA,2025,84.13370963984367,0.023215227998244492,0.7003705504264043
18097330213,NA,2026,84.17439733038638,4.8360747097553336e-4,-0.022207533428246325
18097330213,NA,2027,86.15743020522264,0.023558622784702665,0.7423983864332403
18097330213,NA,2028,88.17521779955166,0.023419774586158848,0.6300182711782522
18097330401,NA,2024,70.71877899704735,0.008339980128134528,0.35302197036528493
18097330401,NA,2025,69.92737425611588,-0.011190871111681822,0.17092890140880393
18097330401,NA,2026,70.13362526322719,0.002949503099542783,0.12005561145502103
18097330401,NA,2027,69.66199813021854,-0.006724693486733768,0.28846546713189475
18097330401,NA,2028,69.34558377276579,-0.004542137262001478,0.3141463458163144
18097330500,NA,2024,45.02426672808079,0.05241835957924268,0.9314532231908954
18097330500,NA,2025,47.25175667551708,0.04947309771614883,1.1044271044321383
18097330500,NA,2026,47.25165460476632,-2.160147218543962e-6,-0.05023257562636102
18097330500,NA,2027,49.47893833498318,0.047136629369846084,1.0958218115485252
18097330500,NA,2028,51.70611787651941,0.045012678454370736,0.8739426550345751
18097330600,NA,2024,36.7553226850152,-0.011635394465586812,0.09088935351798791
18097330600,NA,2025,33.779236605374514,-0.08097020682269807,-0.9028367250912556
18097330600,NA,2026,34.24656556235263,0.013834799241844387,0.7480531812829412
18097330600,NA,2027,31.9475326361915,-0.06713178061535208,-0.6170088594248708
18097330600,NA,2028,30.00022283818234,-0.06095337064631923,-0.32310353172803524
18097330700,NA,2025,45.22654695865623,-0.019631543367404025,0.041043690545204736
18097330700,NA,2026,45.226546960405095,3.86690679476942e-11,-0.0501079495739264
18097330700,NA,2027,44.3209008140794,-0.020024658241509563,0.08910514035570138
18097330700,NA,2028,43.41525466933755,-0.02043383884594141,0.1346256319304103
18097330701,NA,2024,18.340571393477163,-0.2395372836850932,-2.8998189471078057
18097330701,NA,2025,12.573376044211834,-0.314450145828959,-4.495630070394976
18097330701,NA,2026,12.573371504212908,-3.610803422926523e-7,-0.050128783353603906
18097330701,NA,2027,6.806167081208109,-0.45868400699624645,-6.486195826496428
18097330701,NA,2028,1.0389581244541355,-0.8473504819882092,-9.206643792047243
18097330702,NA,2024,44.189886374128534,-0.010119517766080999,0.11078188290185244
18097330702,NA,2025,44.17418840349647,-3.55238990640494e-4,0.3376677961606677
18097330702,NA,2026,44.154804529579735,-4.3880543406216166e-4,-0.07542363845367214
18097330702,NA,2027,44.1029238212574,-0.0011749731173100741,0.37165321136764673
18097330702,NA,2028,44.03389951531371,-0.0015650732414801416,0.3477767695582337
18097330804,NA,2024,36.47961031314421,0.07318705985808927,1.2039964852492926
18097330804,NA,2025,39.29518579239739,0.07718216985006232,1.5308147863502648
18097330804,NA,2026,39.32294540037756,7.064378859749088e-4,-0.00935193838756182
18097330804,NA,2027,42.20109226731683,0.07319255558388638,1.4863881070435707
18097330804,NA,2028,45.115842478384856,0.06906812251694694,1.1456851407681556
18097330805,NA,2024,16.15721723608642,-0.17352176854092916,-2.0335113013577564
18097330805,NA,2025,13.482055574004017,-0.16557069345503073,-2.204670478671046
18097330805,NA,2026,13.666228612728029,0.013660605218030142,0.7380035306162243
18097330805,NA,2027,11.50131706348042,-0.15841323971642918,-1.985275757159611
18097330805,NA,2028,9.77181865294113,-0.15037394421816985,-1.333243642836625
18097330806,NA,2024,17.808340758284107,0.04847923399365017,0.8797609110894711
18097330806,NA,2025,18.18204412164352,0.0209847379063417,0.6660477302600886
18097330806,NA,2026,18.138956020515696,-0.0023698161130593087,-0.18682805022795407
18097330806,NA,2027,18.41409804664987,0.015168570110814406,0.616635373254185
18097330806,NA,2028,18.63020688476951,0.011736053407131575,0.49803303625397416
18097330900,NA,2024,11.79200258357332,0.12005883001510265,1.8190848136246156
18097330900,NA,2025,10.834955231577917,-0.0811607142393781,-0.9057682565187186
18097330900,NA,2026,11.290087773320511,0.042005945757499275,2.3733108977309616
18097330900,NA,2027,10.96350869228332,-0.028926177333087444,-0.044324518114954164
18097330900,NA,2028,10.984272940710492,0.001893941894877793,0.38685155732348275
18097331000,NA,2024,4.0450769985232675,-0.03990879637259914,-0.2801365210801308
18097331000,NA,2025,3.98135526259712,-0.01575291050069272,0.10072816027612665
18097331000,NA,2026,3.9746570734650466,-0.001682389209272328,-0.14716882374766507
18097331000,NA,2027,3.89882792228412,-0.019078161909153013,0.10329268307406186
18097331000,NA,2028,3.817341503964211,-0.02090023462029844,0.1293569889267839
18097340101,NA,2024,66.04283672927532,-0.03537308263598793,-0.22061530882602656
18097340101,NA,2025,63.775402766048735,-0.03433277665708567,-0.18517914194195548
18097340101,NA,2026,63.74968146091544,-4.0331074391875e-4,-0.07337586879628692
18097340101,NA,2027,61.4436619034127,-0.03617303654946957,-0.152951589548375
18097340101,NA,2028,59.11835136654583,-0.03784459559917153,-0.06205509889783548
18097340102,NA,2024,37.42030803107486,-0.022065646126671834,-0.045984633473748836
18097340102,NA,2025,37.070689229235974,-0.009343023086516355,0.19936361882480033
18097340102,NA,2026,37.08001258836631,2.515021793276784e-4,-0.035598217263902956
18097340102,NA,2027,36.74956762635281,-0.008911673404263576,0.2556836486045069
18097340102,NA,2028,36.42900294729127,-0.008722951037705817,0.2669177548643575
18097340109,NA,2025,25.421331262669675,-0.033174330631799864,-0.16735295444055823
18097340109,NA,2026,25.41306884113438,-3.250192308940081e-4,-0.06885905278366414
18097340109,NA,2027,24.528128022509225,-0.034822272908369145,-0.13270426665299026
18097340109,NA,2028,23.63698126978927,-0.03633162514082433,-0.044963817933608256
18097340111,NA,2024,40.58621093473663,-0.046756363778514665,-0.36999570017733224
18097340111,NA,2025,38.52925277051101,-0.05068120716006841,-0.43674907367686855
18097340111,NA,2026,38.53497806430409,1.4859602461503307e-4,-0.041535108115107015
18097340111,NA,2027,36.48798536231568,-0.05312038062075841,-0.4069844471036943
18097340111,NA,2028,34.445618066172614,-0.05597369314482348,-0.26685057132173623
18097340112,NA,2024,47.31267380409851,-0.029692972403819295,-0.1460764233521353
18097340112,NA,2025,45.56075378425258,-0.03702855659986315,-0.22666185039235662
18097340112,NA,2026,45.49979875867845,-0.0013378844841500648,-0.12729356014962095
18097340112,NA,2027,43.589311498340464,-0.041988916708639024,-0.24012894606030563
18097340112,NA,2028,41.55916708884112,-0.046574362836096506,-0.16067097323657378
18097340113,NA,2024,53.35603887763975,-0.07577377374112959,-0.7507850351629162
18097340113,NA,2025,50.96702846907729,-0.044774883196279314,-0.3458624582244792
18097340113,NA,2026,50.60250647186933,-0.00715211398736193,-0.4627297256618626
18097340113,NA,2027,47.68522742359733,-0.05765088039450694,-0.4748945455142674
18097340113,NA,2028,44.493616518855255,-0.066930810172936,-0.390627717565536
18097340114,NA,2024,54.433851201571215,-0.046848505254328154,-0.37120485328041114
18097340114,NA,2025,51.720599765354216,-0.04984492877730984,-0.4238804074386279
18097340114,NA,2026,51.72008973862294,-9.861191354931798e-6,-0.0506768664329285
18097340114,NA,2027,49.00579758440517,-0.05248042236459649,-0.3973917685196589
18097340114,NA,2028,46.29097390166152,-0.05539801036944192,-0.26034736697559135
18097340115,NA,2024,40.91632946089708,0.12781401356126842,1.9208544474079297
18097340115,NA,2025,43.161672604256864,0.05487645575602307,1.18757407153595
18097340115,NA,2026,43.81436592417528,0.015122058079233058,0.8223180805609751
18097340115,NA,2027,46.83072869402478,0.06884414977200826,1.4212075129897233
18097340115,NA,2028,50.40290976896828,0.0762785712407521,1.2271380232992086
18097340201,NA,2024,16.09008104017112,-0.1512226039828204,-1.7408840801910075
18097340201,NA,2025,13.712750349444145,-0.14775131864107094,-1.9304656304020444
18097340201,NA,2026,13.758995739035331,0.003372437214468782,0.14445564549164122
18097340201,NA,2027,11.487266588517407,-0.16510864554400972,-2.0856367970793883
18097340201,NA,2028,9.2786105441067,-0.19226993883979893,-1.8065220280182177
18097340202,NA,2024,42.17880590874247,-0.02025291568200016,-0.022196555164073116
18097340202,NA,2025,41.814926147089906,-0.008627075940458084,0.21038062590855827
18097340202,NA,2026,41.78621048577441,-6.86732321718897e-4,-0.0897271062608887
18097340202,NA,2027,41.369768806118635,-0.009966007321902226,0.23987967030627952
18097340202,NA,2028,40.92865514958126,-0.010662705382876947,0.24500530685058902
18097340300,NA,2025,4.469740568747946,-0.2261882905453837,-3.137455112594915
18097340300,NA,2026,4.469133960009903,-1.35714529448272e-4,-0.057937632648576716
18097340300,NA,2027,3.16121710734923,-0.29265554900882285,-3.9975059503345536
18097340300,NA,2028,1.8524595973624225,-0.4140043108536249,-4.311345853629965
18097340301,NA,2024,24.66723369562022,0.03548496787803801,0.7092399045914893
18097340301,NA,2025,25.515328006260084,0.03438141143449136,0.8721959745418036
18097340301,NA,2026,25.51532704405285,-3.771094903015637e-8,-0.05011012743552223
18097340301,NA,2027,26.36341943127935,0.03323854661013148,0.8874959722229464
18097340301,NA,2028,27.21151085729868,0.03216924982853686,0.7288567771332155
18097340400,NA,2024,19.947272322904695,-0.059894598457268744,-0.542405975686169
18097340400,NA,2025,18.680689388628014,-0.06349654798778237,-0.6339517602955896
18097340400,NA,2026,18.68121105076855,2.792520820205091e-5,-0.04849688283081821
18097340400,NA,2027,17.41586272155743,-0.0677337419813081,-0.6260319821801807
18097340400,NA,2028,16.151297473270017,-0.0726099687684223,-0.4547823708572449
18097340500,NA,2024,40.5395804212077,0.1634649531247121,2.388694188634496
18097340500,NA,2025,44.306590405630885,0.09292178027704812,1.773016184210966
18097340500,NA,2026,43.952420029731776,-0.00799362741878007,-0.5112785554777509
18097340500,NA,2027,46.81598220641812,0.06515141088361642,1.3658550631853281
18097340500,NA,2028,49.022785451210744,0.04713781791573912,0.8979493072610119
18097340600,NA,2024,33.432965432118095,0.05000965766219023,0.8998443372719039
18097340600,NA,2025,34.830251304337324,0.04179365647526123,0.9862557296093445
18097340600,NA,2026,34.82712756393021,-8.96846933379214e-5,-0.05528206638386638
18097340600,NA,2027,36.21801587680346,0.039936923029901816,0.987901539947165
18097340600,NA,2028,37.60562316029051,0.038312625633801556,0.7982554632591277
18097340800,NA,2024,74.89959158346832,-0.01957276185684731,-0.013271040340333282
18097340800,NA,2025,73.39360968374837,-0.02010667705766711,0.033732325090115096
18097340800,NA,2026,73.39361837538242,1.1842494318514696e-7,-0.05010111959966804
18097340800,NA,2027,71.88765383779669,-0.02051901201931816,0.08169500562947374
18097340800,NA,2028,70.3816979707625,-0.020948741357342704,0.12880903224533816
18097340901,NA,2024,42.34726451664558,-0.040461926550880545,-0.2873951314461006
18097340901,NA,2025,39.57964490637887,-0.06535533385347325,-0.6625547893910347
18097340901,NA,2026,39.74187174100708,0.004098744064327642,0.18635794476746906
18097340901,NA,2027,37.21829897605363,-0.06349909187466718,-0.5625565335900158
18097340901,NA,2028,34.81639941470146,-0.06453544700948222,-0.36356848147002596
18097340902,NA,2025,55.566710589740055,0.08882075336733264,1.7099095110944282
18097340902,NA,2026,53.37051014498682,-0.039523672023133005,-2.3303187661663007
18097340902,NA,2027,55.67441148639155,0.04316805919872113,1.0363347782565289
18097340902,NA,2028,55.81438648559128,0.0025141711508516185,0.39385798128741295
18097340904,NA,2024,48.13938599762216,-0.0306487506401264,-0.15861889904055745
18097340904,NA,2025,44.41505444232171,-0.07736558076341926,-0.8473686768589062
18097340904,NA,2026,44.8655504983951,0.010142868487494905,0.5350572727293497
18097340904,NA,2027,41.76575084681488,-0.06909086408493093,-0.6463746154910163
18097340904,NA,2028,39.00964501393997,-0.06598961534256942,-0.37999550383054576
18097341000,NA,2024,93.17803008499811,-0.003937878132116102,0.19190223266327885
18097341000,NA,2025,92.67096941174772,-0.005441847963386315,0.2593949691879259
18097341000,NA,2026,92.64872010062038,-2.4008933184327397e-4,-0.06395925313537325
18097341000,NA,2027,92.08645250022612,-0.0060688113098984475,0.2982968379295969
18097341000,NA,2028,91.48607351555071,-0.006519731929883199,0.29180643434239995
18097341100,NA,2024,38.70540900735221,-0.029553243895563908,-0.14424279568496423
18097341100,NA,2025,37.665872136776656,-0.026857664012233773,-0.0701519790939327
18097341100,NA,2026,37.65974088177125,-1.6278011519665903e-4,-0.059499108041965725
18097341100,NA,2027,36.60875186564858,-0.027907494621966178,-0.029054934930722805
18097341100,NA,2028,35.55233485357699,-0.028856952456302376,0.03947387234777255
18097341200,NA,2024,7.169925739057855,-0.4728149147500006,-5.961071971228969
18097341200,NA,2025,6.633282297973355,-0.07484644341030744,-0.8086041476377319
18097341200,NA,2026,6.632854384336582,-6.451008980934425e-5,-0.0538296860691141
18097341200,NA,2027,6.095266887833724,-0.0810491932059243,-0.8256244439841668
18097341200,NA,2028,5.557145058482519,-0.08828519558763015,-0.6318576761065899
18097341600,NA,2024,17.07694136563638,0.03180095565188101,0.6608953911602614
18097341600,NA,2025,17.29073319140491,0.012519327740899922,0.5357818520132637
18097341600,NA,2026,17.313843347622818,0.0013365631151716073,0.02700142374881427
18097341600,NA,2027,17.56872887521052,0.014721487451987203,0.6099338107611149
18097341600,NA,2028,17.84273520321364,0.015596252292887414,0.5416397989440556
18097341700,NA,2025,43.72534656601286,-0.030680565607998256,-0.1289788550622586
18097341700,NA,2026,43.72875590287879,7.79716373608963e-5,-0.04560959014907086
18097341700,NA,2027,42.35012499849976,-0.03152687232723839,-0.08330773449475445
18097341700,NA,2028,40.97406725809125,-0.032492412725045106,-0.0015941290428457232
18097341701,NA,2024,41.2569001708136,0.22741727942859935,3.227927043510692
18097341701,NA,2025,33.044314462054864,-0.1990596887976711,-2.7199997190334018
18097341701,NA,2026,38.19645240927938,0.15591601856775616,8.945042890007034
18097341701,NA,2027,35.26606871534471,-0.0767187398069138,-0.7607129483047661
18097341701,NA,2028,37.361042326644686,0.05940479581690461,1.03652330567194
18097341702,NA,2024,60.382826212059115,-0.05200276469102261,-0.4388431099604771
18097341702,NA,2025,54.88779426044778,-0.0910032255249742,-1.0572249906538864
18097341702,NA,2026,55.3281227185679,0.008022338373276927,0.4127190523385687
18097341702,NA,2027,50.447258789470595,-0.08821669142696764,-0.9330619307641139
18097341702,NA,2028,45.90151478076012,-0.09010884075348946,-0.6524584959949078
18097341902,NA,2024,52.245557817607725,-0.051715036600840536,-0.4350673150753285
18097341902,NA,2025,48.85314398768784,-0.0649321008642113,-0.6560420728218714
18097341902,NA,2026,48.9542120452601,0.002068813781928469,0.06924663538262027
18097341902,NA,2027,45.70751844744484,-0.0663210265709836,-0.604856030887308
18097341902,NA,2028,42.5369681988775,-0.06936605521940298,-0.41813747962088893
18097341903,NA,2024,23.140581065046668,-0.05399822531028298,-0.4650291177115839
18097341903,NA,2025,21.621584305998994,-0.06564211826737942,-0.6669678329193324
18097341903,NA,2026,21.59698239525879,-0.0011378403354732614,-0.11575255680115673
18097341903,NA,2027,20.019616924727103,-0.07303638266047618,-0.7055161160156547
18097341903,NA,2028,18.40507047925736,-0.0806482187716362,-0.5455865161118129
18097341904,NA,2024,28.14461960649208,0.06266977351422764,1.0659803605196294
18097341904,NA,2025,28.196791742564933,0.0018537161561360538,0.3716592362183952
18097341904,NA,2026,28.459174229513803,0.009305402165764365,0.48674192990503373
18097341904,NA,2027,28.9076400697606,0.01575821689800505,0.6254739061634281
18097341904,NA,2028,29.55292097167869,0.022322157753482674,0.6176190352415326
18097342000,NA,2024,43.82495331023035,0.020424897399245356,0.5116097842656608
18097342000,NA,2025,43.11441996726907,-0.016212985737406704,0.09364851456506315
18097342000,NA,2026,43.29168266100144,0.004111447953305092,0.18709086110717238
18097342000,NA,2027,42.87630328323826,-0.009594900272549722,0.24544239351585026
18097342000,NA,2028,42.59870072481184,-0.006474498433145959,0.29231741484269025
18097342200,NA,2024,35.224209953997345,-0.05620358052907615,-0.4939695279085373
18097342200,NA,2025,31.87072350796312,-0.0952040216207507,-1.1218669137335344
18097342200,NA,2026,31.929487970109435,0.0018438383468650787,0.056267289240466097
18097342200,NA,2027,28.68528133062037,-0.1016053449565526,-1.1337516612983876
18097342200,NA,2028,25.492748013347462,-0.11129517192027705,-0.8917900285935672
18097342300,NA,2024,61.2850975942659,-0.0017576249147550627,0.22051323460344904
18097342300,NA,2025,59.7177879283854,-0.025574074732764185,-0.05040008502967278
18097342300,NA,2026,59.81401199962915,0.0016113133888875364,0.042852393896758885
18097342300,NA,2027,58.42011721362175,-0.023303816938680555,0.0399520665338884
18097342300,NA,2028,57.1071780435426,-0.022474093389408867,0.11157788275027306
18097342400,NA,2024,67.2600529622498,-0.04002120200265613,-0.28161159639433636
18097342400,NA,2025,64.6333672812217,-0.0390526852915557,-0.25780917775805506
18097342400,NA,2026,64.62791800648459,-8.431054989588294e-5,-0.054972019787302845
18097342400,NA,2027,61.990836041522336,-0.04080406806076686,-0.22236861225676638
18097342400,NA,2028,59.34876077300555,-0.04262041677816841,-0.11600519498517854
18097342500,NA,2024,58.25383227451253,0.016216767446351588,0.45638738473517804
18097342500,NA,2025,55.680471759131095,-0.04417495664928717,-0.336630778128629
18097342500,NA,2026,56.13617947553783,0.008184336482961019,0.4220650928934943
18097342500,NA,2027,54.2963830696992,-0.032773808674321114,-0.10199873422347637
18097342500,NA,2028,52.803853979942026,-0.027488554584588987,0.05493198811419229
18097342600,NA,2024,58.58448240503747,0.017378300877679775,0.47162994233934835
18097342600,NA,2025,59.58316668013398,0.017046907885809537,0.6054523337008759
18097342600,NA,2026,59.58316913706019,4.123524055543726e-8,-0.05010557284972513
18097342600,NA,2027,60.5818583170612,0.016761263196720888,0.6405091067500941
18097342600,NA,2028,61.58054994507313,0.01648499494329103,0.5516794862751181
18097350100,NA,2024,28.52473001903952,0.14098920076158072,2.0937496430432807
18097350100,NA,2025,30.86771927915165,0.08213887593496039,1.607088665434886
18097350100,NA,2026,30.66810508179395,-0.006466762106798196,-0.4231902120055979
18097350100,NA,2027,32.51071221913548,0.06008219720218011,1.2898698921970664
18097350100,NA,2028,34.00129216777069,0.04584888631747286,0.8833888827873544
18097350300,NA,2024,23.818133758193675,0.006985595871561001,0.33524867216120563
18097350300,NA,2025,24.181082538620327,0.015238338322866918,0.5776220339418682
18097350300,NA,2026,24.14733968157837,-0.0013954237569002714,-0.13061313207347267
18097350300,NA,2027,24.460078470514915,0.012951273020569198,0.5833991143150433
18097350300,NA,2028,24.747505272572255,0.0117508536370321,0.49820022715064327
18097350400,NA,2024,48.78563537381311,0.048725223001696794,0.8829889728258052
18097350400,NA,2025,51.45093428627422,0.05463286256371647,1.183825655273699
18097350400,NA,2026,51.419662870524895,-6.077910184356661e-4,-0.08517280236572286
18097350400,NA,2027,54.02977803301204,0.05076103219617445,1.1501499353554638
18097350400,NA,2028,56.61424905350094,0.04783419652232879,0.9058159528766195
18097350500,NA,2024,15.939798811146254,-0.021526807918190838,-0.03891357360532315
18097350500,NA,2025,19.686689317186666,0.2350651065570737,3.9603201509321364
18097350500,NA,2026,18.533740849104536,-0.05856487342824046,-3.428849118734465
18097350500,NA,2027,20.947961970961448,0.13026086538668502,2.341815704080295
18097350500,NA,2028,22.36094075216448,0.06745184964349926,1.127426903376574
18097350600,NA,2024,4.24333228229253,-0.03579917821907452,-0.22620687106169404
18097350600,NA,2025,4.069834788839659,-0.0408870863535431,-0.2860369730717659
18097350600,NA,2026,4.071331043954508,3.676451729570651e-4,-0.028897662975044404
18097350600,NA,2027,3.900404963134646,-0.041982850073975064,-0.24003801000962138
18097350600,NA,2028,3.730672551164451,-0.04351661265290396,-0.1261290777150631
18097350700,NA,2024,9.0517417226696,0.10542845832328052,1.6270935396170987
18097350700,NA,2025,9.87555553240162,0.09101163455302985,1.7436228287260258
18097350700,NA,2026,9.88243674481196,6.967924374241541e-4,-0.00990840632105558
18097350700,NA,2027,10.716415007023352,0.0843899418480174,1.6542317536859301
18097350700,NA,2028,11.555557777341567,0.07830443014461985,1.2500231520397325
18097350800,NA,2024,9.653880991081374,0.04787665968920818,0.8718534559112354
18097350800,NA,2025,10.251374304157768,0.06189151426544215,1.2955219133797893
18097350800,NA,2026,10.260998999934658,9.388688278593182e-4,0.004057532953229869
18097350800,NA,2027,10.879518414894427,0.0602786741294592,1.2928149905599982
18097350800,NA,2028,11.509767215116437,0.05792984360035436,1.019861498032015
18097350900,NA,2024,48.52735922396386,0.08780660267844653,1.3958456542664242
18097350900,NA,2025,51.34423230079895,0.058047112430631875,1.2363641913606425
18097350900,NA,2026,51.54948836205929,0.003997645929495253,0.1805253627082499
18097350900,NA,2027,54.66199475131549,0.060378996730198864,1.2943187799936744
18097350900,NA,2028,57.92917437855428,0.05977058909216182,1.0406554918674826
18097351000,NA,2024,49.516434693528026,0.016311081398950655,0.4576250467917272
18097351000,NA,2025,51.39634069187471,0.03796529394698922,0.9273448207170094
18097351000,NA,2026,51.48614725381044,0.0017473337737041739,0.050699720234528636
18097351000,NA,2027,53.56796237093567,0.04043447078808482,0.9953595509635107
18097351000,NA,2028,55.76741540198877,0.04105911320320188,0.8292811785692983
18097351200,NA,2024,11.04979377538217,-0.10632999043905889,-1.1517678055435485
18097351200,NA,2025,12.22649665640698,0.10649093593460401,1.9818185864873767
18097351200,NA,2026,12.164152079019956,-0.005099136665150383,-0.3442887799671984
18097351200,NA,2027,13.165273543665704,0.0823009658332392,1.6229189683806706
18097351200,NA,2028,14.011614503457432,0.06428586211935827,1.0916623040046578
18097351500,NA,2024,49.24893541258285,0.041874993883584954,0.793094864642291
18097351500,NA,2025,52.31400123777762,0.06223618438687417,1.300825703178076
18097351500,NA,2026,52.221956094670134,-0.0017594743458662077,-0.1516160411515798
18097351500,NA,2027,55.126343242519624,0.0556162075312594,1.222926770422691
18097351500,NA,2028,57.95614213205396,0.05133296937700149,0.9453398639743602
18097351600,NA,2024,80.41328977456283,0.01982881417547766,0.5037875101665252
18097351600,NA,2025,83.05800496666492,0.0328890311479173,0.8492312008439574
18097351600,NA,2026,82.98486752145044,-8.805586558916501e-4,-0.10090938970434181
18097351600,NA,2027,85.49814966608203,0.03028602948582093,0.8432391046621887
18097351600,NA,2028,87.95012434084646,0.02867868701651166,0.6894256108374915
18097351700,NA,2024,49.110037398898726,0.07156298682034401,1.182684118197657
18097351700,NA,2025,50.65869519611961,0.031534445487015894,0.8283868132325665
18097351700,NA,2026,50.98554175670449,0.006451934052378094,0.322118844105446
18097351700,NA,2027,53.002757745416744,0.03956447100901883,0.982318656235761
18097351700,NA,2028,55.26655090844426,0.0427108561765972,0.8479401041836339
18097352100,NA,2024,20.82778807599716,0.1324747165556115,1.9820158672613122
18097352100,NA,2025,21.885507739534113,0.050784061162784555,1.1246002326548719
18097352100,NA,2026,22.132289714712,0.011276045231159992,0.6004328244740285
18097352100,NA,2027,23.55105186138779,0.06410372198104275,1.3501506905927707
18097352100,NA,2028,25.155238300416283,0.06811527775787263,1.1349213235351205
18097352300,NA,2024,3.006594080800947,-0.22141740782592134,-2.6620356477945686
18097352300,NA,2025,2.4134636432781953,-0.19727652672180596,-2.6925603901256
18097352300,NA,2026,2.4327494087854986,0.007990907822877924,0.41090575217558806
18097352300,NA,2027,1.882450982510224,-0.22620432021808612,-3.0014327327988584
18097352300,NA,2028,1.356639998310201,-0.27932253699316023,-2.789912288876594
18097352400,NA,2024,23.931272939186943,-0.14174897995989555,-1.6165637154085981
18097352400,NA,2025,21.02035528847349,-0.12163655724083478,-1.528611229667226
18097352400,NA,2026,20.916179085939692,-0.00495596773242557,-0.3360290375908161
18097352400,NA,2027,17.82816740900576,-0.14763746591793903,-1.82375188658229
18097352400,NA,2028,14.657858739012632,-0.17782583017431575,-1.6433540572772114
18097352500,NA,2024,57.50063350008139,-0.03305428881858907,-0.19018626788703213
18097352500,NA,2025,55.87527573612992,-0.028266780120764556,-0.0918354821779125
18097352500,NA,2026,55.88634989301584,1.9819422347411297e-4,-0.038673674862014264
18097352500,NA,2027,54.28422171698178,-0.028667611663689585,-0.0404487381941275
18097352500,NA,2028,52.694354546948944,-0.02928783207617547,0.034606437822279325
18097352600,NA,2024,39.55918764303696,-0.04009780594234558,-0.2826168536963906
18097352600,NA,2025,38.102007739731846,-0.03683543546075818,-0.2236900989589489
18097352600,NA,2026,38.1074464535663,1.4274087264909419e-4,-0.04187290519086074
18097352600,NA,2027,36.661598307272406,-0.03794135479677574,-0.179457863070692
18097352600,NA,2028,35.22168115709002,-0.039275896760255447,-0.078223802095936
18097352700,NA,2024,72.30433131884882,0.06470900546706626,1.0927407702254994
18097352700,NA,2025,75.35228293904981,0.042154481821567336,0.9918081162878023
18097352700,NA,2026,75.15927596914281,-0.002561395121407517,-0.19788068031719652
18097352700,NA,2027,77.73821283705395,0.0343129551829362,0.9036008603271483
18097352700,NA,2028,80.00544821227236,0.029165005117505416,0.6949193065380367
18097352800,NA,2024,20.68598634176248,0.10945344012834024,1.679912524731635
18097352800,NA,2025,20.735278192120848,0.0023828619793127004,0.3798017413102495
18097352800,NA,2026,21.213250757333896,0.023051176877610935,1.279767034743063
18097352800,NA,2027,21.874336703899548,0.031163820864989367,0.8563967918755707
18097352800,NA,2028,22.917040693171533,0.047667913472599244,0.9039375352863509
18097353300,NA,2024,78.23100870295282,0.017378221864186694,0.47162890546198666
18097353300,NA,2025,79.46528246426747,0.015777295752394727,0.5859155202021913
18097353300,NA,2026,79.4733476225065,1.0149285309157818e-4,-0.044252597548670815
18097353300,NA,2027,80.72183892848328,0.015709559787352223,0.6247445585554768
18097353300,NA,2028,81.97693626306989,0.01554842346565688,0.5410995002753826
18097353500,NA,2024,50.61865145140401,0.09592884345798036,1.502432102506161
18097353500,NA,2025,50.5122340324739,-0.0021023361128511553,0.3107834353843467
18097353500,NA,2026,51.26973410662463,0.014996368477065314,0.8150667606444466
18097353500,NA,2027,52.29891306999675,0.02007381121251295,0.690162671031383
18097353500,NA,2028,53.89621765315547,0.030541831357391525,0.7104726334222381
18097353600,NA,2024,28.486074046578615,0.03402839406365876,0.6901255944290909
18097353600,NA,2025,28.645209362855343,0.005586425002494844,0.4290982245967268
18097353600,NA,2026,28.70207447913174,0.001985152754726771,0.06442003984629847
18097353600,NA,2027,28.962475789372416,0.009072560606377289,0.525259007283067
18097353600,NA,2028,29.2700100080037,0.010618367741342505,0.4854070926089418
18097354200,NA,2025,58.68478978030303,-0.008740185917820553,0.20864008761783842
18097354200,NA,2026,58.68045133284442,-7.392797136784868e-5,-0.05437302514361882
18097354200,NA,2027,58.15715251873445,-0.008917770777558287,0.25559225179594963
18097354200,NA,2028,57.63050327973799,-0.009055622845819511,0.26315972554529204
18097354201,NA,2024,66.51469628173199,0.03132786971569712,0.6546871844573685
18097354201,NA,2025,65.389342973120975,-0.016918867130422233,0.0827863994634659
18097354201,NA,2026,66.41763774644859,0.015725724201729685,0.8571449564639735
18097354201,NA,2027,66.34049769632811,-0.0011614392311717348,0.37185607806788534
18097354201,NA,2028,67.27211976347645,0.014043037051256535,0.5240938925146377
18097354202,NA,2024,70.95626918067411,0.03173339101851802,0.6600087547636986
18097354202,NA,2025,72.37407409103274,0.019981390322939774,0.6506082002687075
18097354202,NA,2026,72.45266056416733,0.0010858373543507494,0.01253648256298241
18097354202,NA,2027,74.00340750172028,0.02140358857049196,0.7100954192389362
18097354202,NA,2028,75.61598122108744,0.021790533352530783,0.6116135366186225
18097354400,NA,2024,88.03130666663873,0.015421067305832814,0.44594558004804546
18097354400,NA,2025,90.4924257774428,0.02795731659560574,0.7733418918956312
18097354400,NA,2026,90.34590554398422,-0.001619143615609775,-0.1435200411511073
18097354400,NA,2027,92.5712734476025,0.02463164091630987,0.7584824324663081
18097354400,NA,2028,94.68501033619482,0.022833615762980264,0.6233967240876698
18097354500,NA,2024,65.44739911167282,-0.028993027198311982,-0.136891190429043
18097354500,NA,2025,64.9669106259539,-0.007341597866999505,0.23016158476743473
18097354500,NA,2026,64.88227581297987,-0.0013027372266678494,-0.12526583467514615
18097354500,NA,2027,64.24709959808007,-0.00978967224779026,0.24252285159624817
18097354500,NA,2028,63.5393581235788,-0.01101592879567781,0.24101511619087332
18097354700,NA,2024,44.779428996317314,-0.005794406786494899,0.16753939970908377
18097354700,NA,2025,44.7653494028887,-0.00031442101304524073,0.33829590390687136
18097354700,NA,2026,44.76251185451347,-6.338716022735724e-5,-0.05376490169950607
18097354700,NA,2027,44.74285499649855,-4.3913661679240157e-4,0.38268306053656104
18097354700,NA,2028,44.720455049243775,-5.006374147678017e-4,0.3598011760377919
18097354800,NA,2024,34.070611174441126,-0.06796364719133574,-0.6482943959611104
18097354800,NA,2025,34.55852169092476,0.014320568362731878,0.5634993738995233
18097354800,NA,2026,33.933527644183876,-0.01808509207455522,-1.093478175679462
18097354800,NA,2027,33.5657048540023,-0.010839509350116794,0.22678627848191452
18097354800,NA,2028,32.718441495878636,-0.02524193553536047,0.08031093532238565
18097354900,NA,2024,33.71322213682405,-0.014659928509946352,0.05119903281477032
18097354900,NA,2025,33.178228489594304,-0.015868956252786837,0.09894244623298852
18097354900,NA,2026,33.178379679452405,4.5568996593914335e-6,-0.04984505386667541
18097354900,NA,2027,32.64368635922156,-0.016115715275932585,0.14769838938571098
18097354900,NA,2028,32.10914220400142,-0.01637511613540965,0.1804750203430355
18097355000,NA,2024,45.4266757479536,0.05513552011712197,0.9671099463650573
18097355000,NA,2025,42.83794339934717,-0.0569870523427648,-0.5337835285655157
18097355000,NA,2026,44.02187855226029,0.02763753483392395,1.5443644892608708
18097355000,NA,2027,42.953635965900304,-0.0242661744907553,0.025526771460210384
18097355000,NA,2028,42.82844555241907,-0.0029145475270270227,0.3325324242102899
18097355100,NA,2024,55.05644358551569,0.03394846390339268,0.6890766878377643
18097355100,NA,2025,55.69071391097703,0.011520364995537102,0.5204097959855738
18097355100,NA,2026,55.475945038598205,-0.0038564575186114114,-0.2725957847652048
18097355100,NA,2027,55.56275362240063,0.001564796845588301,0.4127210972730501
18097355100,NA,2028,55.252120340054205,-0.005590674725328704,0.30230153530572396
18097355300,NA,2024,59.683445039800965,-0.030577764070093272,-0.15768735729266722
18097355300,NA,2025,58.32324571463238,-0.02279022808186615,-0.0075622045493960125
18097355300,NA,2026,58.30910095750405,-2.425234905055751e-4,-0.06409968530226307
18097355300,NA,2027,56.92176119652976,-0.02379285117061558,0.032621669342549744
18097355300,NA,2028,55.52133240912567,-0.024602696015833536,0.08753210885647279
18097355400,NA,2024,46.750392904651065,-0.067053446708771,-0.6363500274972838
18097355400,NA,2025,44.44268401728748,-0.04936234208919332,-0.4164543551234837
18097355400,NA,2026,44.66538547106169,0.005010981192935526,0.23898698603408733
18097355400,NA,2027,42.94446290837008,-0.03852922222750288,-0.1882697242486519
18097355400,NA,2028,41.67738336722484,-0.02950507365405375,0.032152366875853954
18097355500,NA,2024,83.6202000634378,0.04208906321175809,0.7959040511693063
18097355500,NA,2025,85.60734836401228,0.023763974483042904,0.708814670838778
18097355500,NA,2026,85.45134984480116,-0.001822256175343706,-0.15523806813419927
18097355500,NA,2027,87.07398585250405,0.018989003809184668,0.6739019092621382
18097355500,NA,2028,88.47042938059575,0.016037436605430555,0.5466236404996413
18097355600,NA,2024,37.25835927783825,-0.09253156294178944,-0.9706939592801677
18097355600,NA,2025,35.74770562880555,-0.040545361586312834,-0.2807785064349494
18097355600,NA,2026,35.26514863069872,-0.013498964188571216,-0.8288939944438521
18097355600,NA,2027,33.09464490825102,-0.06154812347957184,-0.533312418741022
18097355600,NA,2028,30.553739186724467,-0.0767769446860892,-0.5018546423527603
18097355700,NA,2024,73.82866020480907,0.007642583513651102,0.34387018206328
18097355700,NA,2025,74.72841031291735,0.012187003063746094,0.5306680341253531
18097355700,NA,2026,74.68703331989924,-5.536982901795939e-4,-0.08205206945721122
18097355700,NA,2027,75.51914524121726,0.011141317097894676,0.5562687112765443
18097355700,NA,2028,76.31947388099944,0.010597691978978752,0.48517352872026254
18097355900,NA,2024,85.59923491119088,0.05393458885615199,0.9513503793734708
18097355900,NA,2025,83.40728548416809,-0.025607114704902845,-0.050908504693195196
18097355900,NA,2026,84.90591595705256,0.017967620744220536,0.9864850830057379
18097355900,NA,2027,84.68608747929393,-0.00258908316671147,0.3504563550793675
18097355900,NA,2028,85.64099773854262,0.011275881170944135,0.49283469749116177
18097356200,NA,2024,51.803298029427694,0.006249368835537394,0.32558732044831923
18097356200,NA,2025,51.31141038821129,-0.009495295858132025,0.19702044277781217
18097356200,NA,2026,51.42435267101041,0.002201114370948387,0.07687935821396655
18097356200,NA,2027,51.111315212560434,-0.006087338822768462,0.298019119071824
18097356200,NA,2028,50.88377294338644,-0.004451896184390791,0.3151657547568193
18097356400,NA,2024,38.59657822951705,-0.07746771438617028,-0.7730142600510485
18097356400,NA,2025,35.7996307893077,-0.0724662021482092,-0.7719769538707567
18097356400,NA,2026,35.82574280239682,7.293933628198523e-4,-0.008027584554243187
18097356400,NA,2027,33.08562515922087,-0.07648460098341991,-0.7572033155182603
18097356400,NA,2028,30.37703768948586,-0.08186599034173403,-0.5593430808483955
18097356900,NA,2024,69.98215937446899,-1.198566078568497e-4,0.24200532177620912
18097356900,NA,2025,68.87973799741246,-0.015752891692832116,0.10072844969181136
18097356900,NA,2026,69.1531976839989,0.00397010346637372,0.1789363751711832
18097356900,NA,2027,68.39263724642986,-0.010998196222891665,0.22440763557610302
18097356900,NA,2028,67.85424464341197,-0.007872084257812273,0.276529577169318
18097357000,NA,2024,92.94175528542988,0.019901085011751585,0.5047359050687255
18097357000,NA,2025,94.11098552077252,0.01258024697028648,0.5367192781701858
18097357000,NA,2026,94.16456225823605,5.692931294583037e-4,-0.01726413229401617
18097357000,NA,2027,95.42758086818948,0.013412886755526321,0.5903184909256005
18097357000,NA,2028,96.73414513514513,0.013691683840967972,0.5201248286101876
18097357100,NA,2024,76.75536521677762,0.03311014791450839,0.678075644383979
18097357100,NA,2025,77.28631161180043,0.00691738477855286,0.449579056682947
18097357100,NA,2026,77.4952372496673,0.0027032683215144626,0.1058497653129053
18097357100,NA,2027,78.3761496471103,0.011367310156170651,0.5596562428059697
18097357100,NA,2028,79.42016006741943,0.013320511724673967,0.5159318803006762
18097357200,NA,2024,66.75504164968403,0.02724991276455513,0.601173017702795
18097357200,NA,2025,67.57569728823165,0.012293537960087697,0.5323073949554434
18097357200,NA,2026,67.43547011569832,-0.002075112476238594,-0.16982592503784172
18097357200,NA,2027,67.91358602442934,0.007089976653394947,0.49554098982848166
18097357200,NA,2028,68.16190115850868,0.003656339601770142,0.40676049487941657
18097357300,NA,2024,46.11776848717101,0.004272112591093835,0.2996402048584788
18097357300,NA,2025,43.43885621066809,-0.05808850610905292,-0.5507327181983499
18097357300,NA,2026,43.72120582889701,0.0064999321542811295,0.32488796411443877
18097357300,NA,2027,41.52380807134958,-0.050259312749674656,-0.36409836159709097
18097357300,NA,2028,39.55008276396104,-0.04753237718460501,-0.17149318877144087
18097357400,NA,2024,41.14104720064982,-0.07383062997144518,-0.7252855703659958
18097357400,NA,2025,38.234462666908165,-0.07064925983934967,-0.7440178141525633
18097357400,NA,2026,38.2285981081529,-1.5338410288001647e-4,-0.05895703065391985
18097357400,NA,2027,35.31056106163542,-0.07633125960470843,-0.7549047990987144
18097357400,NA,2028,32.38692301490202,-0.0827978360816789,-0.5698696825205223
18097357500,NA,2024,86.6857243326739,-0.007725112957903013,0.14220315088431768
18097357500,NA,2025,86.73871810805136,6.11332209373705e-4,0.35254141052751115
18097357500,NA,2026,86.54547182401886,-0.0022279126121251824,-0.17864131349872597
18097357500,NA,2027,86.36589236544727,-0.002074972321333579,0.3581626391202269
18097357500,NA,2028,86.02439026756046,-0.00395413152731372,0.32078875655518896
18097357600,NA,2025,66.93177966106127,3.312861175370774e-4,0.3482320564159274
18097357600,NA,2026,66.93175847746173,-3.1649538756450823e-7,-0.0501262111458427
18097357600,NA,2027,66.95387904904037,3.3049440328225543e-4,0.39421947393976825
18097357600,NA,2028,66.97597463961394,3.3001210515948287e-4,0.3691846139294918
18097357601,NA,2024,59.6871569800185,-0.07502670715786808,-0.7409814383637321
18097357601,NA,2025,55.35857702046154,-0.07252112813827005,-0.7728221559571319
18097357601,NA,2026,55.21337569503172,-0.0026229237318753373,-0.20143040623586222
18097357601,NA,2027,50.71774029677603,-0.08142294039558651,-0.8312267416771729
18097357601,NA,2028,46.09546844457492,-0.09113718050437147,-0.6640751429109407
18097357602,NA,2024,43.93338291918731,0.005491926755433196,0.31564756819804696
18097357602,NA,2025,42.36528995177788,-0.03569251587781974,-0.20610283262131113
18097357602,NA,2026,42.86089187962772,0.011698301331442673,0.6247937422989495
18097357602,NA,2027,41.87645753065727,-0.022968125622191415,0.0449839242707425
18097357602,NA,2028,41.315214001262234,-0.013402364060621785,0.2140567341609595
18097357800,NA,2024,78.30860575158734,-0.0034710170727204614,0.1980287516243774
18097357800,NA,2025,78.21994872617752,-0.0011321492007029255,0.32571268839213274
18097357800,NA,2026,78.22565859499335,7.29976036653035e-5,-0.04589655350149041
18097357800,NA,2027,78.14895258198429,-9.805735661005954e-4,0.37456717082309193
18097357800,NA,2028,78.07853714502336,-9.010413400878381e-4,0.3552780104009029
18097357900,NA,2024,70.22843632027549,-0.004627889954705644,0.18284735342372646
18097357900,NA,2025,69.76250627273934,-0.006634492691981353,0.24104253144768426
18097357900,NA,2026,69.78435263190615,3.1315330159431554e-4,-0.03204142336004636
18097357900,NA,2027,69.35184490849298,-0.006197775104320735,0.2963637302355263
18097357900,NA,2028,68.93574146016476,-0.005999890109300576,0.29767883096687797
18097358000,NA,2024,90.5368380728456,0.05559720294994741,0.9731685125538508
18097358000,NA,2025,91.74592027613016,0.01335458835343628,0.5486348567856971
18097358000,NA,2026,92.18073556118344,0.004739341910186212,0.22331549605289702
18097358000,NA,2027,94.10009753806462,0.020821725550315584,0.7013735614009527
18097358000,NA,2028,96.35332277009464,0.023944982959433814,0.6359512911013333
18097358100,NA,2024,67.96181696456162,-0.005957102778226253,0.16540437461290805
18097358100,NA,2025,66.30346521775627,-0.02440122734902883,-0.03235228917502223
18097358100,NA,2026,66.49541937539828,0.0028950848498128234,0.11691609846998638
18097358100,NA,2027,65.13262021957414,-0.02049463209082869,0.08206044949342803
18097358100,NA,2028,63.914089280505046,-0.0187084587563221,0.15411639972370983
18097360101,NA,2024,42.789157233115944,0.01923772529282175,0.4960307757497078
18097360101,NA,2025,43.85584342680061,0.024928889995971204,0.7267404109280695
18097360101,NA,2026,43.86111123549773,1.2011646078380345e-4,-0.04317815913016095
18097360101,NA,2027,44.938654402097086,0.02456716522328506,0.7575159716171594
18097360101,NA,2028,46.021806336771455,0.024102900923171022,0.6377352124413969
18097360102,NA,2024,17.73431623775747,-0.025718237611478845,-0.09391681916039753
18097360102,NA,2025,18.740264798537456,0.05672327860254689,1.2159930134852528
18097360102,NA,2026,18.46685553053259,-0.0145894026015152,-0.8918038743794697
18097360102,NA,2027,19.078119324894868,0.03310058896337975,0.8854280508378297
18097360102,NA,2028,19.48345546541749,0.021246126707767266,0.6054636432924765
18097360201,NA,2024,15.33184196857254,-0.11540188758585834,-1.2708163934787922
18097360201,NA,2025,13.138695449435104,-0.1430452077208324,-1.8580479140515156
18097360201,NA,2026,13.152681098052858,0.001064462500982577,0.011303318504314723
18097360201,NA,2027,10.984465528551958,-0.16484970275922572,-2.08175536437316
18097360201,NA,2028,8.827856202853063,-0.1963326590714144,-1.8524165744546663
18097360202,NA,2024,24.225251799268857,0.04580661762307581,0.8446887316036461
18097360202,NA,2025,24.656334835163666,0.017794780399674526,0.6169606088973913
18097360202,NA,2026,24.67325954007789,6.864242000026444e-4,-0.010506573593584213
18097360202,NA,2027,25.136827936570867,0.018788291662071854,0.6708933269106705
18097360202,NA,2028,25.61606692450809,0.01906521336528666,0.5808269410427263
18097360301,NA,2024,19.66844147988575,-0.11955059608538332,-1.3252590178418384
18097360301,NA,2025,15.083701035269556,-0.2331013593174046,-3.2438335345932074
18097360301,NA,2026,15.327889580825302,0.016188901184448712,0.8838666933598035
18097360301,NA,2027,11.1380696623231,-0.27334617048282583,-3.708067287618874
18097360301,NA,2028,7.134749698348824,-0.35942673060452834,-3.6948098510671783
18097360302,NA,2024,17.64798233150822,0.05924206709896063,1.020999294046882
18097360302,NA,2025,17.805580926789325,0.008930119733842501,0.48055105703553785
18097360302,NA,2026,17.7172246085324,-0.004962282254098671,-0.3363933367530522
18097360302,NA,2027,17.669873709340155,-0.0026725912347153047,0.34920460772269013
18097360302,NA,2028,17.496905716195272,-0.009788864141878628,0.2548766603100258
18097360401,NA,2024,13.516596802781828,-0.17159964350967438,-2.008287661020675
18097360401,NA,2025,10.475667142808623,-0.22497746321376966,-3.118822880644494
18097360401,NA,2026,10.430673430157958,-0.004295068947618552,-0.29790027881978687
18097360401,NA,2027,7.2745583851053155,-0.3025801800991528,-4.14627158496459
18097360401,NA,2028,4.03413998091095,-0.44544537725192135,-4.6665200717804245
18097360404,NA,2025,16.870516539924328,-0.02908689233277817,-0.10445538310073144
18097360404,NA,2026,16.935873514758896,0.0038740351950634633,0.17339397741445536
18097360404,NA,2027,16.519599461615734,-0.02457942619732001,0.020831273108493618
18097360404,NA,2028,16.153554488978525,-0.022158223235843932,0.11514611206566198
18097360405,NA,2024,22.816310566421755,-0.09539093006924793,-1.0082168294587037
18097360405,NA,2025,22.354476248467183,-0.02024141092443943,0.03165903801463045
18097360405,NA,2026,22.06485885911339,-0.012955677696705248,-0.7975505571912553
18097360405,NA,2027,21.153221944463947,-0.04131623594197209,-0.23004577216237293
18097360405,NA,2028,20.02355561022515,-0.05340398437668947,-0.23782183892970044
18097360407,NA,2024,25.37035960723257,-0.03963085646073172,-0.27648917438922
18097360407,NA,2025,23.14168971445589,-0.08784541990257522,-1.008632623043179
18097360407,NA,2026,23.372891415913035,0.009990700951828968,0.5262783804185057
18097360407,NA,2027,21.47092326465065,-0.08137496201978078,-0.8305075679909881
18097360407,NA,2028,19.74410396567585,-0.08042594525116697,-0.5430756017920466
18097360501,NA,2024,40.319649681549805,-0.009454008017493853,0.11951522660542278
18097360501,NA,2025,38.51795183337469,-0.04468535471922941,-0.344484792469001
18097360501,NA,2026,38.59602567973144,0.0020269469855118682,0.06683124437603749
18097360501,NA,2027,36.937569273060554,-0.04296961610588368,-0.2548291769187149
18097360501,NA,2028,35.346413971387754,-0.04307688169489987,-0.1211616539888081
18097360502,NA,2024,26.8041042250095,-0.13132883254957894,-1.479822324363074
18097360502,NA,2025,23.728295692111377,-0.11475140176586263,-1.4226623379673782
18097360502,NA,2026,23.820020225003613,0.0038656182509868575,0.17290838470697314
18097360502,NA,2027,20.95350748884321,-0.1203404828830269,-1.4145827227399437
18097360502,NA,2028,18.211849275214984,-0.13084483421632565,-1.1126329202799892
18097360601,NA,2024,54.43890124680495,-0.0396800913737545,-0.27713527374171804
18097360601,NA,2025,52.28069575241071,-0.03964454544388718,-0.2669167320331569
18097360601,NA,2026,52.28264275356326,3.724130148863303e-5,-0.047959416153956005
18097360601,NA,2027,50.12845597110925,-0.0412027141131307,-0.2283441323978071
18097360601,NA,2028,47.976348887364786,-0.04293184463899691,-0.11952324191077596
18097360602,NA,2024,44.75153733380408,-0.05498776941274197,-0.47801469572146604
18097360602,NA,2025,42.72062058120037,-0.04538205553599184,-0.35520563670420785
18097360602,NA,2026,42.63286854612004,-0.0020540908321671214,-0.16861313842936632
18097360602,NA,2027,40.46676003376982,-0.05080841581201434,-0.3723291628029768
18097360602,NA,2028,38.23469276902446,-0.055158042375586414,-0.25763656691814224
18097360700,NA,2024,79.43137961007255,0.03544476991701728,0.7087123952491813
18097360700,NA,2025,77.23793743701444,-0.027614302858966933,-0.08179515077245657
18097360700,NA,2026,78.12409747034587,0.011473118816178518,0.6118024492275487
18097360700,NA,2027,77.2234146182467,-0.011528873692794428,0.21645302548778766
18097360700,NA,2028,76.9888536006851,-0.003037433901636466,0.3311442374525526
18097360800,NA,2024,28.60275604981868,-0.09918974465324126,-1.0580678699559791
18097360800,NA,2025,24.935682742031972,-0.12820699171085492,-1.6297171890919009
18097360800,NA,2026,24.988043022345774,0.002099813382111293,0.07103507304439383
18097360800,NA,2027,21.409799261386834,-0.14319823916419006,-1.7572099285712188
18097360800,NA,2028,17.872847589090114,-0.165202467763241,-1.5007541588518098
18097360900,NA,2024,54.23860949786785,-0.04245417800060469,-0.3135390259439871
18097360900,NA,2025,55.34349611487289,0.02037085071379785,0.6566012235086902
18097360900,NA,2026,54.65099186569486,-0.012512838866208242,-0.772002174699683
18097360900,NA,2027,54.78079492316897,0.0023751272034202575,0.4248675749451838
18097360900,NA,2028,54.38536534986617,-0.007218397868402504,0.28391394986625645
18097361000,NA,2024,86.88239805081626,-0.00838223024668383,0.1335799396561358
18097361000,NA,2025,85.97991529300594,-0.010387406172680302,0.1832926338061818
18097361000,NA,2026,85.9899052494665,1.1618941966284879e-4,-0.04340471909218072
18097361000,NA,2027,85.10562089452982,-0.010283583315637723,0.23511935288779548
18097361000,NA,2028,84.2298626828913,-0.010290251130696038,0.249212738816775
18097361100,NA,2024,85.8480850834826,-0.0031745203269375466,0.20191961572277647
18097361100,NA,2025,86.19393042876693,0.004028573787615786,0.4051259831201659
18097361100,NA,2026,86.26303352522729,8.017165027351947e-4,-0.0038550976034604015
18097361100,NA,2027,86.7702194216954,0.0058795277158876225,0.4773969195112499
18097361100,NA,2028,87.37738770125712,0.006997427039004522,0.444503111597924
18097361200,NA,2024,79.16552703380985,0.006550303858121387,0.3295364271146712
18097361200,NA,2025,77.76680009512987,-0.017668384094539302,0.07125281943798953
18097361200,NA,2026,78.0101024570475,0.0031286148024607385,0.13038897424917587
18097361200,NA,2027,77.00519214687294,-0.012881797081703117,0.19617332897061157
18097361200,NA,2028,76.18618265098378,-0.010635769784549831,0.24530958501835393
18097361300,NA,2024,70.33428689301519,-0.014477656708649422,0.05359094712042007
18097361300,NA,2025,67.90858980021272,-0.03448811667760521,-0.1875695168682011
18097361300,NA,2026,68.05903343068313,0.002215384400015008,0.07770262874864553
18097361300,NA,2027,65.8854611710513,-0.031936572561606646,-0.08944895171674822
18097361300,NA,2028,63.8293751990848,-0.031206975490821964,0.012926821323883281
18097361400,NA,2025,76.65675837060365,0.010249853450753132,0.5008591423291626
18097361400,NA,2026,76.65754556087674,1.0269026369247314e-5,-0.049515508244264796
18097361400,NA,2027,77.43660287253915,0.010162826189676677,0.5416015846482705
18097361400,NA,2028,78.21627132434858,0.010068474376294212,0.47919521851017605
18097361401,NA,2024,23.904016470193632,-0.1340431769288345,-1.5154420916831148
18097361401,NA,2025,18.88682094192157,-0.2098892265460115,-2.886644833472589
18097361401,NA,2026,19.28448613082374,0.021055168052104722,1.164612731599966
18097361401,NA,2027,14.70241104988554,-0.23760420940718507,-3.172311804725352
18097361401,NA,2028,10.484073732437489,-0.28691466339331406,-2.8756767958470135
18097361402,NA,2024,74.34904737257474,0.03439801908171258,0.6949761053809673
18097361402,NA,2025,70.46561943993945,-0.05223238319618051,-0.4606185973869493
18097361402,NA,2026,72.46745662583501,0.028408707704639102,1.5888552116440964
18097361402,NA,2027,70.69620594499314,-0.02444201526192946,0.022890999542899772
18097361402,NA,2028,70.82253426244962,0.001786917922508735,0.38564256029939975
18097361600,NA,2025,49.325458858536734,-0.037102034126374805,-0.22779252384294962
18097361600,NA,2026,49.316313396090855,-1.854105903426051e-4,-0.060804711785760635
18097361600,NA,2027,47.40180262902433,-0.038821043894539775,-0.19264399620903125
18097361600,NA,2028,45.48042830624549,-0.04053378175964917,-0.0924335084565022
18097361601,NA,2024,36.61399825125558,0.01216390160299019,0.4032024832823021
18097361601,NA,2025,33.602985670575734,-0.08223665058422269,-0.9223247836284177
18097361601,NA,2026,34.01540084851178,0.012273170663438249,0.6579592656565425
18097361601,NA,2027,31.68136162573229,-0.06861713119813517,-0.6392735783937324
18097361601,NA,2028,29.664889523952255,-0.0636485301863482,-0.35354941960900127
18097370201,NA,2024,72.27910227110445,-0.01714478435240463,0.018590795036009505
18097370201,NA,2025,69.25964358332546,-0.0417749887990253,-0.29970003128132716
18097370201,NA,2026,69.56246857891189,0.004372315246209846,0.20214089041736572
18097370201,NA,2027,66.99222643862521,-0.03694869076376994,-0.16457828785016762
18097370201,NA,2028,64.6491862940929,-0.03497480631844474,-0.02963650497590878
18097370202,NA,2025,76.28581107817485,-0.0077817642475707105,0.22338829687951797
18097370202,NA,2026,76.45652000993333,0.0022377546931178216,0.07899322199675304
18097370202,NA,2027,76.08076983145708,-0.0049145603073149635,0.3155985271670938
18097370202,NA,2028,75.83963310071914,-0.003169483317165822,0.329652540341401
18097370203,NA,2024,45.66053684455816,-0.052634494637562645,-0.4471331684647814
18097370203,NA,2025,41.31874153387206,-0.09508857343195165,-1.1200903950047307
18097370203,NA,2026,41.59269549483328,0.006630259073516109,0.33240682143286
18097370203,NA,2027,37.67406655762717,-0.09421435400100209,-1.0229641216871008
18097370203,NA,2028,33.961449554484325,-0.09854569316173867,-0.7477654560003449
18097370204,NA,2024,89.93917123347674,0.017134502932060425,0.4684306334519304
18097370204,NA,2025,85.97257067672453,-0.044103147742546533,-0.335525781427973
18097370204,NA,2026,87.17760945053926,0.014016549282281465,0.7585387557880807
18097370204,NA,2027,84.826378059468,-0.026970588043082944,-0.015011138186234691
18097370204,NA,2028,83.40957755068943,-0.016702357700399628,0.17677833380195987
18097370301,NA,2025,79.73089642912316,0.003806126343512961,0.4017029579975192
18097370301,NA,2026,79.73089642912761,5.573319583618286e-14,-0.05010795180161778
18097370301,NA,2027,80.0332116445221,0.0037916946746385793,0.4461012668511118
18097370301,NA,2028,80.33552685992112,0.0037773720332727745,0.4081277385563717
18097370302,NA,2025,69.94517211801545,-0.022889956261586963,-0.009096823506233196
18097370302,NA,2026,69.94540464016059,3.32434874494858e-6,-0.04991616254105968
18097370302,NA,2027,68.30738931965031,-0.023418483729376827,0.03823326432011731
18097370302,NA,2028,66.6696941904439,-0.023975372877195866,0.09461866891365327
18097370303,NA,2024,54.96264998265833,-0.08790281329761318,-0.9099518564842434
18097370303,NA,2025,51.62100915598397,-0.060798393595081435,-0.5924325137686408
18097370303,NA,2026,51.21522997008813,-0.007860737179114174,-0.5036118143553191
18097370303,NA,2027,47.31465558584051,-0.07616043873132505,-0.7523442731299763
18097370303,NA,2028,43.103650905035295,-0.08900000705205202,-0.6399325486247428
18097370304,NA,2024,65.58840626071105,-0.03498486095351738,-0.21552075777941682
18097370304,NA,2025,64.45668124027964,-0.017254955333612765,0.07761466837171824
18097370304,NA,2026,64.1319865210614,-0.005037409822696959,-0.3407276175930064
18097370304,NA,2027,62.60469552472457,-0.023814808790232345,0.03229253476943342
18097370304,NA,2028,60.80811196603111,-0.028697265335056676,0.04127777898753627
18097370306,NA,2024,74.4884041176837,-0.07638487654584336,-0.7588044080468016
18097370306,NA,2025,72.55942390620905,-0.02589638258898752,-0.05535976390361346
18097370306,NA,2026,71.5653730903588,-0.013699816816836408,-0.8404816408243594
18097370306,NA,2027,68.34887165447718,-0.04494494050663933,-0.28443837703950675
18097370306,NA,2028,64.34514949138561,-0.05857773605000405,-0.29626715952396954
18097380100,NA,2025,60.224540186919235,-0.040092222059808,-0.27380558755271095
18097380100,NA,2026,60.300897160273784,0.001267871421144262,0.023038443196645792
18097380100,NA,2027,57.88276443636806,-0.04010110691186841,-0.21183154941943513
18097380100,NA,2028,55.52581237936257,-0.04071941069083784,-0.09453046692686169
18097380101,NA,2024,67.3045850400085,-0.09385419497356473,-0.9880505797524712
18097380101,NA,2025,64.26671754381232,-0.045136115086221174,-0.3514211008034453
18097380101,NA,2026,63.00935195622268,-0.019564801745669658,-1.1788460026418852
18097380101,NA,2027,58.66261261750504,-0.06898562203492664,-0.6447970857857653
18097380101,NA,2028,53.107904063114425,-0.09468907548677907,-0.7041991484821231
18097380102,NA,2024,35.446157048848704,-0.1552042453171245,-1.7931343174724932
18097380102,NA,2025,33.68960254956683,-0.04955556950394224,-0.41942774192834126
18097380102,NA,2026,32.15943759216726,-0.0454195016147273,-2.6704626269522396
18097380102,NA,2027,28.819610868680304,-0.10385214958797662,-1.1674302246466186
18097380102,NA,2028,24.0008832665339,-0.16720307654754463,-1.5233540494467575
18097380103,NA,2024,60.80528209358563,0.07842478783649653,1.2727300819521927
18097380103,NA,2025,51.785570676883815,-0.14833762966216568,-1.9394877945495645
18097380103,NA,2026,55.515357287064695,0.07202366530732851,4.105101625574487
18097380103,NA,2027,50.85037895106016,-0.08403041183509585,-0.8703115338420178
18097380103,NA,2028,49.39495400827324,-0.028621712813343247,0.04213125855750138
18097380200,NA,2024,68.38166909141589,-0.01758133510826787,0.012862031778820534
18097380200,NA,2025,67.23665653709224,-0.016744437062408246,0.08547053237119602
18097380200,NA,2026,67.23852382961483,2.7771941954801704e-5,-0.04850572511030706
18097380200,NA,2027,66.09737870063712,-0.01697159699504147,0.13486911785384112
18097380200,NA,2028,64.95824315482072,-0.017234201540361815,0.17077035628479323
18097380300,NA,2025,49.56851162337392,-0.03886972306433356,-0.25499375183665285
18097380300,NA,2026,49.60731264422666,7.827755884128873e-4,-0.004947842165411549
18097380300,NA,2027,47.70443294259354,-0.03835885477772549,-0.1857159948902752
18097380300,NA,2028,45.87954017823326,-0.038254154840417276,-0.0666816876226898
18097380301,NA,2024,74.98363471904827,0.04438229355946022,0.8259976281010623
18097380301,NA,2025,75.07770438562218,0.0012545359654327903,0.3624390410660452
18097380301,NA,2026,75.83547068276029,0.010093093593352087,0.5321856455221985
18097380301,NA,2027,76.88802957487432,0.013879506286934795,0.5973129021121673
18097380301,NA,2028,78.55080085912711,0.02162587978189201,0.6097535264498682
18097380302,NA,2024,63.52974154675678,-0.018004760608617,0.007305508474307356
18097380302,NA,2025,62.28739551750619,-0.019555345244655964,0.04221622857780431
18097380302,NA,2026,62.2878037069846,6.553323911084874e-6,-0.04972987559664776
18097380302,NA,2027,61.046267609941026,-0.019932250346858083,0.09049029200189683
18097380302,NA,2028,59.80513335744294,-0.020331042356731666,0.13578687316253535
18097380402,NA,2024,72.20556968592116,-0.04153882519647978,-0.30152704465382424
18097380402,NA,2025,70.86951271185863,-0.018503516832206857,0.058401782406252045
18097380402,NA,2026,71.10076987197921,0.003263140259773145,0.1381500548084704
18097380402,NA,2027,70.31669505268071,-0.011027655828625527,0.2239660496971862
18097380402,NA,2028,69.88795818189068,-0.006097227272539252,0.2965792610473235
18097380403,NA,2024,82.30583363317811,-0.01833146343761516,0.00301825633318251
18097380403,NA,2025,80.49029892740724,-0.02205839641771168,0.003699233773946274
18097380403,NA,2026,80.53450547899531,5.492158952962178e-4,-0.01842243374009792
18097380403,NA,2027,78.78633860129457,-0.02170705422853425,0.06388680181688981
18097380403,NA,2028,77.07135195854194,-0.0217675636817124,0.11955920034784547
18097380404,NA,2024,87.13322001294166,-0.019996031090397715,-0.01882551298869063
18097380404,NA,2025,85.63507999544231,-0.017193672141082805,0.0785576951997949
18097380404,NA,2026,85.68438961350269,5.758109651208265e-4,-0.016888103483858635
18097380404,NA,2027,84.31094520751617,-0.01602910882812758,0.14899658002408325
18097380404,NA,2028,83.02667674875455,-0.015232523554333577,0.19338232512421807
18097380501,NA,2024,72.98937831271694,0.0017379693080097347,0.26638517841859255
18097380501,NA,2025,70.37839268626485,-0.035772131326636925,-0.20732795652665048
18097380501,NA,2026,70.70869892449691,0.004693290449307552,0.22065868220596488
18097380501,NA,2027,68.63876689796719,-0.029274078833496975,-0.04953940086738152
18097380501,NA,2028,66.82285820949575,-0.026456021437139432,0.06659600576276986
18097380502,NA,2024,54.986845681604535,-0.05221032067275366,-0.4415668232194301
18097380502,NA,2025,52.838831601646966,-0.03906414440274342,-0.2579855107594836
18097380502,NA,2026,52.69302493160737,-0.0027594605259033678,-0.20930752539925215
18097380502,NA,2027,50.32579001505682,-0.04492501464137033,-0.2841396975253449
18097380502,NA,2028,47.84919830628578,-0.0492111839283611,-0.19045784044978203
18097380600,NA,2024,43.90069969912906,-0.045001427188757326,-0.3469660384047436
18097380600,NA,2025,41.825015656065574,-0.04728134306034004,-0.38443190602456095
18097380600,NA,2026,41.82496993684344,-1.0931071134923087e-6,-0.05017101564819219
18097380600,NA,2027,39.749193559001576,-0.04963007459362978,-0.35466637236087056
18097380600,NA,2028,37.673370548030675,-0.05222302203162088,-0.22448108985136775
18097380700,NA,2024,51.91698768778391,-0.04938664338855159,-0.404512303307057
18097380700,NA,2025,49.812605821152175,-0.04053358949265262,-0.28059735725381324
18097380700,NA,2026,49.88416948503687,0.0014366577035065387,0.0327761089209507
18097380700,NA,2027,47.948831432186005,-0.03879663774760023,-0.19227815934262382
18097380700,NA,2028,46.12035907785644,-0.03813382515725272,-0.06532238254706492
18097380800,NA,2024,77.47143593443873,-0.02579140617475595,-0.09487699474422928
18097380800,NA,2025,75.46445718875765,-0.025906048099837875,-0.055508496951985474
18097380800,NA,2026,75.46627343074113,2.406751537264995e-5,-0.048719441931676453
18097380800,NA,2027,73.46315199805889,-0.026543266834562762,-0.008605790703009921
18097380800,NA,2028,71.46209946753682,-0.027238860246221797,0.05775266188787092
18097380901,NA,2024,64.08841506070817,-0.037288976875446744,-0.2457571837999186
18097380901,NA,2025,61.19975966122944,-0.04507297296621282,-0.35044946876713445
18097380901,NA,2026,61.21372297263511,2.2815957910560236e-4,-0.03694490512809081
18097380901,NA,2027,58.351554562753286,-0.04675697328785777,-0.31159991122802144
18097380901,NA,2028,55.50205825887699,-0.048833254319074704,-0.18618855607520757
18097380902,NA,2024,76.33996538220543,-0.02435470251441496,-0.07602343641157862
18097380902,NA,2025,74.5065041150159,-0.024017056570697748,-0.02644066258422098
18097380902,NA,2026,74.50144601937754,-6.788797432444316e-5,-0.05402456393361223
18097380902,NA,2027,72.65893180753982,-0.024731254361942123,0.018555439069006748
18097380902,NA,2028,70.81219924490938,-0.0254164562661352,0.07833946071275472
18097381001,NA,2025,44.89403699292157,-0.029087061398882175,-0.1044579846928681
18097381001,NA,2026,45.05707474128562,0.003631612554463537,0.15940806217817674
18097381001,NA,2027,43.917998716048345,-0.025280736305624885,0.010318958606840302
18097381001,NA,2028,42.91037586485896,-0.022943277941787854,0.10627773629695461
18097381002,NA,2024,88.33086194573914,-0.0122398032191402,0.08295782525197173
18097381002,NA,2025,87.88076436632936,-0.0050955868593954845,0.2647232410533833
18097381002,NA,2026,87.96553410486507,9.64599467778271e-4,0.0055419922759693385
18097381002,NA,2027,87.71842726102268,-0.002809132535338321,0.3471579167116574
18097381002,NA,2028,87.602741722651,-0.0013188282323784994,0.35055847796065187
18097381003,NA,2024,55.31490564367905,0.013454085200671706,0.42013328981546316
18097381003,NA,2025,55.928542773658165,0.011093522131845779,0.5138415306061681
18097381003,NA,2026,55.93016147932869,2.8942389524999612e-5,-0.048438199319544344
18097381003,NA,2027,56.54697089241112,0.011028207263631629,0.5545732471203565
18097381003,NA,2028,57.165336503345515,0.010935432989167992,0.4889888223146875
18097381004,NA,2024,39.64122131212616,-0.058206979092769506,-0.520259703625899
18097381004,NA,2025,36.68447604955402,-0.07458764298131448,-0.8046217221539618
18097381004,NA,2026,36.69460969580096,2.762379986906982e-4,-0.034171151408770944
18097381004,NA,2027,33.75752377886242,-0.08004134507185234,-0.8105172661040742
18097381004,NA,2028,30.83000003380779,-0.08672211161672139,-0.6142002875104731
18097381101,NA,2024,69.24014894094032,0.014896991248696256,0.4390682407701428
18097381101,NA,2025,62.834595180348586,-0.09251213145216464,-1.0804440611957618
18097381101,NA,2026,64.81138226870299,0.031460170670004395,1.7649010721900746
18097381101,NA,2027,60.77987617561175,-0.06220367398394511,-0.5431388179217586
18097381101,NA,2028,58.40773117213112,-0.039028460614608185,-0.07542863801151452
18097381102,NA,2024,54.82919308428439,-0.054059759470994284,-0.4658366174907283
18097381102,NA,2025,51.78950300416528,-0.0554392634494264,-0.509966126267102
18097381102,NA,2026,51.787227167421555,-4.394397728713084e-5,-0.05264318011503477
18097381102,NA,2027,48.74315114459069,-0.058780440454742844,-0.49182612893377264
18097381102,NA,2028,45.69695294696035,-0.062494896741373096,-0.3405173916344841
18097381201,NA,2025,60.48762093203779,-0.04701905824635744,-0.3803958627642205
18097381201,NA,2026,60.48394143329134,-6.083060781292282e-5,-0.05361740835780787
18097381201,NA,2027,57.493554641848,-0.04944100401825635,-0.35183229179109504
18097381201,NA,2028,54.50034738148236,-0.052061614193305905,-0.2226577451196514
18097381203,NA,2024,37.81697757780461,-0.09322981438902456,-0.9798569653716122
18097381203,NA,2025,35.294244152575914,-0.06670901766378412,-0.6833852993099184
18097381203,NA,2026,35.152358487427534,-0.004020079436607649,-0.28203550652646264
18097381203,NA,2027,32.390084976552686,-0.0785800335946959,-0.7886128822219214
18097381203,NA,2028,29.5163684570144,-0.0887221049780691,-0.6367932259758576
18097381204,NA,2024,59.67426127508968,-0.0611735254446214,-0.559189064102281
18097381204,NA,2025,59.393896421145215,-0.004698254288427961,0.2708374015372365
18097381204,NA,2026,59.00234894790475,-0.00659238569674081,-0.4304377235262482
18097381204,NA,2027,58.066364285568795,-0.015863515250254978,0.15147875124824883
18097381204,NA,2028,56.82480552407748,-0.02138172032582164,0.1239178824141915
18097381205,NA,2024,53.852256207643,0.003391617321278906,0.288085651620173
18097381205,NA,2025,52.536150120387376,-0.024439200507793024,-0.032936620799781206
18097381205,NA,2026,52.68271214804477,0.002789736730261838,0.11083832509578663
18097381205,NA,2027,51.61671577789204,-0.020234272813388077,0.0859631147701263
18097381205,NA,2028,50.66689133090606,-0.018401489375517333,0.15758408139971594
18097381206,NA,2024,52.15682075637249,-0.07959820443572596,-0.8009722304629122
18097381206,NA,2025,48.68407802715319,-0.06658271495190782,-0.6814417509920013
18097381206,NA,2026,48.6276455130768,-0.001159157497958918,-0.1169823925411873
18097381206,NA,2027,45.05124291016188,-0.07354669479017162,-0.7131654590635305
18097381206,NA,2028,41.42611142195647,-0.08046684739496313,-0.5435376531346902
18097381207,NA,2024,62.83826146806033,0.08320455650244551,1.3354539754367105
18097381207,NA,2025,58.47741026452866,-0.0693980244146033,-0.7247637817651534
18097381207,NA,2026,61.37769496575035,0.04959666798002771,2.8112369813826197
18097381207,NA,2027,60.07080164906125,-0.021292642505039705,0.07009864208406733
18097381207,NA,2028,61.51866230652846,0.024102569263612317,0.63773146584696
18097390101,NA,2025,73.66243786937692,-0.01640542646571963,0.0906872333047081
18097390101,NA,2026,73.66308095709043,8.73019862113189e-6,-0.049604286727970424
18097390101,NA,2027,72.4354992004982,-0.016664816902069446,0.1394676097078419
18097390101,NA,2028,71.20840812600845,-0.016940465490452583,0.17408854754928446
18097390102,NA,2024,82.55298760168711,0.11910552626827875,1.8065748101384318
18097390102,NA,2025,88.63108214505638,0.07362658481478213,1.4761013822445972
18097390102,NA,2026,88.04139631203854,-0.006653262250061909,-0.43394983078041666
18097390102,NA,2027,92.55488826967304,0.05126556536697424,1.1577126544795096
18097390102,NA,2028,95.84179919306511,0.035513099144100835,0.7666305934288591
18097390103,NA,2024,91.97638222749652,0.01736633670360299,0.4714729390128551
18097390103,NA,2025,93.19439798245187,0.013242701283278313,0.546913136612221
18097390103,NA,2026,93.23086577866825,3.91308887721209e-4,-0.027532449280284855
18097390103,NA,2027,94.51048311825208,0.013725254280290367,0.5950007358006382
18097390103,NA,2028,95.81875679891732,0.013842630335814787,0.5218299967050165
18097390104,NA,2024,65.19905848175569,6.537478406853925e-4,0.2521571693698371
18097390104,NA,2025,61.68309154071612,-0.053926652054698265,-0.4866900359265778
18097390104,NA,2026,62.78135675046257,0.01780496376420282,0.9771010307180179
18097390104,NA,2027,60.44506045214862,-0.03721321773277442,-0.16854342489783622
18097390104,NA,2028,59.13165785069676,-0.02172886571089816,0.11999635223556583
18097390200,NA,2024,71.76494362237796,-0.03555171063110474,-0.22295940623368535
18097390200,NA,2025,70.9676150041527,-0.011110280005523832,0.172169038746202
18097390200,NA,2026,70.5149649755091,-0.0063782618116321466,-0.418084428059367
18097390200,NA,2027,69.14493761448223,-0.019428888059473626,0.09803546012452237
18097390200,NA,2028,67.41047044817331,-0.025084514154592785,0.08208924700959223
18097390300,NA,2024,78.337793371225,-0.020284980853220835,-0.02261733962557573
18097390300,NA,2025,76.8363596337981,-0.01916614794486171,0.04820520336794023
18097390300,NA,2026,76.83809295598724,2.2558619348966857e-5,-0.04880649358590877
18097390300,NA,2027,75.34020063115288,-0.0194941371813111,0.09705740593481428
18097390300,NA,2028,73.84411962190762,-0.01985767222162982,0.14113430207924937
18097390402,NA,2025,90.10014725348982,-0.046999569546119724,-0.38009597030741804
18097390402,NA,2026,93.4931171638048,0.037657762098535885,2.122454261834503
18097390402,NA,2027,92.810366251922,-0.0073026863644579665,0.2798016209411722
18097390402,NA,2028,95.1926624883582,0.02566842835173988,0.6554202035734144
18097390403,NA,2025,85.21637623631297,-0.0032717748860408014,0.2927880912878107
18097390403,NA,2026,85.21637623631297,0,-0.050107951804833156
18097390403,NA,2027,84.93665224272637,-0.0032825145346582207,0.3400621392555183
18097390403,NA,2028,84.65692824913975,-0.0032933249215808535,0.3282535628237367
18097390404,NA,2025,88.80375345908976,0.01269909403332381,0.5385480988346368
18097390404,NA,2026,88.34995865500578,-0.005110085851191437,-0.34492046349105354
18097390404,NA,2027,88.9752163792367,0.007077057349539562,0.49534733543271303
18097390404,NA,2028,89.17858453176724,0.002285671907374054,0.391276738045787
18097390405,NA,2024,56.146610523169215,-0.031821582537598925,-0.17400972402679266
18097390405,NA,2025,53.8197511461802,-0.04144256180929784,-0.29458463900576143
18097390405,NA,2026,53.86391498564342,8.205879537284133e-4,-0.002766360539448641
18097390405,NA,2027,51.61323002259902,-0.0417846523715234,-0.23706711802189143
18097390405,NA,2028,49.39790004094253,-0.042921746627492596,-0.11940916965586311
18097390406,NA,2024,62.26548297938494,-0.05710262978681113,-0.505767561206935
18097390406,NA,2025,58.571803101807525,-0.05932146834547691,-0.5697055624473633
18097390406,NA,2026,58.570746736238696,-1.803539438582913e-5,-0.05114845485565727
18097390406,NA,2027,54.874997509650335,-0.063098892066912,-0.5565577233735305
18097390406,NA,2028,51.1782335180312,-0.0673670006266337,-0.395555145961068
18097390407,NA,2024,82.02018677058368,-0.02746871668030304,-0.11688798582835751
18097390407,NA,2025,79.65749232841473,-0.028806255328064134,-0.10013693601155554
18097390407,NA,2026,79.65769791605096,2.580895157811014e-6,-0.04995905407473031
18097390407,NA,2027,77.29541189687534,-0.029655464330204162,-0.05525619325391348
18097390407,NA,2028,74.93332874990257,-0.030559163720146443,0.020244831350757244
18097390408,NA,2024,71.43423483815886,-0.09438384993419524,-0.9950011298012231
18097390408,NA,2025,72.64041242474903,0.016885147427180947,0.602963160961806
18097390408,NA,2026,69.92004637282893,-0.03744976055495586,-2.2106700818285203
18097390408,NA,2027,68.2517765295312,-0.023859678730791423,0.03161995509142532
18097390408,NA,2028,64.00849485182435,-0.06217100701944167,-0.33685856921107554
18097390410,NA,2024,85.1879176616388,-0.05603880712230436,-0.4918072413340713
18097390410,NA,2025,83.40848136528501,-0.02088836474934863,0.021703701351679545
18097390410,NA,2026,82.33890812962439,-0.012823315065244478,-0.7899142549899432
18097390410,NA,2027,79.46735899488546,-0.034874753624596355,-0.1334909283419055
18097390410,NA,2028,75.54830123992201,-0.0493165722949932,-0.1916483608426507
18097390411,NA,2024,55.51986491180743,-0.14964633781322623,-1.72019907256099
18097390411,NA,2025,54.48083491995531,-0.018714562679549074,0.05515420525203337
18097390411,NA,2026,51.67353066824729,-0.05152828982581836,-3.0228925563732947
18097390411,NA,2027,47.72768205106424,-0.07636111885824204,-0.7553523755135026
18097390411,NA,2028,41.070515932970174,-0.1394822843265573,-1.2102059335757898
18097390500,NA,2024,14.652098611781842,-0.3279507443866675,-4.060050096190438
18097390500,NA,2025,15.4223921663041,0.052572233843884986,1.1521166648428178
18097390500,NA,2026,15.423960981024992,1.017231765327864e-4,-0.0442393096638524
18097390500,NA,2027,16.19771962941394,0.05016601438118573,1.1412308932210695
18097390500,NA,2028,16.973442909793757,0.047890894405355544,0.9064564408937787
18097390600,NA,2025,43.45446978469065,0.003708918219127888,0.4002071176958358
18097390600,NA,2026,43.45415674911674,-7.203760061025299e-6,-0.05052355315851307
18097390600,NA,2027,43.61401962627622,0.003678885729677006,0.4444103128865352
18097390600,NA,2028,43.77346204676804,0.003655760736067659,0.406753955719113
18097390601,NA,2024,79.88549017071125,0.18165368213431,2.627381033281248
18097390601,NA,2025,89.06548300219126,0.11491439574148976,2.1114389318901607
18097390601,NA,2026,89.7814127191208,0.008038239874721409,0.41363644623701695
18097390601,NA,2027,99.89735125416378,0.11267297126066045,2.0781812971537437
18097390601,NA,2028,100,0.0010275422175614057,0.3770642675382568
18097390602,NA,2024,40.33726682913038,-0.02051054551653353,-0.02557737700485076
18097390602,NA,2025,38.85935727671251,-0.0366388124083451,-0.22066446002290274
18097390602,NA,2026,38.94638522577602,0.0022395622357775924,0.07909750325679935
18097390602,NA,2027,37.60665040850533,-0.03439946504673319,-0.1263665721542872
18097390602,NA,2028,36.33285599098654,-0.03387152016151651,-0.017173225479624223
18097390700,NA,2024,13.370032206818207,-0.21109213370564162,-2.5265392588725137
18097390700,NA,2025,10.238188014244288,-0.23424357878336277,-3.2614100275186266
18097390700,NA,2026,10.253223017804537,0.0014685219239312097,0.0346144284971532
18097390700,NA,2027,7.1529705714535865,-0.30236857629717195,-4.143099741738853
18097390700,NA,2028,4.069428887675421,-0.43108547043155876,-4.504303287749458
18097390800,NA,2025,51.849189002810945,-0.08946933465603868,-1.033621451395698
18097390800,NA,2026,52.99404077707814,0.022080418156687598,1.2237617492956598
18097390800,NA,2027,49.21592788170421,-0.07129316504221173,-0.6793860893255893
18097390800,NA,2028,46.43666837120757,-0.05647073275092762,-0.272465382576911
18097390802,NA,2024,61.325867570092754,-0.0753244651884899,-0.7448888540363638
18097390802,NA,2025,60.78175044355025,-0.00887255489570693,0.20660319149349055
18097390802,NA,2026,59.37027421284285,-0.023222039845961273,-1.3898404128297543
18097390802,NA,2027,57.345847829805905,-0.03409831620078696,-0.12185249009143392
18097390802,NA,2028,53.975421482920666,-0.058773677161216176,-0.2984806096053596
18097390900,NA,2024,63.928645741823686,0.024681144578721836,0.5674636159858322
18097390900,NA,2025,65.46309215354327,0.02400248580138009,0.7124848871363695
18097390900,NA,2026,65.46302987741127,-9.513166877583856e-7,-0.050162835435029245
18097390900,NA,2027,66.99734957465186,0.023437957273193977,0.7405896661660418
18097390900,NA,2028,68.53160475847376,0.022900237002843715,0.6241493113721137
18097391000,NA,2025,64.93385145121891,-0.012302817249837394,0.15381825497594537
18097391000,NA,2026,65.03316150208776,0.0015294033643369342,0.03812681769838391
18097391000,NA,2027,64.3383767783477,-0.010683545251260251,0.22912410826467616
18097391000,NA,2028,63.73036021542231,-0.009450293796190445,0.25870132249849553
18097391001,NA,2024,47.084997133493715,-0.23597205140353716,-2.8530331577726464
18097391001,NA,2025,49.44281124484117,0.05007569830922276,1.1136999327954096
18097391001,NA,2026,44.12716696394225,-0.10751096361765933,-6.252660734854075
18097391001,NA,2027,40.86952212842596,-0.07382401952471174,-0.7173224287037083
18097391001,NA,2028,32.57913743545792,-0.20285005209791362,-1.9260403486371969
18097391002,NA,2024,75.97761460434444,0.011348408407312771,0.39250093851771595
18097391002,NA,2025,77.2981457502103,0.017380529156417523,0.610586103591316
18097391002,NA,2026,77.2793316712356,-2.4339625216229788e-4,-0.06415003691349125
18097391002,NA,2027,78.56450378584898,0.016630217767420907,0.6385447963109713
18097391002,NA,2028,79.8328572735618,0.016144103591236192,0.5478286048226082
