GEOID,NAME,year,housing_pressure_forecast,housing_pressure_delta,housing_pressure_delta_zscore
18097310103,NA,2025,3.996915356275369,-0.04659066757021613,-0.31989775359473394
18097310103,NA,2026,4.049495752297845,0.013155243815689444,0.2537028486728182
18097310103,NA,2027,3.918412500597036,-0.032370265267330445,-0.21420105998023792
18097310103,NA,2028,3.8338887692527024,-0.021570912029158396,-0.10866127242014734
18097310104,NA,2024,24.28248623015668,0.3714976093631017,NA
18097310104,NA,2025,28.62096401046922,0.17866695111823172,1.4962767829317334
18097310104,NA,2026,28.20742765501014,-0.01444872210830539,-0.5250338774312641
18097310104,NA,2027,31.54068275015168,0.11816941040880402,1.1532873572506948
18097310104,NA,2028,34.22611708431914,0.08514192148090216,1.058153278100892
18097310105,NA,2024,33.56544236931657,0.09230884980011433,NA
18097310105,NA,2025,36.68156600595955,0.09283725810482824,0.8042615523861868
18097310105,NA,2026,36.77805015247488,0.0026303169962715867,-0.043216335925724846
18097310105,NA,2027,40.19253563218121,0.09284030734502013,0.9232001400237205
18097310105,NA,2028,43.92407683421112,0.09284164692117991,1.1423432614723492
18097310106,NA,2024,30.967637801210874,-0.039795391667152846,NA
18097310106,NA,2025,30.409029937372697,-0.018038439593746958,-0.08969098094975034
18097310106,NA,2026,30.350941378539183,-0.0019102404434849785,-0.1713102063883735
18097310106,NA,2027,29.69858054451321,-0.02149392422098806,-0.11540138915641879
18097310106,NA,2028,29.01106081789249,-0.023149918750838716,-0.12592637501020673
18097310108,NA,2024,6.529860170160466,0.02829448504857046,NA
18097310108,NA,2025,6.702088511151519,0.026375502155174146,0.2684033225451532
18097310108,NA,2026,6.703383070104246,1.9315754343929292e-4,-0.11197115103156718
18097310108,NA,2027,6.87973154526762,0.026307384393688293,0.31882125391397587
18097310108,NA,2028,7.0604874903483585,0.026273691624649986,0.4144789898231247
18097310110,NA,2024,17.64636380891112,0.007599734370292932,NA
18097310110,NA,2025,17.456281649022678,-0.010771746629889445,-0.031102140303398938
18097310110,NA,2026,17.465474254082547,5.266072835381497e-4,-0.10256418539337524
18097310110,NA,2027,17.293604223913086,-0.009840559017702422,-0.009543303135701646
18097310110,NA,2028,17.13131984335682,-0.009384069304180231,0.02459154215416905
18097310111,NA,2024,20.47284818123839,-0.04166974464509854,NA
18097310111,NA,2025,19.907958843010512,-0.02759212266056621,-0.1667190345047312
18097310111,NA,2026,19.928637011845957,0.001038688546550981,-0.08811783781578973
18097310111,NA,2027,19.411821404836683,-0.025933314290489062,-0.15572839579002662
18097310111,NA,2028,18.926801842576467,-0.024985783257791994,-0.1460000001688552
18097310112,NA,2024,1.370540958764872,-0.16020102751682475,NA
18097310112,NA,2025,1.1532661959368034,-0.1585321193347451,-1.2224430946148448
18097310112,NA,2026,1.1647409708636518,0.009949806009468043,0.16327409833237227
18097310112,NA,2027,0.9800794703143656,-0.15854297665201922,-1.3603422391360835
18097310112,NA,2028,0.824687914381205,-0.1585499550187679,-1.606411217010037
18097310201,NA,2024,18.054328042432548,-1.141246931873896e-4,NA
18097310201,NA,2025,17.556694278415247,-0.027563128511220558,-0.16648526467241023
18097310201,NA,2026,17.540061850935498,-9.473553059585749e-4,-0.14414621040039863
18097310201,NA,2027,17.012105927584987,-0.030100003514089813,-0.19357821329417235
18097310201,NA,2028,16.475790518689703,-0.03152551548751248,-0.2175064391898926
18097310203,NA,2024,30.22820557727415,-0.0075847584322610295,NA
18097310203,NA,2025,30.167812318873153,-0.0019979108004478663,0.039638273778376025
18097310203,NA,2026,30.19055201691076,7.537735185185745e-4,-0.0961555885056261
18097310203,NA,2027,30.18479120667913,-1.9081500160733622e-4,0.07811407430971504
18097310203,NA,2028,30.21462697816699,9.884372326305346e-4,0.13800612552182354
18097310204,NA,2024,22.611809856553943,0.05025906307415018,NA
18097310204,NA,2025,21.785384764738776,-0.03654838321469567,-0.238930276262569
18097310204,NA,2026,22.089978940031855,0.013981583459847124,0.27701475359666833
18097310204,NA,2027,21.72999656052686,-0.016296184821282367,-0.0681856077156911
18097310204,NA,2028,21.600508356167325,-0.005958961107005223,0.06204220249293618
18097310305,NA,2024,27.81154978699983,0.021181066899756518,NA
18097310305,NA,2025,27.8675007629113,0.002011789214911852,0.07196710291812744
18097310305,NA,2026,27.824307662015404,-0.0015499452664725633,-0.16114590292015887
18097310305,NA,2027,27.78337582318798,-0.0014710820238413858,0.06648424771413834
18097310305,NA,2028,27.68630387884116,-0.0034938858749413715,0.0889957145897728
18097310306,NA,2024,24.020078666908525,0.015849160288006425,NA
18097310306,NA,2025,23.791065436506457,-0.009534241480964378,-0.021124562837277202
18097310306,NA,2026,23.688717894598653,-0.004301931839956863,-0.23878232010812103
18097310306,NA,2027,23.206967362221405,-0.020336707732379833,-0.1048893421675247
18097310306,NA,2028,22.555211208185607,-0.02808450341067792,-0.17988188338245392
18097310308,NA,2024,5.889883398000404,-0.2577544901499491,NA
18097310308,NA,2025,5.648008688699212,-0.041066128640731336,-0.2753553004328866
18097310308,NA,2026,5.349728811440059,-0.05281151175563259,-1.6072882642261215
18097310308,NA,2027,4.754900901072184,-0.11118842306471177,-0.9301778771967112
18097310308,NA,2028,4.006885469567788,-0.15731462065502266,-1.5929038808915494
18097310309,NA,2024,19.887613212225748,-0.08574624479449167,NA
18097310309,NA,2025,18.46143915972165,-0.071711674864401,-0.5224397765693114
18097310309,NA,2026,18.502303681616105,0.0022135068420674475,-0.05497498596121566
18097310309,NA,2027,17.189031029981404,-0.0709788723735828,-0.5649180572508121
18097310309,NA,2028,15.976277387209118,-0.0705539271327732,-0.6442491007191801
18097310310,NA,2024,17.103339888238402,0.07590697484449715,NA
18097310310,NA,2025,17.322520990104195,0.012815105312648178,0.1590705168714306
18097310310,NA,2026,17.53144327136995,0.012060731886837317,0.22282552334561687
18097310310,NA,2027,18.05516013878885,0.029873003569202083,0.3512110069865249
18097310310,NA,2028,18.75440236400262,0.03872810984996744,0.550657516112606
18097310311,NA,2024,0.5896202120950054,-0.41751729573561847,NA
18097310311,NA,2025,0.414093986636205,-0.29769370496158953,-2.344454992590592
18097310311,NA,2026,0.4403620764277723,0.06343509116118762,1.67214988699534
18097310311,NA,2027,0.3282794080344679,-0.2545238893015531,-2.2322239257013177
18097310311,NA,2028,0.2589713931412509,-0.21112507576454498,-2.181275681421338
18097310312,NA,2024,37.190649588993026,0.14043479277640003,NA
18097310312,NA,2025,35.020657464787824,-0.0583477876344336,-0.4146913601677012
18097310312,NA,2026,36.193492418987454,0.03348980399293988,0.8273620418046862
18097310312,NA,2027,35.77193353894444,-0.011647366746566301,-0.025956176554535408
18097310312,NA,2028,36.23428243136622,0.012924906391163615,0.26852131697448955
18097320105,NA,2024,11.06790652265833,-0.15396922540799718,NA
18097320105,NA,2025,9.802562531219426,-0.11432550400100316,-0.8660203925431923
18097320105,NA,2026,9.92684054604093,0.012678114975109844,0.24024254545893056
18097320105,NA,2027,8.97710656781244,-0.09567333874495121,-0.7892402937700094
18097320105,NA,2028,8.257711558259333,-0.08013662354555418,-0.749027778595862
18097320106,NA,2024,22.52805232744807,0.03870952677562589,NA
18097320106,NA,2025,22.82062601713747,0.0129870831901846,0.16045711521978442
18097320106,NA,2026,22.846794333354072,0.0011466958091750357,-0.08507084006470904
18097320106,NA,2027,23.19045527176915,0.01504197627906878,0.21648733401591544
18097320106,NA,2028,23.56140062394017,0.015995604563338928,0.3020968035368881
18097320107,NA,2024,2.2294178037239782,0.1383145021367136,NA
18097320107,NA,2025,1.851007969152883,-0.16973482222085357,-1.3127666265800932
18097320107,NA,2026,1.9694786721183528,0.0640033457120599,1.6881809417270575
18097320107,NA,2027,1.7733491781634132,-0.09958447214053079,-0.8247686658930274
18097320107,NA,2028,1.6738511629798258,-0.056107401976317806,-0.4862885705507893
18097320108,NA,2024,46.880664018554015,4.242671143857013e-4,NA
18097320108,NA,2025,46.06727241971649,-0.01735025763533571,-0.08414240702518934
18097320108,NA,2026,46.14401064424491,0.0016657861535465113,-0.07042675897719033
18097320108,NA,2027,45.46762871795096,-0.01465806540980219,-0.05330508328796759
18097320108,NA,2028,44.85940694879815,-0.013377028587212791,-0.019068089380600457
18097320109,NA,2024,0.6892961399168737,-0.5333465132762765,NA
18097320109,NA,2025,0.5298794058252259,-0.23127466535772678,-1.8089411699219833
18097320109,NA,2026,0.5421690897683816,0.023193360240177707,0.5368886032915997
18097320109,NA,2027,0.4167791149648958,-0.2312746653577269,-2.0210301370207255
18097320109,NA,2028,0.32038866462329985,-0.23127466535772712,-2.401594396153392
18097320202,NA,2024,24.19481406895126,0.1400889659763398,NA
18097320202,NA,2025,26.959155966716683,0.11425348795355483,0.9769332317998433
18097320202,NA,2026,26.98026684012669,7.83068781384344e-4,-0.09532913852531304
18097320202,NA,2027,29.85164294414345,0.10642504468288938,1.046602630943301
18097320202,NA,2028,32.8973658244298,0.10202865168879716,1.2427953859822973
18097320203,NA,2024,39.23352302840242,0.0849459281555065,NA
18097320203,NA,2025,37.46767521895516,-0.045008647532593815,-0.3071424713302161
18097320203,NA,2026,38.6074334532822,0.030419774583463566,0.740753303844295
18097320203,NA,2027,38.32156535100042,-0.0074044834559566786,0.012585780770082029
18097320203,NA,2028,38.94058771157648,0.016153368342504137,0.3038218169867259
18097320204,NA,2025,25.254739300450705,-0.05246971973936121,-0.3672985248125093
18097320204,NA,2026,25.331051845408865,0.0030217118478350624,-0.03217467813786359
18097320204,NA,2027,24.06892478981086,-0.04982529202895136,-0.3727609001802702
18097320204,NA,2028,22.909962652804783,-0.04815180350294268,-0.3993008320426377
18097320205,NA,2024,21.747515588504935,-0.07124471381104325,NA
18097320205,NA,2025,18.573676152088137,-0.14594032240144217,-1.1209197761471723
18097320205,NA,2026,18.96451788636095,0.021042777481014463,0.47621841619971894
18097320205,NA,2027,16.53302021032529,-0.12821299706144207,-1.084827524502351
18097320205,NA,2028,14.5936980226954,-0.1172999344922312,-1.1553771419461705
18097320206,NA,2024,40.22596274812674,-4.457741374569446e-4,NA
18097320206,NA,2025,40.23430910821601,2.074868945096675e-4,0.05741963522495981
18097320206,NA,2026,40.23425260872735,-1.4042614353559912e-6,-0.11745994287293382
18097320206,NA,2027,40.242486895564355,2.0465862550200775e-4,0.08170651996873056
18097320206,NA,2028,40.25066616041038,2.032494877182156e-4,0.1294207618357574
18097320301,NA,2024,7.075675088175669,-0.07966395155912243,NA
18097320301,NA,2025,7.18447090249131,0.015376033093641217,0.17971839485577384
18097320301,NA,2026,7.105699927650517,-0.010964060667776998,-0.42672793656573865
18097320301,NA,2027,7.083717590589532,-0.0030936202323215145,0.051745261485785794
18097320301,NA,2028,7.001081798866778,-0.011665596583428584,-3.5502836854769075e-4
18097320303,NA,2024,45.710247255575354,0.06140743627352929,NA
18097320303,NA,2025,48.0300093972919,0.05074928010663071,0.46492069288817833
18097320303,NA,2026,48.07870669974136,0.0010138932525840527,-0.08881733897079622
18097320303,NA,2027,50.53750871126467,0.05114118453474403,0.5444091854422846
18097320303,NA,2028,53.1309942208019,0.05131803240152899,0.6883176675667424
18097320304,NA,2025,11.520084193639985,-0.07060549477006295,-0.5135210277525272
18097320304,NA,2026,11.876886678858268,0.03097221159332042,0.7563381292139243
18097320304,NA,2027,11.429102953603843,-0.03770211313470828,-0.2626350702724
18097320304,NA,2028,11.289114264229765,-0.012248440664360039,-0.006727935280927343
18097320305,NA,2024,4.275279465372372,-0.06300125050588845,NA
18097320305,NA,2025,4.015426909512117,-0.06078025026549283,-0.434303467928159
18097320305,NA,2026,4.020676806117253,0.0013074317434840221,-0.08053631138155863
18097320305,NA,2027,3.7762705523717,-0.06078734141816655,-0.4723391376219075
18097320305,NA,2028,3.5467064354977005,-0.06079122607616694,-0.5375022243543859
18097320306,NA,2024,23.64524725870211,0.04630219119756851,NA
18097320306,NA,2025,24.871921863630767,0.05187827352819108,0.4740233776989407
18097320306,NA,2026,24.891899294392108,8.03212187255653e-4,-0.09476087199491665
18097320306,NA,2027,26.180748464659302,0.05177785572021665,0.5501926472958331
18097320306,NA,2028,27.53513008739246,0.051731967272112156,0.692843695168839
18097320400,NA,2024,25.427320638412223,-0.023784883391748668,NA
18097320400,NA,2025,25.498537719245633,0.002800809485440814,0.07832870139582375
18097320400,NA,2026,25.470698517182132,-0.0010917960225808043,-0.1482210339633689
18097320400,NA,2027,25.48963854628232,7.436006942411755e-4,0.08660221961235698
18097320400,NA,2028,25.48372584753127,-2.3196479386367042e-4,0.12466206187773941
18097320500,NA,2024,32.18043473969943,0.04550009697304036,NA
18097320500,NA,2025,33.74139334730155,0.048506448723529605,0.44683751651692977
18097320500,NA,2026,33.76758705331167,7.763077754527892e-4,-0.09551987356819804
18097320500,NA,2027,35.40751712124466,0.04856521330185348,0.5210093022667932
18097320500,NA,2028,37.12807471916751,0.04859300334534056,0.658521780335864
18097320600,NA,2024,8.741595832213118,-0.09699315053238489,NA
18097320600,NA,2025,8.29055259209278,-0.051597356910305314,-0.36026496401235353
18097320600,NA,2026,8.261403236689729,-0.00351597255783076,-0.21660958739647962
18097320600,NA,2027,7.773647719662112,-0.05904027476366791,-0.4564689465681078
18097320600,NA,2028,7.285280337850733,-0.06282345166943137,-0.5597228918614354
18097320700,NA,2024,16.95476050155221,0.07178307456240773,NA
18097320700,NA,2025,17.489741705423942,0.031553450951002926,0.31015133892380803
18097320700,NA,2026,17.390231049177405,-0.005689658425068411,-0.27793153731092834
18097320700,NA,2027,17.678761419254126,0.016591520219644718,0.23056324710135795
18097320700,NA,2028,17.798176149858744,0.006754700047852946,0.201055330885634
18097320800,NA,2024,1.2693080151183744,-0.007401132177430991,NA
18097320800,NA,2025,1.3347245139964894,0.051537135272886614,0.47127289753171514
18097320800,NA,2026,1.33297555883785,-0.0013103491696594416,-0.15438664664034366
18097320800,NA,2027,1.3961180080026772,0.04736954758561196,0.5101479860689423
18097320800,NA,2028,1.459673607344633,0.0455230854251929,0.624954825169259
18097320901,NA,2024,18.80002522407181,0.08956590631953976,NA
18097320901,NA,2025,18.575446050302435,-0.011945684704817272,-0.04056719836250804
18097320901,NA,2026,18.79563140179863,0.011853570078475206,0.21698127223829752
18097320901,NA,2027,18.933100823562388,0.0073139028333255585,0.14628623336189572
18097320901,NA,2028,19.242764822237035,0.016355693742953425,0.3060340740641464
18097320902,NA,2024,36.70221241397456,-0.02348864708520193,NA
18097320902,NA,2025,36.155065676487496,-0.0149077317551225,-0.06444916275545567
18097320902,NA,2026,36.195009714834015,0.001104797836738447,-0.08625282565241427
18097320902,NA,2027,35.742625349805216,-0.012498528625712546,-0.03368805192687972
18097320902,NA,2028,35.351098761383525,-0.010954052327995067,0.007425106065809852
18097320903,NA,2024,37.38832741212661,0.008167636180649751,NA
18097320903,NA,2025,37.48467195828645,0.00257686162576487,0.0765230869947606
18097320903,NA,2026,37.48780593847528,8.360697920273275e-5,-0.11506168693395638
18097320903,NA,2027,37.59038386295966,0.0027363010962211387,0.10470372479017785
18097320903,NA,2028,37.696166036339235,0.0028140753700525156,0.1579679339816211
18097321001,NA,2024,9.343826983800655,0.08571207018292415,NA
18097321001,NA,2025,9.476628312546795,0.01421273413734836,0.17033911634307217
18097321001,NA,2026,9.52795926144885,0.00541658353679364,0.035387154956482536
18097321001,NA,2027,9.754202859823502,0.023745231498843555,0.29554689523651567
18097321001,NA,2028,10.027712359201702,0.028040169279722083,0.4337939284608855
18097321002,NA,2024,9.520443322178131,-0.031064558662193376,NA
18097321002,NA,2025,9.094196055957736,-0.04477178759390754,-0.3052327512866947
18097321002,NA,2026,9.103552984310872,0.0010288901070045764,-0.08839426203520463
18097321002,NA,2027,8.701622790652296,-0.044150914961583076,-0.3212153864824675
18097321002,NA,2028,8.320242162277507,-0.04382867857527517,-0.3520311185189395
18097321100,NA,2024,7.791903946595768,0.11609747958857475,NA
18097321100,NA,2025,7.006192298795099,-0.10083692678782841,-0.757266643785768
18097321100,NA,2026,7.246259063037989,0.0342649407844795,0.8492294607468927
18097321100,NA,2027,6.843452641346498,-0.055588189462634996,-0.4251105246553918
18097321100,NA,2028,6.630549717351356,-0.031110454788396247,-0.21296810160528898
18097321200,NA,2024,7.819789937435519,0.0859595603255523,NA
18097321200,NA,2025,8.633753465413106,0.10409020376377587,0.8949901745108992
18097321200,NA,2026,8.66914378232943,0.004099065030996885,-0.0017814189582480988
18097321200,NA,2027,9.587650391519068,0.105951248733682,1.042298712592461
18097321200,NA,2028,10.611871908368752,0.10682716567926565,1.295263076706952
18097321300,NA,2024,9.365645298685836,0.015354879206734395,NA
18097321300,NA,2025,8.797128165009498,-0.06070239855828308,-0.43367577644725497
18097321300,NA,2026,8.838965260697517,0.00475576743947248,0.016744842268455438
18097321300,NA,2027,8.357487374639723,-0.05447220029234501,-0.41497298279294004
18097321300,NA,2028,7.929232115603614,-0.05124210660917339,-0.433090681972266
18097321400,NA,2024,14.101817854653165,0.0499336654808995,NA
18097321400,NA,2025,14.59579798551566,0.035029535621146746,0.33817781146437464
18097321400,NA,2026,14.615232707595244,0.001331528574105345,-0.07985651460745734
18097321400,NA,2027,15.152356360077365,0.03675094767413367,0.4136896117504304
18097321400,NA,2028,15.720745217749242,0.03751158197212412,0.5373558130063133
18097321600,NA,2024,25.340568055192676,-0.032746856577075656,NA
18097321600,NA,2025,25.016882675345578,-0.012773406623801775,-0.04724083489181746
18097321600,NA,2026,24.984869723236898,-0.0012796539250763406,-0.1535207017127407
18097321600,NA,2027,24.60602345114363,-0.015163027715967003,-0.0578921139276787
18097321600,NA,2028,24.20484794495321,-0.016303955289117433,-0.051071556552793204
18097321700,NA,2024,25.177617307669472,0.13712994600835815,NA
18097321700,NA,2025,27.262792665070815,0.08281861352965159,0.7234846744546525
18097321700,NA,2026,27.436653566298343,0.006377222735889365,0.06248779067422111
18097321700,NA,2027,29.921907007246983,0.09058150750576188,0.9026814122985853
18097321700,NA,2028,32.726673701879356,0.09373622790663272,1.152124747692068
18097321800,NA,2024,9.741577836210524,0.03983963418338088,NA
18097321800,NA,2025,10.10381522667261,0.037184673422780534,0.3555539447149285
18097321800,NA,2026,10.107939738128008,4.08213270221891e-4,-0.10590420423610548
18097321800,NA,2027,10.483040362456444,0.037109503424671564,0.4169466988511557
18097321800,NA,2028,10.87167926858533,0.03707310977459777,0.5325614904937876
18097321900,NA,2024,14.248836724954373,0.03325396849818829,NA
18097321900,NA,2025,14.689129233643534,0.030900242397897904,0.3048847435114173
18097321900,NA,2026,14.695472402491433,4.3182742468972357e-4,-0.10523802426071249
18097321900,NA,2027,15.152945968850531,0.03113023888102706,0.36263161566614716
18097321900,NA,2028,15.626223851256796,0.031233390746536527,0.4687091035898822
18097322000,NA,2024,16.474071692502594,-0.148102534290386,NA
18097322000,NA,2025,16.744668382089603,0.01642561078025162,0.18818077796906
18097322000,NA,2026,17.272854329781453,0.03154352989497289,0.7724556155569084
18097322000,NA,2027,17.5715151699943,0.017290763559436817,0.2369151085870218
18097322000,NA,2028,17.212236871572966,-0.020446631661841463,-0.09636821779587049
18097322100,NA,2024,3.422529942697821,-0.20426178832275654,NA
18097322100,NA,2025,2.813951692663139,-0.1778153179735129,-1.377916878606809
18097322100,NA,2026,2.8534367895280135,0.014031902881568525,0.27843431706949207
18097322100,NA,2027,2.352666388672739,-0.1754972819769759,-1.5143535723606476
18097322100,NA,2028,1.9436281256141017,-0.1738615661906051,-1.7738307308545067
18097322200,NA,2024,6.705710624878564,-0.07823088870716877,NA
18097322200,NA,2025,6.076099155399176,-0.09389183409488233,-0.7012707552729345
18097322200,NA,2026,6.102829495217868,0.004399259975035097,0.006687394130312771
18097322200,NA,2027,5.5418119789713005,-0.09192744393173313,-0.7552129335659031
18097322200,NA,2028,5.038268950926258,-0.0908625247402407,-0.8663064335594316
18097322300,NA,2024,2.4086910878299657,-0.17542475093287513,NA
18097322300,NA,2025,2.077639609461497,-0.1374404048909066,-1.0523878710551566
18097322300,NA,2026,2.103930508707387,0.012654215450149442,0.23956831488371713
18097322300,NA,2027,1.8397205438679385,-0.12557922599913907,-1.060902593050487
18097322300,NA,2028,1.6255472266003137,-0.11641622309513056,-1.1457145054789166
18097322400,NA,2024,24.962817315031035,-0.001487307398758575,NA
18097322400,NA,2025,25.977111019363218,0.040632180716294375,0.38335000771792527
18097322400,NA,2026,25.896904838346313,-0.003087571245205867,-0.2045239386686565
18097322400,NA,2027,26.78291038464843,0.03421279692815582,0.39063328636164774
18097322400,NA,2028,27.623858208053605,0.0313986721878885,0.47051631631544805
18097322500,NA,2024,40.974268281416514,0.0015932246568481911,NA
18097322500,NA,2025,41.1351363367414,0.003926075121586603,0.08740133035770066
18097322500,NA,2026,41.14433637505526,2.2365401292345766e-4,-0.11111081375723415
18097322500,NA,2027,41.32642754855872,0.004425668015242357,0.12004977681160428
18097322500,NA,2028,41.521569543391706,0.00472196621892107,0.17882910625155143
18097322600,NA,2025,15.715345135077245,-0.10549566746036998,-0.7948284640296935
18097322600,NA,2026,15.7805214225695,0.004147302329795988,-4.205943489746475e-4
18097322600,NA,2027,14.115744826342272,-0.10549566466455562,-0.8784653891808905
18097322600,NA,2028,12.62659496766345,-0.10549566296351764,-1.0263074197303725
18097322601,NA,2024,37.99534039068283,-0.11651611421664687,NA
18097322601,NA,2025,43.266484144820346,0.13873132073400507,1.174289560362889
18097322601,NA,2026,39.97228261891306,-0.07613749050838114,-2.265338501539992
18097322601,NA,2027,41.823744102655375,0.04631863287352744,0.5006015745344515
18097322601,NA,2028,40.50413187004431,-0.0315517479585784,-0.21779326906713464
18097322602,NA,2024,22.764708912475875,0.09709440542052405,NA
18097322602,NA,2025,21.16117246464516,-0.0704395761876806,-0.5121832834124516
18097322602,NA,2026,22.32321074895907,0.054913700375315955,1.4317525476885666
18097322602,NA,2027,21.92607031481531,-0.017790471030798338,-0.08175956470984022
18097322602,NA,2028,22.650230766575845,0.03302737067623207,0.488324756332475
18097322700,NA,2024,3.903442243187832,-0.2080349404376689,NA
18097322700,NA,2025,3.2690472286275876,-0.1625219421825368,-1.25461166100386
18097322700,NA,2026,3.280037047620534,0.0033617804284706843,-0.022580988091142902
18097322700,NA,2027,2.713302501213667,-0.17278297110028007,-1.4896970247231274
18097322700,NA,2028,2.226799705485,-0.17930282211845283,-1.833326260875486
18097330103,NA,2024,15.11346402953724,0.0538851762878656,NA
18097330103,NA,2025,15.326509975483637,0.014096433850639745,0.16940142721832363
18097330103,NA,2026,15.34464515548519,0.0011832556812061412,-0.08403944786799794
18097330103,NA,2027,15.59401928252298,0.01625154081511271,0.2274749058005915
18097330103,NA,2028,15.86324810592429,0.01726487690720302,0.31597522275490036
18097330105,NA,2024,22.59758390690712,-0.006201145699887611,NA
18097330105,NA,2025,22.54806502659765,-0.0021913351672224746,0.0380787597795813
18097330105,NA,2026,22.54492566590724,-1.3922971601809664e-4,-0.1213481429805232
18097330105,NA,2027,22.48951247276351,-0.0024579009026197696,0.057520076770011676
18097330105,NA,2028,22.431358876602605,-0.002585809551511331,0.09892476091260265
18097330106,NA,2024,38.529205592313275,-0.029650802048011737,NA
18097330106,NA,2025,38.73214324612926,0.00526711232936683,0.09821365112840721
18097330106,NA,2026,38.45646906661556,-0.0071174522350051506,-0.3182110927981096
18097330106,NA,2027,38.27585944963194,-0.004696469056240327,0.03718513179614356
18097330106,NA,2028,37.887566564087265,-0.010144589595842635,0.016275896199603172
18097330108,NA,2024,2.6172059726228847,Inf,NA
18097330108,NA,2025,3.7584959857890823,0.43607191222417674,3.571644260658594
18097330108,NA,2026,3.9244930753245377,0.04416582860886176,1.1285438531466132
18097330108,NA,2027,5.636079895776457,0.4361294026007114,4.04160636360154
18097330108,NA,2028,8.094224221236807,0.436144336297011,4.896067720105151
18097330109,NA,2024,1.8639427304571383,0.17020654546512204,NA
18097330109,NA,2025,2.075567609667092,0.11353614880541518,0.9711495735045528
18097330109,NA,2026,2.089797443448752,0.006855875816997425,0.0759910943063167
18097330109,NA,2027,2.339133675604146,0.1193111958946218,1.163659230444957
18097330109,NA,2028,2.62354049500165,0.12158639002281402,1.4566427079284678
18097330202,NA,2025,21.493753455337963,-0.029933042312043634,-0.1855930627743275
18097330202,NA,2026,21.73077487176632,0.011027455810399323,0.1936757254092431
18097330202,NA,2027,21.384644760718015,-0.015928107170168904,-0.06484202455544767
18097330202,NA,2028,21.225062144489172,-0.007462486191119,0.04560242774876793
18097330203,NA,2024,2.234032685845866,Inf,NA
18097330203,NA,2025,2.4752197751429335,0.10796041204999085,0.9261943299192857
18097330203,NA,2026,2.4831438013692955,0.0032013424851957684,-0.02710711013580812
18097330203,NA,2027,2.7494684554708315,0.1072530128761271,1.0541238170293137
18097330203,NA,2028,3.0434017164480096,0.1069054858193832,1.296119441176736
18097330204,NA,2024,0.6483599546439915,-0.22665065409963903,NA
18097330204,NA,2025,0.5233408546494066,-0.1928235991429048,-1.4989234765438098
18097330204,NA,2026,0.531946266374428,0.01644322557386868,0.3464602501601438
18097330204,NA,2027,0.4304498531721179,-0.19080200316862161,-1.6533802366903243
18097330204,NA,2028,0.3489375300778228,-0.18936543361231428,-1.943352404133793
18097330206,NA,2024,1.3921963254353105,-0.11645254632194779,NA
18097330206,NA,2025,1.2871048660879298,-0.0754860916002782,-0.5528715977252502
18097330206,NA,2026,1.3007819654873496,0.010626251022568534,0.18235731906745553
18097330206,NA,2027,1.2305946742937308,-0.05395776775496919,-0.41029992545341454
18097330206,NA,2028,1.185946598368153,-0.036281707420197096,-0.2695113740190666
18097330208,NA,2024,8.651982116474603,-0.031764546783614955,NA
18097330208,NA,2025,8.35273649752853,-0.03458694376821081,-0.22311586608463232
18097330208,NA,2026,8.355030153164561,2.7459930487561124e-4,-0.10967359383113828
18097330208,NA,2027,8.06361855206133,-0.03487858161623225,-0.23698637247987142
18097330208,NA,2028,7.78102719146348,-0.03504522923218023,-0.25599153114989615
18097330209,NA,2025,26.27770420675104,0.1894857834243875,1.5835052987253158
18097330209,NA,2026,26.54299635848736,0.01009571268665721,0.1673902781749307
18097330209,NA,2027,31.574783366877583,0.18957117502603515,1.8018943483669403
18097330209,NA,2028,37.56176515627399,0.18961275901189056,2.2004534994213634
18097330210,NA,2024,9.986818628080432,-0.19697825725230833,NA
18097330210,NA,2025,10.180888267945518,0.019432578791349187,0.21242492458528764
18097330210,NA,2026,9.984436088852831,-0.019296172782017007,-0.6617855267410424
18097330210,NA,2027,9.83654792601416,-0.014811869345709106,-0.05470222394163633
18097330210,NA,2028,9.534073736939844,-0.030750034600490417,-0.20902721178241307
18097330211,NA,2024,26.499207473058735,0.02831944789177321,NA
18097330211,NA,2025,23.869053265173815,-0.09925407054376822,-0.7445046194769696
18097330211,NA,2026,24.2266858144359,0.014983105751575465,0.3052687440822469
18097330211,NA,2027,22.273931509487976,-0.0806034436532107,-0.652346767898627
18097330211,NA,2028,20.701152279274737,-0.07061075991650989,-0.6448705191262205
18097330212,NA,2024,4.649015219487835,-0.2747536257598978,NA
18097330212,NA,2025,4.009599499029217,-0.13753788496503583,-1.0531738192929256
18097330212,NA,2026,3.9902041337340513,-0.004837232571447969,-0.2538837131568695
18097330212,NA,2027,3.362318050426244,-0.1573568825713757,-1.3495678707860703
18097330212,NA,2028,2.7933707571141113,-0.16921281234534225,-1.7230005406137803
18097330213,NA,2024,2.457756607376358,-0.15148879031054296,NA
18097330213,NA,2025,2.0284467902932324,-0.1746754808001153,-1.3526014537329845
18097330213,NA,2026,2.0534434231969674,0.01232304097073289,0.23022553672712295
18097330213,NA,2027,1.6947572059542022,-0.1746754808001154,-1.50688840687802
18097330213,NA,2028,1.398724676164692,-0.1746754808001152,-1.7827301985007151
18097330401,NA,2024,12.138811967142214,0.1027368002218223,NA
18097330401,NA,2025,11.021507039717822,-0.0920440097802614,-0.6863723847417667
18097330401,NA,2026,11.41885095803803,0.0360516866603009,0.8996354291337628
18097330401,NA,2027,10.897398229681484,-0.04566595450564859,-0.3349778648380979
18097330401,NA,2028,10.682148913999002,-0.01975235842039813,-0.08877692728743211
18097330500,NA,2024,11.264180693748104,-0.09642439078943232,NA
18097330500,NA,2025,10.312008866161449,-0.08453094401398709,-0.6257971251105776
18097330500,NA,2026,10.332342175801603,0.001971808781786155,-0.0617935408271145
18097330500,NA,2027,9.447445904510408,-0.08564333780617783,-0.698128697793837
18097330500,NA,2028,8.63264820300084,-0.08624528891142591,-0.8158208661628892
18097330600,NA,2024,39.91101879083041,0.10829488362550155,NA
18097330600,NA,2025,41.50240175107396,0.0398732733079008,0.37723119886816986
18097330600,NA,2026,41.78845754156011,0.006892511720210326,0.07702463142212225
18097330600,NA,2027,43.91929009697304,0.05099093579354386,0.5430443398467832
18097330600,NA,2028,46.36980043819046,0.05579576390708341,0.737277873215436
18097330700,NA,2025,100,0,0.05574673991218193
18097330700,NA,2026,100,0,-0.11742032719032595
18097330700,NA,2027,100,0,0.07984742004305716
18097330700,NA,2028,100,0,0.12719840064587104
18097330701,NA,2024,33.620775945277856,-0.044024640017511496,NA
18097330701,NA,2025,32.771584685416535,-0.02525793162071832,-0.14789925671145124
18097330701,NA,2026,32.77873429034136,2.1816476052216593e-4,-0.11126567130399069
18097330701,NA,2027,31.950811261022213,-0.025257931620718654,-0.14959328241236472
18097330701,NA,2028,31.143799854964826,-0.025257931620718654,-0.1489757122675633
18097330702,NA,2024,6.055013555025964,-0.16238979155474198,NA
18097330702,NA,2025,4.483681707038602,-0.25950922053396197,-2.0365866562757806
18097330702,NA,2026,4.642678310953213,0.03546117104276458,0.8829763664476352
18097330702,NA,2027,3.475427489527996,-0.25141755324106485,-2.2040062577432495
18097330702,NA,2028,2.6223796298987088,-0.2454512033986188,-2.556602845634475
18097330803,NA,2024,30.860231210677338,-0.04044927209742821,NA
18097330803,NA,2025,29.384413681928216,-0.04782263355948235,-0.3298306707257926
18097330803,NA,2026,29.401325912049828,5.755510490927929e-4,-0.10118343061863841
18097330803,NA,2027,27.98179215167107,-0.04828128379737384,-0.35873527296068
18097330803,NA,2028,26.62355596442353,-0.04853999986439128,-0.40354543082329747
18097330804,NA,2024,24.820808414486027,-0.09480814673974924,NA
18097330804,NA,2025,24.538544925599215,-0.011372050586477944,-0.03594218418950629
18097330804,NA,2026,23.98500353152434,-0.022558036580946794,-0.7538061133034968
18097330804,NA,2027,23.055607479793174,-0.0387490479419621,-0.2721453287214453
18097330804,NA,2028,21.71441089013909,-0.05817225119006564,-0.5088659497467579
18097330805,NA,2024,39.62114200920444,-0.22615993998773232,NA
18097330805,NA,2025,49.41296252473314,0.24713625148043294,2.0483211514003656
18097330805,NA,2026,43.88058766814142,-0.11196201510529835,-3.2759857786614353
18097330805,NA,2027,46.96427653659896,0.07027455720918674,0.7182149638681192
18097330805,NA,2028,45.47934345351005,-0.031618353195150606,-0.2185215409779917
18097330806,NA,2024,34.433929306106776,0.015196252185587955,NA
18097330806,NA,2025,33.45086765115689,-0.028549215113116366,-0.17443574105407733
18097330806,NA,2026,33.638028050616384,0.0055950835539244625,0.040422826980303916
18097330806,NA,2027,32.96582855372309,-0.019983320540722826,-0.10167920577512024
18097330806,NA,2028,32.4447304009271,-0.015807221467125543,-0.0456401924687215
18097330900,NA,2024,32.17020369109913,-0.028985076344171024,NA
18097330900,NA,2025,31.424453833448855,-0.023181384389450166,-0.13115677214075214
18097330900,NA,2026,31.43776174599664,4.234890642274003e-4,-0.10547325812331702
18097330900,NA,2027,30.7248250434082,-0.022677718227800625,-0.12615486384960373
18097330900,NA,2028,30.03662888989069,-0.022398700482271994,-0.11771243880825744
18097331000,NA,2024,40.33268100440291,0.0043267294247058,NA
18097331000,NA,2025,40.78095523239202,0.01111441681598535,0.14535845172492592
18097331000,NA,2026,40.8418960643603,0.0014943453781552929,-0.07526328241431178
18097331000,NA,2027,41.45390530182527,0.014984839011894735,0.21596830439331394
18097331000,NA,2028,42.19848573996151,0.017961647586999696,0.3235938206387861
18097340101,NA,2024,5.962079069954004,-0.010189350864273194,NA
18097340101,NA,2025,5.805323883907025,-0.026292034071964676,-0.15623686833608105
18097340101,NA,2026,5.805497225990887,2.985915813291662e-5,-0.11657796913523072
18097340101,NA,2027,5.650444904183755,-0.026707845300997124,-0.16276416347651074
18097340101,NA,2028,5.498286667214636,-0.02692854094665298,-0.16724241183517005
18097340102,NA,2024,46.025005783335224,-0.015094601751663883,NA
18097340102,NA,2025,45.2995958740931,-0.01576121277761533,-0.071330486057572
18097340102,NA,2026,45.30420225158101,1.0168694442036497e-4,-0.11455163222078867
18097340102,NA,2027,44.59166925078866,-0.015727746332129366,-0.0630219653314913
18097340102,NA,2028,43.89108102576265,-0.01571119082996919,-0.04459017869770422
18097340108,NA,2024,34.82435583060178,-0.04125538886121005,NA
18097340108,NA,2025,33.081728506278175,-0.05004047548791357,-0.3477123657375321
18097340108,NA,2026,33.10582604621829,7.284244514473848e-4,-0.09687071217862164
18097340108,NA,2027,31.43926298479635,-0.0503404766005624,-0.3774407889288671
18097340108,NA,2028,29.85137225726969,-0.050506614238843395,-0.4250486951627101
18097340109,NA,2025,20.92357634457039,-0.01641807581618948,-0.0766265463266534
18097340109,NA,2026,21.79368948227003,0.041585297052978865,1.0557443611834056
18097340109,NA,2027,22.359215177273413,0.025949057201327008,0.31556624301447633
18097340109,NA,2028,23.811147609893272,0.06493664563395085,0.8372256812969756
18097340110,NA,2025,54.96230741328885,0.03891459586699164,0.36950171310400703
18097340110,NA,2026,54.9122779368067,-9.102506578908542e-4,-0.14309944950237913
18097340110,NA,2027,56.958935639399975,0.03727140412839147,0.41841738979083076
18097340110,NA,2028,59.01440109223488,0.03608679533353287,0.5217769765476272
18097340111,NA,2024,13.43525746474719,0.10926997529451166,NA
18097340111,NA,2025,14.91080566127665,0.10982656643545208,0.9412404894935354
18097340111,NA,2026,14.964887966918472,0.003627054558311027,-0.015097327664928254
18097340111,NA,2027,16.608567280122006,0.10983572458658353,1.0775849300763094
18097340111,NA,2028,18.43284717153031,0.10983969060303567,1.328202488015253
18097340112,NA,2024,30.35208593349915,-0.006299099655440843,NA
18097340112,NA,2025,30.743516228537743,0.012896322707316,0.1597253447302065
18097340112,NA,2026,30.71944745527907,-7.828894092579697e-4,-0.1395064555802019
18097340112,NA,2027,31.067219367308024,0.01132090388459095,0.1826854583557508
18097340112,NA,2028,31.39614637376141,0.010587590816045767,0.24296474863587597
18097340113,NA,2024,25.434422352446976,0.008430112365862552,NA
18097340113,NA,2025,25.47955482603964,0.0017744642660744159,0.07005363365803931
18097340113,NA,2026,25.48835982901538,3.4557130357493193e-4,-0.1076713995788939
18097340113,NA,2027,25.54979782058416,0.002410433310771287,0.10174357212510862
18097340113,NA,2028,25.61901012721704,0.0027089179773125416,0.1568181268599473
18097340114,NA,2024,6.307356142027112,0.1170124264428658,NA
18097340114,NA,2025,6.252873917779616,-0.0086378861476476,-0.013897558745126092
18097340114,NA,2026,6.343752780186666,0.01453393489170507,0.2925971647215154
18097340114,NA,2027,6.439292877309062,0.015060501320416364,0.21665561376912845
18097340114,NA,2028,6.607268123641544,0.02608597706813387,0.41242648996267484
18097340115,NA,2024,26.230263653829898,-0.14414068538051195,NA
18097340115,NA,2025,25.8915674168818,-0.01291242213261723,-0.04836166902281348
18097340115,NA,2026,25.005057481400584,-0.03423933055915318,-1.0833476239072495
18097340115,NA,2027,23.60721945616419,-0.05590221203355128,-0.4279630764929614
18097340115,NA,2028,21.59888083501872,-0.08507306948515136,-0.8030036384875354
18097340201,NA,2024,15.298323311400214,-0.0017457718015619905,NA
18097340201,NA,2025,15.607573744280538,0.02021466186754428,0.21873059085621793
18097340201,NA,2026,15.536955828330528,-0.0045245928103263555,-0.24506381877299127
18097340201,NA,2027,15.751423060767427,0.013803684248482773,0.2052388043417932
18097340201,NA,2028,15.91311109494012,0.010264979459247314,0.2394372663931682
18097340202,NA,2024,20.69198353014273,0.09958226527948555,NA
18097340202,NA,2025,17.81019994425289,-0.13927053352289043,-1.067143567396661
18097340202,NA,2026,18.550164825816772,0.041547252915746125,1.0546710963142325
18097340202,NA,2027,16.88121638813845,-0.08996946675943274,-0.7374268509780566
18097340202,NA,2028,15.840412195711147,-0.061654573254485534,-0.5469421953183136
18097340300,NA,2025,46.49341502933373,0.020765495086188857,0.22317176923411267
18097340300,NA,2026,46.4897796795378,-7.819063825798e-5,-0.11962616680832372
18097340300,NA,2027,47.44039271389733,0.02044778531781133,0.26559320071212394
18097340300,NA,2028,48.40275929026371,0.020285805435258597,0.3490065203662326
18097340301,NA,2024,38.3649402995884,-0.0656280668971212,NA
18097340301,NA,2025,37.492253870866634,-0.022746977368061416,-0.1276542980609486
18097340301,NA,2026,37.426744870583505,-0.0017472675958282169,-0.16671257204200712
18097340301,NA,2027,36.442430048853254,-0.026299771063015953,-0.1590572550398928
18097340301,NA,2028,35.42016641930799,-0.028051467154491583,-0.17952065987123186
18097340302,NA,2024,28.18905844174722,-0.13104378722628074,NA
18097340302,NA,2025,28.538057386736124,0.01238065278803524,0.1555676759148147
18097340302,NA,2026,27.924516584938072,-0.021499038756688904,-0.7239306779807384
18097340302,NA,2027,27.31946839182684,-0.0216672754663757,-0.11697609575197537
18097340302,NA,2028,26.27458639452439,-0.03824679098130068,-0.2909979002096508
18097340400,NA,2024,24.361459884934415,-0.15563302766574938,NA
18097340400,NA,2025,29.39968206490247,0.2068111764961913,1.7231939712573752
18097340400,NA,2026,26.117033260421845,-0.11165592870133356,-3.2673507613315045
18097340400,NA,2027,27.620392268192713,0.05756239588089351,0.6027388722907021
18097340400,NA,2028,25.88840671333979,-0.0627067688986972,-0.5584470644823891
18097340500,NA,2024,43.79678439058794,0.07908944673195561,NA
18097340500,NA,2025,43.35357097705909,-0.010119770656589422,-0.025845482757123957
18097340500,NA,2026,43.841175414425344,0.011247157416958142,0.19987373732834574
18097340500,NA,2027,44.18650483511399,0.007876828516213186,0.15139979792654082
18097340500,NA,2028,44.910224451430736,0.01637874774249215,0.30628615004437004
18097340600,NA,2024,20.536514464981018,-0.1366490187607482,NA
18097340600,NA,2025,20.18996953605492,-0.01687457379961077,-0.0803071322188985
18097340600,NA,2026,19.836032093177774,-0.01753036042204481,-0.6119701147127455
18097340600,NA,2027,18.953017277906767,-0.04451569805509159,-0.3245290421877431
18097340600,NA,2028,17.845078764231175,-0.05845710460925391,-0.5119805808866311
18097340700,NA,2024,29.75768636559358,0.014723001897847476,NA
18097340700,NA,2025,30.179805022920913,0.01418519746936342,0.17011709768059044
18097340700,NA,2026,30.18181753304133,6.668400007514563e-5,-0.11553910186042132
18097340700,NA,2027,30.60998588751691,0.014186301206242646,0.20871446121180273
18097340700,NA,2028,31.04424488058211,0.014186840682023805,0.2823195007912308
18097340800,NA,2024,5.957361481621212,-0.0924530168423855,NA
18097340800,NA,2025,5.410700068585369,-0.09176233718942917,-0.6841013557302487
18097340800,NA,2026,5.427410433592322,0.003088392406737528,-0.030293549887036447
18097340800,NA,2027,4.929358400571012,-0.09176605291147244,-0.7537468725433832
18097340800,NA,2028,4.477000106941606,-0.09176818905620754,-0.8762091066213193
18097340901,NA,2024,3.240199523808991,0.15312983053202345,NA
18097340901,NA,2025,3.288806887117493,0.015001348821680693,0.17669744471906462
18097340901,NA,2026,3.346633152371091,0.017582748771327372,0.37860739041354025
18097340901,NA,2027,3.4912115871111147,0.043201160138388595,0.4722827420593032
18097340901,NA,2028,3.686610267546793,0.05596873049947848,0.7391691165656709
18097340902,NA,2025,17.633193850755184,-0.07498502662535611,-0.5488316835421148
18097340902,NA,2026,17.628858721637148,-2.4585047693170825e-4,-0.12435602606939553
18097340902,NA,2027,16.26216607464298,-0.0775258721267491,-0.624390394293239
18097340902,NA,2028,14.967745024809416,-0.0795970871218632,-0.7431284042751589
18097340903,NA,2024,48.95295503663018,0.21337324506523792,NA
18097340903,NA,2025,58.68780837149185,0.1988614033121665,1.6590976902434305
18097340903,NA,2026,59.333103903228086,0.010995393245076368,0.1927712069346571
18097340903,NA,2027,71.13216820829061,0.1988614033121665,1.8862859183477825
18097340903,NA,2028,85.2776109988284,0.19886140331216695,2.3015796000710904
18097340904,NA,2024,29.32991323902411,0.033403881242237254,NA
18097340904,NA,2025,34.675422549883876,0.18225452176747137,1.525202128494187
18097340904,NA,2026,33.3087232698016,-0.03941406274476267,-1.2293322266915936
18097340904,NA,2027,37.654228654490375,0.13046148150110892,1.2649473881827993
18097340904,NA,2028,40.75940508486579,0.08246554348166457,1.0288893490167637
18097341000,NA,2024,3.911847448929135,-0.3035003322638369,NA
18097341000,NA,2025,3.2569831342285873,-0.1674053815364953,-1.2939851492657493
18097341000,NA,2026,3.3860448364351043,0.039626149994505644,1.0004747752669234
18097341000,NA,2027,3.0466131625754596,-0.10024429393469148,-0.8307624257234422
18097341000,NA,2028,2.922093698754607,-0.040871438931088244,-0.31969620496901807
18097341100,NA,2024,23.638165388655537,-0.024475712640763758,NA
18097341100,NA,2025,23.053199526900304,-0.024746669300992785,-0.14377712485203906
18097341100,NA,2026,23.057808068333163,1.999089726127945e-4,-0.11178068615903501
18097341100,NA,2027,22.48675391974466,-0.024766194032674327,-0.1451263838824757
18097341100,NA,2028,21.9296015875171,-0.02477691240879132,-0.1437161741492725
18097341200,NA,2024,32.487169995588836,-0.011260043612513648,NA
18097341200,NA,2025,32.953254066461966,0.01434671197695625,0.17141933348365743
18097341200,NA,2026,32.92835159887474,-7.556906986181389e-4,-0.1387391515291741
18097341200,NA,2027,33.34879502853723,0.012768432346211389,0.1958346723153759
18097341200,NA,2028,33.74987845877004,0.012026924207894085,0.25870264153421313
18097341600,NA,2024,33.473683528356645,0.08211289660760213,NA
18097341600,NA,2025,33.53029141393373,0.0016911161130244157,0.06938162622886868
18097341600,NA,2026,33.78376038839736,0.007559402670693771,0.0958383220663527
18097341600,NA,2027,34.27809192716003,0.014632223680240086,0.21276517950540627
18097341600,NA,2028,34.98260632014088,0.020552905759104956,0.35192703642846823
18097341700,NA,2025,51.81762791505246,0.045228494589053536,0.4204085021927967
18097341700,NA,2026,51.84278180843703,4.854312016329132e-4,-0.10372580569478289
18097341700,NA,2027,54.173955829863814,0.04496622172090703,0.48831639736613414
18097341700,NA,2028,56.60346125192575,0.04484637285288762,0.6175555457207204
18097341701,NA,2024,13.589409988313994,-0.24216112396457545,NA
18097341701,NA,2025,10.14127534197017,-0.2537368913962412,-1.9900463560745345
18097341701,NA,2026,10.457384754826348,0.031170577880667905,0.7619342494817052
18097341701,NA,2027,7.835284393589515,-0.25074150207839174,-2.1978650718382133
18097341701,NA,2028,5.889075773980977,-0.24839029725594142,-2.588739350357196
18097341702,NA,2024,16.728128210549986,0.011067749196477239,NA
18097341702,NA,2025,14.303693865623767,-0.14493159751114248,-1.1127867750491869
18097341702,NA,2026,14.645005294075256,0.023861768271744577,0.5557450923786117
18097341702,NA,2027,12.88312114983114,-0.12030614594293787,-1.013002424091044
18097341702,NA,2028,11.516122030752255,-0.10610775938382,-1.0330001762249632
18097341902,NA,2024,15.18216087645305,0.22568176831852704,NA
18097341902,NA,2025,17.306914088494203,0.13995064532194257,1.1841205542323374
18097341902,NA,2026,17.293916639546993,-7.509974846324763e-4,-0.13860675105801848
18097341902,NA,2027,19.446987787553216,0.12449875831381485,1.210782565140925
18097341902,NA,2028,21.720510195822555,0.11690871784906842,1.405496320232004
18097341903,NA,2024,31.71483251885775,-0.018616222536465887,NA
18097341903,NA,2025,29.858506978604098,-0.05853177812463228,-0.4161748120713815
18097341903,NA,2026,30.130611450965223,0.009113130557938165,0.1396706094811681
18097341903,NA,2027,28.69357095622736,-0.04769370502409187,-0.35339776201504397
18097341903,NA,2028,27.504632151257585,-0.04143572115103855,-0.3258661536357476
18097341904,NA,2024,27.54034497931614,-0.008757812385682517,NA
18097341904,NA,2025,26.531894928154767,-0.036617190231958086,-0.23948504352599806
18097341904,NA,2026,26.579783974996715,0.0018049614236610445,-0.06650047916283103
18097341904,NA,2027,25.671467060961803,-0.03417322408975765,-0.2305789702908577
18097341904,NA,2028,24.825527350084936,-0.03295252697744233,-0.23310960251564086
18097342000,NA,2024,6.34263913696018,0.0021369836397087116,NA
18097342000,NA,2025,6.055029435349314,-0.04534543041159178,-0.30985783559951596
18097342000,NA,2026,6.038265793087472,-0.0027685484341291033,-0.1955239717749687
18097342000,NA,2027,5.718920830227741,-0.05288686748856164,-0.4005719670016347
18097342000,NA,2028,5.390092049586645,-0.057498397058243667,-0.5014979249265334
18097342101,NA,2024,15.184675690704712,0.04483896994033976,NA
18097342101,NA,2025,15.883481153585851,0.046020440417368524,0.42679368843452536
18097342101,NA,2026,15.896229787663083,8.026347595944117e-4,-0.09477716183267819
18097342101,NA,2027,16.632621372777983,0.04632492074859207,0.5006586930069157
18097342101,NA,2028,17.406077509766774,0.04650235940888314,0.6356623576705749
18097342200,NA,2024,26.71192685003056,0.17225002723155702,NA
18097342200,NA,2025,28.996671075993717,0.08553273744685108,0.7453677200807935
18097342200,NA,2026,28.75967892238837,-0.008173081419734163,-0.34799149527937834
18097342200,NA,2027,30.48023250249466,0.05982520127395774,0.6232939860941894
18097342200,NA,2028,31.84542148238954,0.04478932304020811,0.6169317542858066
18097342300,NA,2024,23.249727563068483,0.1227917213384293,NA
18097342300,NA,2025,23.887288852087167,0.027422312252442627,0.27684339153952237
18097342300,NA,2026,23.654925681374312,-0.009727481931987914,-0.3918427581486311
18097342300,NA,2027,23.750263216887436,0.004030346017455111,0.11645870853925279
18097342300,NA,2028,23.51160230027574,-0.010048769330775142,0.01732360972981313
18097342400,NA,2024,12.705448820715883,-0.07532566915901073,NA
18097342400,NA,2025,11.492345814092763,-0.09547895739386936,-0.7140671833748176
18097342400,NA,2026,11.54873520989667,0.004906691524610984,0.021002568432682046
18097342400,NA,2027,10.476258207820434,-0.09286532097100797,-0.7637325213904071
18097342400,NA,2028,9.51823668327269,-0.0914469179303532,-0.8726962786700891
18097342500,NA,2024,22.446640921653117,-9.500232279778809e-4,NA
18097342500,NA,2025,22.482041584911347,0.001577102934100072,0.0684623772658526
18097342500,NA,2026,22.477619688787243,-1.9668570167008514e-4,-0.12296903637985969
18097342500,NA,2027,22.50522478066883,0.0012281145541117588,0.0910034984671507
18097342500,NA,2028,22.529221536952708,0.001066274899173214,0.13885721455126104
18097342600,NA,2024,15.306940322766044,-0.0511388374506353,NA
18097342600,NA,2025,14.259287026567522,-0.06844302480492104,-0.4960857777948954
18097342600,NA,2026,14.290617924427346,0.0021972275192616575,-0.055434242670192854
18097342600,NA,2027,13.32625473416322,-0.06748225971500599,-0.533155152962153
18097342600,NA,2028,12.433827450308792,-0.06696759904841076,-0.6050356373133768
18097350100,NA,2024,6.561693787916981,-0.15903189820166042,NA
18097350100,NA,2025,5.5552562810998385,-0.15338074883507147,-1.1809093698769446
18097350100,NA,2026,5.607133170894866,0.0093383432140699,0.1460240938680178
18097350100,NA,2027,4.747898404787661,-0.15323958606285004,-1.3121667321133184
18097350100,NA,2028,4.020768103402681,-0.15314782234003999,-1.5473434666181343
18097350300,NA,2024,46.486301354674865,-0.014169816099136479,NA
18097350300,NA,2025,45.72882744502774,-0.016294561786446615,-0.07563069527828986
18097350300,NA,2026,45.73624154333571,1.621318262945426e-4,-0.11284641893549299
18097350300,NA,2027,44.99720503853422,-0.016158662799199197,-0.06693637045336634
18097350300,NA,2028,44.27311274292333,-0.016091939376918996,-0.04875334192800952
18097350400,NA,2024,21.096956923214073,-0.05725732242708681,NA
18097350400,NA,2025,19.858158882103716,-0.058719276226385175,-0.41768654463800176
18097350400,NA,2026,19.882229891566816,0.0012121470880561702,-0.08322439108793665
18097350400,NA,2027,18.714414871728223,-0.05873662190848772,-0.4537105922641478
18097350400,NA,2028,17.61501419544824,-0.05874619558321559,-0.5151415461027875
18097350500,NA,2024,16.655792306553238,-0.05227567752770179,NA
18097350500,NA,2025,15.988887261076057,-0.04004042757034054,-0.26708542624626386
18097350500,NA,2026,15.98176627637522,-4.45370874443074e-4,-0.12998470499099668
18097350500,NA,2027,15.314239693290345,-0.04176801059039603,-0.29956930472806237
18097350500,NA,2028,14.661466564380598,-0.04262523912275884,-0.3388725262701942
18097350600,NA,2024,33.79384071747917,0.026542771924464637,NA
18097350600,NA,2025,34.68436122831425,0.026351562649535643,0.2682103065627823
18097350600,NA,2026,34.69205012606023,2.2168197636296405e-4,-0.11116644696947274
18097350600,NA,2027,35.6059614870714,0.02634353858276728,0.3191496752060893
18097350600,NA,2028,36.54380644218775,0.026339548658358414,0.41519908076868
18097350700,NA,2024,35.11248392279894,-0.07654167283038793,NA
18097350700,NA,2025,33.49773277191422,-0.04598794988229926,-0.31503824862490337
18097350700,NA,2026,33.72628789837557,0.006823002858658445,0.07506371379785139
18097350700,NA,2027,32.694342685825795,-0.030597651768236145,-0.19809880376538053
18097350700,NA,2028,32.08737894596896,-0.018564794089589665,-0.07579191606348722
18097350800,NA,2024,46.6024952430807,0.12820165037627596,NA
18097350800,NA,2025,50.84355223751039,0.09100493379824703,0.7894881530772206
18097350800,NA,2026,50.602046286468806,-0.004749981864237363,-0.25142227952553786
18097350800,NA,2027,54.20628739625946,0.07122718099948555,0.7268685098078278
18097350800,NA,2028,57.32427257196923,0.05752072915299733,0.7561389087804388
18097350900,NA,2024,24.267062947031647,0.0013496853418004662,NA
18097350900,NA,2025,23.70960705538349,-0.022971708313648476,-0.129466226213795
18097350900,NA,2026,23.78041799951931,0.0029865929017893755,-0.03316542030669345
18097350900,NA,2027,23.34331004771283,-0.018381003723959677,-0.08712390878901603
18097350900,NA,2028,22.965984100280533,-0.016164200649396165,-0.049543457806223726
18097351000,NA,2024,16.0969006089569,-0.10520170144327823,NA
18097351000,NA,2025,14.447820423519024,-0.10244706266747206,-0.7702486143933904
18097351000,NA,2026,14.502679735589744,0.0037970649179315252,-0.010301157751547758
18097351000,NA,2027,13.014304987769004,-0.10262756779826365,-0.8524118639123198
18097351000,NA,2028,11.677352581795104,-0.10272945095649622,-0.996061231774785
18097351200,NA,2024,19.417453705488963,-0.1680258886772248,NA
18097351200,NA,2025,17.265332171076945,-0.11083438472695584,-0.8378727011735565
18097351200,NA,2026,17.45205674661153,0.010815000469402314,0.1876821382143132
18097351200,NA,2027,15.753084116968983,-0.09735085407468758,-0.8044786870562882
18097351200,NA,2028,14.368265705159711,-0.08790776469717232,-0.8339986323498861
18097351500,NA,2024,34.36525245483479,0.0143960061969306,NA
18097351500,NA,2025,33.71272559761586,-0.01898798380941702,-0.09734682866689752
18097351500,NA,2026,33.92590881399834,0.00632352361321864,0.060972882305677156
18097351500,NA,2027,33.581956488180595,-0.010138337861588131,-0.01224829846720602
18097351500,NA,2028,33.39997832648092,-0.005418926731196372,0.06794702149875809
18097351600,NA,2024,10.84425381411484,-0.0651505332659621,NA
18097351600,NA,2025,9.928950498389058,-0.08440445340134195,-0.624777274900257
18097351600,NA,2026,9.930166074838576,1.2242748613910948e-4,-0.11396651986410224
18097351600,NA,2027,9.03653991972472,-0.08999105839510158,-0.7376229873889635
18097351600,NA,2028,8.18727547561749,-0.09398115336750501,-0.900405999096883
18097351700,NA,2024,13.138728251898288,-0.07503353106636057,NA
18097351700,NA,2025,11.936961043125944,-0.09146754432634774,-0.6817245424859484
18097351700,NA,2026,11.959759679133317,0.0019099196122871476,-0.06353949897565228
18097351700,NA,2027,10.836784773561776,-0.09389610959581751,-0.7730961094193398
18097351700,NA,2028,9.80226018551217,-0.09546416300280403,-0.9166214547652648
18097351900,NA,2024,26.199215841161845,9.207460443874105e-4,NA
18097351900,NA,2025,26.289453332282687,0.003444282136836563,0.08351679958855344
18097351900,NA,2026,26.284972990062737,-1.7042355971885748e-4,-0.12222815391029389
18097351900,NA,2027,26.367276390063154,0.0031311959130233546,0.10829091259017902
18097351900,NA,2028,26.44600899624889,0.0029859969236492034,0.1598477507167459
18097352100,NA,2024,23.99393651021231,0.019742301684023245,NA
18097352100,NA,2025,21.902117777120857,-0.0871811397934279,-0.6471647401970508
18097352100,NA,2026,22.21808306448784,0.014426243643755887,0.28955908207466247
18097352100,NA,2027,20.695047671366808,-0.06854936083821594,-0.5428486003503559
18097352100,NA,2028,19.47963537042884,-0.058729620740114674,-0.5149603142165502
18097352300,NA,2024,23.510670380518675,-0.053345192625473326,NA
18097352300,NA,2025,22.77579800619744,-0.0312569723630749,-0.19626745443675023
18097352300,NA,2026,22.799460565666624,0.0010389343751093794,-0.08811090273525539
18097352300,NA,2027,22.119830148488905,-0.029809056895019892,-0.1909352812576601
18097352300,NA,2028,21.47809059400845,-0.029011956700051633,-0.1900228004340832
18097352400,NA,2024,30.95231539414504,-0.12624193001944728,NA
18097352400,NA,2025,33.16320824401677,0.0714289972080715,0.6316541238854839
18097352400,NA,2026,31.456383812805928,-0.05146740986734255,-1.5693697453104227
18097352400,NA,2027,31.58255228271281,0.004010901909694997,0.11628208007219969
18097352400,NA,2028,30.314424439989185,-0.04015279801872618,-0.3118384745952414
18097352500,NA,2024,25.8101463223779,0.02881279308225615,NA
18097352500,NA,2025,25.3981162101803,-0.01596388129889681,-0.07296453248783276
18097352500,NA,2026,25.51424830880926,0.004572468984231692,0.011573801290967902
18097352500,NA,2027,25.29967619410624,-0.008409893644757527,0.003452728094261164
18097352500,NA,2028,25.17735735280481,-0.004834798689238862,0.07433396743866821
18097352600,NA,2024,29.875659298875956,0.13158670035742492,NA
18097352600,NA,2025,27.822549918997343,-0.06872180993026189,-0.49833352616742294
18097352600,NA,2026,28.71517731570547,0.03208287519680719,0.7876711101617968
18097352600,NA,2027,28.027396815973773,-0.023951810994234157,-0.13772860407954754
18097352600,NA,2028,28.01375279564282,-4.868101172770256e-4,0.12187554387695079
18097352700,NA,2024,15.665085839358984,-0.10689906952435058,NA
18097352700,NA,2025,14.39864546406199,-0.08084477725075878,-0.5960768330656507
18097352700,NA,2026,14.48183991965202,0.005777936250856097,0.045581292650052715
18097352700,NA,2027,13.423401133071415,-0.07308731435045701,-0.5840709481337574
18097352700,NA,2028,12.515954247471775,-0.06760186011009917,-0.611970745409229
18097352800,NA,2024,30.976500388891537,-0.180843656382646,NA
18097352800,NA,2025,35.54115347127499,0.14735857908662853,1.2438481707721605
18097352800,NA,2026,32.3773435572627,-0.08901821142550537,-2.628717099545813
18097352800,NA,2027,33.27027094793054,0.027578772455146172,0.3303704248553941
18097352800,NA,2028,31.44459024380929,-0.05487423613046383,-0.4728049453407778
18097353300,NA,2024,39.386025759688216,0.0027977889668058253,NA
18097353300,NA,2025,39.64394239403152,0.006548430042598641,0.10854447419899346
18097353300,NA,2026,39.65518461275362,2.8357973610093623e-4,-0.1094202464813166
18097353300,NA,2027,39.938614668667704,0.007147364428683689,0.14477341397824153
18097353300,NA,2028,40.237572017773225,0.007485421104003853,0.20904514741139046
18097353500,NA,2024,59.34187956506914,0.04320233647583516,NA
18097353500,NA,2025,62.1072378493695,0.04660044987736023,0.4314701047897846
18097353500,NA,2026,62.132490947731064,4.066047571269493e-4,-0.10594958207148245
18097353500,NA,2027,64.9963294033031,0.046092445544815286,0.49854690987047473
18097353500,NA,2028,67.97790308437924,0.04587295480296194,0.6287803508097546
18097353600,NA,2024,33.80737544629214,0.06685015920225346,NA
18097353600,NA,2025,35.579057955791285,0.05240520703281781,0.4782718609205864
18097353600,NA,2026,35.51426030475785,-0.0018212300931056413,-0.16879913138434557
18097353600,NA,2027,37.12351093021143,0.04531280143931338,0.4914646953044628
18097353600,NA,2028,38.62187928353851,0.040361709218286634,0.568519543105799
18097354200,NA,2025,33.75646475557374,0.032812599741408155,0.3203034216109423
18097354200,NA,2026,33.73203457367702,-7.23718614304425e-4,-0.13783718561841551
18097354200,NA,2027,34.78665980562212,0.03126479755146705,0.3638539341176665
18097354200,NA,2028,35.84689434583469,0.030478193253875352,0.4604516579390647
18097354201,NA,2024,30.46425579864388,0.031917472972198935,NA
18097354201,NA,2025,31.38232550949836,0.030135963829956758,0.29872262885358886
18097354201,NA,2026,31.40541844632881,7.358580492531352e-4,-0.09666100261607677
18097354201,NA,2027,32.36937592813498,0.030693986244875182,0.35866873728046766
18097354201,NA,2028,33.37432004882405,0.03104613826723779,0.46666165615286603
18097354202,NA,2024,22.683135528950167,-0.044152393275717294,NA
18097354202,NA,2025,20.765505790099695,-0.08453988807689428,-0.6258692380069125
18097354202,NA,2026,20.952718330037104,0.009015554055354036,0.13691787437142797
18097354202,NA,2027,19.378737119299824,-0.07512062091155369,-0.602541315885587
18097354202,NA,2028,18.02402545370407,-0.06990711816027262,-0.6371767918347001
18097354400,NA,2024,8.98568996708097,-0.1625336950680536,NA
18097354400,NA,2025,7.763400783267478,-0.13602619145456196,-1.0409855555762955
18097354400,NA,2026,7.847484796750083,0.010830822191201683,0.1881284855206856
18097354400,NA,2027,6.844111157123533,-0.12785926518036483,-1.0816142569833012
18097354400,NA,2028,6.012118498409304,-0.12156328844078879,-1.201993310382269
18097354500,NA,2024,16.666890964922974,-0.06425755955105661,NA
18097354500,NA,2025,15.587970452776457,-0.06473435954055295,-0.46618408809017803
18097354500,NA,2026,15.611738108561228,0.0015247434460294862,-0.07440572115223017
18097354500,NA,2027,14.601974536828829,-0.06467976625733052,-0.5076975629578971
18097354500,NA,2028,13.657935860992438,-0.06465143967039211,-0.5797103940909378
18097354700,NA,2024,17.241595913817598,-0.1052656665935563,NA
18097354700,NA,2025,15.725749240892522,-0.08791800251566384,-0.6531058103407934
18097354700,NA,2026,15.7905695449488,0.00412192150996038,-0.001136613800637491
18097354700,NA,2027,14.44552673338766,-0.08518013284653203,-0.6939209870074641
18097354700,NA,2028,13.240518482269712,-0.0834173978808842,-0.7849002702683671
18097354800,NA,2024,13.610859488196756,-0.12816927062091077,NA
18097354800,NA,2025,11.92135555153792,-0.12412911455914755,-0.9450635253144302
18097354800,NA,2026,11.990823601926854,0.005827193903295003,0.046970902501820525
18097354800,NA,2027,10.501603071184189,-0.12419668407959539,-1.0483437107968836
18097354800,NA,2028,9.196911501829746,-0.12423737219076991,-1.2312321537918172
18097354900,NA,2024,33.07806137936861,-2.5814488753928e-4,NA
18097354900,NA,2025,32.35187822559434,-0.021953618909093753,-0.12125772226518022
18097354900,NA,2026,32.46916842011671,0.0036254523989145415,-0.01514252625583187
18097354900,NA,2027,31.925587948107204,-0.01674143498152303,-0.07223021877363726
18097354900,NA,2028,31.47550508058684,-0.014097872473075257,-0.026949907405788183
18097355000,NA,2024,10.668900883107332,-0.15388221709218075,NA
18097355000,NA,2025,9.266329763899616,-0.1314635063700409,-1.0041981984296435
18097355000,NA,2026,9.335308363432484,0.007444004399843163,0.09258281624926432
18097355000,NA,2027,8.122820227114705,-0.12988195880783537,-1.0999882178328215
18097355000,NA,2028,7.076110056345651,-0.12886043781629453,-1.2817814650831083
18097355100,NA,2024,57.22085850872885,0.05956494653045419,NA
18097355100,NA,2025,59.187787852896534,0.03437434172483855,0.3328952089140551
18097355100,NA,2026,59.337594705586866,0.0025310432797835958,-0.04601695121335794
18097355100,NA,2027,61.60271495742603,0.0381734423695117,0.4266114213050546
18097355100,NA,2028,64.05690599882075,0.03983900779520555,0.5628042452735887
18097355300,NA,2024,27.86254934343291,-0.1301448009855093,NA
18097355300,NA,2025,25.047162753608927,-0.1010455488161408,-0.7589486912911335
18097355300,NA,2026,25.302117095146475,0.010178970929584086,0.16973908021651324
18097355300,NA,2027,23.14856165287367,-0.08511364618915251,-0.6933170283935072
18097355300,NA,2028,21.49668436337882,-0.07135982417679876,-0.6530609030700404
18097355400,NA,2024,22.52945971436753,-0.056396005469671606,NA
18097355400,NA,2025,21.061816211235715,-0.06514330666331358,-0.46948128778299225
18097355400,NA,2026,21.075144923640742,6.328377510917971e-4,-0.09956731288806164
18097355400,NA,2027,19.661176252748707,-0.06709176501585701,-0.5296079354218075
18097355400,NA,2028,18.316857600626772,-0.06837427399258444,-0.6204164377169242
18097355500,NA,2024,9.10175685439754,-0.1635317933811341,NA
18097355500,NA,2025,8.661583741817736,-0.048361335028097585,-0.33417403498483494
18097355500,NA,2026,8.55345423980416,-0.0124838026435663,-0.4696014459015971
18097355500,NA,2027,7.953910477837323,-0.07009375921797933,-0.556877771639792
18097355500,NA,2028,7.307400127930957,-0.08128207523931719,-0.7615523237629215
18097355600,NA,2024,31.34093464439181,-0.02896222830596218,NA
18097355600,NA,2025,31.33838534143173,-8.134099984591359e-5,0.05509091546745993
18097355600,NA,2026,31.28011344107007,-0.0018594416951220882,-0.1698771206100754
18097355600,NA,2027,31.172389902343134,-0.0034438346564785727,0.04856394621835891
18097355600,NA,2028,31.015885989228295,-0.005020593980927801,0.07230245311531819
18097355700,NA,2024,24.43035171548007,-0.17989694746351403,NA
18097355700,NA,2025,23.57324337563712,-0.03508374950246229,-0.22712143947833768
18097355700,NA,2026,23.583266900400957,4.2520770706500066e-4,-0.10542477341280912
18097355700,NA,2027,22.755877472017577,-0.0350837495024624,-0.23885009848265012
18097355700,NA,2028,21.957515967080585,-0.0350837495024624,-0.25641271771553076
18097355900,NA,2024,20.49982995200278,-0.039512277679869756,NA
18097355900,NA,2025,19.72049743856147,-0.038016535515952965,-0.2507674822172947
18097355900,NA,2026,19.730320046882863,4.980913058605374e-4,-0.10336865092414224
18097355900,NA,2027,18.980137470443,-0.038021814884770744,-0.2655392112453049
18097355900,NA,2028,18.25842524052885,-0.038024604987084154,-0.2885684843423513
18097356200,NA,2024,17.165316171515677,-0.07691909716662593,NA
18097356200,NA,2025,16.457602938341523,-0.04122925707296565,-0.276670548754042
18097356200,NA,2026,16.411388577363937,-0.002808085791760173,-0.1966393619520614
18097356200,NA,2027,15.640654543696984,-0.04696336510671728,-0.3467634221098632
18097356200,NA,2028,14.861386452645627,-0.04982324038129171,-0.4175765801957523
18097356400,NA,2024,34.98589839526301,0.013050075882411472,NA
18097356400,NA,2025,35.46547021155081,0.013707574716810278,0.16626619005622964
18097356400,NA,2026,35.463267209248784,-6.211682204926294e-5,-0.11917270765521361
18097356400,NA,2027,35.94305227998675,0.013529071303752804,0.20274424588434167
18097356400,NA,2028,36.42600978566469,0.013436741596563051,0.27411780190966545
18097356900,NA,2024,9.544065877552692,-0.2623569423450801,NA
18097356900,NA,2025,7.543831921723986,-0.20957880860118383,-1.6340149551338494
18097356900,NA,2026,7.767202855516781,0.02960974424013263,0.7179015013407217
18097356900,NA,2027,6.334346220485057,-0.18447524310685603,-1.595908536527526
18097356900,NA,2028,5.317586817412248,-0.16051528724221686,-1.6279004621129882
18097357000,NA,2024,18.74410347235416,0.04478967283772883,NA
18097357000,NA,2025,15.709566506959789,-0.1618928838004995,-1.2495397800965826
18097357000,NA,2026,16.423631054326584,0.04545412166850338,1.1648879466833995
18097357000,NA,2027,14.54833932880407,-0.11418252877937696,-0.9573760551280768
18097357000,NA,2028,13.316765926618071,-0.08465388209275704,-0.7984201790033061
18097357100,NA,2024,38.28380094077432,0.47496504399727413,NA
18097357100,NA,2025,49.996516009849564,0.3059444146414565,2.5224711006665315
18097357100,NA,2026,49.479029047595354,-0.010350460463130373,-0.40941763355279553
18097357100,NA,2027,59.55049686994689,0.20355023160748553,1.9288787986328961
18097357100,NA,2028,67.93633155052586,0.14081888684980925,1.6669337891644667
18097357200,NA,2024,8.916945121724309,-0.24169119584675092,NA
18097357200,NA,2025,8.117764509942996,-0.08962493330078636,-0.6668682049075244
18097357200,NA,2026,7.866655355400621,-0.030933288867249775,-0.9900807328161206
18097357200,NA,2027,6.80523674693925,-0.1349262883027773,-1.1458104379621492
18097357200,NA,2028,5.687069645087828,-0.16430980191164302,-1.669390269691142
18097357300,NA,2024,30.11451868427913,0.1535169982978224,NA
18097357300,NA,2025,27.144081103211445,-0.09863805602240494,-0.7395379067222817
18097357300,NA,2026,28.03789666674616,0.03292856222084328,0.8115288248909005
18097357300,NA,2027,26.55002332630876,-0.05306651059179002,-0.40220382824882334
18097357300,NA,2028,25.77809392157731,-0.029074528306215708,-0.19070696800906217
18097357400,NA,2024,25.654680690854352,0.0024097187011871135,NA
18097357400,NA,2025,25.348266775971283,-0.011943782055814256,-0.0405518579594116
18097357400,NA,2026,25.37833075373211,0.001186036821630987,-0.08396098899019598
18097357400,NA,2027,25.12581159066804,-0.009950188036970786,-0.010539162953842877
18097357400,NA,2028,24.89947701276564,-0.009008050429959558,0.02870299041469958
18097357500,NA,2024,16.27767678682953,-0.17775213701311698,NA
18097357500,NA,2025,20.038277325181618,0.23102808758279525,1.9184465781387743
18097357500,NA,2026,18.18892210384314,-0.0922911281906672,-2.721049501836521
18097357500,NA,2027,19.70155825410656,0.08316249537094955,0.8352877958577073
18097357500,NA,2028,19.71244318520029,5.524908717036148e-4,0.13323942089554003
18097357600,NA,2025,26.119762504075965,-0.027969031769565778,-0.1697579227356179
18097357600,NA,2026,26.12934623841019,3.6691506412922514e-4,-0.1070692697884658
18097357600,NA,2027,25.402041120896616,-0.027834799649309017,-0.17300131199661253
18097357600,NA,2028,24.696945061385293,-0.027757456818353288,-0.17630590559167839
18097357601,NA,2024,30.705781993704143,-0.0016426073085266113,NA
18097357601,NA,2025,32.13639461078331,0.04659098463515754,0.4313937898044328
18097357601,NA,2026,31.70428716548118,-0.013446046158430591,-0.4967473410437492
18097357601,NA,2027,32.66985289818041,0.03045536799674564,0.3565011513002833
18097357601,NA,2028,33.255736365054005,0.017933458981268524,0.32328560208395846
18097357602,NA,2024,30.527555339414647,0.18387348755290955,NA
18097357602,NA,2025,36.33667019949271,0.19029086330335176,1.5899963802903172
18097357602,NA,2026,36.704028030699,0.01010983750545802,0.16778875407437363
18097357602,NA,2027,43.686043977372435,0.190224787885235,1.807831706809454
18097357602,NA,2028,51.995115186922725,0.19019967140659477,2.2068708899028695
18097357800,NA,2024,32.56000993668134,-0.04018753317087176,NA
18097357800,NA,2025,31.564288331040807,-0.030581121061599492,-0.19081829834886846
18097357800,NA,2026,31.618467032476897,0.001716455662420513,-0.06899731917993487
18097357800,NA,2027,30.75703158042639,-0.027244693778660567,-0.16764084513345948
18097357800,NA,2028,29.98974961588317,-0.02494655449882599,-0.14557106687887653
18097357900,NA,2024,23.73772412082747,0.024506412055423032,NA
18097357900,NA,2025,23.570209234497625,-0.0070569059391362154,-0.0011506602643159712
18097357900,NA,2026,23.639340062145063,0.002932974712259062,-0.03467804546676761
18097357900,NA,2027,23.590746709734688,-0.0020556137473647373,0.06117441588520648
18097357900,NA,2028,23.59736767903585,2.806595900770592e-4,0.1302671758125834
18097358000,NA,2024,25.14202407894707,-0.013808977988587712,NA
18097358000,NA,2025,25.83922087221612,0.027730336709559378,0.27932688656579524
18097358000,NA,2026,25.936348445789477,0.0037589203658145998,-0.011377255429541929
18097358000,NA,2027,26.863815223041858,0.03575934288479021,0.4046819660397065
18097358000,NA,2028,27.9453948216466,0.04026157824660159,0.56742469564578
18097358100,NA,2024,19.45464595775083,-0.20344496808179013,NA
18097358100,NA,2025,18.541755472881945,-0.046924034847582785,-0.32258557904538776
18097358100,NA,2026,18.235096642873273,-0.016538823977976236,-0.5839978354253097
18097358100,NA,2027,16.85786557082847,-0.07552639281366569,-0.6062273101172319
18097358100,NA,2028,15.335750319512584,-0.09029110149922026,-0.8600584038689287
18097360101,NA,2024,39.356318513998886,0.04248480901034246,NA
18097360101,NA,2025,39.84122743004815,0.012320992774687012,0.15508665779110925
18097360101,NA,2026,39.74209389863075,-0.002488214791862453,-0.18761546676533886
18097360101,NA,2027,40.003026721741385,0.0065656536310390035,0.13948920717771243
18097360101,NA,2028,40.132521396335115,0.0032371219181610567,0.16259359006856408
18097360102,NA,2024,26.705614120776353,-0.0365696171618658,NA
18097360102,NA,2025,26.68781226596169,-6.665959724481141e-4,0.050372206352072645
18097360102,NA,2026,26.56408115465131,-0.004636240321136742,-0.24821351172963174
18097360102,NA,2027,26.347214722399546,-0.008163897369128037,0.005687335390273861
18097360102,NA,2028,26.038087980633108,-0.011732805346730935,-0.0010898993335878462
18097360201,NA,2024,38.47028595599639,0.13815316054145987,NA
18097360201,NA,2025,38.573678550772,0.0026875962111090335,0.07741590178782225
18097360201,NA,2026,39.172822471217415,0.015532454848888655,0.3207664562120116
18097360201,NA,2027,40.277153567455365,0.028191256758416383,0.335934175319821
18097360201,NA,2028,41.88151505757185,0.03983304052083869,0.5627389981769727
18097360202,NA,2024,5.983771060560784,-0.2924683888831425,NA
18097360202,NA,2025,4.955941182885184,-0.17176958598066328,-1.3291722254225655
18097360202,NA,2026,5.0886857164281905,0.026784929167728233,0.6382105160891606
18097360202,NA,2027,4.375314830141746,-0.14018764884288593,-1.1936041479270434
18097360202,NA,2028,3.8683061156006127,-0.11587936736536686,-1.1398444422783194
18097360301,NA,2024,25.365288642036088,-0.025288908362208762,NA
18097360301,NA,2025,25.52784563210667,0.006408639474387412,0.10741739103124079
18097360301,NA,2026,25.60007973744524,0.0028296201089417217,-0.03759378683656727
18097360301,NA,2027,25.928140053249233,0.012814816171222265,0.19625601866918166
18097360301,NA,2028,26.357083753062707,0.016543558424651383,0.30808821541644693
18097360302,NA,2024,48.9131964925776,-0.015395470603113748,NA
18097360302,NA,2025,51.13323536304174,0.045387319366891665,0.42168905163196146
18097360302,NA,2026,50.52621874628153,-0.011871273398807003,-0.4523213557862768
18097360302,NA,2027,51.92506683577657,0.02768558827881784,0.33134072986629526
18097360302,NA,2028,52.877947738867334,0.018351077064656218,0.3278519025019071
18097360401,NA,2024,31.29259420340454,-0.08651252481656335,NA
18097360401,NA,2025,32.24075983724176,0.030300000941886118,0.300045203545917
18097360401,NA,2026,31.33772415376363,-0.028009131547669708,-0.9075871989546095
18097360401,NA,2027,31.120979883658027,-0.006916401109477888,0.017019475425440276
18097360401,NA,2028,30.2011180414292,-0.0295576117997447,-0.1959890773001909
18097360402,NA,2024,48.82006142202464,0.05612753842404117,NA
18097360402,NA,2025,51.610803666317146,0.057163841318591535,0.5166390889361566
18097360402,NA,2026,51.66458242344359,0.001042005807042834,-0.08802425443062786
18097360402,NA,2027,54.61918884252435,0.05718823767634018,0.5993400539483579
18097360402,NA,2028,57.74338851581194,0.05719967175446605,0.7526284177566632
18097360404,NA,2025,67.41871656596652,0.07293534805338076,0.6437993115344294
18097360404,NA,2026,67.56696201401346,0.0021988767451821545,-0.05538771628346024
18097360404,NA,2027,72.55440479343764,0.07381481467806394,0.7503743335556173
18097360404,NA,2028,77.93768947704106,0.07419652464836046,0.9384746240406704
18097360405,NA,2024,15.185727688732728,0.04427323114207615,NA
18097360405,NA,2025,14.103885683698111,-0.07124070885567801,-0.5186425399759723
18097360405,NA,2026,14.521282539169272,0.02959445821044948,0.7174702664687703
18097360405,NA,2027,13.981073639527002,-0.03720118372362269,-0.25808467407662516
18097360405,NA,2028,13.779766063690175,-0.014398577750688202,-0.030237865206141915
18097360406,NA,2024,38.62093109915416,0.09243898283797147,NA
18097360406,NA,2025,36.72477733017635,-0.049096531725495884,-0.3401016725445657
18097360406,NA,2026,38.45095575763961,0.047003101256243074,1.2085862796070004
18097360406,NA,2027,38.293205867791926,-0.0041026259748132565,0.04257954713453786
18097360406,NA,2028,39.86676241020169,0.041092316685171104,0.5765081176290286
18097360407,NA,2024,25.39454171418468,-0.05293297371805372,NA
18097360407,NA,2025,26.064836370687505,0.026395225558585977,0.2685623455484983
18097360407,NA,2026,25.829743031390603,-0.009019559376988395,-0.3718715230611267
18097360407,NA,2027,26.111094924492573,0.010892554864368797,0.17879437568232856
18097360407,NA,2028,26.211182634742244,0.0038331487262062147,0.16911063894874526
18097360501,NA,2024,12.270077477185977,-0.03311789479774496,NA
18097360501,NA,2025,11.709359196438252,-0.04569802283565694,-0.312700666781377
18097360501,NA,2026,11.74851722042898,0.003344164555361795,-0.023077950280925814
18097360501,NA,2027,11.253266280942976,-0.04215433575096894,-0.3030786465676508
18097360501,NA,2028,10.802216269163372,-0.04008169721740629,-0.31106104748732066
18097360502,NA,2024,27.672032685605643,0.1528190691947966,NA
18097360502,NA,2025,29.729229174203372,0.07434208075606374,0.6551413124362746
18097360502,NA,2026,29.516290220300665,-0.0071626126817805336,-0.3194851161963449
18097360502,NA,2027,31.07338017504597,0.05275357923111801,0.5590560289497704
18097360502,NA,2028,32.323036258108736,0.0402162904718788,0.5669295121447039
18097360601,NA,2024,13.148409891416476,0.04211196300964648,NA
18097360601,NA,2025,13.713469808545645,0.0429755325393415,0.4022436457485546
18097360601,NA,2026,13.721454464503935,5.822491367803995e-4,-0.10099447056516758
18097360601,NA,2027,14.310919891807623,0.04295939827870132,0.47008659980400963
18097360601,NA,2028,14.925601571894802,0.04295193353985982,0.5968414546145975
18097360602,NA,2024,33.51209084091126,0.050218033431389086,NA
18097360602,NA,2025,33.50951286231635,-7.692682044679877e-5,0.05512650547445286
18097360602,NA,2026,33.68889457479577,0.005353157869422365,0.03359785059725858
18097360602,NA,2027,33.988443951157656,0.008891635660434938,0.1606182116717117
18097360602,NA,2028,34.43153583755413,0.013036545216168482,0.2697419930743934
18097360700,NA,2024,10.896336333147929,0.020409849551265014,NA
18097360700,NA,2025,11.330127600461095,0.039810745011011006,0.3767270547629235
18097360700,NA,2026,11.32207044423302,-7.111266979682451e-4,-0.13748195449945194
18097360700,NA,2027,11.747357778148247,0.037562682197570085,0.4210633326893134
18097360700,NA,2028,12.176989466689683,0.0365726231085437,0.5270890922349729
18097360800,NA,2024,38.72466027177783,-0.026351398881014565,NA
18097360800,NA,2025,38.01895346543616,-0.018223705550645675,-0.09118471650179857
18097360800,NA,2026,37.998709478732046,-5.324709088196933e-4,-0.13244188798422163
18097360800,NA,2027,37.263367075652674,-0.019351773077739498,-0.09594228734028003
18097360800,NA,2028,36.52212499408597,-0.019891978093708573,-0.09030355029048694
18097360900,NA,2024,30.3753724481655,-0.002073428241388009,NA
18097360900,NA,2025,30.832731213512805,0.015056894071925342,0.17714528692616371
18097360900,NA,2026,30.824635203847578,-2.6257841412635763e-4,-0.12482793865910469
18097360900,NA,2027,31.268446265410137,0.014397933945611285,0.2106369133394138
18097360900,NA,2028,31.708842462944435,0.01408436459541873,0.28119901148363513
18097361000,NA,2024,5.4763942766487315,-0.15971575317671027,NA
18097361000,NA,2025,5.98486997146575,0.09284862797135562,0.8043532237009728
18097361000,NA,2026,5.79805142243103,-0.031215139163494166,-0.9980320242194343
18097361000,NA,2027,6.005269733082602,0.035739301974781146,0.40449991627651233
18097361000,NA,2028,6.071721732209707,0.01106561438215281,0.24819153190157447
18097361100,NA,2024,16.910414100371465,0.01745504085080185,NA
18097361100,NA,2025,16.110279387884717,-0.04731609218659949,-0.3257466022335326
18097361100,NA,2026,16.230690103949893,0.007474154430600954,0.09343338012508227
18097361100,NA,2027,15.641887879454051,-0.03627709116031674,-0.249690303150194
18097361100,NA,2028,15.160153980155096,-0.03079768267177796,-0.20954820312950656
18097361200,NA,2024,9.544934249085358,-0.10097038221452759,NA
18097361200,NA,2025,8.51037784630921,-0.10838800726943565,-0.8181484029635783
18097361200,NA,2026,8.548577485607284,0.004488594982259286,0.009207628043215019
18097361200,NA,2027,7.623540233964019,-0.10820949487803011,-0.9031175705183985
18097361200,NA,2028,6.799395021913107,-0.108105314166143,-1.0548417477474514
18097361300,NA,2024,4.781560991301679,-0.18713463147871467,NA
18097361300,NA,2025,4.723399263588062,-0.01216375318006413,-0.04232540931345603
18097361300,NA,2026,4.624073278753215,-0.02102849648991889,-0.7106561888972855
18097361300,NA,2027,4.40676813209148,-0.04699431292756817,-0.34704454923706113
18097361300,NA,2028,4.124076881789313,-0.06414933616396112,-0.5742203170505219
18097361400,NA,2025,7.901086100692964,0.01399520932472953,0.16858528875650153
18097361400,NA,2026,7.697396991713291,-0.02577988726914493,-0.8446978881967077
18097361400,NA,2027,7.535163243689877,-0.0210764428803748,-0.11160902747412789
18097361400,NA,2028,7.222627995097029,-0.04147690481086419,-0.32631646211269133
18097361401,NA,2024,24.106681069414712,-0.05327400124481518,NA
18097361401,NA,2025,29.357697421959575,0.21782411014708591,1.8119874592897338
18097361401,NA,2026,27.903650884438317,-0.04952863014500686,-1.5146747432311642
18097361401,NA,2027,31.475779542180018,0.1280165334828589,1.2427377077070583
18097361401,NA,2028,34.10356736509993,0.08348602834120333,1.0400474875792074
18097361402,NA,2024,13.8437045946668,0.003789172874620661,NA
18097361402,NA,2025,16.335808596895546,0.1800171323497335,1.5071628288138974
18097361402,NA,2026,15.67803417098123,-0.040265801476109364,-1.2533606664082364
18097361402,NA,2027,17.543510780391713,0.11898664010206894,1.16071099580138
18097361402,NA,2028,18.911886152076576,0.07799894723548095,0.9800508980083537
18097361600,NA,2025,0.7289424425838309,-0.19300258227179967,-1.5003665558192605
18097361600,NA,2026,0.7742827394178095,0.06220010550251942,1.63730965094865
18097361600,NA,2027,0.6678074373524465,-0.1375147561024319,-1.1693238387882416
18097361600,NA,2028,0.6032264034774634,-0.09670607163498757,-0.930200674946995
18097361601,NA,2024,15.95663865223178,1.4421136812282853,NA
18097361601,NA,2025,31.895115032561023,0.9988617733158984,8.109224925327458
18097361601,NA,2026,37.201893292964094,0.16638216400804628,4.5763943963350044
18097361601,NA,2027,74.36144239828299,0.9988617733158971,9.153414898445591
18097361601,NA,2028,100,0.3447829516861147,3.897108275272373
18097370201,NA,2024,44.450415073819954,0.34270908981607895,NA
18097370201,NA,2025,56.59659136827622,0.27325225814617915,2.258885511346324
18097370201,NA,2026,56.80289728303262,0.0036452003516247444,-0.014585415872376647
18097370201,NA,2027,69.55397192024002,0.2244793003017509,2.118996512745759
18097370201,NA,2028,82.91655864092728,0.19211824072406114,2.2278488221924464
18097370202,NA,2025,24.71271757938287,-0.028846202837140344,-0.1768302507056213
18097370202,NA,2026,24.71785262491881,2.0778959333167535e-4,-0.11155836561295164
18097370202,NA,2027,24.001691836549742,-0.028973422539427363,-0.1833444564655872
18097370202,NA,2028,23.304786672750243,-0.02903566834143967,-0.19028206717153412
18097370203,NA,2024,40.88424401750689,0.037211116700297975,NA
18097370203,NA,2025,43.41399470779306,0.061875931696399045,0.5546310494647896
18097370203,NA,2026,43.42126953204803,1.6756864471778599e-4,-0.11269304060605306
18097370203,NA,2027,46.02146987161396,0.059883102626623996,0.6238199565983604
18097370203,NA,2028,48.73768838992449,0.05902068156206153,0.7725396193455856
18097370204,NA,2024,22.29382559451062,0.2035375219471971,NA
18097370204,NA,2025,17.772934572091188,-0.20278668653138665,-1.5792524160287615
18097370204,NA,2026,20.15638757434102,0.13410576585324097,3.665843474097543
18097370204,NA,2027,18.378570722427224,-0.08820116428883074,-0.7213637557452001
18097370204,NA,2028,18.708058450298495,0.01792782109379165,0.32322395655430813
18097370301,NA,2025,39.61112793676284,0.20649994916878267,1.7206846525919208
18097370301,NA,2026,40.07779550232329,0.011781223859756329,0.2149403098031796
18097370301,NA,2027,48.35385614781257,0.20649989705670113,1.955673285324806
18097370301,NA,2028,58.33892156606965,0.20649987847367957,2.385099863464773
18097370302,NA,2025,14.773129039992371,-0.0795303177533635,-0.5854787992128356
18097370302,NA,2026,16.186604158677785,0.09567879051614536,2.5817783419173814
18097370302,NA,2027,16.418760911585625,0.014342523646837968,0.2101335713371975
18097370302,NA,2028,18.044281747178974,0.09900386785255688,1.2097219338377316
18097370303,NA,2024,11.209910309572251,-0.12937542012091852,NA
18097370303,NA,2025,12.425875600379802,0.10847234788035953,0.9303218920628644
18097370303,NA,2026,11.688501834181295,-0.05934179529175143,-1.7915143872205752
18097370303,NA,2027,11.999459128900185,0.026603691313932254,0.3215128784279725
18097370303,NA,2028,11.704743792873602,-0.024560718350777444,-0.14135227503489847
18097370304,NA,2024,5.636620737177935,-0.3036211289250169,NA
18097370304,NA,2025,6.93757512272716,0.23080395971444556,1.9166395123898212
18097370304,NA,2026,6.052414703479209,-0.1275893094617755,-3.7168480836844027
18097370304,NA,2027,6.229786353320087,0.02930593135644144,0.34605977573004204
18097370304,NA,2028,5.7107579083538385,-0.0833140039689545,-0.7837697453173685
18097370305,NA,2024,55.44518598577395,0.01551617128605054,NA
18097370305,NA,2025,57.15735678052827,0.03088042296753457,0.30472494627586133
18097370305,NA,2026,56.98570591448867,-0.0030031281309718105,-0.2021417101692545
18097370305,NA,2027,58.48733496776066,0.02635097748065629,0.3192172494628724
18097370305,NA,2028,59.88210635135753,0.02384740874867508,0.3879496393200228
18097370306,NA,2024,1.9157416467996415,-0.3513366002941565,NA
18097370306,NA,2025,2.254424961792487,0.1767896603170036,1.4811408342757124
18097370306,NA,2026,1.9479401091529736,-0.1359481277193757,-3.952659082073021
18097370306,NA,2027,1.9008019599289796,-0.024198972546692454,-0.13997379664193008
18097370306,NA,2028,1.625321744590048,-0.14492841503026666,-1.4574712016782445
18097380100,NA,2025,32.185295758195004,0.0919127046339383,0.796807196430263
18097380100,NA,2026,33.124914932891436,0.029194051275952315,0.7061743684033168
18097380100,NA,2027,37.239510386122994,0.12421452135250521,1.2082005830116684
18097380100,NA,2028,42.64961999226444,0.1452787523263861,1.7156986449017637
18097380101,NA,2024,3.2576664615801465,0.2620284486874773,NA
18097380101,NA,2025,1.852961209131373,-0.43119983860085376,-3.420868930540857
18097380101,NA,2026,2.376543203869088,0.2825650057634821,7.854033778560526
18097380101,NA,2027,1.7221872089165997,-0.2753394063643261,-2.421310147351306
18097380101,NA,2028,1.530953842390403,-0.11104098644798233,-1.0869408404370715
18097380102,NA,2024,3.352135863987684,-0.14552159391559216,NA
18097380102,NA,2025,2.901420690701218,-0.13445611740518704,-1.0283265896974114
18097380102,NA,2026,2.921219376516573,0.006823790110413119,0.07508592299256432
18097380102,NA,2027,2.527707147000143,-0.13470820872949152,-1.143829423394637
18097380102,NA,2028,2.186815123092568,-0.1348621513817937,-1.3474051251991497
18097380103,NA,2024,14.039510836821778,-0.247472635862505,NA
18097380103,NA,2025,16.185808092339215,0.15287550118115867,1.2883292120191785
18097380103,NA,2026,14.153883734905454,-0.12553740572245364,-3.6589617348662697
18097380103,NA,2027,14.155054038896802,8.26843015857559e-5,0.08059851655098776
18097380103,NA,2028,12.314526376366992,-0.13002618410867295,-1.2945279145158737
18097380200,NA,2024,38.87761073520379,0.08802359372019075,NA
18097380200,NA,2025,39.771354017489365,0.022988637042869797,0.2410961965467886
18097380200,NA,2026,40.06741685896663,0.0074441227559682854,0.09258615519924152
18097380200,NA,2027,41.47572762684347,0.03514852911117172,0.3991333905113163
18097380200,NA,2028,43.15870308566588,0.040577358255510676,0.5708774828789487
18097380300,NA,2025,62.51651383832423,0.10004684678148523,0.8623899808478409
18097380300,NA,2026,62.817623243183185,0.004816477861156132,0.018457546709277444
18097380300,NA,2027,69.26245933082289,0.10259598747775112,1.0118198313031173
18097380300,NA,2028,76.45539163996864,0.10385037405024367,1.2627143787447277
18097380301,NA,2024,25.75114161671765,0.01402820816069994,NA
18097380301,NA,2025,23.51356892642977,-0.08689217447490749,-0.6448349124358781
18097380301,NA,2026,24.12529036688058,0.02601567811185057,0.616509139900837
18097380301,NA,2027,22.73173628995893,-0.057763204327469286,-0.44486815746287045
18097380301,NA,2028,21.853046743056897,-0.038654748396415695,-0.2954585693934024
18097380302,NA,2024,36.6095471191281,0.2058194067620409,NA
18097380302,NA,2025,29.426087342514915,-0.19621820923482292,-1.5262930476432204
18097380302,NA,2026,33.52554648644021,0.13931376931660178,3.8127666943972365
18097380302,NA,2027,30.81216779865513,-0.08093465945089195,-0.6553555014095682
18097380302,NA,2028,31.884688316668413,0.034808343412309206,0.507798186417528
18097380402,NA,2024,33.45979446177384,-0.07021241395097633,NA
18097380402,NA,2025,33.911711784175154,0.013506279093184803,0.1646432128265518
18097380402,NA,2026,33.56354638759669,-0.01026681869657009,-0.4070580119087151
18097380402,NA,2027,33.44525307062355,-0.003524458220447557,0.04783156925933945
18097380402,NA,2028,33.061329727380844,-0.011479157966961973,0.0016835201669641528
18097380403,NA,2024,8.394930971042792,-0.03203901985400548,NA
18097380403,NA,2025,7.833870254931893,-0.06683327332246136,-0.4831069064492714
18097380403,NA,2026,7.830877543467188,-3.820220870802693e-4,-0.12819756949715475
18097380403,NA,2027,7.275164621485106,-0.07096432282301213,-0.5647858904861904
18097380403,NA,2028,6.740575934812699,-0.07348131822249815,-0.6762576455792947
18097380404,NA,2024,14.049296742220204,-0.023662796015330168,NA
18097380404,NA,2025,13.732179574622588,-0.022571746715594032,-0.1262414737095097
18097380404,NA,2026,13.734082876643228,1.3860159709522257e-4,-0.11351023129135555
18097380404,NA,2027,13.423171824145747,-0.02263791876676602,-0.1257933292459691
18097380404,NA,2028,13.118857783556615,-0.022670799761478788,-0.12068761421801584
18097380501,NA,2024,30.128773811927672,0.028258530475258725,NA
18097380501,NA,2025,32.55806271561569,0.08063019487126577,0.7058402091275245
18097380501,NA,2026,32.39285741647834,-0.0050741747314747565,-0.2605680991064587
18097380501,NA,2027,34.627005083036266,0.06897037942140316,0.7063679341014234
18097380501,NA,2028,36.84262986932218,0.06398545819867474,0.8268252514400708
18097380502,NA,2024,42.55317979751175,0.08534514764440093,NA
18097380502,NA,2025,43.05721071608329,0.011844729840871038,0.1512467139165169
18097380502,NA,2026,43.4608804727072,0.009375195232354638,0.14706372781584987
18097380502,NA,2027,44.63115380955551,0.02692705081258584,0.32445024604899547
18097380502,NA,2028,46.14180814050503,0.03384753030126886,0.49729250793990076
18097380600,NA,2024,25.780492207511102,-0.023125948582985223,NA
18097380600,NA,2025,24.89786038909159,-0.034236422303929426,-0.22028973233767873
18097380600,NA,2026,24.896979393962415,-3.5384371002478154e-5,-0.11841855727456793
18097380600,NA,2027,24.021815887807698,-0.035151392958414296,-0.2394645653472838
18097380600,NA,2028,23.16506543689602,-0.035665515667636316,-0.26277383853106745
18097380700,NA,2024,31.060147340696247,-5.616494751113921e-4,NA
18097380700,NA,2025,30.660290566417295,-0.012873627735662474,-0.04804888317202024
18097380700,NA,2026,30.676360797758836,5.241382597704902e-4,-0.102633839134102
18097380700,NA,2027,30.30836016755316,-0.011996228386796148,-0.02912520325854425
18097380700,NA,2028,29.95769664097615,-0.011569861405844595,6.917548020180359e-4
18097380800,NA,2024,15.812056577199003,0.15740576922636862,NA
18097380800,NA,2025,16.67087552566436,0.05431418388065823,0.49366328324873215
18097380800,NA,2026,16.831280469060378,0.009621866778926957,0.15402258992753584
18097380800,NA,2027,18.005471492798737,0.06976242989336323,0.7135628469468441
18097380800,NA,2028,19.378650567334414,0.07626454409066041,0.9610866670036988
18097380901,NA,2024,0.08990833632893297,Inf,NA
18097380901,NA,2025,0.06011216433039956,-0.3314061099909914,-2.616266494176916
18097380901,NA,2026,0.06353231304761014,0.05689611670629824,1.4876785840999678
18097380901,NA,2027,0.04272968418116468,-0.32743383435223417,-2.894531087650096
18097380901,NA,2028,0.02891567371408571,-0.3232883821118483,-3.4076865410696664
18097380902,NA,2024,9.939113524812708,0.1397710704428079,NA
18097380902,NA,2025,9.631316649575169,-0.03096824223499739,-0.19393952293505187
18097380902,NA,2026,9.848057667347517,0.02250377862739139,0.5174347853510408
18097380902,NA,2027,9.885543565717969,0.003806425554832016,0.11442463587606437
18097380902,NA,2028,10.089507364651356,0.020632532503393364,0.35279768750941415
18097381001,NA,2025,53.55951829408955,-0.03306383624694076,-0.21083557513319257
18097381001,NA,2026,57.04946367759936,0.06516013389715147,1.7208151453242675
18097381001,NA,2027,59.09038369245977,0.03577456970312909,0.40482028504176476
18097381001,NA,2028,64.58246334997192,0.09294371290760406,1.1434592666814298
18097381002,NA,2024,3.8360274549654134,0.24713514813653314,NA
18097381002,NA,2025,3.06707866143924,-0.2004544551762356,-1.5604484384977182
18097381002,NA,2026,3.372232279800649,0.09949324815106464,2.689388178078557
18097381002,NA,2027,3.0457394261580557,-0.0968180203950525,-0.7996384754513484
18097381002,NA,2028,2.9587957891825183,-0.028545986642465215,-0.18492781208624123
18097381003,NA,2024,34.96102271326875,0.06927572392044179,NA
18097381003,NA,2025,38.97057531222109,0.11468636463631232,0.980423367286748
18097381003,NA,2026,38.79553133469427,-0.004491696007164814,-0.24413576557716257
18097381003,NA,2027,42.75507043275733,0.10206173138611208,1.0069666986397838
18097381003,NA,2028,46.87086404243112,0.09626445630926694,1.1797687862786366
18097381004,NA,2024,39.93378933119651,-0.05891995703568775,NA
18097381004,NA,2025,38.451919147782625,-0.0371081785182914,-0.24344371284232724
18097381004,NA,2026,38.21284202517972,-0.006217560212900208,-0.29282419842681817
18097381004,NA,2027,36.517795223957414,-0.04435804068447413,-0.3230968972914416
18097381004,NA,2028,34.66938708253275,-0.050616641286493125,-0.4262517478408725
18097381101,NA,2024,17.046574378249616,-0.13839189584129452,NA
18097381101,NA,2025,17.48972759237914,0.025996613999758278,0.26534847794515976
18097381101,NA,2026,16.997498650383275,-0.028143888427990538,-0.911388831375472
18097381101,NA,2027,16.70291992123939,-0.01733071054765134,-0.07758314322772798
18097381101,NA,2028,16.053156167649586,-0.038901207492683,-0.2981533910954786
18097381102,NA,2024,5.855786181761504,-0.13464493091746654,NA
18097381102,NA,2025,5.11218046219438,-0.12698648763562548,-0.9681015395359738
18097381102,NA,2026,5.142450254360206,0.005921111821008074,0.049620425108962085
18097381102,NA,2027,4.487267064212449,-0.12740681148879118,-1.0775042097164833
18097381102,NA,2028,3.9144421111501857,-0.1276556409202264,-1.268608030337583
18097381201,NA,2025,4.141207725595776,-0.11950462810519902,-0.9077778850280995
18097381201,NA,2026,4.168139842722211,0.0065034451085306255,0.06604865571449789
18097381201,NA,2027,3.6765736300957736,-0.11793419395098692,-0.9914558327313088
18097381201,NA,2028,3.246406643354398,-0.11700214112947593,-1.152121023471173
18097381203,NA,2024,44.168420893070945,0.011483715786553939,NA
18097381203,NA,2025,43.8749787635048,-0.006643708867848153,0.002180805298580778
18097381203,NA,2026,43.954921946908456,0.0018220677401250551,-0.06601789209850979
18097381203,NA,2027,43.79750514399105,-0.003581323682192883,0.04731500869198099
18097381203,NA,2028,43.70345362890061,-0.0021474171823538946,0.10371821056945262
18097381204,NA,2024,65.58211819231441,0.06526820615933726,NA
18097381204,NA,2025,69.03397831936229,0.05263416648003916,0.4801178820246082
18097381204,NA,2026,68.8850864298939,-0.0021567913814787287,-0.17826566600601665
18097381204,NA,2027,71.92485728981656,0.0441281417715329,0.48070335702753125
18097381204,NA,2028,74.61568015961551,0.03741158441172088,0.5362624242857889
18097381205,NA,2024,24.722685821543138,0.0015955919925332296,NA
18097381205,NA,2025,24.071908028028712,-0.02632310252259662,-0.15648736254469253
18097381205,NA,2026,24.03013006087783,-0.0017355486362874428,-0.16638196794652113
18097381205,NA,2027,23.29426271202613,-0.030622695215858586,-0.19832629611513752
18097381205,NA,2028,22.521748542504135,-0.03316328054989992,-0.23541401452335523
18097381206,NA,2024,17.914717510317942,0.11608065883095753,NA
18097381206,NA,2025,20.771431127119858,0.15946182880955817,1.341432501477567
18097381206,NA,2026,20.923276719693323,0.007310309609587229,0.08881114649906449
18097381206,NA,2027,24.25974069010408,0.15946182880955861,1.528383846789879
18097381206,NA,2028,28.12824330699374,0.1594618288095584,1.8707785867173656
18097390101,NA,2025,2.088227795698689,-0.053993004855795834,-0.3795802476525466
18097390101,NA,2026,2.015766772995964,-0.034699769274204484,-1.0963370812380508
18097390101,NA,2027,1.8304737279659544,-0.09192186691053295,-0.755162272423851
18097390101,NA,2028,1.5976891060095837,-0.1271717907773765,-1.2633175383847504
18097390102,NA,2024,39.68754032145525,0.03875470675824455,NA
18097390102,NA,2025,41.042497090192626,0.03414060830584864,0.3310106969211805
18097390102,NA,2026,41.062547300325114,4.885231541449375e-4,-0.10363857848318898
18097390102,NA,2027,42.47351619067761,0.03436145546531444,0.39198368669148675
18097390102,NA,2028,43.93727412322832,0.03446283858344623,0.5040203834267135
18097390103,NA,2024,5.9838114486563,-0.009109318442748426,NA
18097390103,NA,2025,5.938736023372898,-0.007532895324354527,-0.004988398610853501
18097390103,NA,2026,5.93880085668208,1.0917021555867379e-5,-0.1171123466034555
18097390103,NA,2027,5.893968900693662,-0.0075489912981295815,0.01127308496757733
18097390103,NA,2028,5.8494277634512,-0.007557070285392875,0.044568230700329454
18097390104,NA,2024,5.7281073846387205,0.10828270286491404,NA
18097390104,NA,2025,6.360751320460219,0.1104455439362193,0.9462310917298623
18097390104,NA,2026,6.383997222240591,0.003654584279312756,-0.014320685465670583
18097390104,NA,2027,7.0889867899171515,0.11043074474100889,1.0829900378363804
18097390104,NA,2028,7.8717843662834754,0.11042446538054174,1.334596505461219
18097390200,NA,2024,3.2184478978835815,-0.2046857639007682,NA
18097390200,NA,2025,2.78744321846287,-0.13391693545952243,-1.0239793515175333
18097390200,NA,2026,2.8313330067982587,0.015745536283817696,0.3267777061710605
18097390200,NA,2027,2.5067713283490356,-0.11463211062419165,-0.9614600148059498
18097390200,NA,2028,2.255252824432634,-0.10033563934292,-0.9698869270538477
18097390300,NA,2024,2.6458269028458634,0.011293838421085445,NA
18097390300,NA,2025,2.6592905252303005,0.005088625552168713,0.09677457376560226
18097390300,NA,2026,2.6578601882990767,-5.378641098644499e-4,-0.13259403582183232
18097390300,NA,2027,2.6680873405359296,0.0038478894720936907,0.11480129024531084
18097390300,NA,2028,2.6764136978416353,0.0031207214168758046,0.16132084906712896
18097390402,NA,2025,4.205031311817525,-0.04008137570648951,-0.26741557695381807
18097390402,NA,2026,4.200591918670347,-0.0010557336718757249,-0.1472036773631972
18097390402,NA,2027,4.022369684679616,-0.042427885745955796,-0.30556354928846496
18097390402,NA,2028,3.846629134737647,-0.043690800129915774,-0.3505235343703713
18097390403,NA,2025,9.022271686922126,0.24299137761141631,2.0149024620710003
18097390403,NA,2026,9.165181086420384,0.015839624925661155,0.32943204508433477
18097390403,NA,2027,11.392367846526591,0.2430052106014713,2.2872841594391757
18097390403,NA,2028,14.160841022591162,0.24301121710256646,2.7843204611182855
18097390404,NA,2025,4.308660334784255,-0.052673202897519644,-0.3689391393791157
18097390404,NA,2026,4.315103847301292,0.0014954793407635503,-0.07523129214409081
18097390404,NA,2027,4.093192686951009,-0.05142660946365596,-0.3873071188726733
18097390404,NA,2028,3.886418328341808,-0.05051664420011115,-0.4251583643033695
18097390405,NA,2024,15.242055780845472,-0.029916901431996212,NA
18097390405,NA,2025,14.784931444106258,-0.029990989621864417,-0.18606027195983468
18097390405,NA,2026,14.789596854985096,3.1555174242603456e-4,-0.10851828277069835
18097390405,NA,2027,14.346206175743063,-0.029979903008145903,-0.19248723146466978
18097390405,NA,2028,13.916185752129024,-0.02997450464228857,-0.20054744782309905
18097390406,NA,2024,2.468749169449334,-0.196499293755787,NA
18097390406,NA,2025,2.1742624979486105,-0.11928578048551208,-0.9060133921040907
18097390406,NA,2026,2.1755328833881165,5.842833791709356e-4,-0.10093708246145561
18097390406,NA,2027,1.8981546151945088,-0.12749900050309804,-1.07834164615106
18097390406,NA,2028,1.647156203143804,-0.13223285924207195,-1.3186560401520482
18097390409,NA,2024,9.744429273334662,0.260131876483505,NA
18097390409,NA,2025,14.440610383828703,0.4819349577860861,3.941422188713041
18097390409,NA,2026,14.778706811363907,0.023412890352184856,0.5430817771701802
18097390409,NA,2027,21.115218583045685,0.4287595560667996,3.97465936290801
18097390409,NA,2028,29.865535406526703,0.41440806255763896,4.6583999566414755
18097390410,NA,2024,5.439495784689444,-0.1851019522559586,NA
18097390410,NA,2025,5.261152751132472,-0.032786684762024176,-0.20860099824031428
18097390410,NA,2026,5.025247180207713,-0.04483914116996124,-1.3823793585178463
18097390410,NA,2027,4.597645719994698,-0.08509063233688352,-0.6931079726992367
18097390410,NA,2028,4.014441918331719,-0.12684835613294088,-1.259781054188269
18097390411,NA,2024,15.608003694442496,-0.06225597236628888,NA
18097390411,NA,2025,14.069471471877437,-0.09857328667297027,-0.7390156937828236
18097390411,NA,2026,14.21165625583852,0.010105907975668238,0.1676778979324682
18097390411,NA,2027,12.940749053785142,-0.08942709978164975,-0.7325000397791113
18097390411,NA,2028,11.852722254447816,-0.08407757501634583,-0.7921187487047522
18097390500,NA,2024,13.684571095616132,-0.07947390944024035,NA
18097390500,NA,2025,12.706331155584287,-0.0714848812722545,-0.5206112180082199
18097390500,NA,2026,12.73037379197154,0.0018921776941636104,-0.06404001702702113
18097390500,NA,2027,11.82177264439668,-0.07137269984545724,-0.568495549388727
18097390500,NA,2028,10.978768721696802,-0.0713094345541696,-0.6525099351785035
18097390600,NA,2025,45.63902476135017,0.020264778797347116,0.21913466638665619
18097390600,NA,2026,45.64514806721744,1.3416820143041797e-4,-0.11363530201615793
18097390600,NA,2027,46.570136896309606,0.02026477880474875,0.26393078656271857
18097390600,NA,2028,47.51387041958537,0.02026477880829569,0.3487766119898761
18097390601,NA,2024,43.30560174896384,0.20264351845014028,NA
18097390601,NA,2025,42.40971345901618,-0.02068758437167062,-0.11105012217325544
18097390601,NA,2026,44.961411162985144,0.06016776572741689,1.579975222006368
18097390601,NA,2027,47.06731211413558,0.04683796386008754,0.5053191289309277
18097390601,NA,2028,51.63961624895018,0.09714393980533709,1.1893851942251186
18097390602,NA,2024,32.14550074578641,-0.03321802268311558,NA
18097390602,NA,2025,31.01086549591654,-0.035296860324025014,-0.22883967857646015
18097390602,NA,2026,31.02934966920662,5.960547374117553e-4,-0.10060500014388232
18097390602,NA,2027,29.943016010483863,-0.03500987517636667,-0.2381790309729526
18097390602,NA,2028,28.89893887514955,-0.03486880329519082,-0.25406246279328515
18097390700,NA,2024,11.801027315604118,-0.13124352102148418,NA
18097390700,NA,2025,10.321056520316874,-0.12541033553327396,-0.9553935684109541
18097390700,NA,2026,10.39155375544135,0.006830428162630797,0.07527318938268868
18097390700,NA,2027,9.10778937153987,-0.12353921406885482,-1.0423713143483972
18097390700,NA,2028,7.995740178846678,-0.12209869457105982,-1.207847523438841
18097390800,NA,2025,20.84134493830245,0.05625452393633479,0.5093075763112285
18097390800,NA,2026,20.868918924499024,0.0013230425521100209,-0.08009591415622079
18097390800,NA,2027,22.0530674707409,0.0567422083782092,0.5952883652742573
18097390800,NA,2028,23.30949700201248,0.05697300536256744,0.7501500125313304
18097390802,NA,2024,37.16385803430086,0.3795674573338954,NA
18097390802,NA,2025,43.76806942962027,0.17770521535261397,1.4885226389496042
18097390802,NA,2026,45.49130543383546,0.03937199028132099,0.993304664149632
18097390802,NA,2027,55.78420559600671,0.22626082201887332,2.1351796903849314
18097390802,NA,2028,69.44638300181403,0.2449112120507695,2.805095298394729
18097390900,NA,2024,23.797243082001877,-0.037868425266911476,NA
18097390900,NA,2025,23.142449207316055,-0.027515534989893453,-0.16610153451473034
18097390900,NA,2026,23.17967922502746,0.0016087328258944655,-0.07203629297355268
18097390900,NA,2027,22.615461158240013,-0.024341064486270048,-0.1412645466098805
18097390900,NA,2028,22.11270902070912,-0.02223046145347851,-0.11587288736627219
18097391000,NA,2025,24.585534865446135,-0.04484790280230644,-0.3058464419762322
18097391000,NA,2026,24.602799876712,7.022426544858185e-4,-0.09760932803206497
18097391000,NA,2027,23.49943243455483,-0.0448472307089558,-0.32754065399079024
18097391000,NA,2028,22.445557233729716,-0.04484683635488318,-0.3631638124311559
18097391001,NA,2024,35.61696774884705,0.0162708131004361,NA
18097391001,NA,2025,36.05251339481168,0.012228599835782727,0.154341725371199
18097391001,NA,2026,36.089506335177994,0.0010260849212146983,-0.08847339925788264
18097391001,NA,2027,36.57585591723524,0.013476204898463129,0.20226401237400918
18097391001,NA,2028,37.097147197326194,0.014252333049171728,0.28303560441647146
18097391002,NA,2024,33.388531121036,0.06424097870322565,NA
18097391002,NA,2025,36.09080235303805,0.0809341154364085,0.7082906158873615
18097391002,NA,2026,36.12574485715671,9.681830782495293e-4,-0.09010687075796493
18097391002,NA,2027,38.9783540634401,0.07896333259183375,0.7971429915945315
18097391002,NA,2028,42.02444037136316,0.07814815122684071,0.9816823174205087
