GEOID,year,zhvi_forecast,NAME,zhvi_delta,zhvi_delta_zscore
18011810605,2024,255151.7405387399,NA,0.08476280038105544,-0.3022761751166258
18011810605,2025,278356.1408896926,NA,0.09094353149211432,-0.38939722483371403
18011810605,2026,278415.33113448333,NA,2.1264213752059113e-4,-0.4275958429047489
18011810605,2027,303871.84560275445,NA,0.09143359442363042,-0.44444939928032995
18011810605,2028,331735.2722038388,NA,0.09169466340593346,-0.4769930170993286
18057110805,2024,341196.64918433235,NA,0.07229794889137509,-0.7383152819997306
18057110805,2025,366555.7035085307,NA,0.07432386685162906,-1.0224416709663235
18057110805,2026,366563.4106603409,NA,2.1025867928070596e-5,-0.5760957134461725
18057110805,2027,393824.65797441377,NA,0.07436979938876997,-1.0909715669020454
18057110805,2028,423122.5223383045,NA,0.07439316906813431,-1.123172064338848
18057110807,2024,341196.64918433235,NA,0.07229794889137509,-0.7383152819997306
18057110807,2025,366555.7035085307,NA,0.07432386685162906,-1.0224416709663235
18057110807,2026,366563.4106603409,NA,2.1025867928070596e-5,-0.5760957134461725
18057110807,2027,393824.65797441377,NA,0.07436979938876997,-1.0909715669020454
18057110807,2028,423122.5223383045,NA,0.07439316906813431,-1.123172064338848
18057110810,2024,341196.64918433235,NA,0.07229794889137509,-0.7383152819997306
18057110810,2025,366555.7035085307,NA,0.07432386685162906,-1.0224416709663235
18057110810,2026,366563.4106603409,NA,2.1025867928070596e-5,-0.5760957134461725
18057110810,2027,393824.65797441377,NA,0.07436979938876997,-1.0909715669020454
18057110810,2028,423122.5223383045,NA,0.07439316906813431,-1.123172064338848
18057110813,2024,341196.64918433235,NA,0.07229794889137486,-0.7383152819997384
18057110813,2025,366555.7035085307,NA,0.07432386685162906,-1.0224416709663235
18057110813,2026,366563.4106603409,NA,2.1025867928070596e-5,-0.5760957134461725
18057110813,2027,393824.65797441377,NA,0.07436979938876997,-1.0909715669020454
18057110813,2028,423122.5223383045,NA,0.07439316906813431,-1.123172064338848
18057110822,2024,341196.64918433235,NA,0.07229794889137509,-0.7383152819997306
18057110822,2025,366555.7035085307,NA,0.07432386685162906,-1.0224416709663235
18057110822,2026,366563.4106603409,NA,2.1025867928070596e-5,-0.5760957134461725
18057110822,2027,393824.65797441377,NA,0.07436979938876997,-1.0909715669020454
18057110822,2028,423122.5223383045,NA,0.07439316906813431,-1.123172064338848
18057111006,2024,322737.0514028475,NA,0.07603732737280677,-0.6075062423018829
18057111006,2025,348725.99647422566,NA,0.0805266856049267,-0.7861757746872261
18057111006,2026,348851.83385144523,NA,3.6084885695886193e-4,-0.3127377533659294
18057111006,2027,377251.1855309155,NA,0.0814080618867088,-0.8243021233719385
18057111006,2028,408157.91692075046,NA,0.0819261345629414,-0.8418296339518894
18057111101,2024,322737.0514028475,NA,0.07603732737280677,-0.6075062423018829
18057111101,2025,348725.99647422566,NA,0.0805266856049267,-0.7861757746872261
18057111101,2026,348851.83385144523,NA,3.6084885695886193e-4,-0.3127377533659294
18057111101,2027,377251.1855309155,NA,0.0814080618867088,-0.8243021233719385
18057111101,2028,408157.91692075046,NA,0.0819261345629414,-0.8418296339518894
18057111103,2024,278296.453596845,NA,0.07090825276470669,-0.7869289264072129
18057111103,2025,300366.69713705365,NA,0.07930479621627096,-0.8327176458987928
18057111103,2026,300512.6650659974,NA,4.8596575564152644e-4,-0.21577394493551347
18057111103,2027,324689.51694004546,NA,0.08045202310770638,-0.8605250305545618
18057111103,2028,351019.69302697666,NA,0.0810933975789343,-0.8729308313641394
18057111104,2024,322737.0514028475,NA,0.07603732737280677,-0.6075062423018829
18057111104,2025,348725.99647422566,NA,0.0805266856049267,-0.7861757746872261
18057111104,2026,348851.83385144523,NA,3.6084885695886193e-4,-0.3127377533659294
18057111104,2027,377251.1855309155,NA,0.0814080618867088,-0.8243021233719385
18057111104,2028,408157.91692075046,NA,0.0819261345629414,-0.8418296339518894
18059410801,2024,225327.2137918228,NA,0.0991651063854313,0.20153798202791906
18059410801,2025,247645.10201122705,NA,0.09904657251042681,-0.08075170012608196
18059410801,2026,247645.1172390108,NA,6.149034903479844e-8,-0.5923428064674942
18059410801,2027,272173.5507439406,NA,0.0990467075563477,-0.15599970829082585
18059410801,2028,299131.46319133596,NA,0.09904677502171122,-0.20240514703872423
18059410802,2024,300283.2652560791,NA,0.08093853177376831,-0.43605479810167486
18059410802,2025,325761.09273996553,NA,0.08484597855348075,-0.6216535372383937
18059410802,2026,325778.963420152,NA,5.4858239933341935e-5,-0.5498761086413403
18059410802,2027,353459.6597509771,NA,0.08496772179585377,-0.6894318301133234
18059410802,2028,383514.3627823247,NA,0.08503007967733023,-0.7259029829043202
18059410901,2024,224900.77747719284,NA,0.09997566242012712,0.22989244174531595
18059410901,2025,247295.0065411484,NA,0.09957381790832875,-0.06066887787239192
18059410901,2026,247295.17846691931,NA,6.952254043568473e-7,-0.5918516708563427
18059410901,2027,271919.6805486455,NA,0.0995753424485799,-0.13597050753517856
18059410901,2028,298996.3825477516,NA,0.0995761025626174,-0.1826357352536899
18059410902,2024,224995.94010721345,NA,0.0992843335917799,0.20570872763330825
18059410902,2025,247301.33908023903,NA,0.09913689536974202,-0.07731129469762209
18059410902,2026,247301.3626374819,NA,9.525723942971354e-8,-0.5923166376100016
18059410902,2027,271818.1036801805,NA,0.09913710454817659,-0.15257469884923922
18059410902,2028,298765.3918418684,NA,0.09913720902634915,-0.19902760300616495
18063210106,2024,414379.97826295474,NA,0.05599128795729014,-1.308746616527115
18063210106,2025,441001.52497485414,NA,0.06424428811327854,-1.4063736863046805
18063210106,2026,441289.85306372575,NA,6.538029293392533e-4,-0.08570253388491586
18063210106,2027,470331.92819699267,NA,0.06581178998709714,-1.4152219917104207
18063210106,2028,501716.43737806455,NA,0.06672842581915228,-1.4094361518946963
18063210107,2024,416137.227864706,NA,0.05582556848303377,-1.3145437310461052
18063210107,2025,442798.62562033866,NA,0.06406876378842208,-1.413059422835181
18063210107,2026,443088.9510598898,NA,6.556602092981922e-4,-0.08426316845917137
18063210107,2027,472173.8158483912,NA,0.06564114207526273,-1.4216875908127253
18063210107,2028,503602.30020114937,NA,0.06656126048897515,-1.4156794700541773
18063210108,2024,287176.0135016118,NA,0.07874138940131781,-0.5129141171694955
18063210108,2025,311744.2389245688,NA,0.08555110548193179,-0.5947951922879722
18063210108,2026,311824.05603338586,NA,2.5603394979301086e-4,-0.3939678085070706
18063210108,2027,338684.8879635837,NA,0.08614098691385741,-0.6449785355362965
18063210108,2028,367966.6224599352,NA,0.08645716279936289,-0.6726040484815283
18063210109,2024,287176.0135016118,NA,0.07874138940131781,-0.5129141171694955
18063210109,2025,311744.2389245688,NA,0.08555110548193179,-0.5947951922879722
18063210109,2026,311824.05603338586,NA,2.5603394979301086e-4,-0.3939678085070706
18063210109,2027,338684.8879635837,NA,0.08614098691385741,-0.6449785355362965
18063210109,2028,367966.6224599352,NA,0.08645716279936289,-0.6726040484815283
18063210607,2024,264066.7633851426,NA,0.07888235681707312,-0.5079828665953148
18063210607,2025,287366.99670016504,NA,0.08823614534570923,-0.4925217944681147
18063210607,2026,287523.0002731558,NA,5.42872267108363e-4,-0.17167221180105774
18063210607,2027,313264.8006110343,NA,0.08952953437959055,-0.5165914418001593
18063210607,2028,341538.0930719335,NA,0.09025365251937356,-0.5308121279552467
18063210608,2024,264066.7633851426,NA,0.07888235681707312,-0.5079828665953148
18063210608,2025,287366.99670016504,NA,0.08823614534570923,-0.4925217944681147
18063210608,2026,287523.0002731558,NA,5.42872267108363e-4,-0.17167221180105774
18063210608,2027,313264.8006110343,NA,0.08952953437959055,-0.5165914418001593
18063210608,2028,341538.0930719335,NA,0.09025365251937356,-0.5308121279552467
18063210611,2024,287176.0135016118,NA,0.07874138940131781,-0.5129141171694955
18063210611,2025,311744.2389245688,NA,0.08555110548193179,-0.5947951922879722
18063210611,2026,311824.05603338586,NA,2.5603394979301086e-4,-0.3939678085070706
18063210611,2027,338684.8879635837,NA,0.08614098691385741,-0.6449785355362965
18063210611,2028,367966.6224599352,NA,0.08645716279936289,-0.6726040484815283
18063210614,2024,264066.7633500627,NA,0.07888235667374932,-0.507982871608995
18063210614,2025,287366.99664135725,NA,0.08823614526757528,-0.49252179744424335
18063210614,2026,287523.0002169756,NA,5.428722763631821e-4,-0.17167220462870517
18063210614,2027,313264.8005339944,NA,0.08952953432453437,-0.5165914438861573
18063210614,2028,341538.0929750294,NA,0.0902536524781592,-0.5308121294945276
18063210616,2024,287176.0135016118,NA,0.07874138940131781,-0.5129141171694955
18063210616,2025,311744.2389245688,NA,0.08555110548193179,-0.5947951922879722
18063210616,2026,311824.05603338586,NA,2.5603394979301086e-4,-0.3939678085070706
18063210616,2027,338684.8879635837,NA,0.08614098691385741,-0.6449785355362965
18063210616,2028,367966.6224599352,NA,0.08645716279936289,-0.6726040484815283
18063210617,2024,287176.0135016118,NA,0.07874138940131781,-0.5129141171694955
18063210617,2025,311744.2389245688,NA,0.08555110548193179,-0.5947951922879722
18063210617,2026,311824.05603338586,NA,2.5603394979301086e-4,-0.3939678085070706
18063210617,2027,338684.8879635837,NA,0.08614098691385741,-0.6449785355362965
18063210617,2028,367966.6224599352,NA,0.08645716279936289,-0.6726040484815283
18097310104,2024,255151.7405387399,NA,0.08476280038105544,-0.3022761751166258
18097310104,2025,278356.1408896926,NA,0.09094353149211432,-0.38939722483371403
18097310104,2026,278415.33113448333,NA,2.1264213752059113e-4,-0.4275958429047489
18097310104,2027,303871.84560275445,NA,0.09143359442363042,-0.44444939928032995
18097310104,2028,331735.2722038388,NA,0.09169466340593346,-0.4769930170993286
18097310105,2024,311660.0661203283,NA,0.06911498813627204,-0.8496599992671722
18097310105,2025,335714.39961896645,NA,0.0771813142379012,-0.9136012558842234
18097310105,2026,335874.3882508578,NA,4.7656172053667234e-4,-0.2230619377484805
18097310105,2027,362175.34698701586,NA,0.07830593714848644,-0.9418370800384447
18097310105,2028,390764.07520715514,NA,0.0789361519440035,-0.9534999950343406
18097310106,2024,260670.20078437592,NA,0.0809382004185184,-0.4360663894028107
18097310106,2025,283570.98300227604,NA,0.08785347212297379,-0.5070978502175324
18097310106,2026,283650.84502744034,NA,2.8162975040246785e-4,-0.3741314288249519
18097310106,2027,308755.90343080857,NA,0.08850690503298009,-0.5553373679258232
18097310106,2028,336191.78541600774,NA,0.08885945719689681,-0.5828827634480203
18097310108,2024,261223.39934508357,NA,0.08293770278832735,-0.36612081257311807
18097310108,2025,284623.9187999779,NA,0.08958048748145098,-0.4413156876577359
18097310108,2026,284694.0353213935,NA,2.463479587773154e-4,-0.40147431312150084
18097310108,2027,310359.1548938031,NA,0.09014983241020857,-0.49308925916684987
18097310108,2028,338432.61975926935,NA,0.09045476643043515,-0.5233008926307653
18097310110,2024,224709.86374248657,NA,0.0918941626326304,-0.052810481152198656
18097310110,2025,246663.43763148037,NA,0.09769741978995716,-0.1321410425197607
18097310110,2026,246709.7220193894,NA,1.8764186680231276e-4,-0.44697069543193635
18097310110,2027,270919.6639445653,NA,0.09813128451935582,-0.1906837445768773
18097310110,2028,297567.7409946572,NA,0.09836154623144888,-0.22799718424590631
18097310111,2024,224709.86374248657,NA,0.0918941626326304,-0.052810481152198656
18097310111,2025,246663.43763148037,NA,0.09769741978995716,-0.1321410425197607
18097310111,2026,246709.7220193894,NA,1.8764186680231276e-4,-0.44697069543193635
18097310111,2027,270919.6639445653,NA,0.09813128451935582,-0.1906837445768773
18097310111,2028,297567.7409946572,NA,0.09836154623144888,-0.22799718424590631
18097310112,2024,416137.227864706,NA,0.05582556848303377,-1.3145437310461052
18097310112,2025,442798.62562033866,NA,0.06406876378842208,-1.413059422835181
18097310112,2026,443088.9510598898,NA,6.556602092981922e-4,-0.08426316845917137
18097310112,2027,472173.8158483912,NA,0.06564114207526273,-1.4216875908127253
18097310112,2028,503602.30020114937,NA,0.06656126048897515,-1.4156794700541773
18097310113,2024,416056.1420630709,NA,0.05583316089188517,-1.3142781372540415
18097310113,2025,442715.69313851057,NA,0.06407681170921942,-1.4127528768443995
18097310113,2026,443005.92679079814,NA,6.55575704195277e-4,-0.0843286587062662
18097310113,2027,472088.80867707945,NA,0.06564896794262354,-1.4213910801760647
18097310113,2028,503515.254349565,NA,0.06656892748750165,-1.4153931217361468
18097310201,2024,255151.7405387399,NA,0.08476280038105544,-0.3022761751166258
18097310201,2025,278356.1408896926,NA,0.09094353149211432,-0.38939722483371403
18097310201,2026,278415.33113448333,NA,2.1264213752059113e-4,-0.4275958429047489
18097310201,2027,303871.84560275445,NA,0.09143359442363042,-0.44444939928032995
18097310201,2028,331735.2722038388,NA,0.09169466340593346,-0.4769930170993286
18097310203,2024,304932.8155269603,NA,0.07047987728869143,-0.8019141398393154
18097310203,2025,328856.58896260645,NA,0.07845588345191068,-0.865052805623993
18097310203,2026,329005.89254368964,NA,4.540081789274897e-4,-0.2405406101823841
18097310203,2027,355170.16616643476,NA,0.07952524321208232,-0.8956393615578934
18097310203,2028,383627.0335805306,NA,0.08012178421754257,-0.9092188064887875
18097310204,2024,256370.59414692185,NA,0.0838864026463646,-0.3329338757579327
18097310204,2025,279506.2243108676,NA,0.09024291666885587,-0.4160837033118376
18097310204,2026,279569.8940553228,NA,2.2779365508651672e-4,-0.4158536333218634
18097310204,2027,304946.0914226463,NA,0.09076870545403559,-0.46964106719312554
18097310204,2028,332711.3134436555,NA,0.09104960778961879,-0.5010846600192163
18097310305,2024,224709.86374248657,NA,0.0918941626326304,-0.052810481152198656
18097310305,2025,246663.43763148037,NA,0.09769741978995716,-0.1321410425197607
18097310305,2026,246709.7220193894,NA,1.8764186680231276e-4,-0.44697069543193635
18097310305,2027,270919.6639445653,NA,0.09813128451935582,-0.1906837445768773
18097310305,2028,297567.7409946572,NA,0.09836154623144888,-0.22799718424590631
18097310306,2024,224709.86374248657,NA,0.0918941626326304,-0.052810481152198656
18097310306,2025,246663.43763148037,NA,0.09769741978995716,-0.1321410425197607
18097310306,2026,246709.7220193894,NA,1.8764186680231276e-4,-0.44697069543193635
18097310306,2027,270919.6639445653,NA,0.09813128451935582,-0.1906837445768773
18097310306,2028,297567.7409946572,NA,0.09836154623144888,-0.22799718424590631
18097310308,2024,260412.19607957857,NA,0.08509106779141073,-0.29079289121639984
18097310308,2025,283980.3181465187,NA,0.09050314240942092,-0.40617168262014663
18097310308,2026,284025.03128108557,NA,1.5745152642510085e-4,-0.4703677777733853
18097310308,2027,309832.36256749765,NA,0.09086287631061585,-0.46607307155096744
18097310308,2028,338043.37045135244,NA,0.09105248932060461,-0.5009770401275089
18097310309,2024,224709.86374257,NA,0.09189416263303585,-0.05281048113801529
18097310309,2025,246663.4376315899,NA,0.0976974197900371,-0.1321410425167159
18097310309,2026,246709.7220194933,NA,1.8764186677922012e-4,-0.4469706954498328
18097310309,2027,270919.6639446866,NA,0.09813128451938513,-0.19068374457576678
18097310309,2028,297567.7409947909,NA,0.09836154623145044,-0.22799718424584825
18097310310,2024,224709.86374248657,NA,0.0918941626326304,-0.052810481152198656
18097310310,2025,246663.43763148037,NA,0.09769741978995716,-0.1321410425197607
18097310310,2026,246709.7220193894,NA,1.8764186680231276e-4,-0.44697069543193635
18097310310,2027,270919.6639445653,NA,0.09813128451935582,-0.1906837445768773
18097310310,2028,297567.7409946572,NA,0.09836154623144888,-0.22799718424590631
18097310311,2024,268025.01791112905,NA,0.08393089078052518,-0.3313776144336534
18097310311,2025,291951.92476314143,NA,0.08927116967844406,-0.4530976292022405
18097310311,2026,291996.3805548427,NA,1.5227093206293674e-4,-0.4743826643680622
18097310311,2027,318164.61232665787,NA,0.0896183429468922,-0.5132266154342812
18097310311,2028,346736.1493950812,NA,0.08980111540214009,-0.5477135584065799
18097310312,2024,224709.86374248657,NA,0.0918941626326304,-0.052810481152198656
18097310312,2025,246663.43763148037,NA,0.09769741978995716,-0.1321410425197607
18097310312,2026,246709.7220193894,NA,1.8764186680231276e-4,-0.44697069543193635
18097310312,2027,270919.6639445653,NA,0.09813128451935582,-0.1906837445768773
18097310312,2028,297567.7409946572,NA,0.09836154623144888,-0.22799718424590631
18097320105,2024,305659.5079597998,NA,0.06044157824372798,-1.1530688209693056
18097320105,2025,326911.4115244342,NA,0.06952803041032674,-1.2051154907695956
18097320105,2026,327132.71703641233,NA,6.769586627342061e-4,-0.06775717142297785
18097320105,2027,350407.8967404912,NA,0.07114904285616963,-1.2130013082687556
18097320105,2028,375668.0515174768,NA,0.07208785821311836,-1.2092711921252068
18097320106,2024,305659.5079597998,NA,0.06044157824372798,-1.1530688209693056
18097320106,2025,326911.4115244342,NA,0.06952803041032674,-1.2051154907695956
18097320106,2026,327132.71703641233,NA,6.769586627342061e-4,-0.06775717142297785
18097320106,2027,350407.8967404912,NA,0.07114904285616963,-1.2130013082687556
18097320106,2028,375668.0515174768,NA,0.07208785821311836,-1.2092711921252068
18097320107,2024,305659.5079597998,NA,0.06044157824372798,-1.1530688209693056
18097320107,2025,326911.4115244342,NA,0.06952803041032674,-1.2051154907695956
18097320107,2026,327132.71703641233,NA,6.769586627342061e-4,-0.06775717142297785
18097320107,2027,350407.8967404912,NA,0.07114904285616963,-1.2130013082687556
18097320107,2028,375668.0515174768,NA,0.07208785821311836,-1.2092711921252068
18097320108,2024,305659.5079597998,NA,0.06044157824372798,-1.1530688209693056
18097320108,2025,326911.4115244342,NA,0.06952803041032674,-1.2051154907695956
18097320108,2026,327132.71703641233,NA,6.769586627342061e-4,-0.06775717142297785
18097320108,2027,350407.8967404912,NA,0.07114904285616963,-1.2130013082687556
18097320108,2028,375668.0515174768,NA,0.07208785821311836,-1.2092711921252068
18097320109,2024,305659.5079597998,NA,0.06044157824372798,-1.1530688209693056
18097320109,2025,326911.4115244342,NA,0.06952803041032674,-1.2051154907695956
18097320109,2026,327132.71703641233,NA,6.769586627342061e-4,-0.06775717142297785
18097320109,2027,350407.8967404912,NA,0.07114904285616963,-1.2130013082687556
18097320109,2028,375668.0515174768,NA,0.07208785821311836,-1.2092711921252068
18097320202,2024,345765.28677459515,NA,0.0639335106459391,-1.0309158143958306
18097320202,2025,369662.87544450304,NA,0.06911506037182602,-1.2208455548200585
18097320202,2026,369718.944202198,NA,1.5167538159621685e-4,-0.47484420746874384
18097320202,2027,395397.6225311106,NA,0.06945459174217761,-1.2772015758475155
18097320202,2028,422930.5100226681,NA,0.06963341690146652,-1.3009400686570738
18097320206,2024,322737.0514028475,NA,0.07603732737280677,-0.6075062423018829
18097320206,2025,348725.99647422566,NA,0.0805266856049267,-0.7861757746872261
18097320206,2026,348851.83385144523,NA,3.6084885695886193e-4,-0.3127377533659294
18097320206,2027,377251.1855309155,NA,0.0814080618867088,-0.8243021233719385
18097320206,2028,408157.91692075046,NA,0.0819261345629414,-0.8418296339518894
18097320301,2024,345765.28677459515,NA,0.0639335106459391,-1.0309158143958306
18097320301,2025,369662.87544450304,NA,0.06911506037182602,-1.2208455548200585
18097320301,2026,369718.944202198,NA,1.5167538159621685e-4,-0.47484420746874384
18097320301,2027,395397.6225311106,NA,0.06945459174217761,-1.2772015758475155
18097320301,2028,422930.5100226681,NA,0.06963341690146652,-1.3009400686570738
18097320305,2024,345765.28677459515,NA,0.0639335106459391,-1.0309158143958306
18097320305,2025,369662.87544450304,NA,0.06911506037182602,-1.2208455548200585
18097320305,2026,369718.944202198,NA,1.5167538159621685e-4,-0.47484420746874384
18097320305,2027,395397.6225311106,NA,0.06945459174217761,-1.2772015758475155
18097320305,2028,422930.5100226681,NA,0.06963341690146652,-1.3009400686570738
18097320306,2024,345765.28677459515,NA,0.0639335106459391,-1.0309158143958306
18097320306,2025,369662.87544450304,NA,0.06911506037182602,-1.2208455548200585
18097320306,2026,369718.944202198,NA,1.5167538159621685e-4,-0.47484420746874384
18097320306,2027,395397.6225311106,NA,0.06945459174217761,-1.2772015758475155
18097320306,2028,422930.5100226681,NA,0.06963341690146652,-1.3009400686570738
18097320400,2024,345765.28677459515,NA,0.0639335106459391,-1.0309158143958306
18097320400,2025,369662.87544450304,NA,0.06911506037182602,-1.2208455548200585
18097320400,2026,369718.944202198,NA,1.5167538159621685e-4,-0.47484420746874384
18097320400,2027,395397.6225311106,NA,0.06945459174217761,-1.2772015758475155
18097320400,2028,422930.5100226681,NA,0.06963341690146652,-1.3009400686570738
18097320500,2024,345765.28677459515,NA,0.0639335106459391,-1.0309158143958306
18097320500,2025,369662.87544450304,NA,0.06911506037182602,-1.2208455548200585
18097320500,2026,369718.944202198,NA,1.5167538159621685e-4,-0.47484420746874384
18097320500,2027,395397.6225311106,NA,0.06945459174217761,-1.2772015758475155
18097320500,2028,422930.5100226681,NA,0.06963341690146652,-1.3009400686570738
18097320600,2024,345765.28677459515,NA,0.0639335106459391,-1.0309158143958306
18097320600,2025,369662.87544450304,NA,0.06911506037182602,-1.2208455548200585
18097320600,2026,369718.944202198,NA,1.5167538159621685e-4,-0.47484420746874384
18097320600,2027,395397.6225311106,NA,0.06945459174217761,-1.2772015758475155
18097320600,2028,422930.5100226681,NA,0.06963341690146652,-1.3009400686570738
18097320700,2024,345734.7262446327,NA,0.06392899260974994,-1.0310738620441657
18097320700,2025,369630.323097554,NA,0.06911540854595377,-1.2208322928377846
18097320700,2026,369686.5061424968,NA,1.5199793261544414e-4,-0.4745942350384272
18097320700,2027,395363.3338714255,NA,0.06945568015682868,-1.2771603374126863
18097320700,2028,422894.42293476703,NA,0.06963490719727394,-1.3008844088449127
18097320800,2024,309092.67606377334,NA,0.060469325124543616,-1.1520981936706443
18097320800,2025,330552.1709576837,NA,0.06942738070404086,-1.2089492466814893
18097320800,2026,330762.1690683965,NA,6.3529490701697e-4,-0.10004598668608726
18097320800,2027,354226.65533958894,NA,0.07094065907622094,-1.2208966640694086
18097320800,2028,379663.7092741048,NA,0.071810106752497,-1.219644699215955
18097320901,2024,305659.5079597998,NA,0.06044157824372798,-1.1530688209693056
18097320901,2025,326911.4115244342,NA,0.06952803041032674,-1.2051154907695956
18097320901,2026,327132.71703641233,NA,6.769586627342061e-4,-0.06775717142297785
18097320901,2027,350407.8967404912,NA,0.07114904285616963,-1.2130013082687556
18097320901,2028,375668.0515174768,NA,0.07208785821311836,-1.2092711921252068
18097320902,2024,305659.5079597998,NA,0.06044157824372798,-1.1530688209693056
18097320902,2025,326911.4115244342,NA,0.06952803041032674,-1.2051154907695956
18097320902,2026,327132.71703641233,NA,6.769586627342061e-4,-0.06775717142297785
18097320902,2027,350407.8967404912,NA,0.07114904285616963,-1.2130013082687556
18097320902,2028,375668.0515174768,NA,0.07208785821311836,-1.2092711921252068
18097320903,2024,305529.37345680594,NA,0.06047993439619348,-1.1517270655157108
18097320903,2025,326783.7899426533,NA,0.06956586938064802,-1.2036742011571138
18097320903,2026,327004.84477484255,NA,6.764559289431649e-4,-0.06814678292645397
18097320903,2027,350282.88831366075,NA,0.07118562281499585,-1.2116153472780424
18097320903,2028,375546.5538727458,NA,0.07212360752393554,-1.2079360210034358
18097321001,2024,274312.01182647474,NA,0.0826453291350695,-0.37634847928445025
18097321001,2025,298466.9712986559,NA,0.08805651386298452,-0.49936397299273033
18097321001,2026,298513.74717304506,NA,1.5672043772751998e-4,-0.47093436106600406
18097321001,2027,324906.44166194036,NA,0.08841366516228066,-0.5588700898783671
18097321001,2028,353693.7517208442,NA,0.0886018446161081,-0.5925041203528562
18097321002,2024,273987.0626198226,NA,0.0830786163138959,-0.36119144715809237
18097321002,2025,298198.3401802027,NA,0.0883664992385973,-0.48755660355063135
18097321002,2026,298242.63016453845,NA,1.4852525439623676e-4,-0.4772855110301838
18097321002,2027,324698.12760413386,NA,0.0887046141760488,-0.5478464584608255
18097321002,2028,353558.09630902944,NA,0.08888246112734333,-0.5820236088820345
18097321100,2024,266737.08045981376,NA,0.08296004716134364,-0.3653391730596467
18097321100,2025,290619.4454453191,NA,0.0895352267646321,-0.44303967222842167
18097321100,2026,290685.09034133726,NA,2.258792281346622e-4,-0.4173372868504285
18097321100,2027,316862.7496772689,NA,0.09005504652884855,-0.4966805571959006
18097321100,2028,345485.56932629156,NA,0.09033191714133504,-0.5278890880221503
18097321200,2024,322395.5665317627,NA,0.06587262677238859,-0.96308263847555
18097321200,2025,345793.99605200416,NA,0.07257677198217993,-1.0889886638146253
18097321200,2026,345879.8487804518,NA,2.482770939571388e-4,-0.3999792609264556
18097321200,2027,371177.8718399799,NA,0.07314107239472656,-1.137526230620248
18097321200,2028,398438.2581154539,NA,0.07344291872880371,-1.1586621698129276
18097321300,2024,345765.28677459515,NA,0.0639335106459391,-1.0309158143958306
18097321300,2025,369662.87544450304,NA,0.06911506037182602,-1.2208455548200585
18097321300,2026,369718.944202198,NA,1.5167538159621685e-4,-0.47484420746874384
18097321300,2027,395397.6225311106,NA,0.06945459174217761,-1.2772015758475155
18097321300,2028,422930.5100226681,NA,0.06963341690146652,-1.3009400686570738
18097321400,2024,345765.28677459515,NA,0.0639335106459391,-1.0309158143958306
18097321400,2025,369662.87544450304,NA,0.06911506037182602,-1.2208455548200585
18097321400,2026,369718.944202198,NA,1.5167538159621685e-4,-0.47484420746874384
18097321400,2027,395397.6225311106,NA,0.06945459174217761,-1.2772015758475155
18097321400,2028,422930.5100226681,NA,0.06963341690146652,-1.3009400686570738
18097321600,2024,288411.1414377519,NA,0.09326091640138379,-0.004999394662340308
18097321600,2025,314165.3948143404,NA,0.08929701275825042,-0.45211326408439556
18097321600,2026,314182.3661402086,NA,5.4020354082195965e-5,-0.5505254582017313
18097321600,2027,342274.06462668884,NA,0.0894120788241306,-0.5210416605328644
18097321600,2028,372896.7846439401,NA,0.08946842072492656,-0.5601390937589699
18097321700,2024,330979.6811380547,NA,0.07549689114260372,-0.6264115081480189
18097321700,2025,356431.16708178946,NA,0.07689742722641246,-0.9244145364070054
18097321700,2026,356434.27270056016,NA,8.713095423606987e-6,-0.5856379361749998
18097321700,2027,383849.9073768063,NA,0.07691638199808581,-0.9944852867258545
18097321700,2028,413377.92904972134,NA,0.0769259575303971,-1.0285770655803532
18097321800,2024,287741.1701923698,NA,0.06944346591420292,-0.8381693563952128
18097321800,2025,310489.13144768495,NA,0.07905702628548772,-0.8421552237316755
18097321800,2026,310639.3549958317,NA,4.8382868490848274e-4,-0.2174301442126924
18097321800,2027,335548.3313939571,NA,0.0801861579916674,-0.8705982698759066
18097321800,2028,362663.0855896368,NA,0.08080729855826685,-0.8836161044961347
18097321900,2024,195287.4145333217,NA,0.07567681687887706,-0.6201174373831272
18097321900,2025,214740.00823232732,NA,0.09961007341661765,-0.059287902464013865
18097321900,2026,215358.36881838995,NA,0.0028795779191441717,1.6392412746092584
18097321900,2027,238444.64335513985,NA,0.1071993378451821,0.15289149647268555
18097321900,2028,265181.7348536342,NA,0.11213123147695159,0.28627527794760177
18097322000,2024,194919.61755453664,NA,0.07552597588071186,-0.6253940806047303
18097322000,2025,214309.13414477347,NA,0.0994744235264664,-0.06445481836973924
18097322000,2026,214929.9535655357,NA,0.0028968406934202218,1.6526196779704694
18097322000,2027,237952.1502398725,NA,0.1071148822786907,0.14969159892327258
18097322000,2028,264623.66756928345,NA,0.11208773403612526,0.28465072839588446
18097322100,2024,279920.70273697964,NA,0.10629101913735628,0.4508130443620934
18097322100,2025,309862.1889287055,NA,0.10696417199216457,0.22083034060937848
18097322100,2026,309862.565275585,NA,1.214562127760388e-6,-0.5914491923175588
18097322100,2027,343007.59370366443,NA,0.106966869000781,0.14408359290377484
18097322100,2028,379698.50599144807,NA,0.10696822158252894,0.09344633789602103
18097322200,2024,279920.70273697964,NA,0.10629101913735628,0.4508130443620934
18097322200,2025,309862.1889287055,NA,0.10696417199216457,0.22083034060937848
18097322200,2026,309862.565275585,NA,1.214562127760388e-6,-0.5914491923175588
18097322200,2027,343007.59370366443,NA,0.106966869000781,0.14408359290377484
18097322200,2028,379698.50599144807,NA,0.10696822158252894,0.09344633789602103
18097322300,2024,279920.70273697964,NA,0.10629101913735628,0.4508130443620934
18097322300,2025,309862.1889287055,NA,0.10696417199216457,0.22083034060937848
18097322300,2026,309862.565275585,NA,1.214562127760388e-6,-0.5914491923175588
18097322300,2027,343007.59370366443,NA,0.106966869000781,0.14408359290377484
18097322300,2028,379698.50599144807,NA,0.10696822158252894,0.09344633789602103
18097322400,2024,279920.70273697964,NA,0.10629101913735628,0.4508130443620934
18097322400,2025,309862.1889287055,NA,0.10696417199216457,0.22083034060937848
18097322400,2026,309862.565275585,NA,1.214562127760388e-6,-0.5914491923175588
18097322400,2027,343007.59370366443,NA,0.106966869000781,0.14408359290377484
18097322400,2028,379698.50599144807,NA,0.10696822158252894,0.09344633789602103
18097322500,2024,279920.70273697964,NA,0.10629101913735628,0.4508130443620934
18097322500,2025,309862.1889287055,NA,0.10696417199216457,0.22083034060937848
18097322500,2026,309862.565275585,NA,1.214562127760388e-6,-0.5914491923175588
18097322500,2027,343007.59370366443,NA,0.106966869000781,0.14408359290377484
18097322500,2028,379698.50599144807,NA,0.10696822158252894,0.09344633789602103
18097322601,2024,269459.06870360964,NA,0.1105949462106608,0.6013708363010843
18097322601,2025,298798.3577909406,NA,0.10888217356530161,0.29388718440334327
18097322601,2026,298800.62672207603,NA,7.593519429693885e-6,-0.5865055915703946
18097322601,2027,331339.68329785246,NA,0.10889888998138564,0.21728503430173493
18097322601,2028,367424.956470565,NA,0.10890718797565291,0.16586317265468092
18097322602,2024,278971.3020838107,NA,0.10669983953193585,0.46511419186278014
18097322602,2025,308843.54289016634,NA,0.10707997770100808,0.22524138995361437
18097322602,2026,308843.6622148303,NA,3.863595878783599e-7,-0.5920910374501046
18097322602,2027,341914.8993277834,NA,0.10708083460669782,0.14840158256675023
18097322602,2028,378527.5788552238,NA,0.10708126378646332,0.09766825666269
18097322700,2024,165926.5141536148,NA,0.10328491138087914,0.34565490891107253
18097322700,2025,184926.74465215288,NA,0.11450991178509096,0.5082482140264925
18097322700,2026,185018.08991681912,NA,4.939537806609717e-4,-0.20958333970250365
18097322700,2027,206423.1748052656,NA,0.11569184882445716,0.47466028211826594
18097322700,2028,230437.50463776977,NA,0.11633543498765908,0.4432945599766006
18097330103,2024,341196.64918433235,NA,0.07229794889137509,-0.7383152819997306
18097330103,2025,366555.7035085307,NA,0.07432386685162906,-1.0224416709663235
18097330103,2026,366563.4106603409,NA,2.1025867928070596e-5,-0.5760957134461725
18097330103,2027,393824.65797441377,NA,0.07436979938876997,-1.0909715669020454
18097330103,2028,423122.5223383045,NA,0.07439316906813431,-1.123172064338848
18097330105,2024,341196.64918433235,NA,0.07229794889137509,-0.7383152819997306
18097330105,2025,366555.7035085307,NA,0.07432386685162906,-1.0224416709663235
18097330105,2026,366563.4106603409,NA,2.1025867928070596e-5,-0.5760957134461725
18097330105,2027,393824.65797441377,NA,0.07436979938876997,-1.0909715669020454
18097330105,2028,423122.5223383045,NA,0.07439316906813431,-1.123172064338848
18097330106,2024,341196.64918433235,NA,0.07229794889137509,-0.7383152819997306
18097330106,2025,366555.7035085307,NA,0.07432386685162906,-1.0224416709663235
18097330106,2026,366563.4106603409,NA,2.1025867928070596e-5,-0.5760957134461725
18097330106,2027,393824.65797441377,NA,0.07436979938876997,-1.0909715669020454
18097330106,2028,423122.5223383045,NA,0.07439316906813431,-1.123172064338848
18097330107,2024,341196.64918433235,NA,0.07229794889137509,-0.7383152819997306
18097330107,2025,366555.7035085307,NA,0.07432386685162906,-1.0224416709663235
18097330107,2026,366563.4106603409,NA,2.1025867928070596e-5,-0.5760957134461725
18097330107,2027,393824.65797441377,NA,0.07436979938876997,-1.0909715669020454
18097330107,2028,423122.5223383045,NA,0.07439316906813431,-1.123172064338848
18097330108,2024,341196.64918433235,NA,0.07229794889137509,-0.7383152819997306
18097330108,2025,366555.7035085307,NA,0.07432386685162906,-1.0224416709663235
18097330108,2026,366563.4106603409,NA,2.1025867928070596e-5,-0.5760957134461725
18097330108,2027,393824.65797441377,NA,0.07436979938876997,-1.0909715669020454
18097330108,2028,423122.5223383045,NA,0.07439316906813431,-1.123172064338848
18097330109,2024,341196.64918433235,NA,0.07229794889137509,-0.7383152819997306
18097330109,2025,366555.7035085307,NA,0.07432386685162906,-1.0224416709663235
18097330109,2026,366563.4106603409,NA,2.1025867928070596e-5,-0.5760957134461725
18097330109,2027,393824.65797441377,NA,0.07436979938876997,-1.0909715669020454
18097330109,2028,423122.5223383045,NA,0.07439316906813431,-1.123172064338848
18097330204,2024,223943.04768680825,NA,0.11084200440564906,0.6100133006561571
18097330204,2025,247560.64405080292,NA,0.10546251204469037,0.1636319849089489
18097330204,2026,247585.07794668764,NA,9.869862787925676e-5,-0.5159004345073092
18097330204,2027,273748.4038976505,NA,0.10567408249295451,0.09510180815984386
18097330204,2028,302704.678078649,NA,0.10577696077389631,0.048954933898952585
18097330210,2024,223943.04768680825,NA,0.11084200440564906,0.6100133006561571
18097330210,2025,247560.64405080292,NA,0.10546251204469037,0.1636319849089489
18097330210,2026,247585.07794668764,NA,9.869862787925676e-5,-0.5159004345073092
18097330210,2027,273748.4038976505,NA,0.10567408249295451,0.09510180815984386
18097330210,2028,302704.678078649,NA,0.10577696077389631,0.048954933898952585
18097330211,2024,223943.04768680825,NA,0.11084200440564906,0.6100133006561571
18097330211,2025,247560.64405080292,NA,0.10546251204469037,0.1636319849089489
18097330211,2026,247585.07794668764,NA,9.869862787925676e-5,-0.5159004345073092
18097330211,2027,273748.4038976505,NA,0.10567408249295451,0.09510180815984386
18097330211,2028,302704.678078649,NA,0.10577696077389631,0.048954933898952585
18097330212,2024,223943.04768680825,NA,0.11084200440564929,0.6100133006561649
18097330212,2025,247560.64405080292,NA,0.10546251204469037,0.1636319849089489
18097330212,2026,247585.07794668764,NA,9.869862787925676e-5,-0.5159004345073092
18097330212,2027,273748.4038976505,NA,0.10567408249295451,0.09510180815984386
18097330212,2028,302704.678078649,NA,0.10577696077389631,0.048954933898952585
18097330401,2024,339972.7015386743,NA,0.06849456051556269,-0.8713634833274265
18097330401,2025,364506.11048326554,NA,0.07216287905927765,-1.1047538806107948
18097330401,2026,364532.3706096096,NA,7.204303463992368e-5,-0.5365581383320595
18097330401,2027,390896.16809304577,NA,0.07232223969396157,-1.1685506007288087
18097330401,2028,419198.876912808,NA,0.07240467195632694,-1.1974387804998334
18097330500,2024,166771.7670543181,NA,0.10277317973125011,0.327753772130358
18097330500,2025,185775.70065165136,NA,0.11395174334960201,0.48698753062906325
18097330500,2026,185867.45588533583,NA,4.939033111575064e-4,-0.2096224528464284
18097330500,2027,207266.98111411915,NA,0.11513325518365614,0.45349598831770255
18097330500,2028,231263.6941920996,NA,0.11577682537272094,0.422431516489602
18097330600,2024,166771.7670543181,NA,0.10277317973125011,0.327753772130358
18097330600,2025,185775.70065165136,NA,0.11395174334960201,0.48698753062906325
18097330600,2026,185867.45588533583,NA,4.939033111575064e-4,-0.2096224528464284
18097330600,2027,207266.98111411915,NA,0.11513325518365614,0.45349598831770255
18097330600,2028,231263.6941920996,NA,0.11577682537272094,0.422431516489602
18097330701,2024,166771.7670543181,NA,0.10277317973125011,0.327753772130358
18097330701,2025,185775.70065165136,NA,0.11395174334960201,0.48698753062906325
18097330701,2026,185867.45588533583,NA,4.939033111575064e-4,-0.2096224528464284
18097330701,2027,207266.98111411915,NA,0.11513325518365614,0.45349598831770255
18097330701,2028,231263.6941920996,NA,0.11577682537272094,0.422431516489602
18097330702,2024,215333.06225738165,NA,0.11090414608459342,0.6121871093220324
18097330702,2025,238394.98415492105,NA,0.10709884332566699,0.22595998320874275
18097330702,2026,238406.79570664343,NA,4.954614193852791e-5,-0.5539929086719992
18097330702,2027,263965.47630949935,NA,0.10720617475311212,0.15315053688694952
18097330702,2028,292278.0857513974,NA,0.10725875912917315,0.10429738182392628
18097330803,2024,223943.04768680825,NA,0.11084200440564906,0.6100133006561571
18097330803,2025,247560.64405080292,NA,0.10546251204469037,0.1636319849089489
18097330803,2026,247585.07794668764,NA,9.869862787925676e-5,-0.5159004345073092
18097330803,2027,273748.4038976505,NA,0.10567408249295451,0.09510180815984386
18097330803,2028,302704.678078649,NA,0.10577696077389631,0.048954933898952585
18097330804,2024,223512.4728760135,NA,0.11085192830094859,0.6103604533235425
18097330804,2025,247102.69348920704,NA,0.10554319546309832,0.1667052232096618
18097330804,2026,247126.44645814615,NA,9.61259005465287e-5,-0.5178942614232643
18097330804,2027,273259.90762678016,NA,0.10574935035558819,0.09795359708503684
18097330804,2028,302184.36722436897,NA,0.1058496281023924,0.051668925197984945
18097330805,2024,166771.7670543181,NA,0.10277317973124989,0.32775377213035023
18097330805,2025,185775.70065165136,NA,0.11395174334960201,0.48698753062906325
18097330805,2026,185867.45588533583,NA,4.939033111575064e-4,-0.2096224528464284
18097330805,2027,207266.98111411915,NA,0.11513325518365614,0.45349598831770255
18097330805,2028,231263.6941920996,NA,0.11577682537272094,0.422431516489602
18097330806,2024,166771.7670543181,NA,0.10277317973125011,0.327753772130358
18097330806,2025,185775.70065165136,NA,0.11395174334960201,0.48698753062906325
18097330806,2026,185867.45588533583,NA,4.939033111575064e-4,-0.2096224528464284
18097330806,2027,207266.98111411915,NA,0.11513325518365614,0.45349598831770255
18097330806,2028,231263.6941920996,NA,0.11577682537272094,0.422431516489602
18097330900,2024,166771.7670543181,NA,0.10277317973125011,0.327753772130358
18097330900,2025,185775.70065165136,NA,0.11395174334960201,0.48698753062906325
18097330900,2026,185867.45588533583,NA,4.939033111575064e-4,-0.2096224528464284
18097330900,2027,207266.98111411915,NA,0.11513325518365614,0.45349598831770255
18097330900,2028,231263.6941920996,NA,0.11577682537272094,0.422431516489602
18097331000,2024,165964.59193166337,NA,0.10326160309044363,0.34483955012778617
18097331000,2025,184964.97062235535,NA,0.11448453233033873,0.5072815084265712
18097331000,2026,185056.33500248217,NA,4.939550435922868e-4,-0.20958236094878305
18097331000,2027,206461.14594964555,NA,0.11566645879416271,0.4736982911081529
18097331000,2028,230474.6519890972,NA,0.11631004918140087,0.442346446722273
18097340101,2024,283045.0517975623,NA,0.07862824061008777,-0.516872230742986
18097340101,2025,307383.0520483953,NA,0.08598631241304955,-0.5782181230978161
18097340101,2026,307476.8806618343,NA,3.052497943976107e-4,-0.3558262322833407
18097340101,2027,334133.3042245762,NA,0.08669407438167309,-0.6240228625546369
18097340101,2028,363228.4586757288,NA,0.08707648738779206,-0.6494734122099058
18097340102,2024,237938.12579819275,NA,0.09314363865955277,-0.009101945089643739
18097340102,2025,260583.1840266061,NA,0.0951720458940648,-0.2283327499810883
18097340102,2026,260588.62889927233,NA,2.0894950250038846e-5,-0.5761971727756994
18097340102,2027,285401.51000634744,NA,0.09521858728788302,-0.30104157083243444
18097340102,2028,312583.79819217336,NA,0.09524227179183953,-0.3444963574451709
18097340108,2024,208124.52361489393,NA,0.11254015204573853,0.669417039317086
18097340108,2025,232886.3662218223,NA,0.11897609266242348,0.6783654252325346
18097340108,2026,232943.66678204387,NA,2.460451470438496e-4,-0.40170898788744697
18097340108,2027,260794.88636515455,NA,0.11956203818655409,0.6212960809178661
18097340108,2028,292058.26318917924,NA,0.11987726162794066,0.5755752820472138
18097340111,2024,244931.0703566761,NA,0.09067895642695922,-0.09532020772522277
18097340111,2025,267842.67606351315,NA,0.0935430759089586,-0.290380355892232
18097340111,2026,267853.98270218505,NA,4.221373097856862e-5,-0.5596754223783039
18097340111,2027,292935.1954108629,NA,0.09363763217426024,-0.360941641413679
18097340111,2028,320379.1618792212,NA,0.09368613569928375,-0.4026151833702751
18097340112,2024,241248.1263180793,NA,0.09206903571251979,-0.046693159847889715
18097340112,2025,264020.30525532004,NA,0.09439318466339608,-0.25799964080280646
18097340112,2026,264027.57619114354,NA,2.7539305419876925e-5,-0.5710478924737166
18097340112,2027,288966.20437959046,NA,0.09445463442952073,-0.32998662420070046
18097340112,2028,316269.46279185597,NA,0.09448599178193007,-0.3727420272531208
18097340113,2024,285551.91400094505,NA,0.07909413007623978,-0.5005747219523398
18097340113,2025,310053.5962599378,NA,0.08580465077503097,-0.585137630411031
18097340113,2026,310130.55135158164,NA,2.4819931964059627e-4,-0.40003953491030136
18097340113,2027,336918.41475768166,NA,0.08637608674590647,-0.6360709477040859
18097340113,2028,366123.17681891896,NA,0.08668200009857552,-0.6642067881667522
18097340114,2024,286881.1330594054,NA,0.07880494822732098,-0.5106907345846403
18097340114,2025,311437.25853548583,NA,0.08559686450692983,-0.5930522271161668
18097340114,2026,311516.5561679903,NA,2.546183230529575e-4,-0.39506489899985564
18097340114,2027,338364.11580905266,NA,0.08618341179460254,-0.6433711190264053
18097340114,2028,367631.84414667095,NA,0.08649773120189486,-0.6710888931322666
18097340115,2024,237270.02081110503,NA,0.09364948051812694,0.008593158010411257
18097340115,2025,259891.38053312572,NA,0.09534015146409902,-0.2219295944556222
18097340115,2026,259895.12745092632,NA,1.4417245361997288e-5,-0.5812173014908931
18097340115,2027,284681.8916629478,NA,0.09537217744377191,-0.29522226508551347
18097340115,2028,311837.24872328603,NA,0.09538842425737815,-0.3390378311994279
18097340201,2024,208124.52361489393,NA,0.11254015204573853,0.669417039317086
18097340201,2025,232886.3662218223,NA,0.11897609266242348,0.6783654252325346
18097340201,2026,232943.66678204387,NA,2.460451470438496e-4,-0.40170898788744697
18097340201,2027,260794.88636515455,NA,0.11956203818655409,0.6212960809178661
18097340201,2028,292058.26318917924,NA,0.11987726162794066,0.5755752820472138
18097340202,2024,208124.52361489393,NA,0.11254015204573853,0.669417039317086
18097340202,2025,232886.3662218223,NA,0.11897609266242348,0.6783654252325346
18097340202,2026,232943.66678204387,NA,2.460451470438496e-4,-0.40170898788744697
18097340202,2027,260794.88636515455,NA,0.11956203818655409,0.6212960809178661
18097340202,2028,292058.26318917924,NA,0.11987726162794066,0.5755752820472138
18097340301,2024,208124.52361489393,NA,0.11254015204573853,0.669417039317086
18097340301,2025,232886.3662218223,NA,0.11897609266242348,0.6783654252325346
18097340301,2026,232943.66678204387,NA,2.460451470438496e-4,-0.40170898788744697
18097340301,2027,260794.88636515455,NA,0.11956203818655409,0.6212960809178661
18097340301,2028,292058.26318917924,NA,0.11987726162794066,0.5755752820472138
18097340302,2024,208124.52361489393,NA,0.11254015204573853,0.669417039317086
18097340302,2025,232886.3662218223,NA,0.11897609266242348,0.6783654252325346
18097340302,2026,232943.66678204387,NA,2.460451470438496e-4,-0.40170898788744697
18097340302,2027,260794.88636515455,NA,0.11956203818655409,0.6212960809178661
18097340302,2028,292058.26318917924,NA,0.11987726162794066,0.5755752820472138
18097340400,2024,136759.42565800023,NA,0.14092030823975232,1.6621972557750144
18097340400,2025,157765.835699794,NA,0.15360118646831222,1.9972382066509748
18097340400,2026,157832.48121353993,NA,4.224331170961104e-4,-0.2650108318617247
18097340400,2027,182238.4222230733,NA,0.15463192887725885,1.9500428046853733
18097340400,2028,210518.54844057097,NA,0.15518201854755254,1.8941431319639053
18097340500,2024,134233.64175784416,NA,0.14299974112983693,1.7349389214873188
18097340500,2025,155173.2207263689,NA,0.15599352512762388,2.088362590584474
18097340500,2026,155239.5064070644,NA,4.271721653079652e-4,-0.2613381372233908
18097340500,2027,179617.9086694608,NA,0.15703736005493396,2.041181064133418
18097340500,2028,207924.6133009189,NA,0.15759399962477616,1.9842261966986692
18097340600,2024,134233.64175784416,NA,0.1429997411298367,1.734938921487311
18097340600,2025,155173.2207263689,NA,0.15599352512762388,2.088362590584474
18097340600,2026,155239.5064070644,NA,4.271721653079652e-4,-0.2613381372233908
18097340600,2027,179617.9086694608,NA,0.15703736005493396,2.041181064133418
18097340600,2028,207924.6133009189,NA,0.15759399962477616,1.9842261966986692
18097340700,2024,134700.58745669565,NA,0.14260308066777805,1.7210631465729376
18097340700,2025,155651.77059665747,NA,0.1555389143844479,2.071046428535167
18097340700,2026,155718.13452926237,NA,4.263615656314723e-4,-0.261966340388373
18097340700,2027,180100.55500381248,NA,0.15658048144654724,2.0238706037328607
18097340700,2028,208400.8351741917,NA,0.15713599644254383,1.967120618755556
18097340800,2024,208124.52361489393,NA,0.11254015204573853,0.669417039317086
18097340800,2025,232886.3662218223,NA,0.11897609266242348,0.6783654252325346
18097340800,2026,232943.66678204387,NA,2.460451470438496e-4,-0.40170898788744697
18097340800,2027,260794.88636515455,NA,0.11956203818655409,0.6212960809178661
18097340800,2028,292058.26318917924,NA,0.11987726162794066,0.5755752820472138
18097340901,2024,237270.02081110503,NA,0.09364948051812694,0.008593158010411257
18097340901,2025,259891.38053312572,NA,0.09534015146409902,-0.2219295944556222
18097340901,2026,259895.12745092632,NA,1.4417245361997288e-5,-0.5812173014908931
18097340901,2027,284681.8916629478,NA,0.09537217744377191,-0.29522226508551347
18097340901,2028,311837.24872328603,NA,0.09538842425737815,-0.3390378311994279
18097340903,2024,208124.52361489393,NA,0.11254015204573853,0.669417039317086
18097340903,2025,232886.3662218223,NA,0.11897609266242348,0.6783654252325346
18097340903,2026,232943.66678204387,NA,2.460451470438496e-4,-0.40170898788744697
18097340903,2027,260794.88636515455,NA,0.11956203818655409,0.6212960809178661
18097340903,2028,292058.26318917924,NA,0.11987726162794066,0.5755752820472138
18097340904,2024,208124.52361489393,NA,0.11254015204573853,0.669417039317086
18097340904,2025,232886.3662218223,NA,0.11897609266242348,0.6783654252325346
18097340904,2026,232943.66678204387,NA,2.460451470438496e-4,-0.40170898788744697
18097340904,2027,260794.88636515455,NA,0.11956203818655409,0.6212960809178661
18097340904,2028,292058.26318917924,NA,0.11987726162794066,0.5755752820472138
18097341000,2024,204691.961211762,NA,0.11326838741704304,0.6948917993787839
18097341000,2025,229234.56303901572,NA,0.11990017430075528,0.7135637737897043
18097341000,2026,229292.46321377112,NA,2.5258047472331846e-4,-0.3966442023323858
18097341000,2027,256922.68036053743,NA,0.1205020730271733,0.6569126223469833
18097341000,2028,287965.5697305485,NA,0.12082580380388697,0.6110015907551503
18097341100,2024,134233.64175784416,NA,0.14299974112983693,1.7349389214873188
18097341100,2025,155173.2207263689,NA,0.15599352512762388,2.088362590584474
18097341100,2026,155239.5064070644,NA,4.271721653079652e-4,-0.2613381372233908
18097341100,2027,179617.9086694608,NA,0.15703736005493396,2.041181064133418
18097341100,2028,207924.6133009189,NA,0.15759399962477616,1.9842261966986692
18097341200,2024,134233.64175784416,NA,0.14299974112983693,1.7349389214873188
18097341200,2025,155173.2207263689,NA,0.15599352512762388,2.088362590584474
18097341200,2026,155239.5064070644,NA,4.271721653079652e-4,-0.2613381372233908
18097341200,2027,179617.9086694608,NA,0.15703736005493396,2.041181064133418
18097341200,2028,207924.6133009189,NA,0.15759399962477616,1.9842261966986692
18097341600,2024,134233.64175784416,NA,0.14299974112983693,1.7349389214873188
18097341600,2025,155173.2207263689,NA,0.15599352512762388,2.088362590584474
18097341600,2026,155239.5064070644,NA,4.271721653079652e-4,-0.2613381372233908
18097341600,2027,179617.9086694608,NA,0.15703736005493396,2.041181064133418
18097341600,2028,207924.6133009189,NA,0.15759399962477616,1.9842261966986692
18097341701,2024,134233.64175784416,NA,0.14299974112983693,1.7349389214873188
18097341701,2025,155173.2207263689,NA,0.15599352512762388,2.088362590584474
18097341701,2026,155239.5064070644,NA,4.271721653079652e-4,-0.2613381372233908
18097341701,2027,179617.9086694608,NA,0.15703736005493396,2.041181064133418
18097341701,2028,207924.6133009189,NA,0.15759399962477616,1.9842261966986692
18097341702,2024,165581.01737024466,NA,0.12562813495758562,1.127254213270411
18097341702,2025,187479.4999711653,NA,0.13225237378482158,1.1840601075040496
18097341702,2026,187510.43359809424,NA,1.6499738336039904e-4,-0.4645198464865546
18097341702,2027,212382.15588001916,NA,0.1326418045367781,1.1168692447689614
18097341702,2028,240596.2296126256,NA,0.13284578271512326,1.0599257338988344
18097341902,2024,219888.45628820403,NA,0.09891082164833498,0.19264272244546182
18097341902,2025,241818.02792288503,NA,0.09973043608045651,-0.054703278314660965
18097341902,2026,241818.80319313484,NA,3.2060068326789093e-6,-0.5899058511310318
18097341902,2027,265937.21407155285,NA,0.0997375330617083,-0.1298253430771294
18097341902,2028,292462.0856365482,NA,0.09974110489801014,-0.17647320097805586
18097341903,2024,205828.85707246183,NA,0.1131480104766438,0.6906808343605115
18097341903,2025,230377.8860325338,NA,0.11926913120558935,0.6895272883788014
18097341903,2026,230427.8932615744,NA,2.1706609910276953e-4,-0.42416733590150346
18097341903,2027,258029.45692818516,NA,0.11978395182947033,0.6297040633830758
18097341903,2028,289008.29557090066,NA,0.12005931032648554,0.5823744666887347
18097341904,2024,208124.52361489393,NA,0.11254015204573853,0.669417039317086
18097341904,2025,232886.3662218223,NA,0.11897609266242348,0.6783654252325346
18097341904,2026,232943.66678204387,NA,2.460451470438496e-4,-0.40170898788744697
18097341904,2027,260794.88636515455,NA,0.11956203818655409,0.6212960809178661
18097341904,2028,292058.26318917924,NA,0.11987726162794066,0.5755752820472138
18097342000,2024,264066.7633851426,NA,0.07888235681707312,-0.5079828665953148
18097342000,2025,287366.99670016504,NA,0.08823614534570923,-0.4925217944681147
18097342000,2026,287523.0002731558,NA,5.42872267108363e-4,-0.17167221180105774
18097342000,2027,313264.8006110343,NA,0.08952953437959055,-0.5165914418001593
18097342000,2028,341538.0930719335,NA,0.09025365251937356,-0.5308121279552467
18097342101,2024,165796.67241321088,NA,0.12779151429417546,1.2029324509579573
18097342101,2025,186036.91512996217,NA,0.12207870292056922,0.7965441150509034
18097342101,2026,186058.64591234992,NA,1.1680898047883304e-4,-0.501865170058128
18097342101,2027,208819.53695865057,NA,0.12233181067555998,0.7262386982988613
18097342101,2028,234390.42623733755,NA,0.12245448702316786,0.6718299186638361
18097342200,2024,162993.96393214256,NA,0.1306397447613512,1.302567803222905
18097342200,2025,183151.8296064638,NA,0.12367246729893222,0.857250736393248
18097342200,2026,183182.81130350303,NA,1.6915854515775486e-4,-0.46129500556086855
18097342200,2027,205904.26670965937,NA,0.12403704935235838,0.7908476908110068
18097342200,2028,231480.22480088467,NA,0.12421286115109664,0.7375019638925131
18097342300,2024,162993.96393214256,NA,0.1306397447613512,1.302567803222905
18097342300,2025,183151.8296064638,NA,0.12367246729893222,0.857250736393248
18097342300,2026,183182.81130350303,NA,1.6915854515775486e-4,-0.46129500556086855
18097342300,2027,205904.26670965937,NA,0.12403704935235838,0.7908476908110068
18097342300,2028,231480.22480088467,NA,0.12421286115109664,0.7375019638925131
18097342400,2024,163651.51483378338,NA,0.1302665771703937,1.2895138439989589
18097342400,2025,183854.35936426252,NA,0.12345039733361851,0.8487920724408928
18097342400,2026,183884.29187573437,NA,1.6280555748227066e-4,-0.4662184802186671
18097342400,2027,206649.43643429808,NA,0.12380146409649817,0.7819217109825284
18097342400,2028,232267.94165024773,NA,0.12397084481812648,0.7284630982083276
18097342500,2024,162993.96393214256,NA,0.1306397447613512,1.302567803222905
18097342500,2025,183151.8296064638,NA,0.12367246729893222,0.857250736393248
18097342500,2026,183182.81130350303,NA,1.6915854515775486e-4,-0.46129500556086855
18097342500,2027,205904.26670965937,NA,0.12403704935235838,0.7908476908110068
18097342500,2028,231480.22480088467,NA,0.12421286115109664,0.7375019638925131
18097342600,2024,190554.06718221575,NA,0.1131680669027586,0.6913824380769782
18097342600,2025,213025.7638312615,NA,0.11792819214694261,0.6384508050657287
18097342600,2026,213047.26127086295,NA,1.0091474014606305e-4,-0.5141829791710487
18097342600,2027,238221.31753220808,NA,0.11816183935516289,0.5682446007680501
18097342600,2028,266398.9097052668,NA,0.11828325216633506,0.5160419553252108
18097350100,2024,190229.1027386646,NA,0.07372813691829183,-0.6882851704939513
18097350100,2025,208827.69290342124,NA,0.09776942590276128,-0.12939832353088276
18097350100,2026,209475.26446084643,NA,0.0031009850677452544,1.8108286506401396
18097350100,2027,231684.6372883838,NA,0.1060238443173731,0.10835377071638332
18097350100,2028,257517.6673209237,NA,0.11150083292050517,0.26273104930280977
18097350300,2024,205887.32435405065,NA,0.08054855183014964,-0.44969687851142454
18097350300,2025,227194.55372270112,NA,0.10348975798048565,0.08848961405218851
18097350300,2026,227720.93763203215,NA,0.002316886125595552,1.2031631760512165
18097350300,2027,252646.62072725565,NA,0.10945714238846227,0.23843639925694438
18097350300,2028,281236.02892552724,NA,0.11315966988189108,0.3246855641155691
18097350400,2024,279920.70273776975,NA,0.10629101914047889,0.4508130444713271
18097350400,2025,309862.18892966985,NA,0.1069641719924852,0.22083034062159138
18097350400,2026,309862.565276546,NA,1.2145621168802023e-6,-0.5914491923259908
18097350400,2027,343007.5937048209,NA,0.1069668690010801,0.14408359291510706
18097350400,2028,379698.50599282666,NA,0.10696822158281583,0.09344633790673552
18097350500,2024,121063.96806377506,NA,0.17911949207866917,2.9984617125617334
18097350500,2025,142945.2921811538,NA,0.18074183811530053,3.0310279467695915
18097350500,2026,142945.94262116373,NA,4.55027234536054e-6,-0.5888640645696347
18097350500,2027,168783.7986805491,NA,0.18075263687519305,2.939718121350733
18097350500,2028,199292.8312789829,NA,0.1807580634926762,2.849361451961196
18097350600,2024,121063.96806377506,NA,0.17911949207866917,2.9984617125617334
18097350600,2025,142945.2921811538,NA,0.18074183811530053,3.0310279467695915
18097350600,2026,142945.94262116373,NA,4.55027234536054e-6,-0.5888640645696347
18097350600,2027,168783.7986805491,NA,0.18075263687519305,2.939718121350733
18097350600,2028,199292.8312789829,NA,0.1807580634926762,2.849361451961196
18097350700,2024,121063.96806377506,NA,0.17911949207866917,2.9984617125617334
18097350700,2025,142945.2921811538,NA,0.18074183811530053,3.0310279467695915
18097350700,2026,142945.94262116373,NA,4.55027234536054e-6,-0.5888640645696347
18097350700,2027,168783.7986805491,NA,0.18075263687519305,2.939718121350733
18097350700,2028,199292.8312789829,NA,0.1807580634926762,2.849361451961196
18097350800,2024,156631.55513835698,NA,0.15402304617172913,2.120550582351957
18097350800,2025,179594.4150644378,NA,0.14660430272684888,1.7307263071280974
18097350800,2026,179613.86136343336,NA,1.0827897397902575e-4,-0.5084758031929478
18097350800,2027,205989.50463874024,NA,0.14684636851015642,1.6550593409010552
18097350800,2028,236262.6714997333,NA,0.14696460828956037,1.587237946341593
18097350900,2024,279920.70273697964,NA,0.10629101913735628,0.4508130443620934
18097350900,2025,309862.1889287055,NA,0.10696417199216457,0.22083034060937848
18097350900,2026,309862.565275585,NA,1.214562127760388e-6,-0.5914491923175588
18097350900,2027,343007.59370366443,NA,0.106966869000781,0.14408359290377484
18097350900,2028,379698.50599144807,NA,0.10696822158252894,0.09344633789602103
18097351000,2024,213372.14042982596,NA,0.08445583436145743,-0.3130143045792826
18097351000,2025,235988.92557086263,NA,0.10599689863670325,0.18398681585646492
18097351000,2026,236430.1104585481,NA,0.0018695152182173214,0.8564571162216308
18097351000,2027,262609.3019566659,NA,0.11072697740293802,0.2865485855791314
18097351000,2028,292432.41252529173,NA,0.11356456281791227,0.3398075718753606
18097351200,2024,190229.1027386646,NA,0.07372813691829183,-0.6882851704939513
18097351200,2025,208827.69290342124,NA,0.09776942590276128,-0.12939832353088276
18097351200,2026,209475.26446084643,NA,0.0031009850677452544,1.8108286506401396
18097351200,2027,231684.6372883838,NA,0.1060238443173731,0.10835377071638332
18097351200,2028,257517.6673209237,NA,0.11150083292050517,0.26273104930280977
18097351500,2024,208458.1752340619,NA,0.08185686377980517,-0.4039301740685689
18097351500,2025,230218.04564877125,NA,0.10438482631001089,0.12258284319803253
18097351500,2026,230716.68415349716,NA,0.0021659401343656626,1.0861821900208926
18097351500,2027,256079.39792480465,NA,0.10993012431833282,0.2563569908909327
18097351500,2028,285101.20190194494,NA,0.11333127230196882,0.33109459943615266
18097351600,2024,276213.50621548656,NA,0.10164259071685322,0.2882040811855756
18097351600,2025,304978.65918604354,NA,0.10414100803642823,0.11329578432554739
18097351600,2026,304983.89150837134,NA,1.715635560128881e-5,-0.5790945302001334
18097351600,2027,336756.9074103047,NA,0.10417932483185344,0.038467632635000706
18097351600,2028,371846.542311742,NA,0.10419870871032821,-0.00998988293760094
18097351700,2024,280264.84727627295,NA,0.10264599601484936,0.323304695929541
18097351700,2025,309364.7958280828,NA,0.1038301764727716,0.10145618350855998
18097351700,2026,309365.9628899692,NA,3.772445676286651e-6,-0.589466869122227
18097351700,2027,341490.0754853163,NA,0.10383854867308906,0.02555612377146558
18097351700,2028,376951.34648458945,NA,0.10384275721300718,-0.023284017820498434
18097351900,2024,121063.96806377506,NA,0.17911949207866917,2.9984617125617334
18097351900,2025,142945.2921811538,NA,0.18074183811530053,3.0310279467695915
18097351900,2026,142945.94262116373,NA,4.55027234536054e-6,-0.5888640645696347
18097351900,2027,168783.7986805491,NA,0.18075263687519305,2.939718121350733
18097351900,2028,199292.8312789829,NA,0.1807580634926762,2.849361451961196
18097352100,2024,121063.96806377506,NA,0.17911949207866917,2.9984617125617334
18097352100,2025,142945.2921811538,NA,0.18074183811530053,3.0310279467695915
18097352100,2026,142945.94262116373,NA,4.55027234536054e-6,-0.5888640645696347
18097352100,2027,168783.7986805491,NA,0.18075263687519305,2.939718121350733
18097352100,2028,199292.8312789829,NA,0.1807580634926762,2.849361451961196
18097352300,2024,121063.96806377506,NA,0.17911949207866917,2.9984617125617334
18097352300,2025,142945.2921811538,NA,0.18074183811530053,3.0310279467695915
18097352300,2026,142945.94262116373,NA,4.55027234536054e-6,-0.5888640645696347
18097352300,2027,168783.7986805491,NA,0.18075263687519305,2.939718121350733
18097352300,2028,199292.8312789829,NA,0.1807580634926762,2.849361451961196
18097352400,2024,122388.65480343912,NA,0.17542881455712922,2.8693563051192013
18097352400,2025,144366.8926574392,NA,0.17957741172413377,2.9866748460419923
18097352400,2026,144371.299445731,NA,3.052492306721e-5,-0.568734081464568
18097352400,2027,170307.655616793,NA,0.17965036174528182,2.8979545333065833
18097352400,2028,200909.7836591398,NA,0.17968733073987142,2.809371549554676
18097352500,2024,163406.6255635169,NA,0.08258942400888247,-0.3783041240278281
18097352500,2025,181910.38464865528,NA,0.11323750809569155,0.4597822487836814
18097352500,2026,182740.0365596495,NA,0.004560772671646118,2.9421431818030763
18097352500,2027,205750.2328642244,NA,0.12591765186094817,0.8621009617161242
18097352500,2028,233486.6734670292,NA,0.13480636311652794,1.1331498121825432
18097352600,2024,148326.0302038058,NA,0.1004720255544922,0.24725596492707475
18097352600,2025,167971.89835859503,NA,0.13245057612473699,1.1916096515657444
18097352600,2026,168603.6401980227,NA,0.0037609972001328984,2.3223286209910907
18097352600,2027,192658.33571312632,NA,0.142670084031707,1.4968260470706989
18097352600,2028,221427.69808550077,NA,0.14932840702627503,1.6755214891231676
18097352700,2024,157427.2651306523,NA,0.0963346966554437,0.10252602574437941
18097352700,2025,177519.8985620151,NA,0.12763121696033708,1.008039849229915
18097352700,2026,178174.6275353663,NA,0.003688200470227887,2.2659121956545483
18097352700,2027,202692.61942686423,NA,0.13760652810474538,1.304975339353863
18097352700,2028,231900.8486579407,NA,0.1441010990615541,1.4802911341999296
18097352800,2024,241929.88476514313,NA,0.10092530262988286,0.26311227346693694
18097352800,2025,266913.73620094854,NA,0.10326897588554984,0.08008000519256248
18097352800,2026,266917.56846111245,NA,1.4357673076226263e-5,-0.5812634691610167
18097352800,2027,294490.41425160464,NA,0.10330097771181102,0.00518834846556552
18097352800,2028,324916.3233464911,NA,0.10331714589830887,-0.04291463537981763
18097353300,2024,359626.92511586257,NA,0.037034079377397555,-1.9718980632183638
18097353300,2025,381934.1271199407,NA,0.06202873157200717,-1.490764424257842
18097353300,2026,383219.58112099115,NA,0.0033656432085389376,2.0159349275193024
18097353300,2027,410317.47516017104,NA,0.07071114153382596,-1.2295927471337713
18097353300,2028,441703.2148957663,NA,0.07649135519598227,-1.0448086648224317
18097353500,2024,359626.92511586257,NA,0.037034079377397555,-1.9718980632183638
18097353500,2025,381934.1271199407,NA,0.06202873157200717,-1.490764424257842
18097353500,2026,383219.58112099115,NA,0.0033656432085389376,2.0159349275193024
18097353500,2027,410317.47516017104,NA,0.07071114153382596,-1.2295927471337713
18097353500,2028,441703.2148957663,NA,0.07649135519598227,-1.0448086648224317
18097353600,2024,316301.4358226198,NA,0.05421062244450381,-1.3710369535195541
18097353600,2025,340599.9418650701,NA,0.07682072634054293,-0.9273360797030643
18097353600,2026,341354.7728353556,NA,0.0022161805611362606,1.1251178027809423
18097353600,2027,369464.8161158978,NA,0.08234847003032941,-0.7886714380395952
18097353600,2028,401140.6274120216,NA,0.08573431058774328,-0.6996012513982074
18097354201,2024,347884.03838291613,NA,0.009760302188976056,-2.925975490969016
18097354201,2025,358063.591577266,NA,0.029261340191599317,-2.7388771615684715
18097354201,2026,358949.7903808304,NA,0.0024749760221660644,1.325680586626798
18097354201,2027,371640.16017111053,NA,0.035354164093023055,-2.56921676681287
18097354201,2028,386244.8103394544,NA,0.03929782551385075,-2.433918709552346
18097354202,2024,351823.9193020058,NA,0.018488578020593893,-2.6206473768395444
18097354202,2025,365888.35054257384,NA,0.039975767618275926,-2.330763705450593
18097354202,2026,366953.5316390537,NA,0.0029112189412434653,1.6637626145535929
18097354202,2027,384314.37991117354,NA,0.04731075401992979,-2.1161991103586453
18097354202,2028,404363.8663832605,NA,0.05216949331097376,-1.9531855502577038
18097354400,2024,309318.5073985964,NA,0.055735535785540025,-1.3176932091636706
18097354400,2025,333831.9477178279,NA,0.07924983385375906,-0.8348111669828301
18097354400,2026,334622.41182308656,NA,0.0023678503829920317,1.2426597472020435
18097354400,2027,363129.97605871496,NA,0.08519323042444693,-0.6808876389133238
18097354400,2028,395397.2913840449,NA,0.0888588589560908,-0.582905106643729
18097354500,2024,162748.65817166172,NA,0.08245116124545548,-0.3831407618273082
18097354500,2025,181222.5797679013,NA,0.11351197486835152,0.47023671160461467
18097354500,2026,182065.82246380337,NA,0.0046530774309803125,3.0136780511575108
18097354500,2027,205091.67813807,NA,0.12646995115650794,0.8830267720069633
18097354500,2028,232897.49791031197,NA,0.13557751355236736,1.1619508650962445
18097354700,2024,162748.65817166172,NA,0.08245116124545548,-0.3831407618273082
18097354700,2025,181222.5797679013,NA,0.11351197486835152,0.47023671160461467
18097354700,2026,182065.82246380337,NA,0.0046530774309803125,3.0136780511575108
18097354700,2027,205091.67813807,NA,0.12646995115650794,0.8830267720069633
18097354700,2028,232897.49791031197,NA,0.13557751355236736,1.1619508650962445
18097354800,2024,162748.65817166172,NA,0.08245116124545548,-0.3831407618273082
18097354800,2025,181222.5797679013,NA,0.11351197486835152,0.47023671160461467
18097354800,2026,182065.82246380337,NA,0.0046530774309803125,3.0136780511575108
18097354800,2027,205091.67813807,NA,0.12646995115650794,0.8830267720069633
18097354800,2028,232897.49791031197,NA,0.13557751355236736,1.1619508650962445
18097354900,2024,162748.65817166172,NA,0.08245116124545548,-0.3831407618273082
18097354900,2025,181222.5797679013,NA,0.11351197486835152,0.47023671160461467
18097354900,2026,182065.82246380337,NA,0.0046530774309803125,3.0136780511575108
18097354900,2027,205091.67813807,NA,0.12646995115650794,0.8830267720069633
18097354900,2028,232897.49791031197,NA,0.13557751355236736,1.1619508650962445
18097355000,2024,162748.65817166172,NA,0.08245116124545548,-0.3831407618273082
18097355000,2025,181222.5797679013,NA,0.11351197486835152,0.47023671160461467
18097355000,2026,182065.82246380337,NA,0.0046530774309803125,3.0136780511575108
18097355000,2027,205091.67813807,NA,0.12646995115650794,0.8830267720069633
18097355000,2028,232897.49791031197,NA,0.13557751355236736,1.1619508650962445
18097355100,2024,162748.65817166172,NA,0.08245116124545548,-0.3831407618273082
18097355100,2025,181222.5797679013,NA,0.11351197486835152,0.47023671160461467
18097355100,2026,182065.82246380337,NA,0.0046530774309803125,3.0136780511575108
18097355100,2027,205091.67813807,NA,0.12646995115650794,0.8830267720069633
18097355100,2028,232897.49791031197,NA,0.13557751355236736,1.1619508650962445
18097355300,2024,163726.57429126068,NA,0.08267707743930486,-0.37523787622309013
18097355300,2025,182249.02284873463,NA,0.11313037384220559,0.45570149591489956
18097355300,2026,183072.0221817615,NA,0.004515795586514493,2.9072865835946864
18097355300,2027,206079.62161563576,NA,0.12567512588587326,0.8529120082160577
18097355300,2028,233788.42402705387,NA,0.13445678031716546,1.1200935364751983
18097355400,2024,163216.68913799973,NA,0.08254352158995326,-0.37990985914390535
18097355400,2025,181710.59766073947,NA,0.1133089307252344,0.46250274284528525
18097355400,2026,182544.1814366574,NA,0.004587425206064699,2.962798515085457
18097355400,2027,205557.3989360381,NA,0.12606930178909193,0.8678467550793755
18097355400,2028,233312.03278519172,NA,0.1350213322060465,1.1411785129836975
18097355500,2024,170157.55866429475,NA,0.08891008937456246,-0.15719781696594168
18097355500,2025,190224.5433936219,NA,0.11793178561592699,0.638587680606368
18097355500,2026,190952.102126012,NA,0.003824736384750338,2.371725578171365
18097355500,2027,215465.32030950784,NA,0.12837364925848904,0.9551551010730205
18097355500,2028,244638.23942197103,NA,0.1353949631920226,1.1551329443075704
18097355600,2024,164687.77982203348,NA,0.0839028997100193,-0.33235678385209305
18097355600,2025,183551.6293248929,NA,0.11454310406785662,0.5095125109129699
18097355600,2026,184372.49088828955,NA,0.004472101753690616,2.873424487585812
18097355600,2027,207777.89214069763,NA,0.1269462767446652,0.9010740499495298
18097355600,2028,235948.8630175234,NA,0.13558213815043274,1.1621235853430283
18097355700,2024,205558.25266042637,NA,0.09677008856313951,0.11775668442755662
18097355700,2025,230207.5334968492,NA,0.1199138468896328,0.7140845638682288
18097355700,2026,230607.87762748185,NA,0.0017390574693687544,0.7553542252388604
18097355700,2027,259272.427309345,NA,0.12429995877316524,0.8008089431749137
18097355700,2028,292165.22436252603,NA,0.1268657735592369,0.8365833714768727
18097355900,2024,180801.90291963905,NA,0.09804647144464873,0.1624064624176862
18097355900,2025,203066.7071570247,NA,0.12314474503778694,0.8371497503778762
18097355900,2026,203585.8725149863,NA,0.0025566246935797565,1.3889571401292558
18097355900,2027,230026.06354874573,NA,0.1298724253659258,1.0119415296359546
18097355900,2028,260866.6860243719,NA,0.13407446964848235,1.105814934938484
18097356200,2024,299763.21293974656,NA,0.024875166324076492,-2.3972349870340044
18097356200,2025,313421.2882063256,NA,0.045562879889882835,-2.1179501216647756
18097356200,2026,314254.7719171714,NA,0.0026593079098606864,1.4685351652986296
18097356200,2027,330672.9303753027,NA,0.052244738744837926,-1.9292576654547902
18097356200,2028,349391.1860919286,NA,0.05660655589612773,-1.787469409337264
18097356400,2024,164373.9174080041,NA,0.12184320464210252,0.9948517024387026
18097356400,2025,185770.7386122804,NA,0.13017163271205456,1.1048045022647908
18097356400,2026,185817.2945585882,NA,2.5060968511825266e-4,-0.39817153611170947
18097356400,2027,210116.05819733068,NA,0.13076696491822548,1.0458343213153336
18097356400,2028,237658.5079331556,NA,0.13108207898112378,0.9940546376687999
18097356900,2024,177378.8155540972,NA,0.060586447715859304,-1.148001070639904
18097356900,2025,192983.2070530241,NA,0.08797212592823889,-0.5025783166372579
18097356900,2026,194014.5753555011,NA,0.005344342226593968,3.5493983888760483
18097356900,2027,214059.12301694273,NA,0.10331464852428307,0.005706315500127678
18097356900,2028,238731.98280802608,NA,0.11526189327203062,0.40319974796599145
18097357000,2024,177430.6855243867,NA,0.07711228779595758,-0.5699025224955604
18097357000,2025,195964.3360514496,NA,0.1044557229336498,0.12528330164981344
18097357000,2026,196800.04547332137,NA,0.004264599562914251,2.712613255152996
18097357000,2027,219690.35977017597,NA,0.11631254577102057,0.4981775790916846
18097357000,2028,247095.8519755877,NA,0.12474599356148963,0.7574134805669781
18097357100,2024,179884.13293173743,NA,0.09837094722278006,0.17375710936432007
18097357100,2025,202089.04196676705,NA,0.12344006485250114,0.8483985073523297
18097357100,2026,202608.76642352212,NA,0.0025717597139212067,1.400686564598935
18097357100,2027,228991.80437906832,NA,0.13021666545462574,1.0249842817244494
18097357100,2028,259781.38010605876,NA,0.134457107801212,1.1201057674030623
18097357200,2024,179884.13293173743,NA,0.09837094722278006,0.17375710936432007
18097357200,2025,202089.04196676705,NA,0.12344006485250114,0.8483985073523297
18097357200,2026,202608.76642352212,NA,0.0025717597139212067,1.400686564598935
18097357200,2027,228991.80437906832,NA,0.13021666545462574,1.0249842817244494
18097357200,2028,259781.38010605876,NA,0.134457107801212,1.1201057674030623
18097357300,2024,179884.13293173743,NA,0.09837094722278006,0.17375710936432007
18097357300,2025,202089.04196676705,NA,0.12344006485250114,0.8483985073523297
18097357300,2026,202608.76642352212,NA,0.0025717597139212067,1.400686564598935
18097357300,2027,228991.80437906832,NA,0.13021666545462574,1.0249842817244494
18097357300,2028,259781.38010605876,NA,0.134457107801212,1.1201057674030623
18097357400,2024,179884.13288479086,NA,0.09837094693612469,0.17375709933668756
18097357400,2025,202089.0418720215,NA,0.12344006461899593,0.8483984984580961
18097357400,2026,202608.7663330379,NA,0.002571759736213375,1.4006865818750467
18097357400,2027,228991.80424239405,NA,0.13021666528480336,1.0249842752901286
18097357400,2028,259781.37992281216,NA,0.13445710767808317,1.1201057628044262
18097357500,2024,179884.13293173743,NA,0.09837094722278006,0.17375710936432007
18097357500,2025,202089.04196676705,NA,0.12344006485250114,0.8483985073523297
18097357500,2026,202608.76642352212,NA,0.0025717597139212067,1.400686564598935
18097357500,2027,228991.80437906832,NA,0.13021666545462574,1.0249842817244494
18097357500,2028,259781.38010605876,NA,0.134457107801212,1.1201057674030623
18097357601,2024,179884.13293173743,NA,0.09837094722278006,0.17375710936432007
18097357601,2025,202089.04196676705,NA,0.12344006485250114,0.8483985073523297
18097357601,2026,202608.76642352212,NA,0.0025717597139212067,1.400686564598935
18097357601,2027,228991.80437906832,NA,0.13021666545462574,1.0249842817244494
18097357601,2028,259781.38010605876,NA,0.134457107801212,1.1201057674030623
18097357602,2024,179884.13293173743,NA,0.09837094722278006,0.17375710936432007
18097357602,2025,202089.04196676705,NA,0.12344006485250114,0.8483985073523297
18097357602,2026,202608.76642352212,NA,0.0025717597139212067,1.400686564598935
18097357602,2027,228991.80437906832,NA,0.13021666545462574,1.0249842817244494
18097357602,2028,259781.38010605876,NA,0.134457107801212,1.1201057674030623
18097357800,2024,176646.34373826493,NA,0.06359064352876276,-1.0429098178283571
18097357800,2025,192549.6977511333,NA,0.0900293415437583,-0.4242187980745646
18097357800,2026,193511.52133663595,NA,0.004995196547884495,3.2788154775256126
18097357800,2027,213693.05314271033,NA,0.1042911123155621,0.04270309644200548
18097357800,2028,238318.31255670145,NA,0.11523659310321932,0.4022548331130721
18097357900,2024,176894.23406303313,NA,0.06144304791889588,-1.1180359172004761
18097357900,2025,192481.76120549627,NA,0.0881177796722803,-0.49703035308213167
18097357900,2026,193475.9549046597,NA,0.005165131973735582,3.4105130040088913
18097357900,2027,213388.48509745504,NA,0.10291992202652644,-0.009249292582715717
18097357900,2028,237800.7385134164,NA,0.1144028620139097,0.37111650769299237
18097358000,2024,177378.8155540972,NA,0.060586447715859304,-1.148001070639904
18097358000,2025,192983.2070530241,NA,0.08797212592823889,-0.5025783166372579
18097358000,2026,194014.5753555011,NA,0.005344342226593968,3.5493983888760483
18097358000,2027,214059.12301694273,NA,0.10331464852428307,0.005706315500127678
18097358000,2028,238731.98280802608,NA,0.11526189327203062,0.40319974796599145
18097358100,2024,214179.47411752355,NA,0.10802288758170664,0.5113963870789129
18097358100,2025,237801.9008662573,NA,0.11029267321747072,0.347613236666908
18097358100,2026,237808.256898012,NA,2.6728263027298027e-5,-0.5716764387373386
18097358100,2027,264051.1564745435,NA,0.11035318924096993,0.2723863003305542
18097358100,2028,293198.19926432,NA,0.1103840754910177,0.22102220972544975
18097360101,2024,121063.96806377506,NA,0.17911949207866917,2.9984617125617334
18097360101,2025,142945.2921811538,NA,0.18074183811530053,3.0310279467695915
18097360101,2026,142945.94262116373,NA,4.55027234536054e-6,-0.5888640645696347
18097360101,2027,168783.7986805491,NA,0.18075263687519305,2.939718121350733
18097360101,2028,199292.8312789829,NA,0.1807580634926762,2.849361451961196
18097360102,2024,121063.968063937,NA,0.1791194920802468,2.998461712616921
18097360102,2025,142945.29218139197,NA,0.18074183811568822,3.0310279467843584
18097360102,2026,142945.94262140064,NA,4.5502723367008e-6,-0.5888640645763459
18097360102,2027,168783.7986808819,NA,0.1807526368755643,2.939718121364799
18097360102,2028,199292.83127943744,NA,0.18075806349304102,2.849361451974821
18097360201,2024,166667.9608190212,NA,0.10354367421735056,0.35470681909250934
18097360201,2025,185752.11612514075,NA,0.11450404272265846,0.5080246609369887
18097360201,2026,185839.57188525196,NA,4.708197243485923e-4,-0.227511902735235
18097360201,2027,207327.9752692725,NA,0.11562878221269624,0.4722707806939387
18097360201,2028,231427.74617456988,NA,0.11623984112128238,0.4397243045818233
18097360202,2024,166771.7670543181,NA,0.10277317973125011,0.327753772130358
18097360202,2025,185775.70065165136,NA,0.11395174334960201,0.48698753062906325
18097360202,2026,185867.45588533583,NA,4.939033111575064e-4,-0.2096224528464284
18097360202,2027,207266.98111411915,NA,0.11513325518365614,0.45349598831770255
18097360202,2028,231263.6941920996,NA,0.11577682537272094,0.422431516489602
18097360301,2024,195837.4233273928,NA,0.12260973500147165,1.0216660783319746
18097360301,2025,218485.4221909307,NA,0.11564694060376768,0.5515577388771097
18097360301,2026,218522.64794313625,NA,1.703809427295866e-4,-0.46034766491201246
18097360301,2027,243873.79332633497,NA,0.11601152384807079,0.4867722999184667
18097360301,2028,272208.83888420474,NA,0.11618733268299053,0.4377632108193419
18097360302,2024,191706.8836958984,NA,0.12364470622312362,1.0578709161924549
18097360302,2025,214203.183265415,NA,0.11734737499151104,0.6163274299905889
18097360302,2026,214232.43667577236,NA,1.3656851364873823e-4,-0.48655181423542165
18097360302,2027,239435.05314475487,NA,0.11764145924888636,0.5485281617455584
18097360302,2028,267636.61829909426,NA,0.11778377803892237,0.497387513722025
18097360401,2024,224916.32704469527,NA,0.0993319106260162,0.20737304329191988
18097360401,2025,247222.05059965217,NA,0.09917342972848875,-0.07591969785148021
18097360401,2026,247222.07779637296,NA,1.1000928412663313e-7,-0.5923052049861833
18097360401,2027,271739.9988754472,NA,0.09917367129026666,-0.1511892386212747
18097360401,2028,298689.4849839049,NA,0.09917379193340659,-0.19766129859533837
18097360402,2024,223943.04768680825,NA,0.11084200440564906,0.6100133006561571
18097360402,2025,247560.64405080292,NA,0.10546251204469037,0.1636319849089489
18097360402,2026,247585.07794668764,NA,9.869862787925676e-5,-0.5159004345073092
18097360402,2027,273748.4038976505,NA,0.10567408249295451,0.09510180815984386
18097360402,2028,302704.678078649,NA,0.10577696077389631,0.048954933898952585
18097360405,2024,224995.94010721345,NA,0.0992843335917799,0.20570872763330825
18097360405,2025,247301.33908023903,NA,0.09913689536974202,-0.07731129469762209
18097360405,2026,247301.3626374819,NA,9.525723942971354e-8,-0.5923166376100016
18097360405,2027,271818.1036801805,NA,0.09913710454817659,-0.15257469884923922
18097360405,2028,298765.3918418684,NA,0.09913720902634915,-0.19902760300616495
18097360406,2024,223943.04768680825,NA,0.11084200440564906,0.6100133006561571
18097360406,2025,247560.64405080292,NA,0.10546251204469037,0.1636319849089489
18097360406,2026,247585.07794668764,NA,9.869862787925676e-5,-0.5159004345073092
18097360406,2027,273748.4038976505,NA,0.10567408249295451,0.09510180815984386
18097360406,2028,302704.678078649,NA,0.10577696077389631,0.048954933898952585
18097360407,2024,223956.07749770637,NA,0.11060964497327053,0.6018850209526978
18097360407,2025,247550.3781006841,NA,0.10535235688444033,0.15943616544341863
18097360407,2026,247573.81453157624,NA,9.467337950352928e-5,-0.5190199444735752
18097360407,2027,273706.5668519655,NA,0.10555539716441298,0.09060499512869764
18097360407,2028,302624.80802315666,NA,0.10565417375181796,0.04436906406650548
18097360501,2024,224995.94010721345,NA,0.0992843335917799,0.20570872763330825
18097360501,2025,247301.33908023903,NA,0.09913689536974202,-0.07731129469762209
18097360501,2026,247301.3626374819,NA,9.525723942971354e-8,-0.5923166376100016
18097360501,2027,271818.1036801805,NA,0.09913710454817659,-0.15257469884923922
18097360501,2028,298765.3918418684,NA,0.09913720902634915,-0.19902760300616495
18097360502,2024,224650.68912814444,NA,0.09949119966827702,0.21294521170332636
18097360502,2025,246957.51994495775,NA,0.09929562603784903,-0.07126522998755057
18097360502,2026,246957.56125360276,NA,1.672702456545494e-7,-0.5922608285593169
18097360502,2027,271479.4575958123,NA,0.09929599327808303,-0.14655463790383352
18097360502,2028,298436.32977147447,NA,0.0992961766403575,-0.19309045449423332
18097360601,2024,195837.4233273928,NA,0.12260973500147165,1.0216660783319746
18097360601,2025,218485.4221909307,NA,0.11564694060376768,0.5515577388771097
18097360601,2026,218522.64794313625,NA,1.703809427295866e-4,-0.46034766491201246
18097360601,2027,243873.79332633497,NA,0.11601152384807079,0.4867722999184667
18097360601,2028,272208.83888420474,NA,0.11618733268299053,0.4377632108193419
18097360602,2024,195837.4233273928,NA,0.12260973500147165,1.0216660783319746
18097360602,2025,218485.4221909307,NA,0.11564694060376768,0.5515577388771097
18097360602,2026,218522.64794313625,NA,1.703809427295866e-4,-0.46034766491201246
18097360602,2027,243873.79332633497,NA,0.11601152384807079,0.4867722999184667
18097360602,2028,272208.83888420474,NA,0.11618733268299053,0.4377632108193419
18097360700,2024,195837.4233273928,NA,0.12260973500147165,1.0216660783319746
18097360700,2025,218485.4221909307,NA,0.11564694060376768,0.5515577388771097
18097360700,2026,218522.64794313625,NA,1.703809427295866e-4,-0.46034766491201246
18097360700,2027,243873.79332633497,NA,0.11601152384807079,0.4867722999184667
18097360700,2028,272208.83888420474,NA,0.11618733268299053,0.4377632108193419
18097360800,2024,195837.4233273928,NA,0.12260973500147165,1.0216660783319746
18097360800,2025,218485.4221909307,NA,0.11564694060376768,0.5515577388771097
18097360800,2026,218522.64794313625,NA,1.703809427295866e-4,-0.46034766491201246
18097360800,2027,243873.79332633497,NA,0.11601152384807079,0.4867722999184667
18097360800,2028,272208.83888420474,NA,0.11618733268299053,0.4377632108193419
18097360900,2024,158867.09096445556,NA,0.13595388681195586,1.48846442265026
18097360900,2025,180310.7269978134,NA,0.13497846472278874,1.2878971442471785
18097360900,2026,180311.20701818017,NA,2.6621841902052523e-6,-0.5903273059071662
18097360900,2027,204650.42147858685,NA,0.13498447968324379,1.2056297702342689
18097360900,2028,232275.66480239024,NA,0.1349874733910279,1.1399139484089726
18097361000,2024,195837.4233273928,NA,0.12260973500147165,1.0216660783319746
18097361000,2025,218485.4221909307,NA,0.11564694060376768,0.5515577388771097
18097361000,2026,218522.64794313625,NA,1.703809427295866e-4,-0.46034766491201246
18097361000,2027,243873.79332633497,NA,0.11601152384807079,0.4867722999184667
18097361000,2028,272208.83888420474,NA,0.11618733268299053,0.4377632108193419
18097361100,2024,195791.6197212693,NA,0.12259976545581242,1.0213173287468806
18097361100,2025,218447.5587501896,NA,0.11571454928037017,0.554132959145353
18097361100,2026,218483.94324316425,NA,1.6655939385556984e-4,-0.46330931067552733
18097361100,2027,243843.6257876051,NA,0.11607114998019097,0.48903144661511216
18097361100,2028,272188.78188847157,NA,0.11624317022564257,0.4398486405172994
18097361200,2024,195805.1899346632,NA,0.12336251017156052,1.0479992771768287
18097361200,2025,218518.07579360952,NA,0.11599736384171022,0.564905389950342
18097361200,2026,218559.24392579225,NA,1.8839691880501164e-4,-0.4463855409203113
18097361200,2027,243999.5040568123,NA,0.11639983591660763,0.5014848746857578
18097361200,2028,272448.2951794608,NA,0.11659364322324417,0.4529381634944338
18097361300,2024,195837.4233273928,NA,0.12260973500147165,1.0216660783319746
18097361300,2025,218485.4221909307,NA,0.11564694060376768,0.5515577388771097
18097361300,2026,218522.64794313625,NA,1.703809427295866e-4,-0.46034766491201246
18097361300,2027,243873.79332633497,NA,0.11601152384807079,0.4867722999184667
18097361300,2028,272208.83888420474,NA,0.11618733268299053,0.4377632108193419
18097361401,2024,300064.7652730308,NA,0.0809789368907925,-0.434641366810069
18097361401,2025,325534.60238054197,NA,0.08488113252595997,-0.620314519423121
18097361401,2026,325552.4147549802,NA,5.471729981376683e-5,-0.5499853352198323
18097361401,2027,353225.2046238869,NA,0.08500256368773673,-0.6881117219299917
18097361401,2028,383272.2218233995,NA,0.08506475983645201,-0.7246077426353645
18097361402,2024,220676.96750770588,NA,0.12884603444722975,1.2398211396125078
18097361402,2025,246554.66904468945,NA,0.11726507677372333,0.6131926838435329
18097361402,2026,246639.24519445235,NA,3.430320346013982e-4,-0.3265455360723212
18097361402,2027,275741.0640917733,NA,0.1179934639938458,0.5618651052718594
18097361402,2028,308372.95611645293,NA,0.11834251866750956,0.5182554503282687
18097361601,2024,267640.77328516473,NA,0.08718399690965173,-0.2175791073022483
18097361601,2025,291675.5566787773,NA,0.08980239856056649,-0.4328630756942452
18097361601,2026,291683.24802518345,NA,2.6369526791025777e-5,-0.5719544541937412
18097361601,2027,317894.1437442131,NA,0.08986081955850489,-0.5040395322433999
18097361601,2028,346469.818358148,NA,0.08989053487228671,-0.5443739053745426
18097361602,2024,300283.2652560791,NA,0.08093853177376831,-0.43605479810167486
18097361602,2025,325761.09273996553,NA,0.08484597855348075,-0.6216535372383937
18097361602,2026,325778.963420152,NA,5.4858239933341935e-5,-0.5498761086413403
18097361602,2027,353459.6597509771,NA,0.08496772179585377,-0.6894318301133234
18097361602,2028,383514.3627823247,NA,0.08503007967733023,-0.7259029829043202
18097370201,2024,214011.1089842148,NA,0.10807267536185639,0.5131380379287575
18097370201,2025,237622.11173880525,NA,0.11032606142110102,0.34888499619585905
18097370201,2026,237628.36483091145,NA,2.6315278744304393e-5,-0.5719964956546902
18097370201,2027,263859.12271340424,NA,0.110385634733285,0.27361561244888655
18097370201,2028,292993.4006995918,NA,0.11041603446029913,0.2222158185500884
18097370203,2024,163073.90740196794,NA,0.13059432692443695,1.3009790195088715
18097370203,2025,183237.24076545416,NA,0.12364536843889296,0.8562185384990382
18097370203,2026,183268.0950057741,NA,1.6838411335529102e-4,-0.4618951791403543
18097370203,2027,205994.86052601572,NA,0.1240083033521222,0.7897585470217634
18097370203,2028,231575.988594984,NA,0.12418333158237971,0.7363990887184759
18097370204,2024,214179.47411752355,NA,0.10802288758170664,0.5113963870789129
18097370204,2025,237801.9008662573,NA,0.11029267321747072,0.347613236666908
18097370204,2026,237808.256898012,NA,2.6728263027298027e-5,-0.5716764387373386
18097370204,2027,264051.1564745435,NA,0.11035318924096993,0.2723863003305542
18097370204,2028,293198.19926432,NA,0.1103840754910177,0.22102220972544975
18097370303,2024,171444.61949873442,NA,0.1247848828452669,1.0977559959641592
18097370303,2025,192077.36235478515,NA,0.1203464005833268,0.7305605710182222
18097370303,2026,192091.5735409019,NA,7.398678294268102e-5,-0.535051761175577
18097370303,2027,215240.05551652316,NA,0.12050753476019738,0.6571195594009318
18097370303,2028,241195.00249906487,NA,0.12058604482449242,0.6020470330824172
18097370304,2024,214179.47411752355,NA,0.10802288758170664,0.5113963870789129
18097370304,2025,237801.9008662573,NA,0.11029267321747072,0.347613236666908
18097370304,2026,237808.256898012,NA,2.6728263027298027e-5,-0.5716764387373386
18097370304,2027,264051.1564745435,NA,0.11035318924096993,0.2723863003305542
18097370304,2028,293198.19926432,NA,0.1103840754910177,0.22102220972544975
18097370305,2024,214179.47411752355,NA,0.10802288758170664,0.5113963870789129
18097370305,2025,237801.9008662573,NA,0.11029267321747072,0.347613236666908
18097370305,2026,237808.256898012,NA,2.6728263027298027e-5,-0.5716764387373386
18097370305,2027,264051.1564745435,NA,0.11035318924096993,0.2723863003305542
18097370305,2028,293198.19926432,NA,0.1103840754910177,0.22102220972544975
18097370306,2024,214179.47411752355,NA,0.10802288758170664,0.5113963870789129
18097370306,2025,237801.9008662573,NA,0.11029267321747072,0.347613236666908
18097370306,2026,237808.256898012,NA,2.6728263027298027e-5,-0.5716764387373386
18097370306,2027,264051.1564745435,NA,0.11035318924096993,0.2723863003305542
18097370306,2028,293198.19926432,NA,0.1103840754910177,0.22102220972544975
18097380101,2024,265986.6141172732,NA,0.07597710873677355,-0.6096127800568963
18097380101,2025,288259.9249029746,NA,0.08373846503373716,-0.6638388218308742
18097380101,2026,288345.25003412156,NA,2.960006708379037e-4,-0.36299417086266333
18097380101,2027,312687.2926588604,NA,0.08441978018315988,-0.7101925341914764
18097380101,2028,339198.5870522122,NA,0.08478532711681197,-0.7350440416635973
18097380102,2024,265986.6141172732,NA,0.07597710873677355,-0.6096127800568963
18097380102,2025,288259.9249029746,NA,0.08373846503373716,-0.6638388218308742
18097380102,2026,288345.25003412156,NA,2.960006708379037e-4,-0.36299417086266333
18097380102,2027,312687.2926588604,NA,0.08441978018315988,-0.7101925341914764
18097380102,2028,339198.5870522122,NA,0.08478532711681197,-0.7350440416635973
18097380103,2024,265682.3246892523,NA,0.07612625602222467,-0.6043953854336239
18097380103,2025,287972.4498050009,NA,0.08389765913791836,-0.6577751048011412
18097380103,2026,288057.69549928437,NA,2.960203114610316e-4,-0.3629789496604239
18097380103,2027,312421.34939385025,NA,0.08457907660594466,-0.7041570263608442
18097380103,2028,338959.8709084004,NA,0.08494464788030442,-0.7290937036668319
18097380200,2024,225558.3066573949,NA,0.09062000771784517,-0.09738232154144287
18097380200,2025,248752.26786362095,NA,0.1028291156727641,0.06332569210609847
18097380200,2026,248918.42255290077,NA,6.679524601196363e-4,-0.07473684974140839
18097380200,2027,274914.3611099199,NA,0.10443557487792776,0.048176571057120685
18097380200,2028,303871.0851566192,NA,0.10532997959725154,0.0322610076276652
18097380301,2024,263618.58292418043,NA,0.08190968317648673,-0.40208247274824443
18097380301,2025,287249.88474808517,NA,0.08964201825901386,-0.43897197508320435
18097380301,2026,287333.4012015837,NA,2.907449504174764e-4,-0.3670672790788659
18097380301,2027,313283.7852843853,NA,0.09031454044076037,-0.48684871345474406
18097380301,2028,341690.8318874545,NA,0.09067512567649327,-0.5150708793794146
18097380302,2024,234690.9153064542,NA,0.08839278545826268,-0.1752938799505055
18097380302,2025,256785.5565220194,NA,0.09414357256528016,-0.26750738694678483
18097380302,2026,256833.3489790663,NA,1.8611816682456706e-4,-0.44815154113945577
18097380302,2027,281122.7134152005,NA,0.09457247095319365,-0.3255219711411446
18097380302,2028,307773.16422068665,NA,0.09480006251264772,-0.3610120621079963
18097380402,2024,267934.61970803526,NA,0.07941831055544912,-0.48923440500268267
18097380402,2025,291415.69253538246,NA,0.08763732306386607,-0.5153309863466219
18097380402,2026,291515.31062770233,NA,3.4184189414498967e-4,-0.3274678779177115
18097380402,2027,317294.3985747451,NA,0.08843133450361229,-0.5582006244496723
18097380402,2028,345489.34055559104,NA,0.08886050969539583,-0.5828434545615137
18097380403,2024,179884.13293173743,NA,0.09837094722278006,0.17375710936432007
18097380403,2025,202089.04196676705,NA,0.12344006485250114,0.8483985073523297
18097380403,2026,202608.76642352212,NA,0.0025717597139212067,1.400686564598935
18097380403,2027,228991.80437906832,NA,0.13021666545462574,1.0249842817244494
18097380403,2028,259781.38010605876,NA,0.134457107801212,1.1201057674030623
18097380404,2024,262395.4015059543,NA,0.08058493271414346,-0.4484242208967375
18097380404,2025,285623.2154652039,NA,0.08852218379567356,-0.48162656546997934
18097380404,2026,285715.8709318609,NA,3.243975336739702e-4,-0.34098700798497084
18097380404,2027,311223.29775959434,NA,0.08927549857325423,-0.5262164859260734
18097380404,2028,339134.4548756128,NA,0.08968209422926487,-0.5521587806855485
18097380501,2024,234775.5155518502,NA,0.08827287511741821,-0.17948852262002757
18097380501,2025,256856.48965280465,NA,0.0940514348314907,-0.27101692109903136
18097380501,2026,256904.90284839904,NA,1.8848344326372057e-4,-0.44631848570133503
18097380501,2027,281178.79818648426,NA,0.09448591704148734,-0.3288013719132578
18097380501,2028,307811.0945595961,NA,0.09471658796780513,-0.3641296830950629
18097380502,2024,234775.5155518502,NA,0.08827287511741821,-0.17948852262002757
18097380502,2025,256856.48965280465,NA,0.0940514348314907,-0.27101692109903136
18097380502,2026,256904.90284839904,NA,1.8848344326372057e-4,-0.44631848570133503
18097380502,2027,281178.79818648426,NA,0.09448591704148734,-0.3288013719132578
18097380502,2028,307811.0945595961,NA,0.09471658796780513,-0.3641296830950629
18097380600,2024,244382.45246720905,NA,0.08371725114689044,-0.3388510476407839
18097380600,2025,266461.9659451997,NA,0.09034819503234703,-0.4120736414515239
18097380600,2026,266525.2398855627,NA,2.374595568959137e-4,-0.4083626975552192
18097380600,2027,290751.4054633724,NA,0.09089632782325485,-0.4648056427980194
18097380600,2028,317264.78080910153,NA,0.0911891562603957,-0.4958727808526087
18097380700,2024,250841.5665996838,NA,0.081111264416861,-0.4300123524707699
18097380700,2025,272956.06487643847,NA,0.0881612189579688,-0.4953757469788238
18097380700,2026,273027.1963060285,NA,2.6059662613553414e-4,-0.39043179954693386
18097380700,2027,297261.78699961025,NA,0.08876255194159444,-0.5456512814974831
18097380700,2028,323743.2078703114,NA,0.08908451078757684,-0.5744774250440569
18097380800,2024,234775.5155518502,NA,0.08827287511741821,-0.17948852262002757
18097380800,2025,256856.48965280465,NA,0.0940514348314907,-0.27101692109903136
18097380800,2026,256904.90284839904,NA,1.8848344326372057e-4,-0.44631848570133503
18097380800,2027,281178.79818648426,NA,0.09448591704148734,-0.3288013719132578
18097380800,2028,307811.0945595961,NA,0.09471658796780513,-0.3641296830950629
18097380901,2024,248338.9113524757,NA,0.08402371059906377,-0.3281306386626121
18097380901,2025,270954.03656856425,NA,0.09106557282112804,-0.38474866018442616
18097380901,2026,271026.5065839178,NA,2.6746239425468055e-4,-0.385110927373455
18097380901,2027,295875.69689924846,NA,0.0916854614278717,-0.4349065278849693
18097380901,2028,323101.62020536646,NA,0.09201811298272644,-0.4649127692732498
18097380902,2024,267934.6277409901,NA,0.0794183429175177,-0.4892332729292286
18097380902,2025,291415.7110972235,NA,0.08763735973288367,-0.5153295896206085
18097380902,2026,291515.32924073254,NA,3.4184204802811813e-4,-0.32746775866048605
18097380902,2027,317294.42963473423,NA,0.08843137155478153,-0.55819922063521
18097380902,2028,345489.3861968,NA,0.0888605469516861,-0.582842063107476
18097381002,2024,247105.7253602679,NA,0.08258116863148857,-0.378592909448882
18097381002,2025,269197.03328558913,NA,0.08940022693975691,-0.44818182709224086
18097381002,2026,269263.791394387,NA,2.4798976416295915e-4,-0.4002019374107077
18097381002,2027,293490.1633759764,NA,0.08997263187943938,-0.49980312739033533
18097381002,2028,319986.0898547861,NA,0.0902787547426831,-0.529874606003382
18097381003,2024,234775.5155517272,NA,0.088272875116848,-0.1794885226399744
18097381003,2025,256856.48965254135,NA,0.09405143483094225,-0.27101692111992187
18097381003,2026,256904.9028481375,NA,1.88483443270826e-4,-0.44631848569582844
18097381003,2027,281178.7981860597,NA,0.09448591704094889,-0.32880137193365916
18097381003,2028,307811.09455898206,NA,0.09471658796727422,-0.3641296831148913
18097381004,2024,234775.5155518502,NA,0.08827287511741821,-0.17948852262002757
18097381004,2025,256856.48965280465,NA,0.0940514348314907,-0.27101692109903136
18097381004,2026,256904.90284839904,NA,1.8848344326372057e-4,-0.44631848570133503
18097381004,2027,281178.79818648426,NA,0.09448591704148734,-0.3288013719132578
18097381004,2028,307811.0945595961,NA,0.09471658796780513,-0.3641296830950629
18097381101,2024,253465.4849292924,NA,0.0801335687336433,-0.4642136065223452
18097381101,2025,275600.5827366015,NA,0.0873298303849297,-0.5270434087593417
18097381101,2026,275674.5412180913,NA,2.6835386469614697e-4,-0.38442005052134426
18097381101,2027,299919.8065175906,NA,0.0879488733067968,-0.576480371605641
18097381101,2028,326396.88195335126,NA,0.08828051652603253,-0.6045051345451793
18097381102,2024,260195.6786824349,NA,0.07780452258379755,-0.545687116568498
18097381102,2025,282397.67793147155,NA,0.08532808600612407,-0.6032900231761699
18097381102,2026,282478.1266758847,NA,2.848774997104009e-4,-0.3716144695249683
18097381102,2027,306766.87928403064,NA,0.08598454292361835,-0.6509059688812304
18097381102,2028,333252.086995967,NA,0.0863365946602539,-0.677107047109033
18097381203,2024,234775.5155518502,NA,0.08827287511741821,-0.17948852262002757
18097381203,2025,256856.48965280465,NA,0.0940514348314907,-0.27101692109903136
18097381203,2026,256904.90284839904,NA,1.8848344326372057e-4,-0.44631848570133503
18097381203,2027,281178.79818648426,NA,0.09448591704148734,-0.3288013719132578
18097381203,2028,307811.0945595961,NA,0.09471658796780513,-0.3641296830950629
18097381204,2024,234775.5155518502,NA,0.08827287511741821,-0.17948852262002757
18097381204,2025,256856.48965280465,NA,0.0940514348314907,-0.27101692109903136
18097381204,2026,256904.90284839904,NA,1.8848344326372057e-4,-0.44631848570133503
18097381204,2027,281178.79818648426,NA,0.09448591704148734,-0.3288013719132578
18097381204,2028,307811.0945595961,NA,0.09471658796780513,-0.3641296830950629
18097381205,2024,247817.20132512483,NA,0.0841673619625054,-0.3231054995930061
18097381205,2025,270410.5732697023,NA,0.09116950649013278,-0.3807898178519905
18097381205,2026,270482.21074316156,NA,2.649211256535722e-4,-0.38708037422198244
18097381205,2027,295307.9952215215,NA,0.09178342786444249,-0.4311947232836761
18097381205,2028,322509.6355557944,NA,0.09211277979069954,-0.46137713780772843
18097381206,2024,234997.1779229189,NA,0.08815614712850617,-0.1835718418698083
18097381206,2025,257077.2159000547,NA,0.09395873674865252,-0.2745477989944194
18097381206,2026,257126.02597688723,NA,1.8986543269372547e-4,-0.4452474636431259
18097381206,2027,281397.8063949984,NA,0.09439643585629454,-0.33219168278455147
18097381206,2028,308026.16047805303,NA,0.09462886162544004,-0.3674061009131144
18097381207,2024,265986.6141172732,NA,0.07597710873677355,-0.6096127800568963
18097381207,2025,288259.9249029746,NA,0.08373846503373716,-0.6638388218308742
18097381207,2026,288345.25003412156,NA,2.960006708379037e-4,-0.36299417086266333
18097381207,2027,312687.2926588604,NA,0.08441978018315988,-0.7101925341914764
18097381207,2028,339198.5870522122,NA,0.08478532711681197,-0.7350440416635973
18097390102,2024,216037.1899061168,NA,0.12616093299270847,1.1458922836538712
18097390102,2025,241942.17723770312,NA,0.11990985136792331,0.7139323741049389
18097390102,2026,241968.6813651387,NA,1.0954736267221321e-4,-0.5074928200823012
18097390102,2027,271040.73133154254,NA,0.12014798693113993,0.64349681948106
18097390102,2028,303637.14103660505,NA,0.12026387895622204,0.590014729412714
18097390103,2024,255569.83961624716,NA,0.090874803839182,-0.0884691729750944
18097390103,2025,279998.36344064755,NA,0.09558453321832183,-0.21262107255741028
18097390103,2026,280023.373655737,NA,8.932271882655662e-5,-0.5231666300318069
18097390103,2027,306845.7907383136,NA,0.09578635073353636,-0.2795298465747141
18097390103,2028,336269.4472376459,NA,0.09589069619803148,-0.32027889640860796
18097390104,2024,299422.8289229385,NA,0.08127549100367948,-0.4242674613822501
18097390104,2025,324901.2597917485,NA,0.08509181133736221,-0.6122897454965085
18097390104,2026,324918.21375571424,NA,5.2181896668113126e-5,-0.5519502364242057
18097390104,2027,352603.7066838162,NA,0.08520757457111028,-0.6803441602337847
18097390104,2028,382669.1072363832,NA,0.08526683067324359,-0.7170607678918243
18097390200,2024,300283.2652560791,NA,0.08093853177376831,-0.43605479810167486
18097390200,2025,325761.09273996553,NA,0.08484597855348075,-0.6216535372383937
18097390200,2026,325778.963420152,NA,5.4858239933341935e-5,-0.5498761086413403
18097390200,2027,353459.6597509771,NA,0.08496772179585377,-0.6894318301133234
18097390200,2028,383514.3627823247,NA,0.08503007967733023,-0.7259029829043202
18097390300,2024,300283.2652560791,NA,0.08093853177376831,-0.43605479810167486
18097390300,2025,325761.09273996553,NA,0.08484597855348075,-0.6216535372383937
18097390300,2026,325778.963420152,NA,5.4858239933341935e-5,-0.5498761086413403
18097390300,2027,353459.6597509771,NA,0.08496772179585377,-0.6894318301133234
18097390300,2028,383514.3627823247,NA,0.08503007967733023,-0.7259029829043202
18097390405,2024,267934.6277409901,NA,0.0794183429175177,-0.4892332729292286
18097390405,2025,291415.7110972235,NA,0.08763735973288367,-0.5153295896206085
18097390405,2026,291515.32924073254,NA,3.4184204802811813e-4,-0.32746775866048605
18097390405,2027,317294.42963473423,NA,0.08843137155478153,-0.55819922063521
18097390405,2028,345489.3861968,NA,0.0888605469516861,-0.582842063107476
18097390406,2024,300283.2652560791,NA,0.08093853177376831,-0.43605479810167486
18097390406,2025,325761.09273996553,NA,0.08484597855348075,-0.6216535372383937
18097390406,2026,325778.963420152,NA,5.4858239933341935e-5,-0.5498761086413403
18097390406,2027,353459.6597509771,NA,0.08496772179585377,-0.6894318301133234
18097390406,2028,383514.3627823247,NA,0.08503007967733023,-0.7259029829043202
18097390408,2024,268171.60990256903,NA,0.07942267381149026,-0.4890817717949099
18097390408,2025,291668.2010235903,NA,0.08761774271914136,-0.5160768033501218
18097390408,2026,291767.00199251564,NA,3.3874439715608773e-4,-0.3298683938177055
18097390408,2027,317560.4410117819,NA,0.08840423640480055,-0.5592273316708035
18097390408,2028,345769.05601762485,NA,0.08882912152397582,-0.5840157451340373
18097390409,2024,267934.6277409901,NA,0.07941834291751748,-0.48923327292923635
18097390409,2025,291415.7110972235,NA,0.08763735973288367,-0.5153295896206085
18097390409,2026,291515.32924073254,NA,3.4184204802811813e-4,-0.32746775866048605
18097390409,2027,317294.42963473423,NA,0.08843137155478153,-0.55819922063521
18097390409,2028,345489.3861968,NA,0.0888605469516861,-0.582842063107476
18097390410,2024,267934.6277409901,NA,0.0794183429175177,-0.4892332729292286
18097390410,2025,291415.7110972235,NA,0.08763735973288367,-0.5153295896206085
18097390410,2026,291515.32924073254,NA,3.4184204802811813e-4,-0.32746775866048605
18097390410,2027,317294.42963473423,NA,0.08843137155478153,-0.55819922063521
18097390410,2028,345489.3861968,NA,0.0888605469516861,-0.582842063107476
18097390411,2024,267934.61970803526,NA,0.07941831055544912,-0.48923440500268267
18097390411,2025,291415.69253538246,NA,0.08763732306386607,-0.5153309863466219
18097390411,2026,291515.31062770233,NA,3.4184189414498967e-4,-0.3274678779177115
18097390411,2027,317294.3985747451,NA,0.08843133450361229,-0.5582006244496723
18097390411,2028,345489.34055559104,NA,0.08886050969539583,-0.5828434545615137
18097390500,2024,190229.1027386646,NA,0.07372813691829183,-0.6882851704939513
18097390500,2025,208827.69290342124,NA,0.09776942590276128,-0.12939832353088276
18097390500,2026,209475.26446084643,NA,0.0031009850677452544,1.8108286506401396
18097390500,2027,231684.6372883838,NA,0.1060238443173731,0.10835377071638332
18097390500,2028,257517.6673209237,NA,0.11150083292050517,0.26273104930280977
18097390601,2024,166771.7670543181,NA,0.10277317973125011,0.327753772130358
18097390601,2025,185775.70065165136,NA,0.11395174334960201,0.48698753062906325
18097390601,2026,185867.45588533583,NA,4.939033111575064e-4,-0.2096224528464284
18097390601,2027,207266.98111411915,NA,0.11513325518365614,0.45349598831770255
18097390601,2028,231263.6941920996,NA,0.11577682537272094,0.422431516489602
18097390602,2024,167519.90873069322,NA,0.1025154590637829,0.31873831857595697
18097390602,2025,186545.2921866305,NA,0.11357088002311833,0.4724804139825118
18097390602,2026,186635.57961113012,NA,4.8399733620341223e-4,-0.21729944186932182
18097390602,2027,208047.82165816004,NA,0.11472754601048751,0.438124262771004
18097390602,2028,232047.5969822018,NA,0.11535701327109016,0.40675230528651324
18097390700,2024,134233.64175784416,NA,0.14299974112983693,1.7349389214873188
18097390700,2025,155173.2207263689,NA,0.15599352512762388,2.088362590584474
18097390700,2026,155239.5064070644,NA,4.271721653079652e-4,-0.2613381372233908
18097390700,2027,179617.9086694608,NA,0.15703736005493396,2.041181064133418
18097390700,2028,207924.6133009189,NA,0.15759399962477616,1.9842261966986692
18097390801,2024,162993.96393214256,NA,0.1306397447613512,1.302567803222905
18097390801,2025,183151.8296064638,NA,0.12367246729893222,0.857250736393248
18097390801,2026,183182.81130350303,NA,1.6915854515775486e-4,-0.46129500556086855
18097390801,2027,205904.26670965937,NA,0.12403704935235838,0.7908476908110068
18097390801,2028,231480.22480088467,NA,0.12421286115109664,0.7375019638925131
18097390802,2024,181879.56602693224,NA,0.12056208174263894,0.9500361115468194
18097390802,2025,203325.51337448056,NA,0.11791290146564704,0.6378683817087515
18097390802,2026,203331.34742594577,NA,2.869315989117993e-5,-0.5701536717482191
18097390802,2027,227319.5438449454,NA,0.1179758887287965,0.5611992042555268
18097390802,2028,254144.805524972,NA,0.11800684281824925,0.5057185736734898
18097390900,2024,359626.92511586257,NA,0.037034079377397555,-1.9718980632183638
18097390900,2025,381934.1271199407,NA,0.06202873157200717,-1.490764424257842
18097390900,2026,383219.58112099115,NA,0.0033656432085389376,2.0159349275193024
18097390900,2027,410317.47516017104,NA,0.07071114153382596,-1.2295927471337713
18097390900,2028,441703.2148957663,NA,0.07649135519598227,-1.0448086648224317
18097391001,2024,294185.2080602758,NA,0.040992961426363106,-1.8334104611546218
18097391001,2025,313242.5728630807,NA,0.0647801598471267,-1.3859622861777685
18097391001,2026,314175.0652283816,NA,0.0029769017562899514,1.7146658575399085
18097391001,2027,336917.09651827876,NA,0.07238649341368131,-1.166116121524968
18097391001,2028,362974.35620333505,NA,0.07734027140306488,-1.0131032031340512
18097391002,2024,348828.39063192735,NA,0.011801282707233351,-2.8545789466071745
18097391002,2025,359924.00468549127,NA,0.031808231071626336,-2.6418658703430533
18097391002,2026,360858.4721327236,NA,0.002596290981061067,1.41969794605539
18097391002,2027,374658.3735145808,NA,0.0382418661263455,-2.4598059719565586
18097391002,2028,390557.65960327495,NA,0.042436756289594646,-2.316685408288323
