GEOID,NAME,year,call_volume,call_volume_delta,call_volume_delta_zscore,income_z,white_z,zori_z,stage_score,valid_n,stage_weight,call_volume_delta_zscore_adj
18097310104,NA,2024,743.8523998796909,0.27004128121385373,0.7333423502555956,0.05346121591948595,0.11818535842824245,0.8691160931102765,0.3469208891526683,3,middle,0
18097310104,NA,2025,858.8061327645091,0.1545383639326976,1.889247135869743,0.05346121591948595,0.11818535842824245,0.8691160931102765,0.3469208891526683,3,middle,0
18097310104,NA,2026,871.9402549765636,0.015293465790440441,-0.5865022620174114,0.05346121591948595,0.11818535842824245,0.8691160931102765,0.3469208891526683,3,middle,0
18097310104,NA,2027,1020.4672741034384,0.17034082126517602,2.0502646130393325,0.05346121591948595,0.11818535842824245,0.8691160931102765,0.3469208891526683,3,middle,0
18097310104,NA,2028,1200.171455103368,0.1760998961557234,1.8940773442364054,0.05346121591948595,0.11818535842824245,0.8691160931102765,0.3469208891526683,3,middle,0
18097310105,NA,2024,1015.667505460171,0.2549115704927889,0.5644979504307643,-0.2904230757361831,-0.6250851625688807,0.8691160931102765,-0.015464048398262431,3,middle,0
18097310105,NA,2025,1190.2613449298565,0.17190058609838244,2.190546490772552,-0.2904230757361831,-0.6250851625688807,0.8691160931102765,-0.015464048398262431,3,middle,0
18097310105,NA,2026,1205.6087052643825,0.012894109684315147,-0.7049572178848683,-0.2904230757361831,-0.6250851625688807,0.8691160931102765,-0.015464048398262431,3,middle,0
18097310105,NA,2027,1423.4677308708676,0.1807045890222816,2.2910842405786833,-0.2904230757361831,-0.6250851625688807,0.8691160931102765,-0.015464048398262431,3,middle,0
18097310105,NA,2028,1685.2228094573948,0.1838855022209651,2.089769211480868,-0.2904230757361831,-0.6250851625688807,0.8691160931102765,-0.015464048398262431,3,middle,0
18097310106,NA,2024,776.2754509654156,0.26142843696563456,0.6372248140590432,-0.18779486123435105,-0.6245728494664622,1.00570329772352,0.06444519567423561,3,middle,0
18097310106,NA,2025,894.9538021015713,0.1528817522035011,1.8604987394624073,-0.18779486123435105,-0.6245728494664622,1.00570329772352,0.06444519567423561,3,middle,0
18097310106,NA,2026,907.819240279754,0.014375533293418563,-0.6318201092291887,-0.18779486123435105,-0.6245728494664622,1.00570329772352,0.06444519567423561,3,middle,0
18097310106,NA,2027,1059.6793432119828,0.16728011061478654,1.979143837650752,-0.18779486123435105,-0.6245728494664622,1.00570329772352,0.06444519567423561,3,middle,0
18097310106,NA,2028,1242.5264684573633,0.1725494852916114,1.8048374667418412,-0.18779486123435105,-0.6245728494664622,1.00570329772352,0.06444519567423561,3,middle,0
18097310108,NA,2024,369.6209235621731,0.22286451858867085,0.2068595695876702,2.135811109226019,0.5614705533327903,1.887144629107467,1.528142097222092,3,super_late,-0.4137191391753404
18097310108,NA,2025,403.49855981573023,0.09165508252905674,0.7979875067575468,2.135811109226019,0.5614705533327903,1.887144629107467,1.528142097222092,3,super_late,-1.5959750135150936
18097310108,NA,2026,411.30157348697,0.019338392867630727,-0.38680632809894855,2.135811109226019,0.5614705533327903,1.887144629107467,1.528142097222092,3,super_late,0.7736126561978971
18097310108,NA,2027,460.38591960636546,0.11933906720381282,0.8651528173325863,2.135811109226019,0.5614705533327903,1.887144629107467,1.528142097222092,3,super_late,-1.7303056346651726
18097310108,NA,2028,520.5275511295555,0.1306330818601309,0.751265119651355,2.135811109226019,0.5614705533327903,1.887144629107467,1.528142097222092,3,super_late,-1.50253023930271
18097310110,NA,2024,372.67634276071755,0.20832163568244844,0.04456404515274547,-0.24819469828703444,-0.4875679956312674,0.6459058478304963,-0.02995228202926851,3,middle,0
18097310110,NA,2025,396.3453822358018,0.06351097925816385,0.3095822738952599,-0.24819469828703444,-0.4875679956312674,0.6459058478304963,-0.02995228202926851,3,middle,0
18097310110,NA,2026,404.7836972924603,0.021290307481463655,-0.2904413246514153,-0.24819469828703444,-0.4875679956312674,0.6459058478304963,-0.02995228202926851,3,middle,0
18097310110,NA,2027,443.44816063836726,0.09551882549748902,0.3116493164768044,-0.24819469828703444,-0.4875679956312674,0.6459058478304963,-0.02995228202926851,3,middle,0
18097310110,NA,2028,491.90515568970767,0.10927318986188594,0.21438242686553058,-0.24819469828703444,-0.4875679956312674,0.6459058478304963,-0.02995228202926851,3,middle,0
18097310111,NA,2024,455.7285572810634,0.2083215667286349,0.04456327564264189,-0.5373618133555572,-0.6924678268490981,0.6459058478304963,-0.1946412641247197,3,middle,0
18097310111,NA,2025,484.672361140258,0.06351106025015674,0.30958367940861975,-0.5373618133555572,-0.6924678268490981,0.6459058478304963,-0.1946412641247197,3,middle,0
18097310111,NA,2026,494.9911680915399,0.02129027313834353,-0.2904430201532912,-0.5373618133555572,-0.6924678268490981,0.6459058478304963,-0.1946412641247197,3,middle,0
18097310111,NA,2027,542.2721580554434,0.09551885571251173,0.31165001857382973,-0.5373618133555572,-0.6924678268490981,0.6459058478304963,-0.1946412641247197,3,middle,0
18097310111,NA,2028,601.5279689701368,0.10927319434429639,0.21438253953129635,-0.5373618133555572,-0.6924678268490981,0.6459058478304963,-0.1946412641247197,3,middle,0
18097310112,NA,2024,1557.5918287175557,0.2496772917869452,0.5060844973980104,2.6611718412406837,0.31441189572258676,NA,1.4877918684816351,2,late,-0.5060844973980104
18097310112,NA,2025,1875.978319854333,0.20440945135088495,2.7546966344425394,2.6611718412406837,0.31441189572258676,NA,1.4877918684816351,2,late,-2.7546966344425394
18097310112,NA,2026,1900.187488712813,0.012904823367233753,-0.7044282889634541,2.6611718412406837,0.31441189572258676,NA,1.4877918684816351,2,late,0.7044282889634541
18097310112,NA,2027,2293.8838133871586,0.20718814696597931,2.9064743872312278,2.6611718412406837,0.31441189572258676,NA,1.4877918684816351,2,late,-2.9064743872312278
18097310112,NA,2028,2771.4252561798953,0.2081803097462016,2.700421254381366,2.6611718412406837,0.31441189572258676,NA,1.4877918684816351,2,late,-2.700421254381366
18097310113,NA,2024,319.16712659911184,0.24962286221746544,0.505477074813338,NA,0.8982579702375587,1.6944440490985218,1.2963510096680402,2,late,-0.505477074813338
18097310113,NA,2025,384.3990581800162,0.20438173654030023,2.7542156790400143,NA,0.8982579702375587,1.6944440490985218,1.2963510096680402,2,late,-2.7542156790400143
18097310113,NA,2026,389.3581253188617,0.012900830616819903,-0.7046254089627969,NA,0.8982579702375587,1.6944440490985218,1.2963510096680402,2,late,0.7046254089627969
18097310113,NA,2027,470.0168207652198,0.20715811537335527,2.9057765525132337,NA,0.8982579702375587,1.6944440490985218,1.2963510096680402,2,late,-2.9057765525132337
18097310113,NA,2028,567.8505871221131,0.20814950026174217,2.699646855382472,NA,0.8982579702375587,1.6944440490985218,1.2963510096680402,2,late,-2.699646855382472
18097310201,NA,2024,618.0316757627243,0.27004137815798224,0.7333434321317461,0.0217549266483028,-0.916399685164394,0.8691160931102765,-0.008509555135271558,3,middle,0
18097310201,NA,2025,713.5412460824145,0.15453830938652158,1.8892461892900083,0.0217549266483028,-0.916399685164394,0.8691160931102765,-0.008509555135271558,3,middle,0
18097310201,NA,2026,724.4537757992466,0.015293481318347846,-0.5865014954127454,0.0217549266483028,-0.916399685164394,0.8691160931102765,-0.008509555135271558,3,middle,0
18097310201,NA,2027,847.8578128029973,0.17034080175454447,2.050264159676894,0.0217549266483028,-0.916399685164394,0.8691160931102765,-0.008509555135271558,3,middle,0
18097310201,NA,2028,997.165480017944,0.1760998895809418,1.8940771789787132,0.0217549266483028,-0.916399685164394,0.8691160931102765,-0.008509555135271558,3,middle,0
18097310203,NA,2024,1049.5527369113206,0.2567579845763883,0.5851035445178612,-0.2610068231786119,-0.9986515395386844,0.8691160931102765,-0.13018075653567326,3,middle,0
18097310203,NA,2025,1227.7514729573095,0.1697854045623297,2.1538401967144902,-0.2610068231786119,-0.9986515395386844,0.8691160931102765,-0.13018075653567326,3,middle,0
18097310203,NA,2026,1243.8607421400145,0.01312095284553183,-0.6937580896761966,-0.2610068231786119,-0.9986515395386844,0.8691160931102765,-0.13018075653567326,3,middle,0
18097310203,NA,2027,1466.959145468122,0.17935963068042104,2.2598318645573534,-0.2610068231786119,-0.9986515395386844,0.8691160931102765,-0.13018075653567326,3,middle,0
18097310203,NA,2028,1735.1494469232705,0.18282056612392306,2.0630019525700205,-0.2610068231786119,-0.9986515395386844,0.8691160931102765,-0.13018075653567326,3,middle,0
18097310204,NA,2024,629.5715104493986,0.268134428064736,0.7120622688678784,0.7659263318470656,-1.6822538419711472,0.8417352639487755,-0.024864082058435377,3,middle,0
18097310204,NA,2025,726.6407567542022,0.15418303511782794,1.8830808547522138,0.7659263318470656,-1.6822538419711472,0.8417352639487755,-0.024864082058435377,3,middle,0
18097310204,NA,2026,737.604050618747,0.015087639610962933,-0.5966637928315048,0.7659263318470656,-1.6822538419711472,0.8417352639487755,-0.024864082058435377,3,middle,0
18097310204,NA,2027,862.7528051941805,0.16966928865215847,2.034660419898615,0.7659263318470656,-1.6822538419711472,0.8417352639487755,-0.024864082058435377,3,middle,0
18097310204,NA,2028,1014.0090509890324,0.17531817327537813,1.8744286734918834,0.7659263318470656,-1.6822538419711472,0.8417352639487755,-0.024864082058435377,3,middle,0
18097310305,NA,2024,693.8272413058444,0.2083214327535552,0.04456178050883927,-0.7486423524904062,-1.92172341983378,0.6459058478304963,-0.67481997483123,3,early,0.04456178050883927
18097310305,NA,2025,737.8930556159535,0.06351121963325235,0.30958644530018775,-0.7486423524904062,-1.92172341983378,0.6459058478304963,-0.67481997483123,3,early,0.30958644530018775
18097310305,NA,2026,753.6029507131833,0.021290205914888283,-0.29044633894011246,-0.7486423524904062,-1.92172341983378,0.6459058478304963,-0.67481997483123,3,early,-0.29044633894011246
18097310305,NA,2027,825.5862874223799,0.09551891568507531,0.31165141213751846,-0.7486423524904062,-1.92172341983378,0.6459058478304963,-0.67481997483123,3,early,0.31165141213751846
18097310305,NA,2028,915.800746157624,0.1092732039153761,0.21438278010119463,-0.7486423524904062,-1.92172341983378,0.6459058478304963,-0.67481997483123,3,early,0.21438278010119463
18097310306,NA,2024,592.658831892801,0.2083214841922798,0.044562354554222236,-0.3130090533845873,-2.0363491649949608,0.6459058478304963,-0.5678174568496839,3,early,0.044562354554222236
18097310306,NA,2025,630.2992810157205,0.06351115869260804,0.30958538775256267,-0.3130090533845873,-2.0363491649949608,0.6459058478304963,-0.5678174568496839,3,early,0.30958538775256267
18097310306,NA,2026,643.7184987252957,0.021290231662568937,-0.29044506779058704,-0.3130090533845873,-2.0363491649949608,0.6459058478304963,-0.5678174568496839,3,early,-0.29044506779058704
18097310306,NA,2027,705.2057770099394,0.09551889281790427,0.31165088078022224,-0.3130090533845873,-2.0363491649949608,0.6459058478304963,-0.5678174568496839,3,early,0.31165088078022224
18097310306,NA,2028,782.2658691682581,0.10927320034877219,0.2143826904543038,-0.3130090533845873,-2.0363491649949608,0.6459058478304963,-0.5678174568496839,3,early,0.2143826904543038
18097310308,NA,2024,423.7258562303499,0.19380525947496507,-0.11743567008116786,0.06298050117354892,-1.2158907398168597,-2.2205420605728987,-1.1244840997387364,3,early,-0.11743567008116786
18097310308,NA,2025,455.3382579076402,0.07460578865431522,0.5021186256323634,0.06298050117354892,-1.2158907398168597,-2.2205420605728987,-1.1244840997387364,3,early,0.5021186256323634
18097310308,NA,2026,463.1027025910418,0.017052036697027484,-0.4996825362594192,0.06298050117354892,-1.2158907398168597,-2.2205420605728987,-1.1244840997387364,3,early,-0.4996825362594192
18097310308,NA,2027,509.2972183974868,0.09975004582782288,0.40996885893174895,0.06298050117354892,-1.2158907398168597,-2.2205420605728987,-1.1244840997387364,3,early,0.40996885893174895
18097310308,NA,2028,565.4575452664405,0.11027024071653724,0.23944338446464097,0.06298050117354892,-1.2158907398168597,-2.2205420605728987,-1.1244840997387364,3,early,0.23944338446464097
18097310309,NA,2024,446.55281713593587,0.20832157381513894,0.04456335472654146,-0.7652486481801548,-1.1584247107668952,0.6459058478304963,-0.42592250370551793,3,middle,0
18097310309,NA,2025,474.9138563110069,0.06351105196686646,0.30958353566261804,-0.7652486481801548,-1.1584247107668952,0.6459058478304963,-0.42592250370551793,3,middle,0
18097310309,NA,2026,485.0249037005466,0.021290276657917273,-0.29044284639377654,-0.7652486481801548,-1.1584247107668952,0.6459058478304963,-0.42592250370551793,3,middle,0
18097310309,NA,2027,531.3539260002578,0.09551885263259541,0.31164994700677817,-0.7652486481801548,-1.1584247107668952,0.6459058478304963,-0.42592250370551793,3,middle,0
18097310309,NA,2028,589.4166665860778,0.10927319390087975,0.21438252838598165,-0.7652486481801548,-1.1584247107668952,0.6459058478304963,-0.42592250370551793,3,middle,0
18097310310,NA,2024,403.73269477961617,0.20832160611934158,0.044563715234670676,0.2785018334012472,-1.108270186209165,0.6459058478304963,-0.06128750165914052,3,middle,0
18097310310,NA,2025,429.3741674354801,0.0635110135676793,0.309582869293405,0.2785018334012472,-1.108270186209165,0.6459058478304963,-0.06128750165914052,3,middle,0
18097310310,NA,2026,438.51566920635736,0.021290292859201587,-0.2904420465448448,0.2785018334012472,-1.108270186209165,0.6459058478304963,-0.06128750165914052,3,middle,0
18097310310,NA,2027,480.4021764577897,0.09551883819166651,0.31164961144743336,0.2785018334012472,-1.108270186209165,0.6459058478304963,-0.06128750165914052,3,middle,0
18097310310,NA,2028,532.8972555340573,0.10927319160653304,0.2143824707173829,0.2785018334012472,-1.108270186209165,0.6459058478304963,-0.06128750165914052,3,middle,0
18097310311,NA,2024,699.8664141820608,0.1916979575457829,-0.14095271783192834,0.9215799534353052,-1.3158593002457777,-2.8308561042116924,-1.0750451503407217,3,early,-0.14095271783192834
18097310311,NA,2025,752.8889402212104,0.07576092374873777,0.5221645307851606,0.9215799534353052,-1.3158593002457777,-2.8308561042116924,-1.0750451503407217,3,early,0.5221645307851606
18097310311,NA,2026,765.5176098549126,0.01677361554812018,-0.513428042740173,0.9215799534353052,-1.3158593002457777,-2.8308561042116924,-1.0750451503407217,3,early,-0.513428042740173
18097310311,NA,2027,842.3297613256964,0.10034014956931148,0.4236809148717743,0.9215799534353052,-1.3158593002457777,-2.8308561042116924,-1.0750451503407217,3,early,0.4236809148717743
18097310311,NA,2028,935.5102495381684,0.1106223387688694,0.24829339880349002,0.9215799534353052,-1.3158593002457777,-2.8308561042116924,-1.0750451503407217,3,early,0.24829339880349002
18097310312,NA,2024,734.0593258301487,0.2083214098674273,0.04456152510445,-0.5033498118193019,-1.6508879030978745,0.6459058478304963,-0.5027772890288934,3,early,0.04456152510445
18097310312,NA,2025,780.6803481005586,0.06351124579431788,0.3095868992923147,-0.5033498118193019,-1.6508879030978745,0.6459058478304963,-0.5027772890288934,3,early,0.3095868992923147
18097310312,NA,2026,797.3011847048805,0.021290194693335485,-0.29044689294230414,-0.5033498118193019,-1.6508879030978745,0.6459058478304963,-0.5027772890288934,3,early,-0.29044689294230414
18097310312,NA,2027,873.458536977773,0.09551892526170258,0.31165163466660883,-0.5033498118193019,-1.6508879030978745,0.6459058478304963,-0.5027772890288934,3,early,0.31165163466660883
18097310312,NA,2028,968.904150831318,0.10927320509545146,0.21438280976248894,-0.5033498118193019,-1.6508879030978745,0.6459058478304963,-0.5027772890288934,3,early,0.21438280976248894
18097320105,NA,2024,493.03377881398086,0.1956368352354685,-0.09699566856908723,0.5255239999579467,-0.3452721653062927,NA,0.09012591732582703,2,middle,0
18097320105,NA,2025,558.9212003912706,0.1336367291827052,1.5265257626210071,0.5255239999579467,-0.3452721653062927,NA,0.09012591732582703,2,middle,0
18097320105,NA,2026,563.6210564793565,0.008408799102262998,-0.9263946550758112,0.5255239999579467,-0.3452721653062927,NA,0.09012591732582703,2,middle,0
18097320105,NA,2027,642.4074396707389,0.13978608904982948,1.3402738641035057,0.5255239999579467,-0.3452721653062927,NA,0.09012591732582703,2,middle,0
18097320105,NA,2028,733.7209474352095,0.14214266853956836,1.0405595547456883,0.5255239999579467,-0.3452721653062927,NA,0.09012591732582703,2,middle,0
18097320106,NA,2024,254.3214046403946,0.19563709298729104,-0.09699279211278315,-0.03591170369846454,-0.5216319258390107,NA,-0.27877181476873764,2,middle,0
18097320106,NA,2025,288.30805523232993,0.13363661088610201,1.5265237097334283,-0.03591170369846454,-0.5216319258390107,NA,-0.27877181476873764,2,middle,0
18097320106,NA,2026,290.73238753766117,0.008408826119608914,-0.926393321243576,-0.03591170369846454,-0.5216319258390107,NA,-0.27877181476873764,2,middle,0
18097320106,NA,2027,331.3727158699036,0.1397860371747468,1.3402726586984464,-0.03591170369846454,-0.5216319258390107,NA,-0.27877181476873764,2,middle,0
18097320106,NA,2028,378.47490913517873,0.1421426418334557,1.0405588834852868,-0.03591170369846454,-0.5216319258390107,NA,-0.27877181476873764,2,middle,0
18097320107,NA,2024,103.8514059084989,0.1956374425652252,-0.09698889089632418,1.6867940929220229,1.457400150427422,NA,1.5720971216747226,2,super_late,0.19397778179264835
18097320107,NA,2025,117.72973916814465,0.13363645044799521,1.5265209255334784,1.6867940929220229,1.457400150427422,NA,1.5720971216747226,2,super_late,-3.053041851066957
18097320107,NA,2026,118.71971238785233,0.008408862762311786,-0.9263915122125028,1.6867940929220229,1.457400150427422,NA,1.5720971216747226,2,super_late,1.8527830244250056
18097320107,NA,2027,135.3150621647344,0.13978596682129552,1.3402710239173192,1.6867940929220229,1.457400150427422,NA,1.5720971216747226,2,super_late,-2.6805420478346385
18097320107,NA,2028,154.54909767986547,0.14214260561559144,1.040557973146204,1.6867940929220229,1.457400150427422,NA,1.5720971216747226,2,super_late,-2.081115946292408
18097320108,NA,2024,636.2195609358813,0.1956367384732174,-0.0969967484155241,-0.9016939786359256,-0.4114288333672111,NA,-0.6565614060015683,2,early,-0.0969967484155241
18097320108,NA,2025,721.2418904341185,0.13363677371561655,1.5265265354332276,-0.9016939786359256,-0.4114288333672111,NA,-0.6565614060015683,2,early,1.5265265354332276
18097320108,NA,2026,727.3066612772031,0.00840878895627406,-0.9263951559779777,-0.9016939786359256,-0.4114288333672111,NA,-0.6565614060015683,2,early,-0.9263951559779777
18097320108,NA,2027,828.9740292337746,0.13978610862443652,1.3402743189525228,-0.9016939786359256,-0.4114288333672111,NA,-0.6565614060015683,2,early,1.3402743189525228
18097320108,NA,2028,946.8066182857496,0.14214267865651764,1.0405598090360644,-0.9016939786359256,-0.4114288333672111,NA,-0.6565614060015683,2,early,1.0405598090360644
18097320109,NA,2024,273.0521080361239,0.19563706837702255,-0.09699306675822016,-0.00766523781831009,1.0307832000018555,NA,0.5115589810917727,2,late,0.09699306675822016
18097320109,NA,2025,309.54186947615375,0.13363662233731,1.5265239084546256,-0.00766523781831009,1.0307832000018555,NA,0.5115589810917727,2,late,-1.5265239084546256
18097320109,NA,2026,312.14475243344265,0.008408823535548837,-0.9263934488172703,-0.00766523781831009,1.0307832000018555,NA,0.5115589810917727,2,late,0.9263934488172703
18097320109,NA,2027,355.778231986671,0.13978604225464974,1.340272776738561,-0.00766523781831009,1.0307832000018555,NA,0.5115589810917727,2,late,-1.340272776738561
18097320109,NA,2028,406.3494907363517,0.14214264449876546,1.040558950478073,-0.00766523781831009,1.0307832000018555,NA,0.5115589810917727,2,late,-1.040558950478073
18097320202,NA,2024,121.33336770225472,0.2431723984723977,0.4334912517062625,0.8239518204116029,1.0946475914552565,0.26392334211635543,0.7275075846610716,3,late,-0.4334912517062625
18097320202,NA,2025,124.58550865033692,0.026803351869889358,-0.32743206370255246,0.8239518204116029,1.0946475914552565,0.26392334211635543,0.7275075846610716,3,late,0.32743206370255246
18097320202,NA,2026,128.31426260594364,0.029929275049732196,0.13605998519050272,0.8239518204116029,1.0946475914552565,0.26392334211635543,0.7275075846610716,3,late,-0.13605998519050272
18097320202,NA,2027,137.74298570311632,0.07348148916327824,-0.20042537029195917,0.8239518204116029,1.0946475914552565,0.26392334211635543,0.7275075846610716,3,late,0.20042537029195917
18097320202,NA,2028,150.74095824983496,0.0943639524028741,-0.16036251824164785,0.8239518204116029,1.0946475914552565,0.26392334211635543,0.7275075846610716,3,late,0.16036251824164785
18097320206,NA,2024,0.07047408825338013,0.8416931037861173,7.11285684795193,-0.8108563471959448,-0.5872691269400112,NA,-0.6990627370679781,2,early,7.11285684795193
18097320206,NA,2025,0.07042457952191798,-7.025097122809187e-4,-0.8047614211815446,-0.8108563471959448,-0.5872691269400112,NA,-0.6990627370679781,2,early,-0.8047614211815446
18097320206,NA,2026,0.07042459111537287,1.6462228069613616e-7,-1.3415245408351981,-0.8108563471959448,-0.5872691269400112,NA,-0.6990627370679781,2,early,-1.3415245408351981
18097320206,NA,2027,0.07037511715613091,-7.025097122808077e-4,-1.924215732763488,-0.8108563471959448,-0.5872691269400112,NA,-0.6990627370679781,2,early,-1.924215732763488
18097320206,NA,2028,0.07032567795282584,-7.025097122808077e-4,-2.549866087744697,-0.8108563471959448,-0.5872691269400112,NA,-0.6990627370679781,2,early,-2.549866087744697
18097320301,NA,2024,12.368919991065743,0.2431708354383284,0.4334738085737268,0.555763318423619,1.4608482309102369,0.26392334211635543,0.7601782971500705,3,late,-0.4334738085737268
18097320301,NA,2025,12.700425710861794,0.026801508946254105,-0.32746404530589435,0.555763318423619,1.4608482309102369,0.26392334211635543,0.7601782971500705,3,late,0.32746404530589435
18097320301,NA,2026,13.080542500724968,0.029929452643314702,0.1360687528927727,0.555763318423619,1.4608482309102369,0.26392334211635543,0.7601782971500705,3,late,-0.1360687528927727
18097320301,NA,2027,14.04169899839689,0.0734798650452495,-0.20046310941424805,0.555763318423619,1.4608482309102369,0.26392334211635543,0.7601782971500705,3,late,0.20046310941424805
18097320301,NA,2028,15.366708870145215,0.09436250356168419,-0.16039893498755284,0.555763318423619,1.4608482309102369,0.26392334211635543,0.7601782971500705,3,late,0.16039893498755284
18097320305,NA,2024,9.718455658195774,0.24317320479622495,0.4335002501111354,2.079962392544095,0.9475760425797362,0.26392334211635543,1.0971539257467289,3,late,-0.4335002501111354
18097320305,NA,2025,9.978934219341127,0.0268024643324567,-0.3274474657895296,2.079962392544095,0.9475760425797362,0.26392334211635543,1.0971539257467289,3,late,0.3274474657895296
18097320305,NA,2026,10.277600509442264,0.029929678213757915,0.13607988918755928,2.079962392544095,0.9475760425797362,0.26392334211635543,1.0971539257467289,3,late,-0.13607988918755928
18097320305,NA,2027,11.032810430606045,0.07348115160439961,-0.20043321404196676,2.079962392544095,0.9475760425797362,0.26392334211635543,1.0971539257467289,3,late,0.20043321404196676
18097320305,NA,2028,12.073909565808158,0.09436391042431103,-0.1603635733763827,2.079962392544095,0.9475760425797362,0.26392334211635543,1.0971539257467289,3,late,0.1603635733763827
18097320306,NA,2024,4.711979383909905,0.24317343775150935,0.4335028498432721,0.20761978989081395,1.024628778467149,0.26392334211635543,0.49872397015810616,3,middle,0
18097320306,NA,2025,4.838270836817566,0.026802208290407803,-0.32745190907469346,0.20761978989081395,1.024628778467149,0.26392334211635543,0.49872397015810616,3,middle,0
18097320306,NA,2026,4.9830792891399645,0.029929794591170067,0.13608563467952073,0.20761978989081395,1.024628778467149,0.26392334211635543,0.49872397015810616,3,middle,0
18097320306,NA,2027,5.3492412090721215,0.07348105432120344,-0.2004354745811467,0.20761978989081395,1.024628778467149,0.26392334211635543,0.49872397015810616,3,middle,0
18097320306,NA,2028,5.85401646335573,0.09436389845863147,-0.16036387413475092,0.20761978989081395,1.024628778467149,0.26392334211635543,0.49872397015810616,3,middle,0
18097320400,NA,2024,452.6439862113464,0.24317197290799442,0.43348650249673815,0.30847059123966325,0.3297287601805839,0.26392334211635543,0.3007075645122009,3,middle,0
18097320400,NA,2025,464.7765737688331,0.026803819175942545,-0.32742395419842196,0.30847059123966325,0.3297287601805839,0.26392334211635543,0.3007075645122009,3,middle,0
18097320400,NA,2026,478.6869009259868,0.02992906256947525,0.1360494951513648,0.30847059123966325,0.3297287601805839,0.26392334211635543,0.3007075645122009,3,middle,0
18097320400,NA,2027,513.8616121878063,0.07348166660457278,-0.20042124714413648,0.30847059123966325,0.3297287601805839,0.26392334211635543,0.3007075645122009,3,middle,0
18097320400,NA,2028,562.3516360400494,0.09436397407814345,-0.16036197343191846,0.30847059123966325,0.3297287601805839,0.26392334211635543,0.3007075645122009,3,middle,0
18097320500,NA,2024,474.1423620116424,0.24317196030431365,0.43348636184230305,0.5117026103534607,0.6063711955938076,0.26392334211635543,0.46066571602120787,3,middle,0
18097320500,NA,2025,486.85119495332,0.026803833531680032,-0.3274237050727972,0.5117026103534607,0.6063711955938076,0.26392334211635543,0.46066571602120787,3,middle,0
18097320500,NA,2026,501.4221916978104,0.02992905613775365,0.13604917762063382,0.5117026103534607,0.6063711955938076,0.26392334211635543,0.46066571602120787,3,middle,0
18097320500,NA,2027,538.2675328167235,0.07348167218956769,-0.2004211173673578,0.5117026103534607,0.6063711955938076,0.26392334211635543,0.46066571602120787,3,middle,0
18097320500,NA,2028,589.0605967953221,0.09436397494160831,-0.16036195172865625,0.5117026103534607,0.6063711955938076,0.26392334211635543,0.46066571602120787,3,middle,0
18097320600,NA,2024,253.268631544815,0.2431721598677712,0.4334885889286523,-0.02320001250674374,0.6609355648770057,0.26392334211635543,0.30055296482887245,3,middle,0
18097320600,NA,2025,260.0571461124508,0.026803613721245956,-0.3274275196042181,-0.02320001250674374,0.6609355648770057,0.26392334211635543,0.30055296482887245,3,middle,0
18097320600,NA,2026,267.8404369966616,0.02992915595884149,0.13605410573552454,-0.02320001250674374,0.6609355648770057,0.26392334211635543,0.30055296482887245,3,middle,0
18097320600,NA,2027,287.52177778519933,0.07348158855036169,-0.2004230608654089,-0.02320001250674374,0.6609355648770057,0.26392334211635543,0.30055296482887245,3,middle,0
18097320600,NA,2028,314.6534726137159,0.09436396448823436,-0.16036221447509488,-0.02320001250674374,0.6609355648770057,0.26392334211635543,0.30055296482887245,3,middle,0
18097320700,NA,2024,459.9267422539064,0.24316765391618356,0.4334383034535709,1.9814961651455292,1.3243640772562573,0.2648157813151653,1.1902253412389838,3,late,-0.4334383034535709
18097320700,NA,2025,472.2716327447824,0.026840993046803208,-0.3267788487964363,1.9814961651455292,1.3243640772562573,0.2648157813151653,1.1902253412389838,3,late,0.3267788487964363
18097320700,NA,2026,486.402046924702,0.029920099366958608,0.1356069865317274,1.9814961651455292,1.3243640772562573,0.2648157813151653,1.1902253412389838,3,late,-0.1356069865317274
18097320700,NA,2027,522.1556789787112,0.07350633551002317,-0.19984802350948944,1.9814961651455292,1.3243640772562573,0.2648157813151653,1.1902253412389838,3,late,0.19984802350948944
18097320700,NA,2028,571.4375126263741,0.09438149508218241,-0.15992158151282454,1.9814961651455292,1.3243640772562573,0.2648157813151653,1.1902253412389838,3,late,0.15992158151282454
18097320800,NA,2024,151.56324947136653,0.20889543410220757,0.050967515225030395,4.104515199714951,1.5599615886618212,-2.983482588880773,0.8936647331653332,3,late,-0.050967515225030395
18097320800,NA,2025,169.3712147241695,0.11749527220427702,1.2464112399302407,4.104515199714951,1.5599615886618212,-2.983482588880773,0.8936647331653332,3,late,-1.2464112399302407
18097320800,NA,2026,171.1615999981518,0.010570776603911147,-0.819658956739754,4.104515199714951,1.5599615886618212,-2.983482588880773,0.8936647331653332,3,late,0.819658956739754
18097320800,NA,2027,193.33445438078704,0.12954339281050586,1.1022675375277822,4.104515199714951,1.5599615886618212,-2.983482588880773,0.8936647331653332,3,late,-1.1022675375277822
18097320800,NA,2028,219.2777882589955,0.13418887989365347,0.8406404041048998,4.104515199714951,1.5599615886618212,-2.983482588880773,0.8936647331653332,3,late,-0.8406404041048998
18097320901,NA,2024,566.7078604506023,0.19563678331174605,-0.09699624802694419,0.6753494682087676,-0.02539306707427817,NA,0.32497820056724475,2,middle,0
18097320901,NA,2025,642.4408589044466,0.1336367531476046,1.5265261785014548,0.6753494682087676,-0.02539306707427817,NA,0.32497820056724475,2,middle,0
18097320901,NA,2026,647.8430115230807,0.008408793655880542,-0.9263949239608641,0.6753494682087676,-0.02539306707427817,NA,0.32497820056724475,2,middle,0
18097320901,NA,2027,738.4024592628648,0.13978609960903743,1.3402741094645159,0.6753494682087676,-0.02539306707427817,NA,0.32497820056724475,2,middle,0
18097320901,NA,2028,843.3609593244752,0.1421426740187035,1.0405596924642138,0.6753494682087676,-0.02539306707427817,NA,0.32497820056724475,2,middle,0
18097320902,NA,2024,432.88742193731895,0.1956368849450485,-0.09699511382059556,-0.6057898790376854,-1.023761942261602,NA,-0.8147759106496437,2,early,-0.09699511382059556
18097320902,NA,2025,490.7370712142963,0.1336367063244306,1.5265253659446296,-0.6057898790376854,-1.023761942261602,NA,-0.8147759106496437,2,early,1.5265253659446296
18097320902,NA,2026,494.86358321576705,0.0084088043140087,-0.9263943977746522,-0.6057898790376854,-1.023761942261602,NA,-0.8147759106496437,2,early,-0.9263943977746522
18097320902,NA,2027,564.0386231581898,0.13978607900970053,1.3402736308041718,-0.6057898790376854,-1.023761942261602,NA,-0.8147759106496437,2,early,1.3402736308041718
18097320902,NA,2028,644.2125752899324,0.14214266335668468,1.0405594244734684,-0.6057898790376854,-1.023761942261602,NA,-0.8147759106496437,2,early,1.0405594244734684
18097320903,NA,2024,411.10879631986506,0.1958088355329446,-0.09507618130773388,-0.7788376750858182,-1.290913977870188,-3.2995749643585763,-1.7897755391048609,3,super_early,-0.19015236261546775
18097320903,NA,2025,466.07789923392573,0.1337093815703514,1.5277865527042727,-0.7788376750858182,-1.290913977870188,-3.2995749643585763,-1.7897755391048609,3,super_early,3.0555731054085453
18097320903,NA,2026,470.0031888753328,0.008421960465962774,-0.925744885434601,-0.7788376750858182,-1.290913977870188,-3.2995749643585763,-1.7897755391048609,3,super_early,-1.851489770869202
18097320903,NA,2027,535.7442143748698,0.1398735733194667,1.3423067086947156,-0.7788376750858182,-1.290913977870188,-3.2995749643585763,-1.7897755391048609,3,super_early,2.684613417389431
18097320903,NA,2028,611.946044958666,0.14223547084444377,1.042892148531384,-0.7788376750858182,-1.290913977870188,-3.2995749643585763,-1.7897755391048609,3,super_early,2.085784297062768
18097321001,NA,2024,441.2154585406785,0.19236704615570233,-0.13348582921427693,0.4089404043140132,-0.8090635849793331,-3.2808762464362107,-1.2269998090338434,3,early,-0.13348582921427693
18097321001,NA,2025,475.4873748239368,0.07767614579192839,0.5554007813412374,0.4089404043140132,-0.8090635849793331,-3.2808762464362107,-1.2269998090338434,3,early,0.5554007813412374
18097321001,NA,2026,483.4161797251666,0.01667511130903465,-0.5182911454967191,0.4089404043140132,-0.8090635849793331,-3.2808762464362107,-1.2269998090338434,3,early,-0.5182911454967191
18097321001,NA,2027,532.7142858181401,0.10197860179400808,0.4617531163857394,0.4089404043140132,-0.8090635849793331,-3.2808762464362107,-1.2269998090338434,3,early,0.4617531163857394
18097321001,NA,2028,592.4406859360114,0.11211713616079177,0.28586525773472676,0.4089404043140132,-0.8090635849793331,-3.2808762464362107,-1.2269998090338434,3,early,0.28586525773472676
18097321002,NA,2024,809.7651300313039,0.1904686484900009,-0.1546715491796921,1.1975333313642351,0.5189408793629706,-3.3094246539333723,-0.5309834810687222,3,early,-0.1546715491796921
18097321002,NA,2025,871.3196698057935,0.07601530059970596,0.5265789185500173,1.1975333313642351,0.5189408793629706,-3.3094246539333723,-0.5309834810687222,3,early,0.5265789185500173
18097321002,NA,2026,886.0019079007556,0.01685057574590787,-0.509628558032914,1.1975333313642351,0.5189408793629706,-3.3094246539333723,-0.5309834810687222,3,early,-0.509628558032914
18097321002,NA,2027,975.1270432254784,0.10059248691223588,0.42954439872837274,1.1975333313642351,0.5189408793629706,-3.3094246539333723,-0.5309834810687222,3,early,0.42954439872837274
18097321002,NA,2028,1083.273047169405,0.1109045274615772,0.25538623547266054,1.1975333313642351,0.5189408793629706,-3.3094246539333723,-0.5309834810687222,3,early,0.25538623547266054
18097321100,NA,2024,707.756005262847,0.1572389557247822,-0.525507954101518,0.8503925079672808,0.4078437717368629,-2.9371403256570643,-0.5596346819843069,3,early,-0.525507954101518
18097321100,NA,2025,763.0442464151791,0.07811765741471755,0.5630626558328209,0.8503925079672808,0.4078437717368629,-2.9371403256570643,-0.5596346819843069,3,early,0.5630626558328209
18097321100,NA,2026,772.1329525027924,0.011911112796292533,-0.7534872600454736,0.8503925079672808,0.4078437717368629,-2.9371403256570643,-0.5596346819843069,3,early,-0.7534872600454736
18097321100,NA,2027,845.255110576701,0.09470151200889743,0.2926576587594101,0.8503925079672808,0.4078437717368629,-2.9371403256570643,-0.5596346819843069,3,early,0.2926576587594101
18097321100,NA,2028,931.1521461334764,0.10162261603857048,0.022084606447906774,0.8503925079672808,0.4078437717368629,-2.9371403256570643,-0.5596346819843069,3,early,0.022084606447906774
18097321200,NA,2024,817.7831215532382,0.20546753568432408,0.012712887512803271,2.2001028066969277,1.4819841034494765,NA,1.8410434550732022,2,super_late,-0.025425775025606542
18097321200,NA,2025,849.5272858256141,0.038817338528683853,-0.11894455585001407,2.2001028066969277,1.4819841034494765,NA,1.8410434550732022,2,super_late,0.23788911170002813
18097321200,NA,2026,869.0941414939866,0.023032639439422464,-0.20442330729268104,2.2001028066969277,1.4819841034494765,NA,1.8410434550732022,2,super_late,0.4088466145853621
18097321200,NA,2027,934.0309356339786,0.07471779067382123,-0.17169781905064788,2.2001028066969277,1.4819841034494765,NA,1.8410434550732022,2,super_late,0.34339563810129575
18097321200,NA,2028,1018.6114197317124,0.09055426418004497,-0.2561193540868384,2.2001028066969277,1.4819841034494765,NA,1.8410434550732022,2,super_late,0.5122387081736768
18097321300,NA,2024,456.7661484464652,0.24316975510174332,0.4334617522439212,1.3803286027374666,1.4763848953662555,0.26392334211635543,1.040212280073359,3,late,-0.4334617522439212
18097321300,NA,2025,469.0087693931681,0.0268028201922188,-0.3274412902944959,1.3803286027374666,1.4763848953662555,0.26392334211635543,1.040212280073359,3,late,0.3274412902944959
18097321300,NA,2026,483.0456763880357,0.029928879609286252,0.13604046250253954,1.3803286027374666,1.4763848953662555,0.26392334211635543,1.040212280073359,3,late,-0.13604046250253954
18097321300,NA,2027,518.5400636790301,0.07348039538704287,-0.20045078602799113,1.3803286027374666,1.4763848953662555,0.26392334211635543,1.040212280073359,3,late,0.20045078602799113
18097321300,NA,2028,567.4708586381279,0.0943626122385508,-0.16039620338531452,1.3803286027374666,1.4763848953662555,0.26392334211635543,1.040212280073359,3,late,0.16039620338531452
18097321400,NA,2024,882.9059440895545,0.2431717579946533,0.43348410410890603,0.18351354659001723,0.7319654336182482,0.26392334211635543,0.39313410744154026,3,middle,0
18097321400,NA,2025,906.5714039394876,0.02680405541310149,-0.3274198546020157,0.18351354659001723,0.7319654336182482,0.26392334211635543,0.39313410744154026,3,middle,0
18097321400,NA,2026,933.7041388735364,0.02992895519993688,0.1360441943734199,0.18351354659001723,0.7319654336182482,0.26392334211635543,0.39313410744154026,3,middle,0
18097321400,NA,2027,1002.314358927819,0.07348175636991083,-0.20041916129507248,0.18351354659001723,0.7319654336182482,0.26392334211635543,0.39313410744154026,3,middle,0
18097321400,NA,2028,1096.896736188696,0.09436398512942823,-0.16036169565694047,0.18351354659001723,0.7319654336182482,0.26392334211635543,0.39313410744154026,3,middle,0
18097321600,NA,2024,856.4747153140023,0.15982738570540023,-0.49662161816136247,-0.24909351440325975,-0.2324146847433752,0.4318046924904609,-0.016567835552058024,3,middle,0
18097321600,NA,2025,893.1985874035832,0.04287794074121276,-0.04847795223921872,-0.24909351440325975,-0.2324146847433752,0.4318046924904609,-0.016567835552058024,3,middle,0
18097321600,NA,2026,905.9051538948916,0.01422591422613495,-0.6392067243159469,-0.24909351440325975,-0.2324146847433752,0.4318046924904609,-0.016567835552058024,3,middle,0
18097321600,NA,2027,965.2937295220116,0.0655571671844255,-0.38456035982227,-0.24909351440325975,-0.2324146847433752,0.4318046924904609,-0.016567835552058024,3,middle,0
18097321600,NA,2028,1038.031884604128,0.07535339022468768,-0.6381946072070644,-0.24909351440325975,-0.2324146847433752,0.4318046924904609,-0.016567835552058024,3,middle,0
18097321700,NA,2024,1073.4140168533456,0.19628564318433983,-0.08975510787705493,2.0706049044396737,1.2165501779188514,0.8766553548823476,1.3879368124136242,3,late,0.08975510787705493
18097321700,NA,2025,1111.6944224851957,0.03566229342157001,-0.17369636390725002,2.0706049044396737,1.2165501779188514,0.8766553548823476,1.3879368124136242,3,late,0.17369636390725002
18097321700,NA,2026,1134.7262494057948,0.020717767809890875,-0.3187073087441411,2.0706049044396737,1.2165501779188514,0.8766553548823476,1.3879368124136242,3,late,0.3187073087441411
18097321700,NA,2027,1212.5423576141786,0.06857698784101696,-0.3143897324211118,2.0706049044396737,1.2165501779188514,0.8766553548823476,1.3879368124136242,3,late,0.3143897324211118
18097321700,NA,2028,1313.1845714919862,0.0830009881682261,-0.44597158577944673,2.0706049044396737,1.2165501779188514,0.8766553548823476,1.3879368124136242,3,late,0.44597158577944673
18097321800,NA,2024,651.4605920728947,0.15712584621206083,-0.5267702325509882,2.1868648745604213,1.7172611533364472,0.48515268858437993,1.4630929054937496,3,late,0.5267702325509882
18097321800,NA,2025,685.7129942443452,0.05257785749167443,0.11985180599307217,2.1868648745604213,1.7172611533364472,0.48515268858437993,1.4630929054937496,3,late,-0.11985180599307217
18097321800,NA,2026,695.7557564746498,0.01464572250285534,-0.6184810092940058,2.1868648745604213,1.7172611533364472,0.48515268858437993,1.4630929054937496,3,late,0.6184810092940058
18097321800,NA,2027,747.8615368162715,0.0748909079899509,-0.16767514616101487,2.1868648745604213,1.7172611533364472,0.48515268858437993,1.4630929054937496,3,late,0.16767514616101487
18097321800,NA,2028,811.1072888442009,0.08456879905493397,-0.40656452647859365,2.1868648745604213,1.7172611533364472,0.48515268858437993,1.4630929054937496,3,late,0.40656452647859365
18097321900,NA,2024,891.1896794725806,0.07621688491913448,-1.429697278666592,2.4097098235047105,1.2318822828541998,-0.26150001912150034,1.1266973624124699,3,late,1.429697278666592
18097321900,NA,2025,958.9124954823056,0.07599147248855531,0.5261654118888462,2.4097098235047105,1.2318822828541998,-0.26150001912150034,1.1266973624124699,3,late,-0.5261654118888462
18097321900,NA,2026,960.6523296619008,0.0018143826342778002,-1.2519575465918515,2.4097098235047105,1.2318822828541998,-0.26150001912150034,1.1266973624124699,3,late,1.2519575465918515
18097321900,NA,2027,1033.695454052958,0.07603492141299917,-0.14109206432288585,2.4097098235047105,1.2318822828541998,-0.26150001912150034,1.1266973624124699,3,late,0.14109206432288585
18097321900,NA,2028,1112.3111437067075,0.07605304768005872,-0.6206086578633999,2.4097098235047105,1.2318822828541998,-0.26150001912150034,1.1266973624124699,3,late,0.6206086578633999
18097322000,NA,2024,1062.7651397650966,0.07602242387973646,-1.43186742309908,-0.2562922197477396,-0.32974647601664525,-0.264455910048877,-0.28349820193775394,3,middle,0
18097322000,NA,2025,1143.6771059333057,0.07613344015601897,0.5286290807795945,-0.2562922197477396,-0.32974647601664525,-0.264455910048877,-0.28349820193775394,3,middle,0
18097322000,NA,2026,1145.7161395555902,0.0017828752640987044,-1.2535130489762356,-0.2562922197477396,-0.32974647601664525,-0.264455910048877,-0.28349820193775394,3,middle,0
18097322000,NA,2027,1232.9189143143549,0.07611202439077935,-0.13930044656124035,-0.2562922197477396,-0.32974647601664525,-0.264455910048877,-0.28349820193775394,3,middle,0
18097322000,NA,2028,1326.7478543368488,0.07610309074921906,-0.6193508210855604,-0.2562922197477396,-0.32974647601664525,-0.264455910048877,-0.28349820193775394,3,middle,0
18097322100,NA,2024,544.981926854869,0.10108595715568014,-1.1521636461078593,1.6349761879544311,-0.02620842698814381,0.4183524045045047,0.6757067218235974,3,late,1.1521636461078593
18097322100,NA,2025,574.8520984793487,0.054809471933982445,0.1585786455325474,1.6349761879544311,-0.02620842698814381,0.4183524045045047,0.6757067218235974,3,late,-0.1585786455325474
18097322100,NA,2026,577.3611503047482,0.0043646910779950865,-1.1260501527799391,1.6349761879544311,-0.02620842698814381,0.4183524045045047,0.6757067218235974,3,late,1.1260501527799391
18097322100,NA,2027,612.5878474307602,0.061013279309524604,-0.49014526014618603,1.6349761879544311,-0.02620842698814381,0.4183524045045047,0.6757067218235974,3,late,0.49014526014618603
18097322100,NA,2028,651.5783238669852,0.06364879192389128,-0.9323906759055525,1.6349761879544311,-0.02620842698814381,0.4183524045045047,0.6757067218235974,3,late,0.9323906759055525
18097322200,NA,2024,401.9727924929685,0.1010867992890605,-1.152154248075881,1.2263237155406854,0.7785030701491787,0.4183524045045047,0.8077263967314563,3,late,1.152154248075881
18097322200,NA,2025,424.0049041264712,0.05480995740249783,0.15858707022318413,1.2263237155406854,0.7785030701491787,0.4183524045045047,0.8077263967314563,3,late,-0.15858707022318413
18097322200,NA,2026,425.85557696919176,0.004364743956283501,-1.1260475422065006,1.2263237155406854,0.7785030701491787,0.4183524045045047,0.8077263967314563,3,late,1.1260475422065006
18097322200,NA,2027,451.83865664558806,0.061013829761999316,-0.4901324694543214,1.2263237155406854,0.7785030701491787,0.4183524045045047,0.8077263967314563,3,late,0.4901324694543214
18097322200,NA,2028,480.5979014502663,0.06364936771498142,-0.93237620334778,1.2263237155406854,0.7785030701491787,0.4183524045045047,0.8077263967314563,3,late,0.93237620334778
18097322300,NA,2024,527.8036202937785,0.10108596709853979,-1.15216353514763,1.294614729823745,1.1309839519926268,0.4183524045045047,0.9479836954402922,3,late,1.15216353514763
18097322300,NA,2025,556.7322529281922,0.054809462311592005,0.15857847854816,1.294614729823745,1.1309839519926268,0.4183524045045047,0.9479836954402922,3,late,-0.15857847854816
18097322300,NA,2026,559.1622185523483,0.004364693461489821,-1.126050035108051,1.294614729823745,1.1309839519926268,0.4183524045045047,0.9479836954402922,3,late,1.126050035108051
18097322300,NA,2027,593.2785363589531,0.0610132742783136,-0.4901453770548614,1.294614729823745,1.1309839519926268,0.4183524045045047,0.9479836954402922,3,late,0.4901453770548614
18097322300,NA,2028,631.0399966482996,0.06364878884898606,-0.9323907531935554,1.294614729823745,1.1309839519926268,0.4183524045045047,0.9479836954402922,3,late,0.9323907531935554
18097322400,NA,2024,748.5448614654855,0.10108587681653503,-1.1521645426758764,-0.35868658533121744,0.3271357336906861,0.4183524045045047,0.12893385095465779,3,middle,0
18097322400,NA,2025,789.5722699511097,0.054809551969005055,0.1585800344389012,-0.35868658533121744,0.3271357336906861,0.4183524045045047,0.12893385095465779,3,middle,0
18097322400,NA,2026,793.0184935802469,0.0043646715573617545,-1.1260511165033957,-0.35868658533121744,0.3271357336906861,0.4183524045045047,0.12893385095465779,3,middle,0
18097322400,NA,2027,841.4031860259211,0.06101332167832729,-0.49014427563557933,-0.35868658533121744,0.3271357336906861,0.4183524045045047,0.12893385095465779,3,middle,0
18097322400,NA,2028,894.9575044789609,0.06364881823895296,-0.9323900144742503,-0.35868658533121744,0.3271357336906861,0.4183524045045047,0.12893385095465779,3,middle,0
18097322500,NA,2024,484.85785266098,0.10108599224463455,-1.1521632545224842,-0.8899743083301219,-0.8339730107791465,0.4183524045045047,-0.43519830486825456,3,middle,0
18097322500,NA,2025,511.4326390143365,0.05480943787444037,0.15857805447237333,-0.8899743083301219,-0.8339730107791465,0.4183524045045047,-0.43519830486825456,3,middle,0
18097322500,NA,2026,513.664888798704,0.004364699501130165,-1.1260497369341664,-0.8899743083301219,-0.8339730107791465,0.4183524045045047,-0.43519830486825456,3,middle,0
18097322500,NA,2027,545.0052589709585,0.061013261477827374,-0.4901456744957533,-0.8899743083301219,-0.8339730107791465,0.4183524045045047,-0.43519830486825456,3,middle,0
18097322500,NA,2028,579.6941793469065,0.06364878100707738,-0.9323909503005935,-0.8899743083301219,-0.8339730107791465,0.4183524045045047,-0.43519830486825456,3,middle,0
18097322601,NA,2024,752.0274255451998,0.104139434412724,-1.1180874800562155,NA,-1.9670157362403284,0.3874789696881001,-0.7897683832761142,2,early,-1.1180874800562155
18097322601,NA,2025,789.268301691374,0.04952063565923215,0.06679759685328784,NA,-1.9670157362403284,0.3874789696881001,-0.7897683832761142,2,early,0.06679759685328784
18097322601,NA,2026,793.6474409097,0.005548353087209579,-1.0676133785530766,NA,-1.9670157362403284,0.3874789696881001,-0.7897683832761142,2,early,-1.0676133785530766
18097322601,NA,2027,839.6442466852392,0.05795622011055235,-0.5611811879010795,NA,-1.9670157362403284,0.3874789696881001,-0.7897683832761142,2,early,-0.5611811879010795
18097322601,NA,2028,891.3286378598468,0.06155510667600961,-0.9850156317724186,NA,-1.9670157362403284,0.3874789696881001,-0.7897683832761142,2,early,-0.9850156317724186
18097322602,NA,2024,353.9595251129998,0.10155265699255622,-1.1469553737681921,-0.1242014107515013,-0.9257852980000322,0.4100069599298805,-0.21332658294055099,3,middle,0
18097322602,NA,2025,373.34890458217205,0.05477852153571017,0.15804154060758835,-0.1242014107515013,-0.9257852980000322,0.4100069599298805,-0.21332658294055099,3,middle,0
18097322602,NA,2026,375.0005791175018,0.004423943702682509,-1.1231248816938917,-0.1242014107515013,-0.9257852980000322,0.4100069599298805,-0.21332658294055099,3,middle,0
18097322602,NA,2027,397.907874921703,0.06108602780856898,-0.48845482604398405,-0.1242014107515013,-0.9257852980000322,0.4100069599298805,-0.21332658294055099,3,middle,0
18097322602,NA,2028,423.28049844326074,0.06376507005937082,-0.9294680151311674,-0.1242014107515013,-0.9257852980000322,0.4100069599298805,-0.21332658294055099,3,middle,0
18097322700,NA,2024,330.376002896221,0.19513602074210024,-0.10258465332334353,-0.24285237042518135,-0.7913461432141958,-0.44559976662715606,-0.49326609342217775,3,middle,0
18097322700,NA,2025,337.1881311930808,0.02061931931236427,-0.4347481089932782,-0.24285237042518135,-0.7913461432141958,-0.44559976662715606,-0.49326609342217775,3,middle,0
18097322700,NA,2026,346.98220322791013,0.029046313107684796,0.09246861598488172,-0.24285237042518135,-0.7913461432141958,-0.44559976662715606,-0.49326609342217775,3,middle,0
18097322700,NA,2027,368.99125615085967,0.06342991864771008,-0.43399056824663446,-0.24285237042518135,-0.7913461432141958,-0.44559976662715606,-0.49326609342217775,3,middle,0
18097322700,NA,2028,399.9634190817317,0.08393738988278154,-0.4224350494485936,-0.24285237042518135,-0.7913461432141958,-0.44559976662715606,-0.49326609342217775,3,middle,0
18097330103,NA,2024,8.177966912195908,0.17254664555789834,-0.3546773446980845,0.10110556815067454,0.4689976838492913,NA,0.2850516259999829,2,middle,0
18097330103,NA,2025,9.003823029294889,0.10098550482851332,0.9599051572155209,0.10110556815067454,0.4689976838492913,NA,0.2850516259999829,2,middle,0
18097330103,NA,2026,9.069859476758898,0.00733426759379352,-0.9794437135665467,0.10110556815067454,0.4689976838492913,NA,0.2850516259999829,2,middle,0
18097330103,NA,2027,10.058788548121331,0.10903466298419717,0.625712601733255,0.10110556815067454,0.4689976838492913,NA,0.2850516259999829,2,middle,0
18097330103,NA,2028,11.1878118466773,0.11224247265510279,0.289015601124832,0.10110556815067454,0.4689976838492913,NA,0.2850516259999829,2,middle,0
18097330105,NA,2024,122.0560884262384,0.17254599482218813,-0.3546846067721889,-0.08399000906348376,0.46802150218647176,NA,0.192015746561494,2,middle,0
18097330105,NA,2025,134.38203432805696,0.10098591607142504,0.9599122938149048,-0.08399000906348376,0.46802150218647176,NA,0.192015746561494,2,middle,0
18097330105,NA,2026,135.3676155634875,0.007334174098187152,-0.9794483293957259,-0.08399000906348376,0.46802150218647176,NA,0.192015746561494,2,middle,0
18097330105,NA,2027,150.12740510418598,0.10903486390935302,0.6257172705682124,-0.08399000906348376,0.46802150218647176,NA,0.192015746561494,2,middle,0
18097330105,NA,2028,166.97809388390937,0.11224259000566406,0.2890185507411193,-0.08399000906348376,0.46802150218647176,NA,0.192015746561494,2,middle,0
18097330106,NA,2024,503.35343889036193,0.17254565656998233,-0.3546883815958938,-0.6827691184518595,-0.8147188046884177,NA,-0.7487439615701386,2,early,-0.3546883815958938
18097330106,NA,2025,554.1851547701935,0.10098613012735091,0.9599160084841312,-0.6827691184518595,-0.8147188046884177,NA,-0.7487439615701386,2,early,0.9599160084841312
18097330106,NA,2026,558.2496182355269,0.007334125481976761,-0.979450729552602,-0.6827691184518595,-0.8147188046884177,NA,-0.7487439615701386,2,early,-0.979450729552602
18097330106,NA,2027,619.1183478203986,0.10903496858136874,0.6257197027990796,-0.6827691184518595,-0.8147188046884177,NA,-0.7487439615701386,2,early,0.6257197027990796
18097330106,NA,2028,688.609832592963,0.11224265121072352,0.28902008913546795,-0.6827691184518595,-0.8147188046884177,NA,-0.7487439615701386,2,early,0.28902008913546795
18097330107,NA,2024,502.3311924191593,0.17254565314010972,-0.354688419872553,1.7790674927712555,1.337269898846975,NA,1.5581686958091152,2,super_late,0.709376839745106
18097330107,NA,2025,553.059676481968,0.10098613191529515,0.9599160395116367,1.7790674927712555,1.337269898846975,NA,1.5581686958091152,2,super_late,-1.9198320790232735
18097330107,NA,2026,557.1158852885777,0.0073341250123519774,-0.979450752737732,1.7790674927712555,1.337269898846975,NA,1.5581686958091152,2,super_late,1.958901505475464
18097330107,NA,2027,617.8609987603373,0.10903496934088408,0.6257197204476999,1.7790674927712555,1.337269898846975,NA,1.5581686958091152,2,super_late,-1.2514394408953997
18097330107,NA,2028,687.2113555582881,0.1122426515625583,0.289020097978865,1.7790674927712555,1.337269898846975,NA,1.5581686958091152,2,super_late,-0.57804019595773
18097330108,NA,2024,310.96695917529564,0.17254576827621682,-0.35468713497773524,2.370531852893933,1.7098083475264556,NA,2.040170100210194,2,super_late,0.7093742699554705
18097330108,NA,2025,342.37028690079916,0.1009860591259828,0.9599147763453988,2.370531852893933,1.7098083475264556,NA,2.040170100210194,2,super_late,-1.9198295526907976
18097330108,NA,2026,344.88127904954854,0.007334141556147866,-0.9794499359791828,2.370531852893933,1.7098083475264556,NA,2.040170100210194,2,super_late,1.9588998719583657
18097330108,NA,2027,382.4853864688702,0.10903493376895979,0.6257188938740289,2.370531852893933,1.7098083475264556,NA,2.040170100210194,2,super_late,-1.2514377877480578
18097330108,NA,2028,425.4165524809964,0.11224263077988295,0.2890195756045613,2.370531852893933,1.7098083475264556,NA,2.040170100210194,2,super_late,-0.5780391512091226
18097330109,NA,2024,434.24968934051674,0.17254569051750557,-0.35468800274865125,0.4660712151708914,0.695804107841384,NA,0.5809376615061377,2,late,0.35468800274865125
18097330109,NA,2025,478.1028756052693,0.10098610854817469,0.9599156340048846,0.4660712151708914,0.695804107841384,NA,0.5809376615061377,2,late,-0.9599156340048846
18097330109,NA,2026,481.6093444238084,0.007334130367026237,-0.9794504883802647,0.4660712151708914,0.695804107841384,NA,0.5809376615061377,2,late,0.9794504883802647
18097330109,NA,2027,534.12159906566,0.10903495800040308,0.6257194569324924,0.4660712151708914,0.695804107841384,NA,0.5809376615061377,2,late,-0.6257194569324924
18097330109,NA,2028,594.0728200966731,0.11224264500047543,0.2890199330403566,0.4660712151708914,0.695804107841384,NA,0.5809376615061377,2,late,-0.2890199330403566
18097330204,NA,2024,21.096942276121947,0.19878244383260935,-0.06189133607655578,1.6427247152924669,0.15961178795784658,0.5954181666144095,0.7992515566215743,3,late,0.06189133607655578
18097330204,NA,2025,22.968844015957977,0.08872858044242249,0.7472017730876169,1.6427247152924669,0.15961178795784658,0.5954181666144095,0.7992515566215743,3,late,-0.7472017730876169
18097330204,NA,2026,23.28718095811576,0.013859510819813625,-0.6572958688221239,1.6427247152924669,0.15961178795784658,0.5954181666144095,0.7992515566215743,3,late,0.6572958688221239
18097330204,NA,2027,25.815464343634613,0.10856974874143055,0.6149095349910428,1.6427247152924669,0.15961178795784658,0.5954181666144095,0.7992515566215743,3,late,-0.6149095349910428
18097330204,NA,2028,28.82383104477797,0.11653351111947519,0.3968712160216252,1.6427247152924669,0.15961178795784658,0.5954181666144095,0.7992515566215743,3,late,-0.3968712160216252
18097330210,NA,2024,413.0554869247569,0.19878117981351062,-0.06190544226470609,0.4023044469001974,NA,0.5954181665670354,0.4988613067336164,2,middle,0
18097330210,NA,2025,449.70602388410447,0.08873029924433351,0.7472316007157888,0.4023044469001974,NA,0.5954181665670354,0.4988613067336164,2,middle,0
18097330210,NA,2026,455.9385102997325,0.013859023639039014,-0.6573199206821244,0.4023044469001974,NA,0.5954181665670354,0.4988613067336164,2,middle,0
18097330210,NA,2027,505.4400177228665,0.10857057762151268,0.6149287954180739,0.4023044469001974,NA,0.5954181665670354,0.4988613067336164,2,middle,0
18097330210,NA,2028,564.3409425109112,0.11653395600413297,0.39688239823514326,0.4023044469001974,NA,0.5954181665670354,0.4988613067336164,2,middle,0
18097330211,NA,2024,470.42458239846616,0.19878188784597906,-0.061897540770791695,NA,-1.5219777399719443,0.5954181665670354,-0.46327978670245445,2,middle,0
18097330211,NA,2025,512.1657196764019,0.08873077394280271,0.7472398385059276,NA,-1.5219777399719443,0.5954181665670354,-0.46327978670245445,2,middle,0
18097330211,NA,2026,519.263859062819,0.013859067707424844,-0.657317745048968,NA,-1.5219777399719443,0.5954181665670354,-0.46327978670245445,2,middle,0
18097330211,NA,2027,575.6409024915578,0.10857109048661595,0.6149407127039532,NA,-1.5219777399719443,0.5954181665670354,-0.46327978670245445,2,middle,0
18097330211,NA,2028,642.7229147974448,0.11653447837972353,0.3968955281898139,NA,-1.5219777399719443,0.5954181665670354,-0.46327978670245445,2,middle,0
18097330212,NA,2024,217.8165037571726,0.19878149611337936,-0.06190191242448066,0.5655907426816731,-0.9381760738090366,0.5954181665670354,0.07427761181322397,3,middle,0
18097330212,NA,2025,237.14335096715936,0.08872994872570739,0.7472255179093988,0.5655907426816731,-0.9381760738090366,0.5954181665670354,0.07427761181322397,3,middle,0
18097330212,NA,2026,240.42995217944005,0.013859132878390579,-0.6573145275924802,0.5655907426816731,-0.9381760738090366,0.5954181665670354,0.07427761181322397,3,middle,0
18097330212,NA,2027,266.53353410331033,0.10857042430548924,0.6149252328616249,0.5655907426816731,-0.9381760738090366,0.5954181665670354,0.07427761181322397,3,middle,0
18097330212,NA,2028,297.59372295328603,0.116533887394209,0.3968806737188989,0.5655907426816731,-0.9381760738090366,0.5954181665670354,0.07427761181322397,3,middle,0
18097330401,NA,2024,603.076292122001,0.21844311497360058,0.1575176321552183,1.0767560495069255,0.789461406419728,NA,0.9331087279633268,2,late,-0.1575176321552183
18097330401,NA,2025,635.2035798518136,0.05327234406242165,0.13190374000002006,1.0767560495069255,0.789461406419728,NA,0.9331087279633268,2,late,-0.13190374000002006
18097330401,NA,2026,647.7315205782382,0.019722717446503113,-0.3678324246784072,1.0767560495069255,0.789461406419728,NA,0.9331087279633268,2,late,0.3678324246784072
18097330401,NA,2027,702.6272323142916,0.08475071845669535,0.06143418355954338,1.0767560495069255,0.789461406419728,NA,0.9331087279633268,2,late,-0.06143418355954338
18097330401,NA,2028,771.509044819088,0.09803464673282813,-0.06809930565511847,1.0767560495069255,0.789461406419728,NA,0.9331087279633268,2,late,0.06809930565511847
18097330500,NA,2024,775.4040657353405,0.19793759631909946,-0.07131965721183507,0.15946707339844973,-0.30712412823332375,-0.4457365525747098,-0.19779786913652794,3,middle,0
18097330500,NA,2025,792.4745453287874,0.022014947235617477,-0.41052875567849173,0.15946707339844973,-0.30712412823332375,-0.4457365525747098,-0.19779786913652794,3,middle,0
18097330500,NA,2026,815.468989137651,0.029016003030511772,0.09097222332990905,0.15946707339844973,-0.30712412823332375,-0.4457365525747098,-0.19779786913652794,3,middle,0
18097330500,NA,2027,868.406376546774,0.06491649359358687,-0.39944749152340997,0.15946707339844973,-0.30712412823332375,-0.4457365525747098,-0.19779786913652794,3,middle,0
18097330500,NA,2028,942.5258873236792,0.08535118209477233,-0.3868992625693526,0.15946707339844973,-0.30712412823332375,-0.4457365525747098,-0.19779786913652794,3,middle,0
18097330600,NA,2024,620.924808909378,0.19793768120607536,-0.07131870989097998,-0.589147510850601,-0.6600245580824226,-0.4457365525982987,-0.5649695405104408,3,early,-0.07131870989097998
18097330600,NA,2025,634.5943610404665,0.022014826811475485,-0.4105308454868095,-0.589147510850601,-0.6600245580824226,-0.4457365525982987,-0.5649695405104408,3,early,-0.4105308454868095
18097330600,NA,2026,653.0077906512739,0.029016062450692326,0.09097515687314058,-0.589147510850601,-0.6600245580824226,-0.4457365525982987,-0.5649695405104408,3,early,0.09097515687314058
18097330600,NA,2027,695.3987359464817,0.06491644648363137,-0.39944858620270046,-0.589147510850601,-0.6600245580824226,-0.4457365525982987,-0.5649695405104408,3,early,-0.39944858620270046
18097330600,NA,2028,754.7518388444888,0.08535118030840794,-0.3868993074697727,-0.589147510850601,-0.6600245580824226,-0.4457365525982987,-0.5649695405104408,3,early,-0.3868993074697727
18097330701,NA,2024,273.6882001635229,0.19793800664545635,-0.07131507805571377,NA,-1.4459258306636278,-0.4457365525747098,-0.9458311916191688,2,early,-0.07131507805571377
18097330701,NA,2025,279.71327384797684,0.02201437139363005,-0.41053874868616563,NA,-1.4459258306636278,-0.4457365525747098,-0.9458311916191688,2,early,-0.41053874868616563
18097330701,NA,2026,287.8295148161653,0.02901628820303892,0.09098630214840193,NA,-1.4459258306636278,-0.4457365525747098,-0.9458311916191688,2,early,0.09098630214840193
18097330701,NA,2027,306.51433322017755,0.06491626967424158,-0.3994526946671503,NA,-1.4459258306636278,-0.4457365525747098,-0.9458311916191688,2,early,-0.3994526946671503
18097330701,NA,2028,332.67569190734935,0.08535117562799055,-0.3868994251124597,NA,-1.4459258306636278,-0.4457365525747098,-0.9458311916191688,2,early,-0.3868994251124597
18097330702,NA,2024,209.15502549789997,0.19917190482337488,-0.057545033066978966,-0.37051873901102383,-0.34273365516129045,0.4345763392253456,-0.09289201831565623,3,middle,0
18097330702,NA,2025,223.2752162936632,0.06751064557090936,0.37899141221618887,-0.37051873901102383,-0.34273365516129045,0.4345763392253456,-0.09289201831565623,3,middle,0
18097330702,NA,2026,227.22734827587124,0.017700719532659726,-0.46765740398721056,-0.37051873901102383,-0.34273365516129045,0.4345763392253456,-0.09289201831565623,3,middle,0
18097330702,NA,2027,248.67730990992115,0.09439867954630188,0.2856208356118551,-0.37051873901102383,-0.34273365516129045,0.4345763392253456,-0.09289201831565623,3,middle,0
18097330702,NA,2028,274.95560382409485,0.10567226227311433,0.12387280722207351,-0.37051873901102383,-0.34273365516129045,0.4345763392253456,-0.09289201831565623,3,middle,0
18097330803,NA,2024,344.0280907266185,0.19878203582039822,-0.06189588940729549,-1.059184529314817,NA,0.5954181665670354,-0.2318831813738908,2,middle,0
18097330803,NA,2025,374.5539128505551,0.08873060935071697,0.7472369822189395,-1.059184529314817,NA,0.5954181665670354,-0.2318831813738908,2,middle,0
18097330803,NA,2026,379.7449000668192,0.013859118909632873,-0.6573152172227412,-1.059184529314817,NA,0.5954181665670354,-0.2318831813738908,2,middle,0
18097330803,NA,2027,420.97419057904034,0.10857101834670213,0.6149390364113555,-1.059184529314817,NA,0.5954181665670354,-0.2318831813738908,2,middle,0
18097330803,NA,2028,470.03218463946155,0.11653444595485318,0.3968947131879541,-1.059184529314817,NA,0.5954181665670354,-0.2318831813738908,2,middle,0
18097330804,NA,2024,295.28937906837035,0.1987982610029888,-0.061714819771063634,-0.11417169725871604,-0.671791358539802,0.5873478778653373,-0.06620505931106026,3,middle,0
18097330804,NA,2025,321.11309173247673,0.0874522231228887,0.7250522098962717,-0.11417169725871604,-0.671791358539802,0.5873478778653373,-0.06620505931106026,3,middle,0
18097330804,NA,2026,325.6276792647691,0.014059182414317473,-0.6474381866487454,-0.11417169725871604,-0.671791358539802,0.5873478778653373,-0.06620505931106026,3,middle,0
18097330804,NA,2027,360.6966458467539,0.10769651603686325,0.5946184999545914,-0.11417169725871604,-0.671791358539802,0.5873478778653373,-0.06620505931106026,3,middle,0
18097330804,NA,2028,402.4800467229963,0.11584083566442294,0.3794607598467693,-0.11417169725871604,-0.671791358539802,0.5873478778653373,-0.06620505931106026,3,middle,0
18097330805,NA,2024,690.3721208015639,0.19793763829902455,-0.0713191887246718,-1.2300650091901577,-1.5391066064244896,-0.4457365525987114,-1.0716360560711196,3,early,-0.0713191887246718
18097330805,NA,2025,705.5705835227392,0.02201488481824687,-0.4105298388528296,-1.2300650091901577,-1.5391066064244896,-0.4457365525987114,-1.0716360560711196,3,early,-0.4105298388528296
18097330805,NA,2026,726.0434431081871,0.029016033354497317,0.09097372040921306,-1.2300650091901577,-1.5391066064244896,-0.4457365525987114,-1.0716360560711196,3,early,0.09097372040921306
18097330805,NA,2027,773.1756194550671,0.0649164685588337,-0.39944807324813336,-1.2300650091901577,-1.5391066064244896,-0.4457365525987114,-1.0716360560711196,3,early,-0.39944807324813336
18097330805,NA,2028,839.1670710934072,0.08535118022067323,-0.386899309674992,-1.2300650091901577,-1.5391066064244896,-0.4457365525987114,-1.0716360560711196,3,early,-0.386899309674992
18097330806,NA,2024,510.4652975507703,0.1979377561286697,-0.07131787377053395,-0.7945377204919606,-1.468640269044185,-0.4457365525747098,-0.9029715140369519,3,early,-0.07131787377053395
18097330806,NA,2025,521.7030488799254,0.02201472143762606,-0.4105326741163796,-0.7945377204919606,-1.468640269044185,-0.4457365525747098,-0.9029715140369519,3,early,-0.4105326741163796
18097330806,NA,2026,536.8408443314225,0.029016114596219778,0.09097773127055377,-0.7945377204919606,-1.468640269044185,-0.4457365525747098,-0.9029715140369519,3,early,0.09097773127055377
18097330806,NA,2027,571.6906222486999,0.0649164054584539,-0.39944953949190876,-0.7945377204919606,-1.468640269044185,-0.4457365525747098,-0.9029715140369519,3,early,-0.39944953949190876
18097330806,NA,2028,620.4850909084321,0.08535117904821132,-0.3868993391449212,-0.7945377204919606,-1.468640269044185,-0.4457365525747098,-0.9029715140369519,3,early,-0.3868993391449212
18097330900,NA,2024,687.911388278451,0.19793763793098562,-0.07131919283190913,-1.0754960883502025,-1.7254044117104408,-0.4457365525747098,-1.082212350878451,3,early,-0.07131919283190913
18097330900,NA,2025,703.0556794579062,0.02201488656461259,-0.4105298085468665,-1.0754960883502025,-1.7254044117104408,-0.4457365525747098,-1.082212350878451,3,early,-0.4105298085468665
18097330900,NA,2026,723.4555660398811,0.029016032695595717,0.09097368787958574,-1.0754960883502025,-1.7254044117104408,-0.4457365525747098,-1.082212350878451,3,early,0.09097368787958574
18097330900,NA,2027,770.4197472315687,0.06491646950588081,-0.39944805124189614,-1.0754960883502025,-1.7254044117104408,-0.4457365525747098,-1.082212350878451,3,early,-0.39944805124189614
18097330900,NA,2028,836.175982255435,0.08535118065204728,-0.3868992988323688,-1.0754960883502025,-1.7254044117104408,-0.4457365525747098,-1.082212350878451,3,early,-0.3868992988323688
18097331000,NA,2024,518.6676217237273,0.1952607102987618,-0.1011931440111639,-0.68337848065674,-2.056026236544993,-0.44561680733799464,-1.0616738415132425,3,early,-0.1011931440111639
18097331000,NA,2025,529.3941602880252,0.02068094886788896,-0.43367860618739684,-0.68337848065674,-2.056026236544993,-0.44561680733799464,-1.0616738415132425,3,early,-0.43367860618739684
18097331000,NA,2026,544.7704230667631,0.029045017743248636,0.09240466452026756,-0.68337848065674,-2.056026236544993,-0.44561680733799464,-1.0616738415132425,3,early,0.09240466452026756
18097331000,NA,2027,579.3610375320014,0.06349576445525784,-0.4324605298262147,-0.68337848065674,-2.056026236544993,-0.44561680733799464,-1.0616738415132425,3,early,-0.4324605298262147
18097331000,NA,2028,628.0273851706725,0.08400003535961442,-0.42086045008752704,-0.68337848065674,-2.056026236544993,-0.44561680733799464,-1.0616738415132425,3,early,-0.42086045008752704
18097340101,NA,2024,366.1819472218901,0.24910958036899422,0.4997489569898135,-0.25353821998345205,0.5899024267420091,0.8075910722905525,0.3813184263497032,3,middle,0
18097340101,NA,2025,409.37486587466657,0.1179548008318485,1.2543857766989448,-0.25353821998345205,0.5899024267420091,0.8075910722905525,0.3813184263497032,3,middle,0
18097340101,NA,2026,417.6560689393006,0.02022889960999552,-0.34284247604830753,-0.25353821998345205,0.5899024267420091,0.8075910722905525,0.3813184263497032,3,middle,0
18097340101,NA,2027,478.2185403473132,0.14500560607635826,1.4615581475536215,-0.25353821998345205,0.5899024267420091,0.8075910722905525,0.3813184263497032,3,middle,0
18097340101,NA,2028,552.6235761279457,0.15558793627406176,1.3785074969503721,-0.25353821998345205,0.5899024267420091,0.8075910722905525,0.3813184263497032,3,middle,0
18097340102,NA,2024,575.0342026701603,0.18040812714563748,-0.26694485827534636,-1.0395910387823122,-0.6316444392612528,NA,-0.8356177390217825,2,early,-0.26694485827534636
18097340102,NA,2025,641.2953223235199,0.11522987562422782,1.2070981542172328,-1.0395910387823122,-0.6316444392612528,NA,-0.8356177390217825,2,early,1.2070981542172328
18097340102,NA,2026,647.0587171449029,0.008987115016684033,-0.8978435008951927,-1.0395910387823122,-0.6316444392612528,NA,-0.8356177390217825,2,early,-0.8978435008951927
18097340102,NA,2027,727.611944803316,0.12449137230365759,0.9848753182795048,-1.0395910387823122,-0.6316444392612528,NA,-0.8356177390217825,2,early,0.9848753182795048
18097340102,NA,2028,820.8026168933798,0.1280774357205674,0.6870287376823224,-1.0395910387823122,-0.6316444392612528,NA,-0.8356177390217825,2,early,0.6870287376823224
18097340108,NA,2024,169.50291369140055,0.11101385767230365,-1.0413703576468918,-0.6438966740427879,NA,NA,-0.6438966740427879,1,early,-1.0413703576468918
18097340108,NA,2025,173.8534950732159,0.025666705586760985,-0.3471571189743438,-0.6438966740427879,NA,NA,-0.6438966740427879,1,early,-0.3471571189743438
18097340108,NA,2026,175.45458925655456,0.009209444898788943,-0.886867190915394,-0.6438966740427879,NA,NA,-0.6438966740427879,1,early,-0.886867190915394
18097340108,NA,2027,182.62844079342256,0.0408872265311806,-0.9578080491540844,-0.6438966740427879,NA,NA,-0.6438966740427879,1,early,-0.9578080491540844
18097340108,NA,2028,191.3240146089757,0.047613470157088056,-1.3354398453749408,-0.6438966740427879,NA,NA,-0.6438966740427879,1,early,-1.3354398453749408
18097340111,NA,2024,256.38691203701313,0.18546788712249862,-0.21047899767158884,1.910504502263369,-0.4965306339502007,0.08335925851990553,0.4991110422776913,3,middle,0
18097340111,NA,2025,287.0334398476563,0.11953234105108668,1.2817619872930655,1.910504502263369,-0.4965306339502007,0.08335925851990553,0.4991110422776913,3,middle,0
18097340111,NA,2026,289.71672791583916,0.009348346553652354,-0.880009688873593,1.910504502263369,-0.4965306339502007,0.08335925851990553,0.4991110422776913,3,middle,0
18097340111,NA,2027,327.0736048477741,0.12894276834020735,1.0883110147053616,1.910504502263369,-0.4965306339502007,0.08335925851990553,0.4991110422776913,3,middle,0
18097340111,NA,2028,370.4315967554758,0.13256340855716964,0.799784044519874,1.910504502263369,-0.4965306339502007,0.08335925851990553,0.4991110422776913,3,middle,0
18097340112,NA,2024,692.1432517025096,0.18239746359876974,-0.244744280506789,-0.5350705093310993,-0.20945992388142504,NA,-0.3722652166062622,2,middle,0
18097340112,NA,2025,773.8123460203358,0.11799449625050795,1.2550746403663113,-0.5350705093310993,-0.20945992388142504,NA,-0.3722652166062622,2,middle,0
18097340112,NA,2026,780.8182588070564,0.009053761965354346,-0.8945531759020463,-0.5350705093310993,-0.20945992388142504,NA,-0.3722652166062622,2,middle,0
18097340112,NA,2027,880.0336269662356,0.1270658915056131,1.0446986151574913,-0.5350705093310993,-0.20945992388142504,NA,-0.3722652166062622,2,middle,0
18097340112,NA,2028,994.9356608878816,0.13056550386347276,0.7495665409871057,-0.5350705093310993,-0.20945992388142504,NA,-0.3722652166062622,2,middle,0
18097340113,NA,2024,428.93818199467427,0.239338429224063,0.39070495865568605,-0.41725201076909846,0.04845766766114207,1.6326261387854486,0.42127726522583075,3,middle,0
18097340113,NA,2025,486.49319317892105,0.13418020031837918,1.535957015200559,-0.41725201076909846,0.04845766766114207,1.6326261387854486,0.42127726522583075,3,middle,0
18097340113,NA,2026,494.455345104469,0.016366419997616788,-0.5335310740664388,-0.41725201076909846,0.04845766766114207,1.6326261387854486,0.42127726522583075,3,middle,0
18097340113,NA,2027,570.4110529627559,0.15361489891921165,1.661609590656606,-0.41725201076909846,0.04845766766114207,1.6326261387854486,0.42127726522583075,3,middle,0
18097340113,NA,2028,662.2172022735244,0.16094735337599242,1.5132168993051853,-0.41725201076909846,0.04845766766114207,1.6326261387854486,0.42127726522583075,3,middle,0
18097340114,NA,2024,499.7266457155856,0.24186516475481779,0.4189027974691132,0.4311350296537283,0.09445633816019389,1.6832245482928592,0.7362719720355938,3,late,-0.4189027974691132
18097340114,NA,2025,566.9700462051512,0.1345603662844037,1.5425543135893323,0.4311350296537283,0.09445633816019389,1.6832245482928592,0.7362719720355938,3,late,-1.5425543135893323
18097340114,NA,2026,576.4777782600435,0.016769372771153312,-0.5136375064196504,0.4311350296537283,0.09445633816019389,1.6832245482928592,0.7362719720355938,3,late,0.5136375064196504
18097340114,NA,2027,665.5991079652134,0.15459629679770281,1.6844140259841067,0.4311350296537283,0.09445633816019389,1.6832245482928592,0.7362719720355938,3,late,-1.6844140259841067
18097340114,NA,2028,773.5309208427537,0.16215738811233682,1.5436312247927086,0.4311350296537283,0.09445633816019389,1.6832245482928592,0.7362719720355938,3,late,-1.5436312247927086
18097340115,NA,2024,784.340300083393,0.1793367017441645,-0.27890174114006067,-0.26094002811684935,-0.48244189793065145,NA,-0.3716909630237504,2,middle,0
18097340115,NA,2025,875.5734175125518,0.11631828355556717,1.2259860940474114,-0.26094002811684935,-0.48244189793065145,NA,-0.3716909630237504,2,middle,0
18097340115,NA,2026,883.2560730127116,0.008774427531143658,-0.9083437708004928,-0.26094002811684935,-0.48244189793065145,NA,-0.3716909630237504,2,middle,0
18097340115,NA,2027,993.7423859794006,0.12508978578525887,0.9987804650496012,-0.26094002811684935,-0.48244189793065145,NA,-0.3716909630237504,2,middle,0
18097340115,NA,2028,1121.4218310124968,0.12848344483893515,0.6972338112277684,-0.26094002811684935,-0.48244189793065145,NA,-0.3716909630237504,2,middle,0
18097340201,NA,2024,140.13181819148593,0.11101364401953284,-1.0413727419670236,0.04782793680647777,-1.5419718322953568,NA,-0.7470719477444395,2,early,-1.0413727419670236
18097340201,NA,2025,143.7285141453103,0.025666518855193887,-0.34716035946396373,0.04782793680647777,-1.5419718322953568,NA,-0.7470719477444395,2,early,-0.34716035946396373
18097340201,NA,2026,145.0521739872713,0.009209444972225533,-0.8868671872898679,0.04782793680647777,-1.5419718322953568,NA,-0.7470719477444395,2,early,-0.8868671872898679
18097340201,NA,2027,150.9829283245658,0.04088704205022764,-0.9578123358802462,0.04782793680647777,-1.5419718322953568,NA,-0.7470719477444395,2,early,-0.9578123358802462
18097340201,NA,2028,158.1717220926136,0.047613288785830044,-1.3354444041568578,0.04782793680647777,-1.5419718322953568,NA,-0.7470719477444395,2,early,-1.3354444041568578
18097340202,NA,2024,335.70296882678554,0.11101356711304322,-1.0413736002273248,-0.2739429735026975,-0.4285621668793058,NA,-0.35125257019100165,2,middle,0
18097340202,NA,2025,344.31944925334466,0.02566697713955879,-0.34715240651979623,-0.2739429735026975,-0.4285621668793058,NA,-0.35125257019100165,2,middle,0
18097340202,NA,2026,347.49040462633246,0.009209341441106522,-0.8868722985670568,-0.2739429735026975,-0.4285621668793058,NA,-0.35125257019100165,2,middle,0
18097340202,NA,2027,361.6983608408341,0.04088733393884625,-0.9578055533557759,-0.2739429735026975,-0.4285621668793058,NA,-0.35125257019100165,2,middle,0
18097340202,NA,2028,378.9200861751747,0.0476135011900678,-1.335439065358369,-0.2739429735026975,-0.4285621668793058,NA,-0.35125257019100165,2,middle,0
18097340301,NA,2024,135.05970718708866,0.11101364615921638,-1.0413727180886037,NA,-1.175917733582753,NA,-1.175917733582753,1,early,-1.0413727180886037
18097340301,NA,2025,138.52621724142128,0.025666500590962427,-0.3471606764165464,NA,-1.175917733582753,NA,-1.175917733582753,1,early,-0.3471606764165464
18097340301,NA,2026,139.80196736585592,0.009209448939266673,-0.886866991439122,NA,-1.175917733582753,NA,-1.175917733582753,1,early,-0.886866991439122
18097340301,NA,2027,145.5180546233531,0.04088703016988604,-0.9578126119400253,NA,-1.175917733582753,NA,-1.175917733582753,1,early,-0.9578126119400253
18097340301,NA,2028,152.44664649775518,0.04761327996265119,-1.335444625928205,NA,-1.175917733582753,NA,-1.175917733582753,1,early,-1.335444625928205
18097340302,NA,2024,218.1007450019337,0.11101344345782915,-1.0413749801935905,-2.3070457444616783e-4,NA,NA,-2.3070457444616783e-4,1,middle,0
18097340302,NA,2025,223.69866923378652,0.02566669009683209,-0.34715738778242256,-2.3070457444616783e-4,NA,NA,-2.3070457444616783e-4,1,middle,0
18097340302,NA,2026,225.7587945576532,0.0092093767518735,-0.8868705552929621,-2.3070457444616783e-4,NA,NA,-2.3070457444616783e-4,1,middle,0
18097340302,NA,2027,234.989418127822,0.04088710514358951,-0.9578108697995444,-2.3070457444616783e-4,NA,NA,-2.3070457444616783e-4,1,middle,0
18097340302,NA,2028,246.17804017666217,0.04761330164558353,-1.3354440809258659,-2.3070457444616783e-4,NA,NA,-2.3070457444616783e-4,1,middle,0
18097340400,NA,2024,708.4858596949252,0.1400311035596098,-0.7175439767769384,-0.7198850031357884,-1.3773553522953024,-0.8064002935780706,-0.9678802163363871,3,early,-0.7175439767769384
18097340400,NA,2025,716.6792844284962,0.011564697617393538,-0.5918795896038449,-0.7198850031357884,-1.3773553522953024,-0.8064002935780706,-0.9678802163363871,3,early,-0.5918795896038449
18097340400,NA,2026,730.4106870570023,0.019159759360780182,-0.3956253708898086,-0.7198850031357884,-1.3773553522953024,-0.8064002935780706,-0.9678802163363871,3,early,-0.3956253708898086
18097340400,NA,2027,760.3468556443163,0.04098539235225851,-0.955527000695345,-0.7198850031357884,-1.3773553522953024,-0.8064002935780706,-0.9678802163363871,3,early,-0.955527000695345
18097340400,NA,2028,802.018199687847,0.054805703126395544,-1.1546624611062344,-0.7198850031357884,-1.3773553522953024,-0.8064002935780706,-0.9678802163363871,3,early,-1.1546624611062344
18097340500,NA,2024,1011.0335565975136,0.14034581057877493,-0.7140319124188527,-0.8625776201847644,-0.498520722186708,-0.8336920061599407,-0.7315967828438044,3,early,-0.7140319124188527
18097340500,NA,2025,1022.5196858390603,0.011360779438619018,-0.5954183310812551,-0.8625776201847644,-0.498520722186708,-0.8336920061599407,-0.7315967828438044,3,early,-0.5954183310812551
18097340500,NA,2026,1042.2533771798244,0.01929908207544284,-0.388747081345973,-0.8625776201847644,-0.498520722186708,-0.8336920061599407,-0.7315967828438044,3,early,-0.388747081345973
18097340500,NA,2027,1084.9483002378345,0.04096405345649812,-0.9560228459371101,-0.8625776201847644,-0.498520722186708,-0.8336920061599407,-0.7315967828438044,3,early,-0.9560228459371101
18097340500,NA,2028,1144.4959462765669,0.05488523833410208,-1.1526633369305002,-0.8625776201847644,-0.498520722186708,-0.8336920061599407,-0.7315967828438044,3,early,-1.1526633369305002
18097340600,NA,2024,1339.930120719956,0.14034593333121825,-0.7140305425273192,-0.6016709099491511,-0.8018154925177446,-0.8336920061599407,-0.7457261362089455,3,early,-0.7140305425273192
18097340600,NA,2025,1355.1531207969342,0.011361040282308776,-0.5954138044697013,-0.6016709099491511,-0.8018154925177446,-0.8336920061599407,-0.7457261362089455,3,early,-0.5954138044697013
18097340600,NA,2026,1381.3062631610985,0.01929903120378329,-0.3887495928531944,-0.6016709099491511,-0.8018154925177446,-0.8336920061599407,-0.7457261362089455,3,early,-0.3887495928531944
18097340600,NA,2027,1437.8904405034957,0.04096425163012385,-0.9560182410385968,-0.6016709099491511,-0.8018154925177446,-0.8336920061599407,-0.7457261362089455,3,early,-0.9560182410385968
18097340600,NA,2028,1516.8096270505914,0.05488539621938182,-1.152659368470634,-0.6016709099491511,-0.8018154925177446,-0.8336920061599407,-0.7457261362089455,3,early,-1.152659368470634
18097340700,NA,2024,843.9005456420684,0.14028906661795326,-0.7146651631257072,-0.6858631740466761,NA,-0.8298678092697633,-0.7578654916582197,2,early,-0.7146651631257072
18097340700,NA,2025,853.5191846752138,0.011397834831149645,-0.5947752817204875,-0.6858631740466761,NA,-0.8298678092697633,-0.7578654916582197,2,early,-0.5947752817204875
18097340700,NA,2026,869.9697716365916,0.01927383385956083,-0.3899935725568444,-0.6858631740466761,NA,-0.8298678092697633,-0.7578654916582197,2,early,-0.3899935725568444
18097340700,NA,2027,905.610741742406,0.04096805575068019,-0.955929845879909,-0.6858631740466761,NA,-0.8298678092697633,-0.7578654916582197,2,early,-0.955929845879909
18097340700,NA,2028,955.3024663582212,0.05487095318702573,-1.1530223953110306,-0.6858631740466761,NA,-0.8298678092697633,-0.7578654916582197,2,early,-1.1530223953110306
18097340800,NA,2024,108.9914537589748,0.11101404778800061,-1.04136823599557,0.14149487405191802,0.9678893352075368,NA,0.5546921046297274,2,late,1.04136823599557
18097340800,NA,2025,111.78888598956478,0.025666528283733614,-0.3471601958436097,0.14149487405191802,0.9678893352075368,NA,0.5546921046297274,2,late,0.3471601958436097
18097340800,NA,2026,112.81840713448638,0.009209512518245422,-0.8868638525781991,0.14149487405191802,0.9678893352075368,NA,0.5546921046297274,2,late,0.8868638525781991
18097340800,NA,2027,117.4312310042406,0.040887156510333034,-0.9578096762066028,0.14149487405191802,0.9678893352075368,NA,0.5546921046297274,2,late,0.9578096762066028
18097340800,NA,2028,123.02253705613089,0.04761345005136142,-1.335440350734081,0.14149487405191802,0.9678893352075368,NA,0.5546921046297274,2,late,1.335440350734081
18097340901,NA,2024,347.41488218505265,0.17933694942871536,-0.278898977032398,0.9072829638688268,-0.4213727222741457,NA,0.24295512079734055,2,middle,0
18097340901,NA,2025,387.82552171255537,0.11631810149680843,1.2259829346484568,0.9072829638688268,-0.4213727222741457,NA,0.24295512079734055,2,middle,0
18097340901,NA,2026,391.22848717981054,0.008774475316189578,-0.9083414116777718,0.9072829638688268,-0.4213727222741457,NA,0.24295512079734055,2,middle,0
18097340901,NA,2027,440.1671439016072,0.12508970671991015,0.9987786278328404,0.9072829638688268,-0.4213727222741457,NA,0.24295512079734055,2,middle,0
18097340901,NA,2028,496.72131770996293,0.1284834058877362,0.6972328321860873,0.9072829638688268,-0.4213727222741457,NA,0.24295512079734055,2,middle,0
18097340903,NA,2024,113.59171546429204,0.11101378441777565,-1.0413711751520671,-0.760191743744741,NA,NA,-0.760191743744741,1,early,-1.0413711751520671
18097340903,NA,2025,116.5072118072096,0.02566645226723474,-0.3471615150135785,-0.760191743744741,NA,NA,-0.760191743744741,1,early,-0.3471615150135785
18097340903,NA,2026,117.58018290373256,0.009209482227576338,-0.8868653480126868,-0.760191743744741,NA,NA,-0.760191743744741,1,early,-0.8868653480126868
18097340903,NA,2027,122.38768786503567,0.04088703421425355,-0.9578125179623235,-0.760191743744741,NA,NA,-0.760191743744741,1,early,-0.9578125179623235
18097340903,NA,2028,128.2149705356032,0.04761330794151131,-1.3354439226771884,-0.760191743744741,NA,NA,-0.760191743744741,1,early,-1.3354439226771884
18097340904,NA,2024,301.96754551838325,0.11101361151837552,-1.0413731046731256,-0.4750420072012269,-0.1741776572538439,NA,-0.3246098322275354,2,middle,0
18097340904,NA,2025,309.7181269689623,0.025666935290260096,-0.34715313276132104,-0.4750420072012269,-0.1741776572538439,NA,-0.3246098322275354,2,middle,0
18097340904,NA,2026,312.57043186898477,0.009209357320917544,-0.8868715145890934,-0.4750420072012269,-0.1741776572538439,NA,-0.3246098322275354,2,middle,0
18097340904,NA,2027,325.35059829112225,0.040887317286282254,-0.9578059403061933,-0.4750420072012269,-0.1741776572538439,NA,-0.3246098322275354,2,middle,0
18097340904,NA,2028,340.8416777870486,0.04761349626308342,-1.3354391891985382,-0.4750420072012269,-0.1741776572538439,NA,-0.3246098322275354,2,middle,0
18097341000,NA,2024,140.81337526547978,0.11456698672311605,-1.0017181823247738,0.3729378042800543,1.7479730763195116,NA,1.060455440299783,2,late,1.0017181823247738
18097341000,NA,2025,144.29233377951292,0.024706165216721532,-0.36382607938097833,0.3729378042800543,1.7479730763195116,NA,1.060455440299783,2,late,0.36382607938097833
18097341000,NA,2026,145.75066272932006,0.010106766670193057,-0.8425668844459916,0.3729378042800543,1.7479730763195116,NA,1.060455440299783,2,late,0.8425668844459916
18097341000,NA,2027,151.77111927017063,0.041306546592048354,-0.948064440145795,0.3729378042800543,1.7479730763195116,NA,1.060455440299783,2,late,0.948064440145795
18097341000,NA,2028,159.15722325792953,0.04866607048348093,-1.3089826471031762,0.3729378042800543,1.7479730763195116,NA,1.060455440299783,2,late,1.3089826471031762
18097341100,NA,2024,509.2430750264721,0.14034609906441387,-0.7140286929796008,-0.8606250678752888,-0.5767991428647808,-0.8336920061599407,-0.7570387389666701,3,early,-0.7140286929796008
18097341100,NA,2025,515.0282957166535,0.011360430752800355,-0.5954243820815951,-0.8606250678752888,-0.5767991428647808,-0.8336920061599407,-0.7570387389666701,3,early,-0.5954243820815951
18097341100,NA,2026,524.9679559112462,0.019299250696045434,-0.3887387566350277,-0.8606250678752888,-0.5767991428647808,-0.8336920061599407,-0.7570387389666701,3,early,-0.3887387566350277
18097341100,NA,2027,546.4727044002884,0.04096392598232779,-0.956025808014507,-0.8606250678752888,-0.5767991428647808,-0.8336920061599407,-0.7570387389666701,3,early,-0.956025808014507
18097341100,NA,2028,576.4659871829047,0.05488523496435471,-1.1526634216293854,-0.8606250678752888,-0.5767991428647808,-0.8336920061599407,-0.7570387389666701,3,early,-1.1526634216293854
18097341200,NA,2024,597.1807506996764,0.1403462728527085,-0.714026753538666,-0.7095660535307885,-1.922664533042736,-0.8336920061599407,-1.1553075309111551,3,early,-0.714026753538666
18097341200,NA,2025,603.9651001737171,0.011360629869753724,-0.5954209266592978,-0.7095660535307885,-1.922664533042736,-0.8336920061599407,-1.1553075309111551,3,early,-0.5954209266592978
18097341200,NA,2026,615.6211613527761,0.019299229666923434,-0.3887397948317806,-0.7095660535307885,-1.922664533042736,-0.8336920061599407,-1.1553075309111551,3,early,-0.3887397948317806
18097341200,NA,2027,640.8395291407473,0.040964101579217926,-0.9560217277245322,-0.7095660535307885,-1.922664533042736,-0.8336920061599407,-1.1553075309111551,3,early,-0.9560217277245322
18097341200,NA,2028,676.0122580587504,0.05488539223721656,-1.152659468562695,-0.7095660535307885,-1.922664533042736,-0.8336920061599407,-1.1553075309111551,3,early,-1.152659468562695
18097341600,NA,2024,566.8745841339522,0.14034629558100087,-0.714026499895688,-1.4611518877054537,-1.4998547939838245,-0.8336920061599407,-1.2648995626164063,3,early,-0.714026499895688
18097341600,NA,2025,573.3146209743443,0.011360602540032572,-0.5954214009319615,-1.4611518877054537,-1.4998547939838245,-0.8336920061599407,-1.2648995626164063,3,early,-0.5954214009319615
18097341600,NA,2026,584.3791591079829,0.019299242909302627,-0.38873914106244684,-1.4611518877054537,-1.4998547939838245,-0.8336920061599407,-1.2648995626164063,3,early,-0.38873914106244684
18097341600,NA,2027,608.3177205245066,0.0409640916234324,-0.9560219590640043,-1.4611518877054537,-1.4998547939838245,-0.8336920061599407,-1.2648995626164063,3,early,-0.9560219590640043
18097341600,NA,2028,641.705477092352,0.05488539202681397,-1.1526594738511817,-1.4611518877054537,-1.4998547939838245,-0.8336920061599407,-1.2648995626164063,3,early,-1.1526594738511817
18097341701,NA,2024,739.7687738441812,0.14034618099027507,-0.7140277787041649,-0.7100385301046706,-0.4679070855897283,-0.8336920061599407,-0.6705458739514465,3,early,-0.7140277787041649
18097341701,NA,2025,748.1730951546876,0.011360740825587579,-0.5954190011614644,-0.7100385301046706,-0.4679070855897283,-0.8336920061599407,-0.6705458739514465,3,early,-0.5954190011614644
18097341701,NA,2026,762.6122193934698,0.019299175995892703,-0.3887424445424927,-0.7100385301046706,-0.4679070855897283,-0.8336920061599407,-0.6705458739514465,3,early,-0.3887424445424927
18097341701,NA,2027,793.851974734072,0.04096414212382826,-0.9560207856021121,-0.7100385301046706,-0.4679070855897283,-0.8336920061599407,-0.6705458739514465,3,early,-0.9560207856021121
18097341701,NA,2028,837.4228525739182,0.05488539328058217,-1.152659442337612,-0.7100385301046706,-0.4679070855897283,-0.8336920061599407,-0.6705458739514465,3,early,-1.152659442337612
18097341702,NA,2024,312.36697558101616,0.14534228857103137,-0.6582722654967241,NA,0.3483455684450813,-0.06459638763888811,0.14187459040309658,2,middle,0
18097341702,NA,2025,315.7697679671843,0.01089357279155001,-0.6035261101446066,NA,0.3483455684450813,-0.06459638763888811,0.14187459040309658,2,middle,0
18097341702,NA,2026,322.3844257406236,0.020947723450608358,-0.3073545190506383,NA,0.3483455684450813,-0.06459638763888811,0.14187459040309658,2,middle,0
18097341702,NA,2027,336.1163301820133,0.042594813350064875,-0.9181293887139295,NA,0.3483455684450813,-0.06459638763888811,0.14187459040309658,2,middle,0
18097341702,NA,2028,355.5026698322644,0.057677470296528144,-1.0824803502846347,NA,0.3483455684450813,-0.06459638763888811,0.14187459040309658,2,middle,0
18097341902,NA,2024,473.507390617747,0.18675735948680172,-0.19608875641348367,-0.0956414914442276,0.00106476702188505,NA,-0.047288362211171275,2,middle,0
18097341902,NA,2025,507.74360813801377,0.07230344910900244,0.462164441591279,-0.0956414914442276,0.00106476702188505,NA,-0.047288362211171275,2,middle,0
18097341902,NA,2026,516.1220214940085,0.016501268005558734,-0.5268736984527068,-0.0956414914442276,0.00106476702188505,NA,-0.047288362211171275,2,middle,0
18097341902,NA,2027,565.9957071874568,0.09663157861212701,0.33750601231279953,-0.0956414914442276,0.00106476702188505,NA,-0.047288362211171275,2,middle,0
18097341902,NA,2028,626.4820163759636,0.10686708118171961,0.15390468159185658,-0.0956414914442276,0.00106476702188505,NA,-0.047288362211171275,2,middle,0
18097341903,NA,2024,323.64290703859484,0.12128822122941862,-0.9267106142872314,-0.8180679430162466,-1.241071925793241,NA,-1.0295699344047438,2,early,-0.9267106142872314
18097341903,NA,2025,330.7389947256421,0.021925670338268866,-0.41207804305208756,-0.8180679430162466,-1.241071925793241,NA,-1.0295699344047438,2,early,-0.41207804305208756
18097341903,NA,2026,334.736183775428,0.012085629797301989,-0.7448714469946632,-0.8180679430162466,-1.241071925793241,NA,-1.0295699344047438,2,early,-0.7448714469946632
18097341903,NA,2027,348.62911755591546,0.04150412908395973,-0.9434732776240596,-0.8180679430162466,-1.241071925793241,NA,-1.0295699344047438,2,early,-0.9434732776240596
18097341903,NA,2028,366.1541842028944,0.050268511046465125,-1.2687051679588586,-0.8180679430162466,-1.241071925793241,NA,-1.0295699344047438,2,early,-1.2687051679588586
18097341904,NA,2024,123.61800643322545,0.11101399336605255,-1.0413688433331012,0.8771684528319812,-1.0275105154051194,NA,-0.0751710312865691,2,middle,0
18097341904,NA,2025,126.79085774567464,0.025666578874681045,-0.34715931790185317,0.8771684528319812,-1.0275105154051194,NA,-0.0751710312865691,2,middle,0
18097341904,NA,2026,127.95853728712656,0.009209493193855778,-0.8868648066132073,0.8771684528319812,-1.0275105154051194,NA,-0.0751710312865691,2,middle,0
18097341904,NA,2027,133.19040057856566,0.04088717644293882,-0.957809213038881,0.8771684528319812,-1.0275105154051194,NA,-0.0751710312865691,2,middle,0
18097341904,NA,2028,139.53205581890143,0.047613455720444176,-1.3354402082412062,0.8771684528319812,-1.0275105154051194,NA,-0.0751710312865691,2,middle,0
18097342000,NA,2024,552.2056617488317,0.29298622598693713,0.9894031236999475,0.00418378431542611,-0.3583081994374509,NA,-0.1770622075610124,2,middle,0
18097342000,NA,2025,536.691232325465,-0.028095382749667386,-1.2801300057059057,0.00418378431542611,-0.3583081994374509,NA,-0.1770622075610124,2,middle,0
18097342000,NA,2026,569.6861577848892,0.06147841341931071,1.69362444328998,0.00418378431542611,-0.3583081994374509,NA,-0.1770622075610124,2,middle,0
18097342000,NA,2027,600.6977669427669,0.054436304505730115,-0.6429723650858505,0.00418378431542611,-0.3583081994374509,NA,-0.1770622075610124,2,middle,0
18097342000,NA,2028,660.274093983148,0.09917853922379805,-0.03934747110184118,0.00418378431542611,-0.3583081994374509,NA,-0.1770622075610124,2,middle,0
18097342101,NA,2024,785.6788833939927,0.1718824732773434,-0.362089368110697,-0.17270163412016856,NA,NA,-0.17270163412016856,1,middle,0
18097342101,NA,2025,796.4369038665726,0.01369264301225348,-0.5549517949574381,-0.17270163412016856,NA,NA,-0.17270163412016856,1,middle,0
18097342101,NA,2026,819.7901241525459,0.02932212228313036,0.10608517070214042,-0.17270163412016856,NA,NA,-0.17270163412016856,1,middle,0
18097342101,NA,2027,865.0271230063371,0.05518119518767661,-0.6256635734583172,-0.17270163412016856,NA,NA,-0.17270163412016856,1,middle,0
18097342101,NA,2028,931.0379332199574,0.07631068258785301,-0.6141329826556979,-0.17270163412016856,NA,NA,-0.17270163412016856,1,middle,0
18097342200,NA,2024,834.0273136981116,0.17133566082170137,-0.36819168048082557,-0.16863941078765232,-0.7253690976160714,NA,-0.44700425420186185,2,middle,0
18097342200,NA,2025,845.6079340351027,0.013885181152691661,-0.5516105396184259,-0.16863941078765232,-0.7253690976160714,NA,-0.44700425420186185,2,middle,0
18097342200,NA,2026,870.2842505338696,0.029181746652985563,0.09915489927172695,-0.16863941078765232,-0.7253690976160714,NA,-0.44700425420186185,2,middle,0
18097342200,NA,2027,918.3084838336972,0.05518223875747208,-0.6256393243536146,-0.16863941078765232,-0.7253690976160714,NA,-0.44700425420186185,2,middle,0
18097342200,NA,2028,988.290811794692,0.07620786390738421,-0.6167173388894893,-0.16863941078765232,-0.7253690976160714,NA,-0.44700425420186185,2,middle,0
18097342300,NA,2024,1106.1267718593474,0.17133563341325608,-0.36819198635332906,-0.41488498988037426,0.3868525358357166,NA,-0.014016227022328825,2,middle,0
18097342300,NA,2025,1121.4856363747422,0.013885266052802603,-0.5516090662846317,-0.41488498988037426,0.3868525358357166,NA,-0.014016227022328825,2,middle,0
18097342300,NA,2026,1154.212502342502,0.029181707644112986,0.09915297342409321,-0.41488498988037426,0.3868525358357166,NA,-0.014016227022328825,2,middle,0
18097342300,NA,2027,1217.9045802277694,0.05518228034785877,-0.6256383579308168,-0.41488498988037426,0.3868525358357166,NA,-0.014016227022328825,2,middle,0
18097342300,NA,2028,1310.7184989328075,0.07620787392693784,-0.6167170870471609,-0.41488498988037426,0.3868525358357166,NA,-0.014016227022328825,2,middle,0
18097342400,NA,2024,278.0021236195432,0.17118234963054046,-0.3699026012337223,-0.31930568203844584,0.6418505509037906,NA,0.1612724344326724,2,middle,0
18097342400,NA,2025,282.08353744835426,0.014681232559203838,-0.537796076644577,-0.31930568203844584,0.6418505509037906,NA,0.1612724344326724,2,middle,0
18097342400,NA,2026,290.26796439780975,0.029014195665189924,0.09088299464939373,-0.31930568203844584,0.6418505509037906,NA,0.1612724344326724,2,middle,0
18097342400,NA,2027,306.44898781951383,0.05574512314947766,-0.6125597559179402,-0.31930568203844584,0.6418505509037906,NA,0.1612724344326724,2,middle,0
18097342400,NA,2028,329.93342405888234,0.07663407997026872,-0.6060043620837634,-0.31930568203844584,0.6418505509037906,NA,0.1612724344326724,2,middle,0
18097342500,NA,2024,758.4869549625965,0.1713356730827853,-0.3681915436496994,-0.6540251759169157,0.25748476786482094,NA,-0.19827020402604736,2,middle,0
18097342500,NA,2025,769.0186613715439,0.013885151669440043,-0.5516110512628806,-0.6540251759169157,0.25748476786482094,NA,-0.19827020402604736,2,middle,0
18097342500,NA,2026,791.4599800769614,0.029181760902126097,0.09915560274434147,-0.6540251759169157,0.25748476786482094,NA,-0.19827020402604736,2,middle,0
18097342500,NA,2027,835.1345029163504,0.055182225177250244,-0.6256396399129788,-0.6540251759169157,0.25748476786482094,NA,-0.19827020402604736,2,middle,0
18097342500,NA,2028,898.7783177045612,0.07620786180664552,-0.6167173916917341,-0.6540251759169157,0.25748476786482094,NA,-0.19827020402604736,2,middle,0
18097342600,NA,2024,812.3797979671789,0.1538912895157747,-0.5628672071827269,-0.660876859420244,0.2715961915948878,0.16342691857063488,-0.07528458308490711,3,middle,0
18097342600,NA,2025,850.5897338718434,0.04703457176098835,0.023655109581787587,-0.660876859420244,0.2715961915948878,0.16342691857063488,-0.07528458308490711,3,middle,0
18097342600,NA,2026,866.3735417344573,0.018556311267438952,-0.425417287597192,-0.660876859420244,0.2715961915948878,0.16342691857063488,-0.07528458308490711,3,middle,0
18097342600,NA,2027,930.3368984477444,0.07382884360161102,-0.19235400392946142,-0.660876859420244,0.2715961915948878,0.16342691857063488,-0.07528458308490711,3,middle,0
18097342600,NA,2028,1010.6739666159305,0.08635266246262785,-0.36172696878104177,-0.660876859420244,0.2715961915948878,0.16342691857063488,-0.07528458308490711,3,middle,0
18097350100,NA,2024,494.8947878294072,0.07325272323286947,-1.4627767016726356,-0.39890123290451585,-1.01128823511401,-0.30243144718141657,-0.5708736383999808,3,early,-1.4627767016726356
18097350100,NA,2025,533.455911144115,0.07791782064191,0.5595947419818061,-0.39890123290451585,-1.01128823511401,-0.30243144718141657,-0.5708736383999808,3,early,0.5595947419818061
18097350100,NA,2026,534.1674789903839,0.0013338831408629126,-1.2756795552347084,-0.39890123290451585,-1.01128823511401,-0.30243144718141657,-0.5708736383999808,3,early,-1.2756795552347084
18097350100,NA,2027,575.2954757461604,0.0769945726263821,-0.11879294944585524,-0.39890123290451585,-1.01128823511401,-0.30243144718141657,-0.5708736383999808,3,early,-0.11879294944585524
18097350100,NA,2028,619.3683211184713,0.07660905957090702,-0.6066332519388707,-0.39890123290451585,-1.01128823511401,-0.30243144718141657,-0.5708736383999808,3,early,-0.6066332519388707
18097350300,NA,2024,1000.2489753168344,0.08161831920660889,-1.3694184043856636,-1.1067097222008555,-1.2121554601101152,-0.17755355051842975,-0.8321395776098002,3,early,-1.3694184043856636
18097350300,NA,2025,1072.7480034958355,0.07248098220349264,0.4652453033803602,-1.1067097222008555,-1.2121554601101152,-0.17755355051842975,-0.8321395776098002,3,early,0.4652453033803602
18097350300,NA,2026,1075.5342417778477,0.002597290577966538,-1.2133057909474194,-1.1067097222008555,-1.2121554601101152,-0.17755355051842975,-0.8321395776098002,3,early,-1.2133057909474194
18097350300,NA,2027,1155.2836115249909,0.0741486106619147,-0.18492367683544794,-1.1067097222008555,-1.2121554601101152,-0.17755355051842975,-0.8321395776098002,3,early,-0.18492367683544794
18097350300,NA,2028,1241.749400198879,0.0748437767240131,-0.6510037856684845,-1.1067097222008555,-1.2121554601101152,-0.17755355051842975,-0.8321395776098002,3,early,-0.6510037856684845
18097350400,NA,2024,613.6951550317016,0.10108592641779413,-1.1521639891362234,-0.35015189739069513,-0.1465971486109355,0.4183524045045047,-0.026132213832375305,3,middle,0
18097350400,NA,2025,647.3314810612437,0.05480950232987358,0.158579173014704,-0.35015189739069513,-0.1465971486109355,0.4183524045045047,-0.026132213832375305,3,middle,0
18097350400,NA,2026,650.1568781831901,0.00436468363521314,-1.1260505202261906,-0.35015189739069513,-0.1465971486109355,0.4183524045045047,-0.026132213832375305,3,middle,0
18097350400,NA,2027,689.8250918159041,0.06101329535044453,-0.4901448874083505,-0.35015189739069513,-0.1465971486109355,0.4183524045045047,-0.026132213832375305,3,middle,0
18097350400,NA,2028,733.7316323939637,0.06364880184697164,-0.932390426488088,-0.35015189739069513,-0.1465971486109355,0.4183524045045047,-0.026132213832375305,3,middle,0
18097350500,NA,2024,756.0536801108285,0.0977994534004194,-1.188840339027471,-0.8070640769998174,-1.5483855488407037,-0.7384962148931505,-1.031315280244557,3,early,-1.188840339027471
18097350500,NA,2025,753.7624228704898,-0.0030305483600091554,-0.8451615805652704,-0.8070640769998174,-1.5483855488407037,-0.7384962148931505,-1.031315280244557,3,early,-0.8451615805652704
18097350500,NA,2026,770.305567116104,0.02194742500244895,-0.25799977637547084,-0.8070640769998174,-1.5483855488407037,-0.7384962148931505,-1.031315280244557,3,early,-0.25799977637547084
18097350500,NA,2027,790.2986643683513,0.025954761468358623,-1.3047890659959234,-0.8070640769998174,-1.5483855488407037,-0.7384962148931505,-1.031315280244557,3,early,-1.3047890659959234
18097350500,NA,2028,824.0417920823365,0.04269667814882938,-1.4590238285467019,-0.8070640769998174,-1.5483855488407037,-0.7384962148931505,-1.031315280244557,3,early,-1.4590238285467019
18097350600,NA,2024,1361.4942990791417,0.09779945661463696,-1.188840303157477,-1.1909735031686888,-2.047565135043079,-0.7384962148931505,-1.3256782843683061,3,early,-1.188840303157477
18097350600,NA,2025,1357.3684776724554,-0.003030362601941783,-0.845158356969504,-1.1909735031686888,-2.047565135043079,-0.7384962148931505,-1.3256782843683061,3,early,-0.845158356969504
18097350600,NA,2026,1387.1591078892343,0.021947342012732074,-0.2580038735343815,-1.1909735031686888,-2.047565135043079,-0.7384962148931505,-1.3256782843683061,3,early,-0.2580038735343815
18097350600,NA,2027,1423.162641470589,0.025954869471418673,-1.3047865563626218,-1.1909735031686888,-2.047565135043079,-0.7384962148931505,-1.3256782843683061,3,early,-1.3047865563626218
18097350600,NA,2028,1483.92700691112,0.042696712005974025,-1.4590229775445063,-1.1909735031686888,-2.047565135043079,-0.7384962148931505,-1.3256782843683061,3,early,-1.4590229775445063
18097350700,NA,2024,506.22724206829133,0.09779944339321878,-1.1888404507057322,-1.483216599384226,-1.842352746428288,-0.7384962148931505,-1.3546885202352215,3,early,-1.1888404507057322
18097350700,NA,2025,504.69302754897814,-0.003030683439802395,-0.8451639247038361,-1.483216599384226,-1.842352746428288,-0.7384962148931505,-1.3546885202352215,3,early,-0.8451639247038361
18097350700,NA,2026,515.769769270018,0.02194748315591677,-0.25799690536918446,-1.483216599384226,-1.842352746428288,-0.7384962148931505,-1.3546885202352215,3,early,-0.25799690536918446
18097350700,NA,2027,529.156408805758,0.02595468042783211,-1.3047909491092726,-1.483216599384226,-1.842352746428288,-0.7384962148931505,-1.3546885202352215,3,early,-1.3047909491092726
18097350700,NA,2028,551.7496143929073,0.04269664925374239,-1.4590245548271583,-1.483216599384226,-1.842352746428288,-0.7384962148931505,-1.3546885202352215,3,early,-1.4590245548271583
18097350800,NA,2024,681.6161121633119,0.10391923972407513,-1.12054480661949,-1.444329031360582,-1.8166547606220187,-0.25614120200149865,-1.1723749979946998,3,early,-1.12054480661949
18097350800,NA,2025,683.8477317607781,0.0032740123914962727,-0.7357539212664224,-1.444329031360582,-1.8166547606220187,-0.25614120200149865,-1.1723749979946998,3,early,-0.7357539212664224
18097350800,NA,2026,697.4736317419432,0.019925342072980357,-0.3578289528612194,-1.444329031360582,-1.8166547606220187,-0.25614120200149865,-1.1723749979946998,3,early,-0.3578289528612194
18097350800,NA,2027,718.9972103599339,0.0308593438353153,-1.1908228206565508,-1.444329031360582,-1.8166547606220187,-0.25614120200149865,-1.1723749979946998,3,early,-1.1908228206565508
18097350800,NA,2028,751.8264518519812,0.04565976198379529,-1.384546465627575,-1.444329031360582,-1.8166547606220187,-0.25614120200149865,-1.1723749979946998,3,early,-1.384546465627575
18097350900,NA,2024,399.3957694830552,0.10108604296647661,-1.1521626884773604,1.0722424777950144,-0.1576198092828268,0.4183524045045047,0.4443250243388974,3,middle,0
18097350900,NA,2025,421.2864070275503,0.05480938762277976,0.15857718241850946,1.0722424777950144,-0.1576198092828268,0.4183524045045047,0.4443250243388974,3,middle,0
18097350900,NA,2026,423.12520077678533,0.004364711793596543,-1.1260491300615314,1.0722424777950144,-0.1576198092828268,0.4183524045045047,0.4443250243388974,3,middle,0
18097350900,NA,2027,448.94143805971015,0.06101323493739108,-0.49014629120756437,1.0722424777950144,-0.1576198092828268,0.4183524045045047,0.4443250243388974,3,middle,0
18097350900,NA,2028,477.516005957443,0.0636487645721231,-0.9323913633945602,1.0722424777950144,-0.1576198092828268,0.4183524045045047,0.4443250243388974,3,middle,0
18097351000,NA,2024,919.7147482690092,0.08482681118682023,-1.3336123065210614,-1.0750128709695472,-0.11540823347042244,-0.11951611301860704,-0.4366457391528589,3,middle,0
18097351000,NA,2025,984.3881016925352,0.07031892610752122,0.4277255607596621,-1.0750128709695472,-0.11540823347042244,-0.11951611301860704,-0.4366457391528589,3,middle,0
18097351000,NA,2026,987.346024100812,0.0030048335643138024,-1.1931856068952837,-1.0750128709695472,-0.11540823347042244,-0.11951611301860704,-0.4366457391528589,3,middle,0
18097351000,NA,2027,1059.2945635751787,0.07287064283252787,-0.2146194152862834,-1.0750128709695472,-0.11540823347042244,-0.11951611301860704,-0.4366457391528589,3,middle,0
18097351000,NA,2028,1137.6131497755275,0.07393466264569426,-0.6738544449535326,-1.0750128709695472,-0.11540823347042244,-0.11951611301860704,-0.4366457391528589,3,middle,0
18097351200,NA,2024,1307.216730229487,0.07325296465515363,-1.4627740074505566,-0.979754042714128,-1.7570802588421066,-0.30243144718141657,-1.0130885829125504,3,early,-1.4627740074505566
18097351200,NA,2025,1409.0723501816844,0.07791792867760816,0.5595966168043865,-0.979754042714128,-1.7570802588421066,-0.30243144718141657,-1.0130885829125504,3,early,0.5595966168043865
18097351200,NA,2026,1410.9519251873269,0.0013339095081952301,-1.2756782534933047,-0.979754042714128,-1.7570802588421066,-0.30243144718141657,-1.0130885829125504,3,early,-1.2756782534933047
18097351200,NA,2027,1519.5877661506436,0.07699471471991748,-0.11878964766284845,-0.979754042714128,-1.7570802588421066,-0.30243144718141657,-1.0130885829125504,3,early,-0.11878964766284845
18097351200,NA,2028,1636.0021941109453,0.07660921636346019,-0.6066293109447797,-0.979754042714128,-1.7570802588421066,-0.30243144718141657,-1.0130885829125504,3,early,-0.6066293109447797
18097351500,NA,2024,624.0248357702733,0.08277160562801078,-1.3565479697000475,-0.4691400979391105,-0.1268245171867262,-0.15751982551623012,-0.2511614802140223,3,middle,0
18097351500,NA,2025,668.7754979467079,0.07171295052895776,0.45191708733324376,-0.4691400979391105,-0.1268245171867262,-0.15751982551623012,-0.2511614802140223,3,middle,0
18097351500,NA,2026,670.6138818948428,0.002748880534318543,-1.2058218740983175,-0.4691400979391105,-0.1268245171867262,-0.15751982551623012,-0.2511614802140223,3,middle,0
18097351500,NA,2027,720.0417843595129,0.0737054567451092,-0.1952211056942271,-0.4691400979391105,-0.1268245171867262,-0.15751982551623012,-0.2511614802140223,3,middle,0
18097351500,NA,2028,773.7108747126819,0.0745360776540327,-0.6587378278290136,-0.4691400979391105,-0.1268245171867262,-0.15751982551623012,-0.2511614802140223,3,middle,0
18097351600,NA,2024,632.2314303116118,0.10845277007760079,-1.0699515582923456,1.5486831255676925,1.203201903724336,0.2382996915679115,0.9967282402866466,3,late,1.0699515582923456
18097351600,NA,2025,676.5807009423536,0.0701472095572393,0.4247456377214502,1.5486831255676925,1.203201903724336,0.2382996915679115,0.9967282402866466,3,late,-0.4247456377214502
18097351600,NA,2026,679.9942391420171,0.0050452787005439426,-1.092449897866902,1.5486831255676925,1.203201903724336,0.2382996915679115,0.9967282402866466,3,late,1.092449897866902
18097351600,NA,2027,731.9206648830274,0.07636303773180253,-0.1334677281224115,1.5486831255676925,1.203201903724336,0.2382996915679115,0.9967282402866466,3,late,0.1334677281224115
18097351600,NA,2028,789.6990213030227,0.07894073660186818,-0.5480263524661515,1.5486831255676925,1.203201903724336,0.2382996915679115,0.9967282402866466,3,late,0.5480263524661515
18097351700,NA,2024,841.3254917221218,0.11398072741683318,-1.008260713278339,-0.07448193444322174,-0.13275238034301645,0.3688170875163175,0.05386092424335976,3,middle,0
18097351700,NA,2025,883.8645958367175,0.050562005470108584,0.08486924973493694,-0.07448193444322174,-0.13275238034301645,0.3688170875163175,0.05386092424335976,3,middle,0
18097351700,NA,2026,890.1632430988669,0.00712625813028156,-0.9897130319713554,-0.07448193444322174,-0.13275238034301645,0.3688170875163175,0.05386092424335976,3,middle,0
18097351700,NA,2027,944.8914416475382,0.061481081108392566,-0.4792750961666447,-0.07448193444322174,-0.13275238034301645,0.3688170875163175,0.05386092424335976,3,middle,0
18097351700,NA,2028,1007.3813865365706,0.06613452311524104,-0.8699116120758651,-0.07448193444322174,-0.13275238034301645,0.3688170875163175,0.05386092424335976,3,middle,0
18097351900,NA,2024,665.2076981952354,0.09779944329454326,-1.1888404518069302,-0.779348149476525,NA,-0.7384962148931505,-0.7589221821848378,2,early,-1.1888404518069302
18097351900,NA,2025,663.1917229035009,-0.0030305952519851242,-0.8451623943160665,-0.779348149476525,NA,-0.7384962148931505,-0.7589221821848378,2,early,-0.8451623943160665
18097351900,NA,2026,677.7470856335439,0.02194744329184095,-0.25799887343775485,-0.779348149476525,NA,-0.7384962148931505,-0.7589221821848378,2,early,-0.25799887343775485
18097351900,NA,2027,695.3378290435616,0.02595473117169389,-1.304789769990039,-0.779348149476525,NA,-0.7384962148931505,-0.7589221821848378,2,early,-1.304789769990039
18097351900,NA,2028,725.026434989902,0.042696664421634,-1.4590241735809193,-0.779348149476525,NA,-0.7384962148931505,-0.7589221821848378,2,early,-1.4590241735809193
18097352100,NA,2024,1070.4285819442814,0.0977994656270158,-1.1888402025812186,-0.6356678912346558,-1.339776867529062,-0.7384962148938793,-0.904646991219199,3,early,-1.1888402025812186
18097352100,NA,2025,1067.1847157761345,-0.0030304368015425798,-0.8451596446095101,-0.6356678912346558,-1.339776867529062,-0.7384962148938793,-0.904646991219199,3,early,-0.8451596446095101
18097352100,NA,2026,1090.606622245663,0.021947378109228532,-0.25800209146923325,-0.6356678912346558,-1.339776867529062,-0.7384962148938793,-0.904646991219199,3,early,-0.25800209146923325
18097352100,NA,2027,1118.913131385012,0.025954829690162162,-1.304787480747228,-0.6356678912346558,-1.339776867529062,-0.7384962148938793,-0.904646991219199,3,early,-1.304787480747228
18097352100,NA,2028,1166.6870344045435,0.04269670422081462,-1.4590231732251466,-0.6356678912346558,-1.339776867529062,-0.7384962148938793,-0.904646991219199,3,early,-1.4590231732251466
18097352300,NA,2024,492.48082355221794,0.09779946993333266,-1.1888401545236251,-1.23003109005736,-2.100346414084771,-0.7384962148931505,-1.3562912396784272,3,early,-1.1888401545236251
18097352300,NA,2025,490.9882717105316,-0.0030306801205389755,-0.8451638671022274,-1.23003109005736,-2.100346414084771,-0.7384962148931505,-1.3562912396784272,3,early,-0.8451638671022274
18097352300,NA,2026,501.764231527097,0.02194748925269341,-0.25799660437451094,-1.23003109005736,-2.100346414084771,-0.7384962148931505,-1.3562912396784272,3,early,-0.25799660437451094
18097352300,NA,2027,514.7873671107917,0.02595469099911596,-1.3047907034676585,-1.23003109005736,-2.100346414084771,-0.7384962148931505,-1.3562912396784272,3,early,-1.3047907034676585
18097352300,NA,2028,536.7670706746325,0.04269666461941424,-1.4590241686096963,-1.23003109005736,-2.100346414084771,-0.7384962148931505,-1.3562912396784272,3,early,-1.4590241686096963
18097352400,NA,2024,897.2701425601559,0.10048546083008669,-1.1588650592122538,-0.9057187663377272,-1.2073269275432776,NA,-1.0565228469405024,2,early,-1.1588650592122538
18097352400,NA,2025,894.1509477122461,-0.003476316328781315,-0.852897318545449,-0.9057187663377272,-1.2073269275432776,NA,-1.0565228469405024,2,early,-0.852897318545449
18097352400,NA,2026,914.4855410048588,0.02274179023646994,-0.2187823803005905,-0.9057187663377272,-1.2073269275432776,NA,-1.0565228469405024,2,early,-0.2187823803005905
18097352400,NA,2027,938.6828347872624,0.026460006962838456,-1.293048834581229,-0.9057187663377272,-1.2073269275432776,NA,-1.0565228469405024,2,early,-1.293048834581229
18097352400,NA,2028,979.8250925341904,0.043829775321557074,-1.43054333523091,-0.9057187663377272,-1.2073269275432776,NA,-1.0565228469405024,2,early,-1.43054333523091
18097352500,NA,2024,1278.6486416733708,0.17186982133378192,-0.36223056114846486,-0.4572285805390932,0.22533989303265056,-0.5594824849092481,-0.26379039080523026,3,middle,0
18097352500,NA,2025,1261.6995313435154,-0.013255486908173575,-1.0226024265055853,-0.4572285805390932,0.22533989303265056,-0.5594824849092481,-0.26379039080523026,3,middle,0
18097352500,NA,2026,1316.178123609763,0.043178737023256364,0.7901789920918474,-0.4572285805390932,0.22533989303265056,-0.5594824849092481,-0.26379039080523026,3,middle,0
18097352500,NA,2027,1369.600581912919,0.04058907935397005,-0.9647360017916303,-0.4572285805390932,0.22533989303265056,-0.5594824849092481,-0.26379039080523026,3,middle,0
18097352500,NA,2028,1471.1291223548917,0.07413003599937706,-0.6689437191768087,-0.4572285805390932,0.22533989303265056,-0.5594824849092481,-0.26379039080523026,3,middle,0
18097352600,NA,2024,1444.39637024506,0.14987499363341095,-0.6076882272457542,-1.19111583676495,-0.5403617397381028,-0.5339726031187086,-0.7551500598739205,3,early,-0.6076882272457542
18097352600,NA,2025,1428.1469303228605,-0.011249986677440038,-0.9877995124539659,-1.19111583676495,-0.5403617397381028,-0.5339726031187086,-0.7551500598739205,3,early,-0.9877995124539659
18097352600,NA,2026,1481.6171633322394,0.037440288442374126,0.5068747874092848,-1.19111583676495,-0.5403617397381028,-0.5339726031187086,-0.7551500598739205,3,early,0.5068747874092848
18097352600,NA,2027,1534.652891886709,0.035795838403484215,-1.0761150414860456,-1.19111583676495,-0.5403617397381028,-0.5339726031187086,-0.7551500598739205,3,early,-1.0761150414860456
18097352600,NA,2028,1634.2304128924188,0.0648860218047671,-0.9012927981590604,-1.19111583676495,-0.5403617397381028,-0.5339726031187086,-0.7551500598739205,3,early,-0.9012927981590604
18097352700,NA,2024,1222.4188057032268,0.15617229942649535,-0.5374116147744791,-0.6590898406877758,0.8571293085119199,-0.49201746714159467,-0.09799266643915017,3,middle,0
18097352700,NA,2025,1208.888594870128,-0.011068392248199443,-0.984648171349008,-0.6590898406877758,0.8571293085119199,-0.49201746714159467,-0.09799266643915017,3,middle,0
18097352700,NA,2026,1255.8070783184428,0.03881125493896764,0.5745586861999493,-0.6590898406877758,0.8571293085119199,-0.49201746714159467,-0.09799266643915017,3,middle,0
18097352700,NA,2027,1303.1257594225838,0.037679896793942236,-1.0323357663723773,-0.6590898406877758,0.8571293085119199,-0.49201746714159467,-0.09799266643915017,3,middle,0
18097352700,NA,2028,1391.4783472109875,0.0678005074717829,-0.8280369543035905,-0.6590898406877758,0.8571293085119199,-0.49201746714159467,-0.09799266643915017,3,middle,0
18097352800,NA,2024,637.5358568723518,0.131152614750353,-0.8166260505844234,-0.757146171040173,-1.3458286551217875,NA,-1.0514874130809804,2,early,-0.8166260505844234
18097352800,NA,2025,650.1597011993705,0.019800995020027967,-0.4489490896643777,-0.757146171040173,-1.3458286551217875,NA,-1.0514874130809804,2,early,-0.4489490896643777
18097352800,NA,2026,663.8269317637029,0.021021343739269005,-0.30371992390989055,-0.757146171040173,-1.3458286551217875,NA,-1.0514874130809804,2,early,-0.30371992390989055
18097352800,NA,2027,696.6890380186329,0.04950402685172728,-0.7575821571417617,-0.757146171040173,-1.3458286551217875,NA,-1.0514874130809804,2,early,-0.7575821571417617
18097352800,NA,2028,741.7395646321311,0.06466375119324508,-0.9068795887875383,-0.757146171040173,-1.3458286551217875,NA,-1.0514874130809804,2,early,-0.9068795887875383
18097353300,NA,2024,938.416288858941,0.17402105468304963,-0.3382232479594191,-0.4134223393786307,1.1100669249154564,0.11899193623410996,0.2718788405903119,3,middle,0
18097353300,NA,2025,1025.3568218928808,0.09264601868713762,0.8151839475316854,-0.4134223393786307,1.1100669249154564,0.11899193623410996,0.2718788405903119,3,middle,0
18097353300,NA,2026,1036.682852182574,0.011045940347658156,-0.7962003712668945,-0.4134223393786307,1.1100669249154564,0.11899193623410996,0.2718788405903119,3,middle,0
18097353300,NA,2027,1147.9284015865435,0.10730914393901614,0.585617255763383,-0.4134223393786307,1.1100669249154564,0.11899193623410996,0.2718788405903119,3,middle,0
18097353300,NA,2028,1277.853639807071,0.11318235356922846,0.312639587431282,-0.4134223393786307,1.1100669249154564,0.11899193623410996,0.2718788405903119,3,middle,0
18097353500,NA,2024,589.0877557041874,0.1740211818693087,-0.33822182858743133,-0.8453045622062816,-0.06836803515543785,0.11899193623410996,-0.26489355370920314,3,middle,0
18097353500,NA,2025,643.6643080554284,0.0926458780084487,0.8151815062313833,-0.8453045622062816,-0.06836803515543785,0.11899193623410996,-0.26489355370920314,3,middle,0
18097353500,NA,2026,650.7742135892489,0.011045983822375094,-0.7961982249428606,-0.8453045622062816,-0.06836803515543785,0.11899193623410996,-0.26489355370920314,3,middle,0
18097353500,NA,2027,720.6081977207303,0.10730908304790132,0.5856158408556067,-0.8453045622062816,-0.06836803515543785,0.11899193623410996,-0.26489355370920314,3,middle,0
18097353500,NA,2028,802.1683100291212,0.11318232649359805,0.31263890688302076,-0.8453045622062816,-0.06836803515543785,0.11899193623410996,-0.26489355370920314,3,middle,0
18097353600,NA,2024,1152.9219551360864,0.1539685124804202,-0.5620054150864567,-0.7304363208127297,-1.0129379873951525,NA,-0.871687154103941,2,early,-0.5620054150864567
18097353600,NA,2025,1239.4882738457554,0.07508428330645422,0.5104222937134497,-0.7304363208127297,-1.0129379873951525,NA,-0.871687154103941,2,early,0.5104222937134497
18097353600,NA,2026,1252.7500890099918,0.010699427694534691,-0.813307519692453,-0.7304363208127297,-1.0129379873951525,NA,-0.871687154103941,2,early,-0.813307519692453
18097353600,NA,2027,1365.8390653107074,0.0902725749475588,0.18974383451093318,-0.7304363208127297,-1.0129379873951525,NA,-0.871687154103941,2,early,0.18974383451093318
18097353600,NA,2028,1497.7150528589275,0.09655309391682998,-0.10533826104978371,-0.7304363208127297,-1.0129379873951525,NA,-0.871687154103941,2,early,-0.10533826104978371
18097354201,NA,2024,1884.5172411682745,0.24125791488375548,0.4121260162131127,0.8781322409880451,0.6100403594723685,NA,0.7440863002302067,2,late,-0.4121260162131127
18097354201,NA,2025,2338.446217783129,0.24087281702631125,3.387472119674203,0.8781322409880451,0.6100403594723685,NA,0.7440863002302067,2,late,-3.387472119674203
18097354201,NA,2026,2374.887653135034,0.015583610636318745,-0.5721779627498104,0.8781322409880451,0.6100403594723685,NA,0.7440863002302067,2,late,0.5721779627498104
18097354201,NA,2027,2946.9223422704677,0.24086810522607416,3.6890850355811997,0.8781322409880451,0.6100403594723685,NA,0.7440863002302067,2,late,-3.6890850355811997
18097354201,NA,2028,3656.7368913862097,0.24086639099178386,3.521988672287146,0.8781322409880451,0.6100403594723685,NA,0.7440863002302067,2,late,-3.521988672287146
18097354202,NA,2024,1230.5159855940265,0.1732294262119285,-0.34705765573858444,NA,0.799596967556716,1.5834561847069226,1.1915265761318192,2,late,0.34705765573858444
18097354202,NA,2025,1426.2644591160984,0.15907836697267697,1.9680331330853602,NA,0.799596967556716,1.5834561847069226,1.1915265761318192,2,late,-1.9680331330853602
18097354202,NA,2026,1437.5426211537504,0.007907483051664554,-0.9511443662577768,NA,0.799596967556716,1.5834561847069226,1.1915265761318192,2,late,0.9511443662577768
18097354202,NA,2027,1668.0258154081064,0.1603313813884515,1.8176783915526855,NA,0.799596967556716,1.5834561847069226,1.1915265761318192,2,late,-1.8176783915526855
18097354202,NA,2028,1936.243716294939,0.16079961017942002,1.5095033615577522,NA,0.799596967556716,1.5834561847069226,1.1915265761318192,2,late,-1.5095033615577522
18097354400,NA,2024,471.0055279552418,0.17476127598988023,-0.3299625333566373,0.04007040512194974,1.5283221877424384,NA,0.7841962964321941,2,late,0.3299625333566373
18097354400,NA,2025,491.7207445757705,0.043980835448914624,-0.02933861277073394,0.04007040512194974,1.5283221877424384,NA,0.7841962964321941,2,late,0.02933861277073394
18097354400,NA,2026,502.5761819024987,0.022076427416324984,-0.25163099468296996,0.04007040512194974,1.5283221877424384,NA,0.7841962964321941,2,late,0.25163099468296996
18097354400,NA,2027,540.9099159089212,0.07627447417287159,-0.1355256518211249,0.04007040512194974,1.5283221877424384,NA,0.7841962964321941,2,late,0.1355256518211249
18097354400,NA,2028,590.2905928100087,0.09129186847704629,-0.23757960766784905,0.04007040512194974,1.5283221877424384,NA,0.7841962964321941,2,late,0.23757960766784905
18097354500,NA,2024,1047.627445544623,0.17038098066200358,-0.37884571092203045,-0.3136188255502367,0.564490452721401,-0.5506570968878243,-0.09992848990555332,3,middle,0
18097354500,NA,2025,1034.0652725407824,-0.012945606819979916,-1.0172248504223516,-0.3136188255502367,0.564490452721401,-0.5506570968878243,-0.09992848990555332,3,middle,0
18097354500,NA,2026,1078.4150643302382,0.04288877401373781,0.7758636699902093,-0.3136188255502367,0.564490452721401,-0.5506570968878243,-0.09992848990555332,3,middle,0
18097354500,NA,2027,1122.0553730189222,0.04046708000670152,-0.9675708624386289,-0.3136188255502367,0.564490452721401,-0.5506570968878243,-0.09992848990555332,3,middle,0
18097354500,NA,2028,1204.892945449718,0.07382663496180131,-0.6765697299291603,-0.3136188255502367,0.564490452721401,-0.5506570968878243,-0.09992848990555332,3,middle,0
18097354700,NA,2024,676.8935044127886,0.17038109175861083,-0.37884447110718406,-0.6398897553200147,-0.3175732666399462,-0.5506570969209361,-0.5027067062936323,3,early,-0.37884447110718406
18097354700,NA,2025,668.1305408998911,-0.012945852568786997,-1.017229115081353,-0.6398897553200147,-0.3175732666399462,-0.5506570969209361,-0.5027067062936323,3,early,-1.017229115081353
18097354700,NA,2026,696.7859455816052,0.042888931021052734,0.7758714213592175,-0.6398897553200147,-0.3175732666399462,-0.5506570969209361,-0.5027067062936323,3,early,0.7758714213592175
18097354700,NA,2027,724.9827600597949,0.04046696787871329,-0.9675734679215956,-0.6398897553200147,-0.3175732666399462,-0.5506570969209361,-0.5027067062936323,3,early,-0.9675734679215956
18097354700,NA,2028,778.5058225422945,0.07382666931015724,-0.6765688665803274,-0.6398897553200147,-0.3175732666399462,-0.5506570969209361,-0.5027067062936323,3,early,-0.6765688665803274
18097354800,NA,2024,787.0501083546541,0.17038105165730366,-0.3788449186293651,0.2377214943230017,-0.7746021681337257,-0.5506570969209361,-0.3625125902438867,3,middle,0
18097354800,NA,2025,776.8611388769023,-0.012945769741461666,-1.0172276777181253,0.2377214943230017,-0.7746021681337257,-0.5506570969209361,-0.3625125902438867,3,middle,0
18097354800,NA,2026,810.17984096145085,0.042888877325897745,0.7758687704575034,0.2377214943230017,-0.7746021681337257,-0.5506570969209361,-0.3625125902438867,3,middle,0
18097354800,NA,2027,842.9653925108319,0.04046700484484278,-0.9675726089512149,0.2377214943230017,-0.7746021681337257,-0.5506570969209361,-0.3625125902438867,3,middle,0
18097354800,NA,2028,905.1987087842102,0.07382665626166696,-0.6765691945552349,0.2377214943230017,-0.7746021681337257,-0.5506570969209361,-0.3625125902438867,3,middle,0
18097354900,NA,2024,1104.604990383895,0.17038096215835385,-0.37884591741888224,-0.9906698418312592,-0.789854749883168,-0.5506570969209361,-0.7770605628784544,3,early,-0.37884591741888224
18097354900,NA,2025,1090.3052384766097,-0.012945579670354035,-1.017224379275013,-0.9906698418312592,-0.789854749883168,-0.5506570969209361,-0.7770605628784544,3,early,-1.017224379275013
18097354900,NA,2026,1137.0670725565792,0.04288875484566668,0.7758627236725644,-0.9906698418312592,-0.789854749883168,-0.5506570969209361,-0.7770605628784544,3,early,0.7758627236725644
18097354900,NA,2027,1183.0808686393448,0.04046709045870811,-0.9675706195686231,-0.9906698418312592,-0.789854749883168,-0.5506570969209361,-0.7770605628784544,3,early,-0.9675706195686231
18097354900,NA,2028,1270.4237394872057,0.07382662771676252,-0.6765699120338234,-0.9906698418312592,-0.789854749883168,-0.5506570969209361,-0.7770605628784544,3,early,-0.6765699120338234
18097355000,NA,2024,999.0066050136636,0.1703809954636204,-0.37884554573908974,-0.8100619843523366,-0.289950192196429,-0.5506570968878243,-0.5502230911455299,3,early,-0.37884554573908974
18097355000,NA,2025,986.0738310077928,-0.012945634133914363,-1.017225324421057,-0.8100619843523366,-0.289950192196429,-0.5506570968878243,-0.5502230911455299,3,early,-1.017225324421057
18097355000,NA,2026,1028.3653466221542,0.042888792182161906,0.7758645669558033,-0.8100619843523366,-0.289950192196429,-0.5506570968878243,-0.5502230911455299,3,early,0.7758645669558033
18097355000,NA,2027,1069.9802773479323,0.04046706830648228,-0.9675711343129612,-0.8100619843523366,-0.289950192196429,-0.5506570968878243,-0.5502230911455299,3,early,-0.9675711343129612
18097355000,NA,2028,1148.973326238866,0.0738266401383838,-0.6765695998153213,-0.8100619843523366,-0.289950192196429,-0.5506570968878243,-0.5502230911455299,3,early,-0.6765695998153213
18097355100,NA,2024,876.6947924557952,0.17038102581171,-0.37884520706077207,-1.2299976192271254,0.1210272181625846,-0.5506570969209361,-0.553209165995159,3,early,-0.37884520706077207
18097355100,NA,2025,865.3453630212815,-0.012945701893268602,-1.0172265002987486,-1.2299976192271254,0.1210272181625846,-0.5506570969209361,-0.553209165995159,3,early,-1.0172265002987486
18097355100,NA,2026,902.459017851432,0.04288883539003585,0.7758667001059381,-1.2299976192271254,0.1210272181625846,-0.5506570969209361,-0.553209165995159,3,early,0.7758667001059381
18097355100,NA,2027,938.9788605899904,0.040467037301599174,-0.9675718547637254,-1.2299976192271254,0.1210272181625846,-0.5506570969209361,-0.553209165995159,3,early,-0.9675718547637254
18097355100,NA,2028,1008.3005237733493,0.07382664945172657,-0.6765693657236629,-1.2299976192271254,0.1210272181625846,-0.5506570969209361,-0.553209165995159,3,early,-0.6765693657236629
18097355300,NA,2024,1403.9270442838988,0.17259253880487435,-0.35416518568298255,-0.8259650407721866,0.31849751105917523,-0.564074193957407,-0.35718057455680613,3,middle,0
18097355300,NA,2025,1385.1129451850245,-0.013401051839179279,-1.025128521344711,-0.8259650407721866,0.31849751105917523,-0.564074193957407,-0.35718057455680613,3,middle,0
18097355300,NA,2026,1445.1107192340987,0.04331616007029648,0.7969634960388654,-0.8259650407721866,0.31849751105917523,-0.564074193957407,-0.35718057455680613,3,middle,0
18097355300,NA,2027,1503.855098916851,0.04065043522332079,-0.9633102946597555,-0.8259650407721866,0.31849751105917523,-0.564074193957407,-0.35718057455680613,3,middle,0
18097355300,NA,2028,1615.55596221436,0.0742763470882013,-0.6652661775788065,-0.8259650407721866,0.31849751105917523,-0.564074193957407,-0.35718057455680613,3,middle,0
18097355400,NA,2024,1228.5428368835992,0.17144048710627757,-0.36702184112094327,-0.8141073576005483,-0.2334568417560049,-0.5567366033696565,-0.5347669342420699,3,early,-0.36702184112094327
18097355400,NA,2025,1212.365835528588,-0.0131676331254732,-1.0210778354825703,-0.8141073576005483,-0.2334568417560049,-0.5567366033696565,-0.5347669342420699,3,early,-1.0210778354825703
18097355400,NA,2026,1264.6141247298826,0.04309614117302685,0.7861012781715189,-0.8141073576005483,-0.2334568417560049,-0.5567366033696565,-0.5347669342420699,3,early,0.7861012781715189
18097355400,NA,2027,1315.8983018584463,0.040553221829241926,-0.9655692118704251,-0.8141073576005483,-0.2334568417560049,-0.5567366033696565,-0.5347669342420699,3,early,-0.9655692118704251
18097355400,NA,2028,1413.331126586314,0.07404282275481555,-0.6711358314585852,-0.8141073576005483,-0.2334568417560049,-0.5567366033696565,-0.5347669342420699,3,early,-0.6711358314585852
18097355500,NA,2024,1154.6260639849925,0.17701813369845154,-0.3047764744610612,-0.28436887162057484,1.3400658144652182,-0.35337972186675254,0.23410574032596362,3,middle,0
18097355500,NA,2025,1124.2341573874255,-0.026321860856556967,-1.2493527816155297,-0.28436887162057484,1.3400658144652182,-0.35337972186675254,0.23410574032596362,3,middle,0
18097355500,NA,2026,1179.8451954166292,0.04946570753412849,1.1005634375287565,-0.28436887162057484,1.3400658144652182,-0.35337972186675254,0.23410574032596362,3,middle,0
18097355500,NA,2027,1219.16073830992,0.033322628295661794,-1.1335842506531462,-0.28436887162057484,1.3400658144652182,-0.35337972186675254,0.23410574032596362,3,middle,0
18097355500,NA,2028,1307.4837032293528,0.07244570969523845,-0.7112794033539683,-0.28436887162057484,1.3400658144652182,-0.35337972186675254,0.23410574032596362,3,middle,0
18097355600,NA,2024,864.132088341007,0.17186404298436897,-0.3622950463165289,-1.0107578076398005,-0.6385560575202556,-0.4892447456617867,-0.7128528702739476,3,early,-0.3622950463165289
18097355600,NA,2025,849.4853689613685,-0.016949630244327385,-1.0867096008914483,-1.0107578076398005,-0.6385560575202556,-0.4892447456617867,-0.7128528702739476,3,early,-1.0867096008914483
18097355600,NA,2026,887.5483925935388,0.0448071562182506,0.8705731959302537,-1.0107578076398005,-0.6385560575202556,-0.4892447456617867,-0.7128528702739476,3,early,0.8705731959302537
18097355600,NA,2027,921.49439863766,0.03824693540926405,-1.0191596675497647,-1.0107578076398005,-0.6385560575202556,-0.4892447456617867,-0.7128528702739476,3,early,-1.0191596675497647
18097355600,NA,2028,989.057112320982,0.07331863740377265,-0.6893382915354391,-1.0107578076398005,-0.6385560575202556,-0.4892447456617867,-0.7128528702739476,3,early,-0.6893382915354391
18097355700,NA,2024,1025.8090877417285,0.17448631356648692,-0.3330310563580445,-1.000883977930353,0.9221843283893232,-0.21271138340463108,-0.097137010981887,3,middle,0
18097355700,NA,2025,1014.2583552162092,-0.011260119123089107,-0.9879753482028995,-1.000883977930353,0.9221843283893232,-0.21271138340463108,-0.097137010981887,3,middle,0
18097355700,NA,2026,1057.5179590226217,0.04265146408105336,0.7641478027492932,-1.000883977930353,0.9221843283893232,-0.21271138340463108,-0.097137010981887,3,middle,0
18097355700,NA,2027,1102.3983255599007,0.04243934219212542,-0.9217420233488982,-1.000883977930353,0.9221843283893232,-0.21271138340463108,-0.097137010981887,3,middle,0
18097355700,NA,2028,1185.4603851077864,0.07534668515184739,-0.6383631397802682,-1.000883977930353,0.9221843283893232,-0.21271138340463108,-0.097137010981887,3,middle,0
18097355900,NA,2024,997.6906833935016,0.1808264021454804,-0.2622769969650912,1.9426975273743825,1.4245266893751276,-0.02054335483509839,1.1155602873048038,3,late,0.2622769969650912
18097355900,NA,2025,956.1269844473426,-0.04165990485626869,-1.515525090579401,1.9426975273743825,1.4245266893751276,-0.02054335483509839,1.1155602873048038,3,late,1.515525090579401
18097355900,NA,2026,1009.7742522193809,0.05610893599352518,1.428536151527458,1.9426975273743825,1.4245266893751276,-0.02054335483509839,1.1155602873048038,3,late,-1.428536151527458
18097355900,NA,2027,1033.8216283914587,0.023814606204529465,-1.3545191839984576,1.9426975273743825,1.4245266893751276,-0.02054335483509839,1.1155602873048038,3,late,1.3545191839984576
18097355900,NA,2028,1104.9398387533804,0.06879156752850668,-0.8031265759173115,1.9426975273743825,1.4245266893751276,-0.02054335483509839,1.1155602873048038,3,late,0.8031265759173115
18097356200,NA,2024,981.257091767372,0.14211412266623036,-0.6942979202352669,0.9450418462402456,-0.01780991256729287,1.7019812716527405,0.876404401775231,3,late,0.6942979202352669
18097356200,NA,2025,1065.4552080392928,0.08580637732795293,0.6964906426296265,0.9450418462402456,-0.01780991256729287,1.7019812716527405,0.876404401775231,3,late,-0.6964906426296265
18097356200,NA,2026,1075.8130530150158,0.009721520808729345,-0.861586271106148,0.9450418462402456,-0.01780991256729287,1.7019812716527405,0.876404401775231,3,late,0.861586271106148
18097356200,NA,2027,1181.30672351209,0.09805948180441137,0.3706857518619041,0.9450418462402456,-0.01780991256729287,1.7019812716527405,0.876404401775231,3,late,-0.3706857518619041
18097356200,NA,2028,1303.1863564541202,0.1031735708569197,0.061067987044254986,0.9450418462402456,-0.01780991256729287,1.7019812716527405,0.876404401775231,3,late,-0.061067987044254986
18097356400,NA,2024,1226.1186360796376,0.1465027643173875,-0.6453215994518029,-0.9055998522297878,-0.5814438022165451,-0.20558753170924932,-0.564210395385194,3,early,-0.6453215994518029
18097356400,NA,2025,1257.9760152238794,0.025982297476614402,-0.34168042181438424,-0.9055998522297878,-0.5814438022165451,-0.20558753170924932,-0.564210395385194,3,early,-0.34168042181438424
18097356400,NA,2026,1282.2457704989918,0.019292701117829436,-0.3890621058854978,-0.9055998522297878,-0.5814438022165451,-0.20558753170924932,-0.564210395385194,3,early,-0.3890621058854978
18097356400,NA,2027,1352.669355989707,0.05492206495117502,-0.6316849016568107,-0.9055998522297878,-0.5814438022165451,-0.20558753170924932,-0.564210395385194,3,early,-0.6316849016568107
18097356400,NA,2028,1445.3480763462696,0.06851542836109603,-0.8100673572562456,-0.9055998522297878,-0.5814438022165451,-0.20558753170924932,-0.564210395385194,3,early,-0.8100673572562456
18097356900,NA,2024,1347.4214605729655,0.21219599822462398,0.0878011188944566,-0.6373743743524274,0.7580240934944841,NA,0.060324859571028344,2,middle,0
18097356900,NA,2025,1343.695610825742,-0.002765170257596372,-0.8405562800283187,-0.6373743743524274,0.7580240934944841,NA,0.060324859571028344,2,middle,0
18097356900,NA,2026,1407.6780730789296,0.04761678295121352,1.0092829980340399,-0.6373743743524274,0.7580240934944841,NA,0.060324859571028344,2,middle,0
18097356900,NA,2027,1489.641476729191,0.058225957495372294,-0.5549133847171224,-0.6373743743524274,0.7580240934944841,NA,0.060324859571028344,2,middle,0
18097356900,NA,2028,1630.0256586169005,0.09424024779167084,-0.16347184411175456,-0.6373743743524274,0.7580240934944841,NA,0.060324859571028344,2,middle,0
18097357000,NA,2024,870.2915961861547,0.18448583520529582,-0.22143849118828057,0.4402763532838831,1.7378893851134904,-0.9188609420046466,0.4197682654642423,3,middle,0
18097357000,NA,2025,835.0926804332295,-0.040444967993688685,-1.4944414015533218,0.4402763532838831,1.7378893851134904,-0.9188609420046466,0.4197682654642423,3,middle,0
18097357000,NA,2026,882.3633534669843,0.056605301592670854,1.4530414615107583,0.4402763532838831,1.7378893851134904,-0.9188609420046466,0.4197682654642423,3,middle,0
18097357000,NA,2027,905.039443505152,0.02569926544327661,-1.310725947161159,0.4402763532838831,1.7378893851134904,-0.9188609420046466,0.4197682654642423,3,middle,0
18097357000,NA,2028,969.3362040303408,0.07104304788769444,-0.7465354265756181,0.4402763532838831,1.7378893851134904,-0.9188609420046466,0.4197682654642423,3,middle,0
18097357100,NA,2024,924.6264834194404,0.181023956140822,-0.2600723357926863,0.70571884540674,1.0470896913215295,-0.01229909014625734,0.5801698155273374,3,late,0.2600723357926863
18097357100,NA,2025,885.1014601731101,-0.04274701617907317,-1.5343905294122193,0.70571884540674,1.0470896913215295,-0.01229909014625734,0.5801698155273374,3,late,1.5343905294122193
18097357100,NA,2026,935.1656833355,0.05656325903314885,1.450965842339423,0.70571884540674,1.0470896913215295,-0.01229909014625734,0.5801698155273374,3,late,-1.450965842339423
18097357100,NA,2027,956.7794810320344,0.023112265646279218,-1.3708392517197399,0.70571884540674,1.0470896913215295,-0.01229909014625734,0.5801698155273374,3,late,1.3708392517197399
18097357100,NA,2028,1022.306849971758,0.06848743126163437,-0.810771066720245,0.70571884540674,1.0470896913215295,-0.01229909014625734,0.5801698155273374,3,late,0.810771066720245
18097357200,NA,2024,1081.7813916841906,0.1810239160753968,-0.26007278291443214,0.1248838932050974,0.6202977736259502,-0.01229909014625734,0.2442941922282634,3,middle,0
18097357200,NA,2025,1035.5385531192865,-0.042746934750754195,-1.5343891163269734,0.1248838932050974,0.6202977736259502,-0.01229909014625734,0.2442941922282634,3,middle,0
18097357200,NA,2026,1094.1119276357406,0.05656320022081007,1.450962938805022,0.1248838932050974,0.6202977736259502,-0.01229909014625734,0.2442941922282634,3,middle,0
18097357200,NA,2027,1119.3993746787844,0.023112303599218897,-1.3708383698191597,0.1248838932050974,0.6202977736259502,-0.01229909014625734,0.2442941922282634,3,middle,0
18097357200,NA,2028,1196.064141078425,0.06848741220856946,-0.8107715456206436,0.1248838932050974,0.6202977736259502,-0.01229909014625734,0.2442941922282634,3,middle,0
18097357300,NA,2024,1006.675230759641,0.18102393372512848,-0.26007258594712673,-1.3568133529191275,-0.2604558669881285,-0.01229909014625734,-0.5431894366845045,3,early,-0.26007258594712673
18097357300,NA,2025,963.6429138216072,-0.042746971042052384,-1.5343897461164455,-1.3568133529191275,-0.2604558669881285,-0.01229909014625734,-0.5431894366845045,3,early,-1.5343897461164455
18097357300,NA,2026,1018.1496660963044,0.05656322637037281,1.4509642297952556,-1.3568133529191275,-0.2604558669881285,-0.01229909014625734,-0.5431894366845045,3,early,1.4509642297952556
18097357300,NA,2027,1041.6814330032512,0.023112286622034794,-1.370838764312673,-1.3568133529191275,-0.2604558669881285,-0.01229909014625734,-0.5431894366845045,3,early,-1.370838764312673
18097357300,NA,2028,1113.0235074202212,0.06848742058431934,-0.8107713350954617,-1.3568133529191275,-0.2604558669881285,-0.01229909014625734,-0.5431894366845045,3,early,-0.8107713350954617
18097357400,NA,2024,1198.5430690712583,0.18102389168795008,-0.260073055073225,-1.171190079457072,-0.4728514367374881,-0.01229909014593512,-0.5521135354468317,3,early,-0.260073055073225
18097357400,NA,2025,1147.3090872229718,-0.04274688425505413,-1.5343882400381141,-1.171190079457072,-0.4728514367374881,-0.01229909014593512,-0.5521135354468317,3,early,-1.5343882400381141
18097357400,NA,2026,1212.2045191532263,0.056563163887537904,1.4509611450503808,-1.171190079457072,-0.4728514367374881,-0.01229909014593512,-0.5521135354468317,3,early,1.4509611450503808
18097357400,NA,2027,1240.2213867210842,0.023112327272487576,-1.370837819730825,-1.171190079457072,-0.4728514367374881,-0.01229909014593512,-0.5521135354468317,3,early,-1.370837819730825
18097357400,NA,2028,1325.1609257282198,0.06848740065005665,-0.8107718361448412,-1.171190079457072,-0.4728514367374881,-0.01229909014593512,-0.5521135354468317,3,early,-0.8107718361448412
18097357500,NA,2024,207.646557772778,0.1810243214408893,-0.26006825912051734,NA,1.470895679402264,-0.01229909014625734,0.7292982946280033,2,late,0.26006825912051734
18097357500,NA,2025,198.77013075608292,-0.042747768669530894,-1.534403587930151,NA,1.470895679402264,-0.01229909014625734,0.7292982946280033,2,late,1.534403587930151
18097357500,NA,2026,210.01332488484468,0.056563801039898776,1.4509926009291456,NA,1.470895679402264,-0.01229909014625734,0.7292982946280033,2,late,-1.4509926009291456
18097357500,NA,2027,214.8671346685618,0.023111913429200603,-1.3708474360777527,NA,1.470895679402264,-0.01229909014625734,0.7292982946280033,2,late,1.3708474360777527
18097357500,NA,2028,229.58287002101235,0.06848760456153502,-0.810766710812578,NA,1.470895679402264,-0.01229909014625734,0.7292982946280033,2,late,0.810766710812578
18097357601,NA,2024,1397.3536386930712,0.18102398290680588,-0.26007203708991755,-0.6398913465984296,0.3186559285416881,-0.01229909014625734,-0.11117816940099962,3,middle,0
18097357601,NA,2025,1337.6212660937908,-0.04274678287963474,-1.5343864807962284,-0.6398913465984296,0.3186559285416881,-0.01229909014625734,-0.11117816940099962,3,middle,0
18097357601,NA,2026,1413.2813157738738,0.05656313307654748,1.4509596239279006,-0.6398913465984296,0.3186559285416881,-0.01229909014625734,-0.11117816940099962,3,middle,0
18097357601,NA,2027,1445.9456628005255,0.02311241694210442,-1.3708357361060048,-0.6398913465984296,0.3186559285416881,-0.01229909014625734,-0.11117816940099962,3,middle,0
18097357601,NA,2028,1544.9748027692758,0.06848745600643769,-0.8107704447575197,-0.6398913465984296,0.3186559285416881,-0.01229909014625734,-0.11117816940099962,3,middle,0
18097357602,NA,2024,421.60449828049025,0.18102414554951696,-0.26007022203135866,NA,-0.3536806610951918,-0.01229909014625734,-0.18298987562072458,2,middle,0
18097357602,NA,2025,403.5819986444091,-0.042747408316528235,-1.5343973344606237,NA,-0.3536806610951918,-0.01229909014625734,-0.18298987562072458,2,middle,0
18097357602,NA,2026,426.4100256505654,0.05656354119567597,1.4509797725557891,NA,-0.3536806610951918,-0.01229909014625734,-0.18298987562072458,2,middle,0
18097357602,NA,2027,436.2652490487296,0.023112081811698104,-1.3708435234263614,NA,-0.3536806610951918,-0.01229909014625734,-0.18298987562072458,2,middle,0
18097357602,NA,2028,466.1439744698733,0.06848752103518185,-0.8107688102545325,NA,-0.3536806610951918,-0.01229909014625734,-0.18298987562072458,2,middle,0
18097357800,NA,2024,720.4548988016641,0.19293868257333258,-0.12710648663250396,-0.7590377380174244,1.1133785970800671,-2.2074247313449495,-0.6176946240941023,3,early,-0.12710648663250396
18097357800,NA,2025,697.5266544891942,-0.03182467681267276,-1.3448471763942969,-0.7590377380174244,1.1133785970800671,-2.2074247313449495,-0.6176946240941023,3,early,-1.3448471763942969
18097357800,NA,2026,735.9874516632875,0.055138820755542994,1.3806420696910178,-0.7590377380174244,1.1133785970800671,-2.2074247313449495,-0.6176946240941023,3,early,1.3806420696910178
18097357800,NA,2027,760.9279740575724,0.03388715709475876,-1.1204664716445845,-0.7590377380174244,1.1133785970800671,-2.2074247313449495,-0.6176946240941023,3,early,-1.1204664716445845
18097357800,NA,2028,819.975466002107,0.07759931814527699,-0.581743018879374,-0.7590377380174244,1.1133785970800671,-2.2074247313449495,-0.6176946240941023,3,early,-0.581743018879374
18097357900,NA,2024,1712.7092497786691,0.19935852160353007,-0.05546242892315512,-0.11158955289958984,0.768534654405816,-2.748366453381146,-0.6971404506249732,3,early,-0.05546242892315512
18097357900,NA,2025,1674.4737138134533,-0.02232459243748286,-1.1799852556993622,-0.11158955289958984,0.768534654405816,-2.748366453381146,-0.6971404506249732,3,early,-1.1799852556993622
18097357900,NA,2026,1762.5123642454807,0.05257690801937276,1.2541617780308545,-0.11158955289958984,0.768534654405816,-2.748366453381146,-0.6971404506249732,3,early,1.2541617780308545
18097357900,NA,2027,1836.3941747109689,0.04191846364556784,-0.9338455151016184,-0.11158955289958984,0.768534654405816,-2.748366453381146,-0.6971404506249732,3,early,-0.9338455151016184
18097357900,NA,2028,1988.7897766582585,0.08298632398530414,-0.44634017125802916,-0.11158955289958984,0.768534654405816,-2.748366453381146,-0.6971404506249732,3,early,-0.44634017125802916
18097358000,NA,2024,648.6514427773236,0.21219609719464883,0.08780222337918557,-1.588392010102962,1.6352527831903934,NA,0.023430386543715653,2,middle,0
18097358000,NA,2025,646.8576396329044,-0.002765434601885386,-0.8405608673883347,-1.588392010102962,1.6352527831903934,NA,0.023430386543715653,2,middle,0
18097358000,NA,2026,677.6590190736125,0.047616936947962873,1.0092906007730005,-1.588392010102962,1.6352527831903934,NA,0.023430386543715653,2,middle,0
18097358000,NA,2027,717.1162775840018,0.05822582950984545,-0.5549163586767505,-1.588392010102962,1.6352527831903934,NA,0.023430386543715653,2,middle,0
18097358000,NA,2028,784.6975018004596,0.0942402596746823,-0.1634715454312559,-1.588392010102962,1.6352527831903934,NA,0.023430386543715653,2,middle,0
18097358100,NA,2024,642.7566251034667,0.1655830317401361,-0.43238981503864193,-0.848412209185218,0.6718003022600293,0.4906931776428645,0.10469375690589194,3,middle,0
18097358100,NA,2025,694.2602323881546,0.08012925152875261,0.5979713215036788,-0.848412209185218,0.6718003022600293,0.4906931776428645,0.10469375690589194,3,middle,0
18097358100,NA,2026,705.9532688941117,0.016842440284581484,-0.510030201502976,-0.848412209185218,0.6718003022600293,0.4906931776428645,0.10469375690589194,3,middle,0
18097358100,NA,2027,778.2196700415271,0.10236711738812687,0.47078093164190127,-0.848412209185218,0.6718003022600293,0.4906931776428645,0.10469375690589194,3,middle,0
18097358100,NA,2028,865.8210730944623,0.11256642105725834,0.297158071624553,-0.848412209185218,0.6718003022600293,0.4906931776428645,0.10469375690589194,3,middle,0
18097360101,NA,2024,836.7392526120915,0.09779945588868766,-1.188840311258919,-1.090366914523076,-0.4025137085019636,-0.7384962148931505,-0.7437922793060634,3,early,-1.188840311258919
18097360101,NA,2025,834.2034990440577,-0.0030305182410383935,-0.8451610578887159,-1.090366914523076,-0.4025137085019636,-0.7384962148931505,-0.7437922793060634,3,early,-0.8451610578887159
18097360101,NA,2026,852.5121070207032,0.021947412109426523,-0.2580004128972438,-1.090366914523076,-0.4025137085019636,-0.7384962148931505,-0.7437922793060634,3,early,-0.2580004128972438
18097360101,NA,2027,874.6388708834648,0.025954779621944146,-1.3047886441667387,-1.090366914523076,-0.4025137085019636,-0.7384962148931505,-0.7437922793060634,3,early,-1.3047886441667387
18097360101,NA,2028,911.9830510104202,0.04269668473484867,-1.4590236630065498,-1.090366914523076,-0.4025137085019636,-0.7384962148931505,-0.7437922793060634,3,early,-1.4590236630065498
18097360102,NA,2024,812.2347520803378,0.09779946420344787,-1.1888402184679383,-1.1260769244545756,-1.4717994735299296,-0.738496214899715,-1.1121242042947401,3,early,-1.1888402184679383
18097360102,NA,2025,809.7732545800285,-0.0030305247270013824,-0.845161170444381,-1.1260769244545756,-1.4717994735299296,-0.738496214899715,-1.1121242042947401,3,early,-0.845161170444381
18097360102,NA,2026,827.5456862130623,0.02194741741902928,-0.2580001507649331,-1.1260769244545756,-1.4717994735299296,-0.738496214899715,-1.1121242042947401,3,early,-0.2580001507649331
18097360102,NA,2027,849.0244512806445,0.025954778600649098,-1.304788667898252,-1.1260769244545756,-1.4717994735299296,-0.738496214899715,-1.1121242042947401,3,early,-1.304788667898252
18097360102,NA,2028,885.2749835933042,0.042696688249650006,-1.4590235746617206,-1.1260769244545756,-1.4717994735299296,-0.738496214899715,-1.1121242042947401,3,early,-1.4590235746617206
18097360201,NA,2024,501.8417760068027,0.19724406968114727,-0.07905926909909589,-0.7689632479319516,-1.5743318159766972,-0.4500463477006149,-0.9311138038697546,3,early,-0.07905926909909589
18097360201,NA,2025,511.8783975627195,0.019999573642073054,-0.4455030094248375,-0.7689632479319516,-1.5743318159766972,-0.4500463477006149,-0.9311138038697546,3,early,-0.4455030094248375
18097360201,NA,2026,527.0013037206069,0.029543942916704813,0.11703633934837605,-0.7689632479319516,-1.5743318159766972,-0.4500463477006149,-0.9311138038697546,3,early,0.11703633934837605
18097360201,NA,2027,560.4693323103847,0.06350653851042676,-0.432210176478506,-0.7689632479319516,-1.5743318159766972,-0.4500463477006149,-0.9311138038697546,3,early,-0.432210176478506
18097360201,NA,2028,607.7592406835247,0.0843755503591963,-0.41142184879808447,-0.7689632479319516,-1.5743318159766972,-0.4500463477006149,-0.9311138038697546,3,early,-0.41142184879808447
18097360202,NA,2024,340.6747981216388,0.1979379206367522,-0.07131603789482116,-0.6619644303928562,-1.1947805533570286,-0.4457365525747098,-0.7674938454415315,3,early,-0.07131603789482116
18097360202,NA,2025,348.17458048443024,0.022014491251312496,-0.4105366687080352,-0.6619644303928562,-1.1947805533570286,-0.4457365525747098,-0.7674938454415315,3,early,-0.4105366687080352
18097360202,NA,2026,358.27729374092314,0.029016228704682012,0.0909833647456447,-0.6619644303928562,-1.1947805533570286,-0.4457365525747098,-0.7674938454415315,3,early,0.0909833647456447
18097360202,NA,2027,381.5353357919542,0.06491631609746773,-0.39945161594517453,-0.6619644303928562,-1.1947805533570286,-0.4457365525747098,-0.7674938454415315,3,early,-0.39945161594517453
18097360202,NA,2028,414.09982565100046,0.08535117669101888,-0.3868993983931527,-0.6619644303928562,-1.1947805533570286,-0.4457365525747098,-0.7674938454415315,3,early,-0.3868993983931527
18097360301,NA,2024,640.1081663846663,0.24204608255732607,0.4209218022171424,-0.4939439852793739,-1.389255242274494,-0.985081277777518,-0.9560935017771286,3,early,0.4209218022171424
18097360301,NA,2025,639.4051830084841,-0.00109822591414932,-0.8116285741997329,-0.4939439852793739,-1.389255242274494,-0.985081277777518,-0.9560935017771286,3,early,-0.8116285741997329
18097360301,NA,2026,665.8093334185172,0.04129486452674369,0.6971731923839021,-0.4939439852793739,-1.389255242274494,-0.985081277777518,-0.9560935017771286,3,early,0.6971731923839021
18097360301,NA,2027,704.7886481185036,0.05854425996080859,-0.547517089955628,-0.4939439852793739,-1.389255242274494,-0.985081277777518,-0.9560935017771286,3,early,-0.547517089955628
18097360301,NA,2028,766.8687924433674,0.08808334880335011,-0.31822602116150506,-0.4939439852793739,-1.389255242274494,-0.985081277777518,-0.9560935017771286,3,early,-0.31822602116150506
18097360302,NA,2024,543.78844209816,0.2346116309907249,0.3379548813068922,-1.3577016182375143,-1.4754840156512978,-0.972409398107697,-1.2685316773321698,3,early,0.3379548813068922
18097360302,NA,2025,541.3843508806171,-0.004421004625009828,-0.8692911863074019,-1.3577016182375143,-1.4754840156512978,-0.972409398107697,-1.2685316773321698,3,early,-0.8692911863074019
18097360302,NA,2026,563.9933299923582,0.041761419728821636,0.7202067786576477,-1.3577016182375143,-1.4754840156512978,-0.972409398107697,-1.2685316773321698,3,early,0.7202067786576477
18097360302,NA,2027,595.117667620647,0.05518564843437157,-0.6255600947587212,-1.3577016182375143,-1.4754840156512978,-0.972409398107697,-1.2685316773321698,3,early,-0.6255600947587212
18097360302,NA,2028,645.8299343457693,0.08521384842744806,-0.3903511559183107,-1.3577016182375143,-1.4754840156512978,-0.972409398107697,-1.2685316773321698,3,early,-0.3903511559183107
18097360401,NA,2024,725.2958655424502,0.20756270813718047,0.03609457285061523,-0.7355537336495147,-1.651802505819647,0.6735257912379473,-0.5712768160770715,3,early,0.03609457285061523
18097360401,NA,2025,777.7220187844187,0.07228243773698995,0.4617998158669579,-0.7355537336495147,-1.651802505819647,0.6735257912379473,-0.5712768160770715,3,early,0.4617998158669579
18097360401,NA,2026,796.0395053752701,0.023552742687524386,-0.17874608199746386,-0.7355537336495147,-1.651802505819647,0.6735257912379473,-0.5712768160770715,3,early,-0.17874608199746386
18097360401,NA,2027,880.171430189322,0.10568812759410773,0.5479502063306708,-0.7355537336495147,-1.651802505819647,0.6735257912379473,-0.5712768160770715,3,early,0.5479502063306708
18097360401,NA,2028,986.343906091683,0.12062704180198591,0.4997624561088097,-0.7355537336495147,-1.651802505819647,0.6735257912379473,-0.5712768160770715,3,early,0.4997624561088097
18097360402,NA,2024,151.9349953865924,0.19878243451505173,-0.061891440058545404,-0.8775476737400087,NA,0.5954181665670354,-0.14106475358648668,2,middle,0
18097360402,NA,2025,165.41621294692155,0.08873016730626637,0.7472293110978968,-0.8775476737400087,NA,0.5954181665670354,-0.14106475358648668,2,middle,0
18097360402,NA,2026,167.70875869461557,0.013859256640276651,-0.6573084175329041,-0.8775476737400087,NA,0.5954181665670354,-0.14106475358648668,2,middle,0
18097360402,NA,2027,185.9170369766293,0.10857082494522285,0.6149345424017156,-0.8775476737400087,NA,0.5954181665670354,-0.14106475358648668,2,middle,0
18097360402,NA,2028,207.58275977412725,0.11653435935632639,0.3968925365266554,-0.8775476737400087,NA,0.5954181665670354,-0.14106475358648668,2,middle,0
18097360405,NA,2024,737.5607422517938,0.20743228011395387,0.03463902345459313,-0.03415194092626474,-1.2549110807997474,0.6782083957248137,-0.20361820866706615,3,middle,0
18097360405,NA,2025,791.2323510444323,0.07276906933627947,0.47024469035030847,-0.03415194092626474,-1.2549110807997474,0.6782083957248137,-0.20361820866706615,3,middle,0
18097360405,NA,2026,809.8011894575817,0.023468249735540292,-0.1829174548390509,-0.03415194092626474,-1.2549110807997474,0.6782083957248137,-0.20361820866706615,3,middle,0
18097360405,NA,2027,895.659523709763,0.10602396658578717,0.5557539918635899,-0.03415194092626474,-1.2549110807997474,0.6782083957248137,-0.20361820866706615,3,middle,0
18097360405,NA,2028,1003.9320534005374,0.12088581299545242,0.506266691953032,-0.03415194092626474,-1.2549110807997474,0.6782083957248137,-0.20361820866706615,3,middle,0
18097360406,NA,2024,374.5628751863378,0.19878122552675226,-0.06190493211451284,NA,NA,0.5954181665670354,0.5954181665670354,1,late,0.06190493211451284
18097360406,NA,2025,407.7979321265876,0.08873024835607635,0.7472307176145988,NA,NA,0.5954181665670354,0.5954181665670354,1,late,-0.7472307176145988
18097360406,NA,2026,413.4496197610049,0.01385903946335576,-0.6573191394438843,NA,NA,0.5954181665670354,0.5954181665670354,1,late,0.6573191394438843
18097360406,NA,2027,458.33807457010585,0.10857055530743698,0.6149282769128812,NA,NA,0.5954181665670354,0.5954181665670354,1,late,-0.6149282769128812
18097360406,NA,2028,511.75001898576573,0.11653394596501099,0.3968821459009629,NA,NA,0.5954181665670354,0.5954181665670354,1,late,-0.3968821459009629
18097360407,NA,2024,239.0265019482276,0.1998780136827698,-0.04966500622617882,-0.07608463044435147,-1.1459098589189831,0.6061722578132285,-0.2052740771833687,3,middle,0
18097360407,NA,2025,259.9732982570285,0.08763378176926118,0.7282029300349169,-0.07608463044435147,-1.1459098589189831,0.6061722578132285,-0.2052740771833687,3,middle,0
18097360407,NA,2026,263.6869014853401,0.014284556349475785,-0.6363115933620301,-0.07608463044435147,-1.1459098589189831,0.6061722578132285,-0.2052740771833687,3,middle,0
18097360407,NA,2027,292.2198062190692,0.10820751646367,0.6064924569304873,-0.07608463044435147,-1.1459098589189831,0.6061722578132285,-0.2052740771833687,3,middle,0
18097360407,NA,2028,326.25950221300644,0.11648661476566247,0.3956924722003138,-0.07608463044435147,-1.1459098589189831,0.6061722578132285,-0.2052740771833687,3,middle,0
18097360501,NA,2024,832.1901344050534,0.20743226901131329,0.03463889955145179,0.2174078027016832,-0.5079068846952558,0.6782083957248137,0.1292364379104137,3,middle,0
18097360501,NA,2025,892.7478620678844,0.07276910066486764,0.4702452340182396,0.2174078027016832,-0.5079068846952558,0.6782083957248137,0.1292364379104137,3,middle,0
18097360501,NA,2026,913.6990813872592,0.023468238020581955,-0.18291803320041594,0.2174078027016832,-0.5079068846952558,0.6782083957248137,0.1292364379104137,3,middle,0
18097360501,NA,2027,1010.5730962156218,0.10602398185765916,0.5557543467312992,0.2174078027016832,-0.5079068846952558,0.6782083957248137,0.1292364379104137,3,middle,0
18097360501,NA,2028,1132.7370524416558,0.12088581883241467,0.506266838665572,0.2174078027016832,-0.5079068846952558,0.6782083957248137,0.1292364379104137,3,middle,0
18097360502,NA,2024,727.4237813823812,0.20800009320333168,0.04097569849459894,-0.16372523867043445,-1.08472077730564,0.6579004473908565,-0.19684852286173932,3,middle,0
18097360502,NA,2025,778.8426465728187,0.07068625814339224,0.43410014256070717,-0.16372523867043445,-1.08472077730564,0.6579004473908565,-0.19684852286173932,3,middle,0
18097360502,NA,2026,797.4047367125427,0.023832914416543227,-0.16491415029232379,-0.16372523867043445,-1.08472077730564,0.6579004473908565,-0.19684852286173932,3,middle,0
18097360502,NA,2027,880.8044465692516,0.10458893209054732,0.522408544459788,-0.16372523867043445,-1.08472077730564,0.6579004473908565,-0.19684852286173932,3,middle,0
18097360502,NA,2028,986.3093364417228,0.11978242194781674,0.4785328646050711,-0.16372523867043445,-1.08472077730564,0.6579004473908565,-0.19684852286173932,3,middle,0
18097360601,NA,2024,948.8767255806924,0.24204592667502944,0.42092006260339154,0.2618909096739148,0.09467186303549376,-0.985081277777518,-0.20950616835603647,3,middle,0
18097360601,NA,2025,947.8348180236608,-0.0010980431166061067,-0.8116254019801101,0.2618909096739148,0.09467186303549376,-0.985081277777518,-0.20950616835603647,3,middle,0
18097360601,NA,2026,986.9754308277156,0.041294761555254134,0.6971681087353265,0.2618909096739148,0.09467186303549376,-0.985081277777518,-0.20950616835603647,3,middle,0
18097360601,NA,2027,1044.757242042322,0.05854432583610358,-0.5475155592320169,0.2618909096739148,0.09467186303549376,-0.985081277777518,-0.20950616835603647,3,middle,0
18097360601,NA,2028,1136.7829457000669,0.08808333644842725,-0.31822633170353665,0.2618909096739148,0.09467186303549376,-0.985081277777518,-0.20950616835603647,3,middle,0
18097360602,NA,2024,1467.553663184699,0.24204575159002095,0.42091810869140195,-0.8955340552544092,-0.3187636217371464,-0.985081277777518,-0.7331263182563579,3,early,0.42091810869140195
18097360602,NA,2025,1465.9425265527225,-0.0010978383090129995,-0.8116218478039745,-0.8955340552544092,-0.3187636217371464,-0.985081277777518,-0.7331263182563579,3,early,-0.8116218478039745
18097360602,NA,2026,1526.4781043645864,0.04129464608289801,0.6971624079255079,-0.8955340552544092,-0.3187636217371464,-0.985081277777518,-0.7331263182563579,3,early,0.6971624079255079
18097360602,NA,2027,1615.8448483568911,0.05854439951466217,-0.5475138471864122,-0.8955340552544092,-0.3187636217371464,-0.985081277777518,-0.7331263182563579,3,early,-0.5475138471864122
18097360602,NA,2028,1758.173831091617,0.08808332240527705,-0.3182266846793052,-0.8955340552544092,-0.3187636217371464,-0.985081277777518,-0.7331263182563579,3,early,-0.3182266846793052
18097360700,NA,2024,433.8110183421537,0.24204623623921884,0.4209235172748475,0.3355598916445786,1.161296127446601,-0.985081277777518,0.1705915804378872,3,middle,0
18097360700,NA,2025,433.3345176186884,-0.0010984062260251948,-0.8116317032837501,0.3355598916445786,1.161296127446601,-0.985081277777518,0.1705915804378872,3,middle,0
18097360700,NA,2026,451.2290518246378,0.04129496607905958,0.697178205968616,0.3355598916445786,1.161296127446601,-0.985081277777518,0.1705915804378872,3,middle,0
18097360700,NA,2027,477.645893405077,0.0585441949573442,-0.547518600420784,0.3355598916445786,1.161296127446601,-0.985081277777518,0.1705915804378872,3,middle,0
18097360700,NA,2028,519.7185490415993,0.08808336095301006,-0.3182257157787743,0.3355598916445786,1.161296127446601,-0.985081277777518,0.1705915804378872,3,middle,0
18097360800,NA,2024,693.8266770704132,0.2420460527039383,0.4209214690595935,-0.928373836612924,-1.0079582549305697,-0.985081277777518,-0.9738044564403372,3,early,0.4209214690595935
18097360800,NA,2025,693.0647230639886,-0.0010981907032486804,-0.8116279631591905,-0.928373836612924,-1.0079582549305697,-0.985081277777518,-0.9738044564403372,3,early,-0.8116279631591905
18097360800,NA,2026,721.6847231928795,0.04129484473306322,0.6971722151802512,-0.928373836612924,-1.0079582549305697,-0.985081277777518,-0.9738044564403372,3,early,0.6971722151802512
18097360800,NA,2027,763.9352304317691,0.058544272701194,-0.5475167939112798,-0.928373836612924,-1.0079582549305697,-0.985081277777518,-0.9738044564403372,3,early,-0.5475167939112798
18097360800,NA,2028,831.2252020402408,0.0880833465036559,-0.3182260789645137,-0.928373836612924,-1.0079582549305697,-0.985081277777518,-0.9738044564403372,3,early,-0.3182260789645137
18097360900,NA,2024,1379.846661826699,0.16996695451914734,-0.3834661558790528,-0.9478393931721087,0.08612384965833136,-0.868760941600952,-0.5768254950382431,3,early,-0.3834661558790528
18097360900,NA,2025,1360.9020570890125,-0.013729499995750793,-1.0308283227151602,-0.9478393931721087,0.08612384965833136,-0.868760941600952,-0.5768254950382431,3,early,-1.0308283227151602
18097360900,NA,2026,1411.7192411319097,0.03734080919209992,0.5019635488603775,-0.9478393931721087,0.08612384965833136,-0.868760941600952,-0.5768254950382431,3,early,0.5019635488603775
18097360900,NA,2027,1463.0483830988014,0.03635931314907648,-1.0630217551888566,-0.9478393931721087,0.08612384965833136,-0.868760941600952,-0.5768254950382431,3,early,-1.0630217551888566
18097360900,NA,2028,1556.9501861839308,0.06418229511059725,-0.91898102816425975,-0.9478393931721087,0.08612384965833136,-0.868760941600952,-0.5768254950382431,3,early,-0.91898102816425975
18097361000,NA,2024,462.70164873889814,0.24204621008685123,0.4209232254199077,0.8463400047426644,1.4792892831454971,-0.985081277777518,0.4468493367035478,3,middle,0
18097361000,NA,2025,462.19342841980176,-0.0010983758551142975,-0.811631176235094,0.8463400047426644,1.4792892831454971,-0.985081277777518,0.4468493367035478,3,middle,0
18097361000,NA,2026,481.2796824333453,0.04129494891088714,0.6971773583849232,0.8463400047426644,1.4792892831454971,-0.985081277777518,0.4468493367035478,3,middle,0
18097361000,NA,2027,509.4558192221045,0.05854420582705866,-0.5475183478446313,0.8463400047426644,1.4792892831454971,-0.985081277777518,0.4468493367035478,3,middle,0
18097361000,NA,2028,554.3303989307016,0.08808335878293971,-0.31822577032367605,0.8463400047426644,1.4792892831454971,-0.985081277777518,0.4468493367035478,3,middle,0
18097361100,NA,2024,822.1012258350993,0.24191126592378231,0.4194172768500178,0.3563567106203911,1.435147069959686,NA,0.8957518902900385,2,late,-0.4194172768500178
18097361100,NA,2025,821.1350564778483,-0.0011752437861525245,-0.8129651217297154,0.3563567106203911,1.435147069959686,NA,0.8957518902900385,2,late,0.8129651217297154
18097361100,NA,2026,855.0673934115388,0.041323697808298254,0.6985966764116962,0.3563567106203911,1.435147069959686,NA,0.8957518902900385,2,late,-0.6985966764116962
18097361100,NA,2027,905.0768881586064,0.05848602710429662,-0.5488702286156629,0.3563567106203911,1.435147069959686,NA,0.8957518902900385,2,late,0.5488702286156629
18097361100,NA,2028,984.7683763897708,0.08804941245743003,-0.3190790140877981,0.3563567106203911,1.435147069959686,NA,0.8957518902900385,2,late,0.3190790140877981
18097361200,NA,2024,732.4082017107911,0.24141752552738494,0.41390723753492886,0.10657498397721513,1.1499501214812715,NA,0.6282625527292434,2,late,-0.41390723753492886
18097361200,NA,2025,730.5846786570619,-0.002489763289747149,-0.8357769412457109,0.10657498397721513,1.1499501214812715,NA,0.6282625527292434,2,late,0.8357769412457109
18097361200,NA,2026,761.1517854836175,0.04183923878987317,0.7240486649949753,0.10657498397721513,1.1499501214812715,NA,0.6282625527292434,2,late,-0.7240486649949753
18097361200,NA,2027,805.0465699421093,0.05766889770954431,-0.5678576086021346,0.10657498397721513,1.1499501214812715,NA,0.6282625527292434,2,late,0.5678576086021346
18097361200,NA,2028,875.6049243879997,0.08764505940440737,-0.32924246229066423,0.10657498397721513,1.1499501214812715,NA,0.6282625527292434,2,late,0.32924246229066423
18097361300,NA,2024,588.6467355874328,0.2420461154385085,0.4209221691642452,-0.14167774316478343,0.773052125128204,-0.985081277777518,-0.11790229860469914,3,middle,0
18097361300,NA,2025,588.0002457572103,-0.001098264529705184,-0.8116292443237504,-0.14167774316478343,0.773052125128204,-0.985081277777518,-0.11790229860469914,3,middle,0
18097361300,NA,2026,612.2816490311637,0.041294886267750686,0.6971742657260448,-0.14167774316478343,0.773052125128204,-0.985081277777518,-0.11790229860469914,3,middle,0
18097361300,NA,2027,648.1272165319389,0.05854424603039288,-0.5475174136523376,-0.14167774316478343,0.773052125128204,-0.985081277777518,-0.11790229860469914,3,middle,0
18097361300,NA,2028,705.2164338916682,0.08808335139080836,-0.31822595612552307,-0.14167774316478343,0.773052125128204,-0.985081277777518,-0.11790229860469914,3,middle,0
18097361401,NA,2024,817.5064282252938,0.30515017677214207,1.1251502643883164,NA,-1.2084901739715777,1.228249341711337,0.009879583869879638,2,middle,0
18097361401,NA,2025,928.3762067177958,0.13561945773709283,1.560933503098207,NA,-1.2084901739715777,1.228249341711337,0.009879583869879638,2,middle,0
18097361401,NA,2026,949.5383430236656,0.022794785295809028,-0.21616604194248715,NA,-1.2084901739715777,1.228249341711337,0.009879583869879638,2,middle,0
18097361401,NA,2027,1107.3584191064,0.1662071650315664,1.954212136962659,NA,-1.2084901739715777,1.228249341711337,0.009879583869879638,2,middle,0
18097361401,NA,2028,1304.0429456193287,0.17761595804874664,1.9321836882021501,NA,-1.2084901739715777,1.228249341711337,0.009879583869879638,2,middle,0
18097361402,NA,2024,1375.3060089891285,0.21258468509855044,0.0921387829223967,0.3388023339243472,0.9443933135071352,0.2458445352939665,0.509680060908483,3,late,-0.0921387829223967
18097361402,NA,2025,1327.4445956922614,-0.0348005556465546,-1.3964897809158336,0.3388023339243472,0.9443933135071352,0.2458445352939665,0.509680060908483,3,late,1.3964897809158336
18097361402,NA,2026,1404.8282252823744,0.058295185984585274,1.5364701699689574,0.3388023339243472,0.9443933135071352,0.2458445352939665,0.509680060908483,3,late,-1.5364701699689574
18097361402,NA,2027,1455.406220224645,0.03600297462140212,-1.071301882023388,0.3388023339243472,0.9443933135071352,0.2458445352939665,0.509680060908483,3,late,1.071301882023388
18097361402,NA,2028,1573.7970399850583,0.08134555020806444,-0.4875811589863004,0.3388023339243472,0.9443933135071352,0.2458445352939665,0.509680060908483,3,late,0.4875811589863004
18097361601,NA,2024,737.3430023947676,0.2913054788034486,0.970646337487354,0.7576066785121887,-0.6660559755357521,1.2081885239350496,0.4332464089704954,3,middle,0
18097361601,NA,2025,807.3106930102847,0.09489164525637817,0.8541539497703416,0.7576066785121887,-0.6660559755357521,1.2081885239350496,0.4332464089704954,3,middle,0
18097361601,NA,2026,831.4487706157242,0.029899365652440446,0.13458337389167477,0.7576066785121887,-0.6660559755357521,1.2081885239350496,0.4332464089704954,3,middle,0
18097361601,NA,2027,946.6157896168536,0.1385136680349448,1.3107070152451181,0.7576066785121887,-0.6660559755357521,1.2081885239350496,0.4332464089704954,3,middle,0
18097361601,NA,2028,1094.6945617855936,0.15642964526154324,1.3996639235736068,0.7576066785121887,-0.6660559755357521,1.2081885239350496,0.4332464089704954,3,middle,0
18097361602,NA,2024,536.9635721246574,0.30507727654290173,1.1243367131129416,-0.5061173776773821,NA,1.2324784627312615,0.3631805425269397,2,middle,0
18097361602,NA,2025,610.2691820858162,0.1365187766296756,1.5765400423764935,-0.5061173776773821,NA,1.2324784627312615,0.3631805425269397,2,middle,0
18097361602,NA,2026,624.1013904480828,0.02266574942386912,-0.22253647544209978,-0.5061173776773821,NA,1.2324784627312615,0.3631805425269397,2,middle,0
18097361602,NA,2027,728.2057736543193,0.1668068438871657,1.968146686832289,-0.5061173776773821,NA,1.2324784627312615,0.3631805425269397,2,middle,0
18097361602,NA,2028,857.8899390470688,0.1780872523736825,1.9440297109389242,-0.5061173776773821,NA,1.2324784627312615,0.3631805425269397,2,middle,0
18097370201,NA,2024,926.3946491934169,0.1655791280753034,-0.4324333791198031,-0.44982943249755897,0.8560525879842076,0.48909809520551384,0.2984404168973875,3,middle,0
18097370201,NA,2025,1000.4085631194648,0.07989458271427807,0.5938989417275042,-0.44982943249755897,0.8560525879842076,0.48909809520551384,0.2984404168973875,3,middle,0
18097370201,NA,2026,1017.2955202294414,0.016880060539785635,-0.5081729091825263,-0.44982943249755897,0.8560525879842076,0.48909809520551384,0.2984404168973875,3,middle,0
18097370201,NA,2027,1121.2614125174382,0.10219831919101363,0.46685862076898016,-0.44982943249755897,0.8560525879842076,0.48909809520551384,0.2984404168973875,3,middle,0
18097370201,NA,2028,1247.3286630010864,0.11243341568368437,0.29381497030525583,-0.44982943249755897,0.8560525879842076,0.48909809520551384,0.2984404168973875,3,middle,0
18097370203,NA,2024,571.0153132866343,0.1713169484445458,-0.36840050668698215,NA,-0.2799695125489545,NA,-0.2799695125489545,1,middle,0
18097370203,NA,2025,578.9991471721809,0.013981820977082782,-0.549933477980284,NA,-0.2799695125489545,NA,-0.2799695125489545,1,middle,0
18097370203,NA,2026,595.8835725338985,0.02916139936333373,0.09815036422518789,NA,-0.2799695125489545,NA,-0.2799695125489545,1,middle,0
18097370203,NA,2027,628.8064882117877,0.05525058450242204,-0.6240511956702538,NA,-0.2799695125489545,NA,-0.2799695125489545,1,middle,0
18097370203,NA,2028,676.759035352642,0.07625962524213548,-0.6154163133606274,NA,-0.2799695125489545,NA,-0.2799695125489545,1,middle,0
18097370204,NA,2024,895.767163337905,0.16558299569262203,-0.4323902173213421,NA,1.6097456708648843,0.4906931776428645,1.0502194242538745,2,late,0.4323902173213421
18097370204,NA,2025,967.5444177930964,0.0801293655236559,0.5979732997407097,NA,1.6097456708648843,0.4906931776428645,1.0502194242538745,2,late,-0.5979732997407097
18097370204,NA,2026,983.8401842177768,0.0168423961990809,-0.5100323779810788,NA,1.6097456708648843,0.4906931776428645,1.0502194242538745,2,late,0.5100323779810788
18097370204,NA,2027,1084.5531216215488,0.10236717204618562,0.4707822017141045,NA,1.6097456708648843,0.4906931776428645,1.0502194242538745,2,late,-0.4707822017141045
18097370204,NA,2028,1206.6374046237745,0.11256643917975517,0.2971585271350444,NA,1.6097456708648843,0.4906931776428645,1.0502194242538745,2,late,-0.2971585271350444
18097370303,NA,2024,50.25422159129118,0.17053741446317017,-0.37709994249610046,1.3590280341928898,0.11702431252033202,NA,0.7380261733566109,2,late,0.37709994249610046
18097370303,NA,2025,51.30865403455277,0.020981967481997987,-0.42845480975285727,1.3590280341928898,0.11702431252033202,NA,0.7380261733566109,2,late,0.42845480975285727
18097370303,NA,2026,52.73521727413902,0.027803559973051728,0.03111454380639512,1.3590280341928898,0.11702431252033202,NA,0.7380261733566109,2,late,-0.03111454380639512
18097370303,NA,2027,55.91708176852296,0.060336614862954274,-0.5058687000969186,1.3590280341928898,0.11702431252033202,NA,0.7380261733566109,2,late,0.5058687000969186
18097370303,NA,2028,60.402705403110275,0.08021920123006798,-0.5158920358565107,1.3590280341928898,0.11702431252033202,NA,0.7380261733566109,2,late,0.5158920358565107
18097370304,NA,2024,430.6669135779681,0.16558306793301947,-0.43238941113365126,0.7548083184140526,0.5705083291574035,0.4906931776428645,0.6053366084047735,3,late,0.43238941113365126
18097370304,NA,2025,465.1758725447039,0.08012911574756543,0.5979689651933106,0.7548083184140526,0.5705083291574035,0.4906931776428645,0.6053366084047735,3,late,-0.5979689651933106
18097370304,NA,2026,473.0105930394657,0.016842491103209234,-0.5100276926139069,0.7548083184140526,0.5705083291574035,0.4906931776428645,0.6053366084047735,3,late,0.5100276926139069
18097370304,NA,2027,521.4312921026539,0.10236705007396774,0.4707793674838546,0.7548083184140526,0.5705083291574035,0.4906931776428645,0.6053366084047735,3,late,-0.4707793674838546
18097370304,NA,2028,580.1269334531547,0.11256639607073193,0.2971574435860976,0.7548083184140526,0.5705083291574035,0.4906931776428645,0.6053366084047735,3,late,-0.2971574435860976
18097370305,NA,2024,652.7373191431966,0.16558303371035432,-0.4323897930514198,NA,NA,0.49069317761872744,0.49069317761872744,1,middle,0
18097370305,NA,2025,705.0406774233372,0.08012925988174802,0.5979714664593248,NA,NA,0.49069317761872744,0.49069317761872744,1,middle,0
18097370305,NA,2026,716.9152814694521,0.016842438211525756,-0.5100303038486528,NA,NA,0.49069317761872744,0.49069317761872744,1,middle,0
18097370305,NA,2027,790.3038361997495,0.10236712290449979,0.4707810598241321,NA,NA,0.49069317761872744,0.49069317761872744,1,middle,0
18097370305,NA,2028,879.2655134758451,0.11256642471062284,0.2971581634521788,NA,NA,0.49069317761872744,0.49069317761872744,1,middle,0
18097370306,NA,2024,1042.4833345187562,0.16558298401241234,-0.43239034767003354,NA,0.950340754316408,0.49069317760914977,0.7205169659627788,2,late,0.43239034767003354
18097370306,NA,2025,1126.016922664778,0.08012942306131299,0.5979742982338055,NA,0.950340754316408,0.49069317760914977,0.7205169659627788,2,late,-0.5979742982338055
18097370306,NA,2026,1144.981722588301,0.016842375582279745,-0.5100333958217673,NA,0.950340754316408,0.49069317760914977,0.7205169659627788,2,late,0.5100333958217673
18097370306,NA,2027,1262.190297606429,0.10236720176909997,0.4707828923761621,NA,0.950340754316408,0.49069317760914977,0.7205169659627788,2,late,-0.4707828923761621
18097370306,NA,2028,1404.2705806668853,0.11256645161184653,0.29715883961671263,NA,0.950340754316408,0.49069317760914977,0.7205169659627788,2,late,-0.29715883961671263
18097380101,NA,2024,962.9453918886244,0.22123542375218408,0.18867921273911703,2.1300261411686296,0.6437510824954028,NA,1.3868886118320163,2,late,-0.18867921273911703
18097380101,NA,2025,1099.9844848460425,0.14231242406035438,1.6770814486976227,2.1300261411686296,0.6437510824954028,NA,1.3868886118320163,2,late,-1.6770814486976227
18097380101,NA,2026,1115.5220563825017,0.014125264265553605,-0.6441757602203246,2.1300261411686296,0.6437510824954028,NA,1.3868886118320163,2,late,0.6441757602203246
18097380101,NA,2027,1290.4630874134791,0.15682435863105137,1.7361868014280344,2.1300261411686296,0.6437510824954028,NA,1.3868886118320163,2,late,-1.7361868014280344
18097380101,NA,2028,1499.8432435634893,0.16225195295564654,1.5460081201310916,2.1300261411686296,0.6437510824954028,NA,1.3868886118320163,2,late,-1.5460081201310916
18097380102,NA,2024,400.8336627735732,0.22123558173862046,0.18868097583462642,NA,-0.7158968814819584,NA,-0.7158968814819584,1,early,0.18868097583462642
18097380102,NA,2025,457.877183426517,0.14231220067254435,1.6770775720853772,NA,-0.7158968814819584,NA,-0.7158968814819584,1,early,1.6770775720853772
18097380102,NA,2026,464.3448455711939,0.014125320891240412,-0.6441729646397876,NA,-0.7158968814819584,NA,-0.7158968814819584,1,early,-0.6441729646397876
18097380102,NA,2027,537.1653787000629,0.15682425211222473,1.7361843262833996,NA,-0.7158968814819584,NA,-0.7158968814819584,1,early,1.7361843262833996
18097380102,NA,2028,624.3214783206314,0.16225189313482158,1.5460066165295945,NA,-0.7158968814819584,NA,-0.7158968814819584,1,early,1.5460066165295945
18097380103,NA,2024,1231.6269031388158,0.22117284539152093,0.18798085135316667,0.8569481882031349,0.3663750606518899,NA,0.6116616244275124,2,late,-0.18798085135316667
18097380103,NA,2025,1406.2233059928808,0.14176079006483544,1.667508540033845,0.8569481882031349,0.3663750606518899,NA,0.6116616244275124,2,late,-1.667508540033845
18097380103,NA,2026,1426.1595326004335,0.014177141370499857,-0.641614614685799,0.8569481882031349,0.3663750606518899,NA,0.6116616244275124,2,late,0.641614614685799
18097380103,NA,2027,1649.2409467330615,0.15642107985343356,1.726815938697744,0.8569481882031349,0.3663750606518899,NA,0.6116616244275124,2,late,-1.726815938697744
18097380103,NA,2028,1916.2695858769,0.16191002271244148,1.5374136745350218,0.8569481882031349,0.3663750606518899,NA,0.6116616244275124,2,late,-1.5374136745350218
18097380200,NA,2024,597.450067682565,0.28557422070386007,0.9066866986081434,-0.9549054049922804,0.6897186719174201,NA,-0.13259336653743015,2,middle,0
18097380200,NA,2025,603.9655558749212,0.01090549410702879,-0.6033192308276002,-0.9549054049922804,0.6897186719174201,NA,-0.13259336653743015,2,middle,0
18097380200,NA,2026,632.5911975719662,0.04739614936414238,0.9983904332527344,-0.9549054049922804,0.6897186719174201,NA,-0.13259336653743015,2,middle,0
18097380200,NA,2027,682.4913995333177,0.07888222623533214,-0.07493013336538186,-0.9549054049922804,0.6897186719174201,NA,-0.13259336653743015,2,middle,0
18097380200,NA,2028,759.1130649748335,0.11226759120174856,0.28964695792022954,-0.9549054049922804,0.6897186719174201,NA,-0.13259336653743015,2,middle,0
18097380301,NA,2024,384.1254323041369,0.44032212379570956,2.6336408554590394,-0.7210798175614852,0.971476112251566,NA,0.12519814734504042,2,middle,0
18097380301,NA,2025,376.6982882404821,-0.019335205219565443,-1.128108230298006,-0.7210798175614852,0.971476112251566,NA,0.12519814734504042,2,middle,0
18097380301,NA,2026,410.1722462648665,0.08886145509377741,3.045510886817469,-0.7210798175614852,0.971476112251566,NA,0.12519814734504042,2,middle,0
18097380301,NA,2027,450.1458096135463,0.09745555364286429,0.35665246219998753,-0.7210798175614852,0.971476112251566,NA,0.12519814734504042,2,middle,0
18097380301,NA,2028,522.6039828829933,0.1609660063961338,1.513685744544801,-0.7210798175614852,0.971476112251566,NA,0.12519814734504042,2,middle,0
18097380302,NA,2024,474.3672807943745,0.3274532274065891,1.374047633813434,-0.47728357287234013,0.4826490258792675,NA,0.002682726503463684,2,middle,0
18097380302,NA,2025,468.80323370105936,-0.01172940739925743,-0.9961192513003051,-0.47728357287234013,0.4826490258792675,NA,0.002682726503463684,2,middle,0
18097380302,NA,2026,494.70846706004824,0.05525822241983036,1.3865368673984333,-0.47728357287234013,0.4826490258792675,NA,0.002682726503463684,2,middle,0
18097380302,NA,2027,528.3956873707483,0.06809509550320891,-0.32558731384370154,-0.47728357287234013,0.4826490258792675,NA,0.002682726503463684,2,middle,0
18097380302,NA,2028,585.0692029421588,0.10725582537096967,0.16367579968302304,-0.47728357287234013,0.4826490258792675,NA,0.002682726503463684,2,middle,0
18097380402,NA,2024,506.6423666180727,0.46500479642692305,2.9090943074994438,-0.7516448617342206,0.8529143782219999,NA,0.05063475824388963,2,middle,0
18097380402,NA,2025,501.36592009793344,-0.010414538672240292,-0.9733013714545362,-0.7516448617342206,0.8529143782219999,NA,0.05063475824388963,2,middle,0
18097380402,NA,2026,545.9759131556411,0.0889769154014175,3.051211101808914,-0.7516448617342206,0.8529143782219999,NA,0.05063475824388963,2,middle,0
18097380402,NA,2027,605.2387266873149,0.10854473998522285,0.6143284143507206,-0.7516448617342206,0.8529143782219999,NA,0.05063475824388963,2,middle,0
18097380402,NA,2028,708.9109901979165,0.1712915233928214,1.7732184879707946,-0.7516448617342206,0.8529143782219999,NA,0.05063475824388963,2,middle,0
18097380403,NA,2024,3.7868683496750823,0.18102464412725428,-0.260064658008333,-0.04986245355531639,1.2839715325590717,-0.01229909014625734,0.40726999628583266,3,middle,0
18097380403,NA,2025,3.6249801454410497,-0.0427498896939269,-1.5344403956196362,-0.04986245355531639,1.2839715325590717,-0.01229909014625734,0.40726999628583266,3,middle,0
18097380403,NA,2026,3.8300275689763255,0.056565116306403374,1.451057534948468,-0.04986245355531639,1.2839715325590717,-0.01229909014625734,0.40726999628583266,3,middle,0
18097380403,NA,2027,3.91854221813051,0.02311070809807325,-1.3708754439798934,-0.04986245355531639,1.2839715325590717,-0.01229909014625734,0.40726999628583266,3,middle,0
18097380403,NA,2028,4.186914149628721,0.06848769684207912,-0.8107643913332936,-0.04986245355531639,1.2839715325590717,-0.01229909014625734,0.40726999628583266,3,middle,0
18097380404,NA,2024,344.8536810294504,0.439366325753378,2.6229743496819964,-0.43124641294039984,1.489993815403625,NA,0.5293737012316125,2,late,-2.6229743496819964
18097380404,NA,2025,341.21397465764517,-0.010554349777969763,-0.9757276159503471,-0.43124641294039984,1.489993815403625,NA,0.5293737012316125,2,late,0.9757276159503471
18097380404,NA,2026,369.35657324873074,0.08247786046665362,2.730356159304838,-0.43124641294039984,1.489993815403625,NA,0.5293737012316125,2,late,-2.730356159304838
18097380404,NA,2027,406.74151261447815,0.10121639107955382,0.4440418645839487,-0.43124641294039984,1.489993815403625,NA,0.5293737012316125,2,late,-0.4440418645839487
18097380404,NA,2028,471.54785924740935,0.1593305443950508,1.472578268759695,-0.43124641294039984,1.489993815403625,NA,0.5293737012316125,2,late,-1.472578268759695
18097380501,NA,2024,377.9437464946897,0.32780124968807534,1.377931489514746,-0.6413287490046543,0.8863656145437193,NA,0.1225184327695325,2,middle,0
18097380501,NA,2025,373.6122189614396,-0.011460773126751422,-0.9914574440593624,-0.6413287490046543,0.8863656145437193,NA,0.1225184327695325,2,middle,0
18097380501,NA,2026,394.22161426407393,0.055162530176138036,1.381812591383508,-0.6413287490046543,0.8863656145437193,NA,0.1225184327695325,2,middle,0
18097380501,NA,2027,421.14452397424685,0.06829384472089917,-0.3209690404802244,-0.6413287490046543,0.8863656145437193,NA,0.1225184327695325,2,middle,0
18097380501,NA,2028,466.36563360641503,0.1073767010085438,0.16671401906158223,-0.6413287490046543,0.8863656145437193,NA,0.1225184327695325,2,middle,0
18097380502,NA,2024,577.1422593535189,0.3278010805238334,1.3779296016772697,-0.9034525103047012,0.11805693198348788,NA,-0.39269778916060666,2,middle,0
18097380502,NA,2025,570.5278584951915,-0.011460607417201452,-0.9914545683801993,-0.9034525103047012,0.11805693198348788,NA,-0.39269778916060666,2,middle,0
18097380502,NA,2026,601.9995630470634,0.05516243261964582,1.3818077750705187,-0.9034525103047012,0.11805693198348788,NA,-0.39269778916060666,2,middle,0
18097380502,NA,2027,643.1124621810583,0.06829390195218599,-0.3209677106147258,-0.9034525103047012,0.11805693198348788,NA,-0.39269778916060666,2,middle,0
18097380502,NA,2028,712.1677469538313,0.10737668577993054,0.16671363628909935,-0.9034525103047012,0.11805693198348788,NA,-0.39269778916060666,2,middle,0
18097380600,NA,2024,671.8414033893711,0.2977731568434112,1.0428242685166178,0.11757163665931664,-0.35507550937900384,NA,-0.1187519363598436,2,middle,0
18097380600,NA,2025,685.6605694752063,0.020569089693071918,-0.4356197803580019,0.11757163665931664,-0.35507550937900384,NA,-0.1187519363598436,2,middle,0
18097380600,NA,2026,715.2925068299654,0.04321662740127952,0.792049620234571,0.11757163665931664,-0.35507550937900384,NA,-0.1187519363598436,2,middle,0
18097380600,NA,2027,776.1466204394914,0.08507584383795552,0.0689890202804823,0.11757163665931664,-0.35507550937900384,NA,-0.1187519363598436,2,middle,0
18097380600,NA,2028,865.4423661401712,0.11505009923268927,0.35958553272540067,0.11757163665931664,-0.35507550937900384,NA,-0.1187519363598436,2,middle,0
18097380700,NA,2024,792.8340567387107,0.27443519951836737,0.7823775573843099,-0.2207471169977716,-0.01295788683167898,NA,-0.11685250191472529,2,middle,0
18097380700,NA,2025,831.1367354540995,0.04831109157059332,0.04580749258232288,-0.2207471169977716,-0.01295788683167898,NA,-0.11685250191472529,2,middle,0
18097380700,NA,2026,859.4664901588544,0.034085552348106285,0.3412532212820304,-0.2207471169977716,-0.01295788683167898,NA,-0.11685250191472529,2,middle,0
18097380700,NA,2027,945.3147345448056,0.09988550498354387,0.41311648093487224,-0.2207471169977716,-0.01295788683167898,NA,-0.11685250191472529,2,middle,0
18097380700,NA,2028,1061.31628832923,0.12271209740561417,0.5521705051371518,-0.2207471169977716,-0.01295788683167898,NA,-0.11685250191472529,2,middle,0
18097380800,NA,2024,389.80080167798167,0.32780123766272085,1.3779313553143109,-0.40478908721924733,1.0776500219694165,NA,0.3364304673750846,2,middle,0
18097380800,NA,2025,385.33338774015465,-0.011460761287806709,-0.9914572386094856,-0.40478908721924733,1.0776500219694165,NA,0.3364304673750846,2,middle,0
18097380800,NA,2026,406.5893496887549,0.05516252321985138,1.3818122479552746,-0.40478908721924733,1.0776500219694165,NA,0.3364304673750846,2,middle,0
18097380800,NA,2027,434.3569012709415,0.06829384882669132,-0.3209689450752173,-0.40478908721924733,1.0776500219694165,NA,0.3364304673750846,2,middle,0
18097380800,NA,2028,480.99671192852014,0.10737669994677002,0.16671399237380843,-0.40478908721924733,1.0776500219694165,NA,0.3364304673750846,2,middle,0
18097380901,NA,2024,763.450281527721,0.3793061747067277,1.952715655129331,0.6947628954083526,0.5064919884379621,NA,0.6006274419231573,2,late,-1.952715655129331
18097380901,NA,2025,755.3108661386061,-0.010661356195752925,-0.9775845766746633,0.6947628954083526,0.5064919884379621,NA,0.6006274419231573,2,late,0.9775845766746633
18097380901,NA,2026,806.2417604456663,0.06743037415499575,1.9874696313679485,0.6947628954083526,0.5064919884379621,NA,0.6006274419231573,2,late,-1.9874696313679485
18097380901,NA,2027,873.876901129507,0.08388940390095168,0.04142008681695652,0.6947628954083526,0.5064919884379621,NA,0.6006274419231573,2,late,-0.04142008681695652
18097380901,NA,2028,988.7240795020334,0.13142260451567456,0.7711098384054819,0.6947628954083526,0.5064919884379621,NA,0.6006274419231573,2,late,-0.7711098384054819
18097380902,NA,2024,1408.7246103868144,0.46500430353215116,2.909088806897121,0.0861848962848292,1.0293613357520297,NA,0.5577731160184295,2,late,-2.909088806897121
18097380902,NA,2025,1394.0540825315172,-0.010414049521906832,-0.9732928828706144,0.0861848962848292,1.0293613357520297,NA,0.5577731160184295,2,late,0.9732928828706144
18097380902,NA,2026,1518.0922536557075,0.08897658468095049,3.0511947743124557,0.0861848962848292,1.0293613357520297,NA,0.5577731160184295,2,late,-3.0511947743124557
18097380902,NA,2027,1682.8734564566964,0.10854492037896946,0.6143326061037477,0.0861848962848292,1.0293613357520297,NA,0.5577731160184295,2,late,-0.6143326061037477
18097380902,NA,2028,1971.1352711665895,0.17129143822663329,1.7732163473114502,0.0861848962848292,1.0293613357520297,NA,0.5577731160184295,2,late,-1.7732163473114502
18097381002,NA,2024,569.8446868343202,0.2882173264749257,0.9361832049073542,0.6426441760557761,1.5411065512848132,NA,1.0918753636702947,2,late,-0.9361832049073542
18097381002,NA,2025,587.8256810044738,0.031554201672115534,-0.24498708822700552,0.6426441760557761,1.5411065512848132,NA,1.0918753636702947,2,late,0.24498708822700552
18097381002,NA,2026,611.0188920406504,0.03945593359674948,0.6063861343062502,0.6426441760557761,1.5411065512848132,NA,1.0918753636702947,2,late,-0.6063861343062502
18097381002,NA,2027,666.5562080920168,0.09089296055296381,0.20415954064463887,0.6426441760557761,1.5411065512848132,NA,1.0918753636702947,2,late,-0.20415954064463887
18097381002,NA,2028,745.1742027396775,0.11794653428058322,0.4323876727418534,0.6426441760557761,1.5411065512848132,NA,1.0918753636702947,2,late,-0.4323876727418534
18097381003,NA,2024,466.8716573626452,0.32780116583518204,1.3779305537340358,-0.8143764150044599,0.13205781299434227,NA,-0.3411593010050588,2,middle,0
18097381003,NA,2025,461.5209856195864,-0.01146069087441437,-0.9914560166743275,-0.8143764150044599,0.13205781299434227,NA,-0.3411593010050588,2,middle,0
18097381003,NA,2026,486.979628579059,0.05516248177814642,1.3818102019999787,-0.8143764150044599,0.13205781299434227,NA,-0.3411593010050588,2,middle,0
18097381003,NA,2027,520.2373535650108,0.0682938731605538,-0.32096837963687125,-0.8143764150044599,0.13205781299434227,NA,-0.3411593010050588,2,middle,0
18097381003,NA,2028,576.0987204255824,0.107376693499174,0.16671383031293707,-0.8143764150044599,0.13205781299434227,NA,-0.3411593010050588,2,middle,0
18097381004,NA,2024,517.8569905584858,0.327801124675694,1.3779300944027781,-0.925307528261178,-0.536860722324887,NA,-0.7310841252930325,2,early,1.3779300944027781
18097381004,NA,2025,511.92201257846335,-0.011460650504344527,-0.991455316102944,-0.925307528261178,-0.536860722324887,NA,-0.7310841252930325,2,early,-0.991455316102944
18097381004,NA,2026,540.1608891084703,0.055162458023191085,1.38180902923026,-0.925307528261178,-0.536860722324887,NA,-0.7310841252930325,2,early,1.38180902923026
18097381004,NA,2027,577.0505758947326,0.06829388711787021,-0.3209680553150783,-0.925307528261178,-0.536860722324887,NA,-0.7310841252930325,2,early,-0.3209680553150783
18097381004,NA,2028,639.0123565883333,0.10737668981185466,0.1667137376318535,-0.925307528261178,-0.536860722324887,NA,-0.7310841252930325,2,early,0.1667137376318535
18097381101,NA,2024,825.0342792798266,0.26439606392423665,0.6703429087779019,0.5664298698935022,0.7263567125591419,NA,0.646393291226322,2,late,-0.6703429087779019
18097381101,NA,2025,875.6785407719408,0.06138443306418928,0.2726787606063959,0.5664298698935022,0.7263567125591419,NA,0.646393291226322,2,late,-0.2726787606063959
18097381101,NA,2026,902.145522392264,0.03022454061394675,0.15063709164374056,0.5664298698935022,0.7263567125591419,NA,0.646393291226322,2,late,-0.15063709164374056
18097381101,NA,2027,998.710699276923,0.10703946812105491,0.5793508831892518,0.5664298698935022,0.7263567125591419,NA,0.646393291226322,2,late,-0.5793508831892518
18097381101,NA,2028,1125.3223776146087,0.12677512960395232,0.6542951632439683,0.5664298698935022,0.7263567125591419,NA,0.646393291226322,2,late,-0.6542951632439683
18097381102,NA,2024,856.0580663196067,0.23864301022200451,0.3829442283817178,-0.12229695929607833,0.11132866425409596,NA,-0.0054841475209911825,2,middle,0
18097381102,NA,2025,942.2324484182152,0.10066417862177524,0.9543289482556507,-0.12229695929607833,0.11132866425409596,NA,-0.0054841475209911825,2,middle,0
18097381102,NA,2026,961.6151206917804,0.020571009103012905,-0.3259527093339138,-0.12229695929607833,0.11132866425409596,NA,-0.0054841475209911825,2,middle,0
18097381102,NA,2027,1086.313636402852,0.12967611784365896,1.1053516275805684,-0.12229695929607833,0.11132866425409596,NA,-0.0054841475209911825,2,middle,0
18097381102,NA,2028,1239.8602688846015,0.14134650190914844,1.0205478391208533,-0.12229695929607833,0.11132866425409596,NA,-0.0054841475209911825,2,middle,0
18097381203,NA,2024,324.29057121677585,0.3278013127469195,1.377932193238227,-0.7340480693987859,-0.6147154513735711,NA,-0.6743817603861785,2,early,1.377932193238227
18097381203,NA,2025,320.57393064346235,-0.011460834520622187,-0.9914585094721581,-0.7340480693987859,-0.6147154513735711,NA,-0.6743817603861785,2,early,-0.9914585094721581
18097381203,NA,2026,338.25761138069043,0.05516256640623607,1.3818143800444962,-0.7340480693987859,-0.6147154513735711,NA,-0.6743817603861785,2,early,1.3818143800444962
18097381203,NA,2027,361.3585170322572,0.06829382362535519,-0.32096953067077694,-0.7340480693987859,-0.6147154513735711,NA,-0.6743817603861785,2,early,-0.32096953067077694
18097381203,NA,2028,400.16000457173146,0.1073767068177629,0.166714165076796,-0.7340480693987859,-0.6147154513735711,NA,-0.6743817603861785,2,early,0.166714165076796
18097381204,NA,2024,588.1100340921963,0.32780107335764597,1.3779295217041205,-1.2415474854170845,0.31810556808588053,NA,-0.461720958665602,2,middle,0
18097381204,NA,2025,581.3699400428728,-0.011460600327500736,-0.9914544453474312,-1.2415474854170845,0.31810556808588053,NA,-0.461720958665602,2,middle,0
18097381204,NA,2026,613.4397177703189,0.0551624284617831,1.381807569799011,-1.2415474854170845,0.31810556808588053,NA,-0.461720958665602,2,middle,0
18097381204,NA,2027,655.3339112236409,0.06829390442078909,-0.3209676532525682,-1.2415474854170845,0.31810556808588053,NA,-0.461720958665602,2,middle,0
18097381204,NA,2028,725.701494283347,0.10737668515934962,0.16671362069074544,-1.2415474854170845,0.31810556808588053,NA,-0.461720958665602,2,middle,0
18097381205,NA,2024,1034.024965384354,0.37721171881166593,1.9293419664262867,-0.2777215134286654,0.06963513701450817,NA,-0.10404318820707861,2,middle,0
18097381205,NA,2025,1022.9887577090988,-0.010673057271062047,-0.9777876340027324,-0.2777215134286654,0.06963513701450817,NA,-0.10404318820707861,2,middle,0
18097381205,NA,2026,1091.4437157523698,0.06691662789781816,1.9621062473893534,-0.2777215134286654,0.06963513701450817,NA,-0.10404318820707861,2,middle,0
18097381205,NA,2027,1182.331579939171,0.08327306564237169,0.027098427614614732,-0.2777215134286654,0.06963513701450817,NA,-0.10404318820707861,2,middle,0
18097381205,NA,2028,1336.5656925848757,0.13044911872660947,0.7466411907238859,-0.2777215134286654,0.06963513701450817,NA,-0.10404318820707861,2,middle,0
18097381206,NA,2024,615.6519473835095,0.32717018615172844,1.3708889527465131,0.2789801770623814,-0.00272233649343281,NA,0.1381289202844743,2,middle,0
18097381206,NA,2025,608.9901189557573,-0.010820770495512333,-0.9803510097511114,0.2789801770623814,-0.00272233649343281,NA,0.1381289202844743,2,middle,0
18097381206,NA,2026,642.4298723851938,0.05491017405467269,1.3693539016730698,0.2789801770623814,-0.00272233649343281,NA,0.1381289202844743,2,middle,0
18097381206,NA,2027,686.5183798895843,0.06862773572576875,-0.3132105197070912,0.2789801770623814,-0.00272233649343281,NA,0.1381289202844743,2,middle,0
18097381206,NA,2028,760.3332296674821,0.10752057328715625,0.17033026095854661,0.2789801770623814,-0.00272233649343281,NA,0.1381289202844743,2,middle,0
18097381207,NA,2024,382.9513555131054,0.22123559006430749,0.18868106874754825,NA,0.45313816986994354,NA,0.45313816986994354,1,middle,0
18097381207,NA,2025,437.45000117803994,0.14231218895129216,1.677077368677905,NA,0.45313816986994354,NA,0.45313816986994354,1,middle,0
18097381207,NA,2026,443.62912412099575,0.01412532386859211,-0.6441728176494917,NA,0.45313816986994354,NA,0.45313816986994354,1,middle,0
18097381207,NA,2027,513.2009272514225,0.1568242465331282,1.7361841966436802,NA,0.45313816986994354,NA,0.45313816986994354,1,middle,0
18097381207,NA,2028,596.4687476527555,0.1622518900098151,1.5460065379822923,NA,0.45313816986994354,NA,0.45313816986994354,1,middle,0
18097390102,NA,2024,1176.6141784306246,0.24679230744233793,0.473888676925974,-0.67815897889834,1.2945195228794173,0.4888261627943723,0.36839556892514985,3,middle,0
18097390102,NA,2025,1120.1514687750885,-0.04798744625944118,-1.6253315499544407,-0.67815897889834,1.2945195228794173,0.4888261627943723,0.36839556892514985,3,middle,0
18097390102,NA,2026,1199.2889507323068,0.07064891147601404,2.1463671353048133,-0.67815897889834,1.2945195228794173,0.4888261627943723,0.36839556892514985,3,middle,0
18097390102,NA,2027,1242.1108762816184,0.035706095285180206,-1.078200374236712,-0.67815897889834,1.2945195228794173,0.4888261627943723,0.36839556892514985,3,middle,0
18097390102,NA,2028,1354.9356891449795,0.09083312530127197,-0.249110156208407,-0.67815897889834,1.2945195228794173,0.4888261627943723,0.36839556892514985,3,middle,0
18097390103,NA,2024,746.8094457784961,0.3641667702027551,1.7837630747194733,0.40265733141018706,1.6966893763414974,1.1936025211698875,1.0976497429738574,3,late,-1.7837630747194733
18097390103,NA,2025,723.4893154854553,-0.031226346191606025,-1.334463906993315,0.40265733141018706,1.6966893763414974,1.1936025211698875,1.0976497429738574,3,late,1.334463906993315
18097390103,NA,2026,783.1500166054111,0.0824624494695183,2.729595326437688,0.40265733141018706,1.6966893763414974,1.1936025211698875,1.0976497429738574,3,late,-2.729595326437688
18097390103,NA,2027,840.708222920032,0.07349576083022868,-0.20009374403402644,0.40265733141018706,1.6966893763414974,1.1936025211698875,1.0976497429738574,3,late,0.20009374403402644
18097390103,NA,2028,953.5718937219644,0.13424832507278572,0.8421345637124616,0.40265733141018706,1.6966893763414974,1.1936025211698875,1.0976497429738574,3,late,-0.8421345637124616
18097390104,NA,2024,1107.2243726233116,0.3063896331958966,1.13898233823534,0.9475663038535148,0.5538918182899285,1.2227653203929447,0.9080744808454627,3,late,-1.13898233823534
18097390104,NA,2025,1249.430935517977,0.12843518117085884,1.4362594910856274,0.9475663038535148,0.5538918182899285,1.2227653203929447,0.9080744808454627,3,late,-1.4362594910856274
18097390104,NA,2026,1279.516701470826,0.024079575026991318,-0.15273664498151238,0.9475663038535148,0.5538918182899285,1.2227653203929447,0.9080744808454627,3,late,0.15273664498151238
18097390104,NA,2027,1486.4725251230368,0.16174530853275426,1.8505333740493088,0.9475663038535148,0.5538918182899285,1.2227653203929447,0.9080744808454627,3,late,-1.8505333740493088
18097390104,NA,2028,1745.6063954079236,0.17432805915026117,1.8495420711765835,0.9475663038535148,0.5538918182899285,1.2227653203929447,0.9080744808454627,3,late,-1.8495420711765835
18097390200,NA,2024,1047.1511031865073,0.30507575836703116,1.1243197705884993,1.1465682285839087,0.8341094224238632,1.2324784627312615,1.071052037913011,3,late,-1.1243197705884993
18097390200,NA,2025,1190.1064490018157,0.13651835478212426,1.576532721747033,1.1465682285839087,0.8341094224238632,1.2324784627312615,1.071052037913011,3,late,-1.576532721747033
18097390200,NA,2026,1217.080874962034,0.022665557339717424,-0.2225459585361907,1.1465682285839087,0.8341094224238632,1.2324784627312615,1.071052037913011,3,late,0.2225459585361907
18097390200,NA,2027,1420.0974567401051,0.1668061555764766,1.9681306927722455,1.1465682285839087,0.8341094224238632,1.2324784627312615,1.071052037913011,3,late,-1.9681306927722455
18097390200,NA,2028,1672.9976008951726,0.17808647072406614,1.9440100641096758,1.1465682285839087,0.8341094224238632,1.2324784627312615,1.071052037913011,3,late,-1.9440100641096758
18097390300,NA,2024,374.48083619550175,0.3050776027907667,1.124340353970719,1.839329422543044,1.1146242607903014,1.2324784627312615,1.3954773820215356,3,late,-1.124340353970719
18097390300,NA,2025,425.6044162342461,0.1365185480734581,1.5765360760730887,1.839329422543044,1.1146242607903014,1.2324784627312615,1.3954773820215356,3,late,-1.5765360760730887
18097390300,NA,2026,435.25109497137896,0.02266583326951066,-0.2225323360266362,1.839329422543044,1.1146242607903014,1.2324784627312615,1.3954773820215356,3,late,0.2225323360266362
18097390300,NA,2027,507.8539258828259,0.16680677372269703,1.9681450564424914,1.839329422543044,1.1146242607903014,1.2324784627312615,1.3954773820215356,3,late,-1.9681450564424914
18097390300,NA,2028,598.2962328254335,0.17808724582642066,1.9440295463729436,1.839329422543044,1.1146242607903014,1.2324784627312615,1.3954773820215356,3,late,-1.9440295463729436
18097390405,NA,2024,1261.618900220877,0.4650043564937376,2.9090893979373225,0.4780359986904386,0.16755315652926586,NA,0.32279457760985225,2,middle,0
18097390405,NA,2025,1248.4802720975892,-0.010414102167451311,-0.9732937964672981,0.4780359986904386,0.16755315652926586,NA,0.32279457760985225,2,middle,0
18097390405,NA,2026,1359.565827162823,0.08897662025415709,3.0511965305430575,0.4780359986904386,0.16755315652926586,NA,0.32279457760985225,2,middle,0
18097390405,NA,2027,1507.1397651940224,0.10854490094029523,0.614332154413359,0.4780359986904386,0.16755315652926586,NA,0.32279457760985225,2,middle,0
18097390405,NA,2028,1765.2999169393013,0.17129144735428325,1.7732165767357044,0.4780359986904386,0.16755315652926586,NA,0.32279457760985225,2,middle,0
18097390406,NA,2024,486.3481747184122,0.30507733363977696,1.1243373503020992,1.853938866719985,0.42869323786784913,1.2324784627244916,1.171703522437442,3,late,-1.1243373503020992
18097390406,NA,2025,552.7437843803039,0.136518677592105,1.57653832370501,1.853938866719985,0.42869323786784913,1.2324784627244916,1.171703522437442,3,late,-1.57653832370501
18097390406,NA,2026,565.2721489552561,0.022665771970639348,-0.22253536231984772,1.853938866719985,0.42869323786784913,1.2324784627244916,1.171703522437442,3,late,0.22253536231984772
18097390406,NA,2027,659.563382318975,0.16680679127388331,1.9681454642739136,1.853938866719985,0.42869323786784913,1.2324784627244916,1.171703522437442,3,late,-1.9681454642739136
18097390406,NA,2028,777.0231907976495,0.17808721895035284,1.944028870840705,1.853938866719985,0.42869323786784913,1.2324784627244916,1.171703522437442,3,late,-1.944028870840705
18097390408,NA,2024,1008.0667571193674,0.4646091269195711,2.9046787187463283,0.6513365702973684,0.8199954954825309,NA,0.7356660328899496,2,late,-2.9046787187463283
18097390408,NA,2025,997.9450723481692,-0.010040688971950318,-0.9668136838502039,0.6513365702973684,0.8199954954825309,NA,0.7356660328899496,2,late,0.9668136838502039
18097390408,NA,2026,1086.5475687390035,0.08878494302532314,3.0417335260209866,0.6513365702973684,0.8199954954825309,NA,0.7356660328899496,2,late,-3.0417335260209866
18097390408,NA,2027,1204.6791310699275,0.10872194253586343,0.6184460145560154,0.6513365702973684,0.8199954954825309,NA,0.7356660328899496,2,late,-0.6184460145560154
18097390408,NA,2028,1411.062212846157,0.1713178857783748,1.7738811087623858,0.6513365702973684,0.8199954954825309,NA,0.7356660328899496,2,late,-1.7738811087623858
18097390409,NA,2024,1486.5161023884846,0.4650042776064238,2.9090885175714387,0.672670879736601,NA,NA,0.672670879736601,1,late,-2.9090885175714387
18097390409,NA,2025,1471.035488235653,-0.01041402385615453,-0.9732924374740208,0.672670879736601,NA,NA,0.672670879736601,1,late,0.9732924374740208
18097390409,NA,2026,1601.923176373983,0.08897656731267278,3.051193916849671,0.672670879736601,NA,NA,0.672670879736601,1,late,-3.051193916849671
18097390409,NA,2027,1775.8038151418295,0.10854492982705466,0.6143328256459464,0.672670879736601,NA,NA,0.672670879736601,1,late,-0.6143328256459464
18097390409,NA,2028,2079.9837966604805,0.1712914337298892,1.773216234285407,0.672670879736601,NA,NA,0.672670879736601,1,late,-1.773216234285407
18097390410,NA,2024,520.1062832630405,0.4650047837088911,2.9090941655688733,1.5394379624959946,1.4069725695969195,NA,1.473205266046457,2,late,-2.9090941655688733
18097390410,NA,2025,514.6896227123119,-0.010414526270948965,-0.9733011562458469,1.5394379624959946,1.4069725695969195,NA,1.473205266046457,2,late,0.9733011562458469
18097390410,NA,2026,560.4851133872357,0.08897690696305616,3.0512106852114287,1.5394379624959946,1.4069725695969195,NA,1.473205266046457,2,late,-3.0512106852114287
18097390410,NA,2027,621.3228268151657,0.10854474449867779,0.6143285192284604,1.5394379624959946,1.4069725695969195,NA,1.473205266046457,2,late,-0.6143285192284604
18097390410,NA,2028,727.7501589365575,0.17129152113552126,1.773218431233365,1.5394379624959946,1.4069725695969195,NA,1.473205266046457,2,late,-1.773218431233365
18097390411,NA,2024,939.48230781091,0.4650044987145041,2.9090909850912614,-0.31729416749823924,0.140805025872717,NA,-0.08824457081276112,2,middle,0
18097390411,NA,2025,929.6983104849788,-0.010414243296107295,-0.9732962455762082,-0.31729416749823924,0.140805025872717,NA,-0.08824457081276112,2,middle,0
18097390411,NA,2026,1012.4198127212254,0.0889767156757495,3.0512012414571603,-0.31729416749823924,0.140805025872717,NA,-0.08824457081276112,2,middle,0
18097390411,NA,2027,1122.3127683130308,0.10854484889665517,0.6143309450915844,-0.31729416749823924,0.140805025872717,NA,-0.08824457081276112,2,middle,0
18097390411,NA,2028,1314.5553743647968,0.17129147193142025,1.7732171944841224,-0.31729416749823924,0.140805025872717,NA,-0.08824457081276112,2,middle,0
18097390500,NA,2024,818.4799367842784,0.07325284829461509,-1.4627753060097726,-0.45810728153563274,-1.603341774388458,-0.30243144718141657,-0.7879601677018357,3,early,-1.4627753060097726
18097390500,NA,2025,882.2541555080137,0.07791787661197591,0.5595957132713446,-0.45810728153563274,-1.603341774388458,-0.30243144718141657,-0.7879601677018357,3,early,0.5595957132713446
18097390500,NA,2026,883.4309915016923,0.0013338967987075456,-1.2756788809540633,-0.45810728153563274,-1.603341774388458,-0.30243144718141657,-0.7879601677018357,3,early,-1.2756788809540633
18097390500,NA,2027,951.4504481673872,0.07699464623724883,-0.11879123897318491,-0.45810728153563274,-1.603341774388458,-0.30243144718141657,-0.7879601677018357,3,early,-0.11879123897318491
18097390500,NA,2028,1024.340249510846,0.07660914079535486,-0.6066312103555015,-0.45810728153563274,-1.603341774388458,-0.30243144718141657,-0.7879601677018357,3,early,-0.6066312103555015
18097390601,NA,2024,244.15941144687545,0.1979380464076761,-0.07131463431767732,0.01188627889984805,1.1806765720612675,-0.4457365525982429,0.24894209945429088,3,middle,0
18097390601,NA,2025,249.53441330450744,0.022014313623136772,-0.4105397512198385,0.01188627889984805,1.1806765720612675,-0.4457365525982429,0.24894209945429088,3,middle,0
18097390601,NA,2026,256.7749828143232,0.029016316482889604,0.09098769830983712,0.01188627889984805,1.1806765720612675,-0.4457365525982429,0.24894209945429088,3,middle,0
18097390601,NA,2027,273.4438509658443,0.06491624678084218,-0.39945322663390653,0.01188627889984805,1.1806765720612675,-0.4457365525982429,0.24894209945429088,3,middle,0
18097390601,NA,2028,296.78260475637194,0.0853511743200357,-0.3868994579880157,0.01188627889984805,1.1806765720612675,-0.4457365525982429,0.24894209945429088,3,middle,0
18097390602,NA,2024,128.71013878072478,0.19790369324406276,-0.07169800842173746,NA,-0.5071550234029892,-0.4436791903342621,-0.4754171068686257,2,middle,0
18097390602,NA,2025,131.5665529124592,0.022192611699383802,-0.4074456141421655,NA,-0.5071550234029892,-0.4436791903342621,-0.4754171068686257,2,middle,0
18097390602,NA,2026,135.3742005780031,0.028940848424275467,0.08726187973304543,NA,-0.5071550234029892,-0.4436791903342621,-0.4754171068686257,2,middle,0
18097390602,NA,2027,144.17425518710172,0.06500540406905664,-0.39738150663366784,NA,-0.5071550234029892,-0.4436791903342621,-0.4754171068686257,2,middle,0
18097390602,NA,2028,156.4840992182266,0.08538170712343751,-0.38613201339091685,NA,-0.5071550234029892,-0.4436791903342621,-0.4754171068686257,2,middle,0
18097390700,NA,2024,921.1089318987432,0.14034609193481873,-0.7140287725443879,-0.21466838210607053,-1.6580575619243738,-0.8336920061599407,-0.9021393167301284,3,early,-0.7140287725443879
18097390700,NA,2025,931.5735113877162,0.011360849001216033,-0.5954171239105711,-0.21466838210607053,-1.6580575619243738,-0.8336920061599407,-0.9021393167301284,3,early,-0.5954171239105711
18097390700,NA,2026,949.5520638960884,0.019299123782073213,-0.38874502231144814,-0.21466838210607053,-1.6580575619243738,-0.8336920061599407,-0.9021393167301284,3,early,-0.38874502231144814
18097390700,NA,2027,988.4496872757516,0.04096418180595918,-0.9560198635208565,-0.21466838210607053,-1.6580575619243738,-0.8336920061599407,-0.9021393167301284,3,early,-0.9560198635208565
18097390700,NA,2028,1042.7011383346564,0.05488539452971697,-1.152659410940503,-0.21466838210607053,-1.6580575619243738,-0.8336920061599407,-0.9021393167301284,3,early,-1.152659410940503
18097390801,NA,2024,0.3854103528180163,0.17133662959983886,-0.36818086911990777,NA,NA,NA,NA,NA,NA,-0.36818086911990777
18097390801,NA,2025,0.3907609764748024,0.013882926646012095,-0.5516496637237216,NA,NA,NA,NA,NA,NA,-0.5516496637237216
18097390801,NA,2026,0.4021644931906247,0.02918284425097295,0.0992090871102159,NA,NA,NA,NA,NA,NA,0.0992090871102159
18097390801,NA,2027,0.424356416596625,0.05518121013105293,-0.625663226223759,NA,NA,NA,NA,NA,NA,-0.625663226223759
18097390801,NA,2028,0.4566956511350034,0.07620771896827172,-0.6167209819463461,NA,NA,NA,NA,NA,NA,-0.6167209819463461
18097390802,NA,2024,881.9532823285873,0.1677149030818783,-0.40859857779449155,0.1565082649398323,0.3885925091526603,0.4098512178971111,0.3183173306632012,3,middle,0
18097390802,NA,2025,914.8290516276488,0.03727608928702075,-0.1456909825358414,0.1565082649398323,0.3885925091526603,0.4098512178971111,0.3183173306632012,3,middle,0
18097390802,NA,2026,937.2024984566888,0.02445642362278888,-0.13413182693472328,0.1565082649398323,0.3885925091526603,0.4098512178971111,0.3183173306632012,3,middle,0
18097390802,NA,2027,1004.4577884721296,0.07176174852947104,-0.24038644512536525,0.1565082649398323,0.3885925091526603,0.4098512178971111,0.3183173306632012,3,middle,0
18097390802,NA,2028,1093.6884303969068,0.08883463590889673,-0.2993423561919314,0.1565082649398323,0.3885925091526603,0.4098512178971111,0.3183173306632012,3,middle,0
18097390900,NA,2024,851.0841608167494,0.17402108392864535,-0.33822292158470196,0.4768764259719507,0.4996733836660122,0.11899193623410996,0.36518058195735764,3,middle,0
18097390900,NA,2025,929.933692806512,0.09264598687172598,0.8151833954155502,0.4768764259719507,0.4996733836660122,0.11899193623410996,0.36518058195735764,3,middle,0
18097390900,NA,2026,940.2056941238328,0.011045950261593607,-0.7961998818210871,0.4768764259719507,0.4996733836660122,0.11899193623410996,0.36518058195735764,3,middle,0
18097390900,NA,2027,1041.098349462318,0.107309130298882,0.5856169388118554,0.4768764259719507,0.4996733836660122,0.11899193623410996,0.36518058195735764,3,middle,0
18097390900,NA,2028,1158.9323047680953,0.11318234762991719,0.31263943814619083,0.4768764259719507,0.4996733836660122,0.11899193623410996,0.36518058195735764,3,middle,0
18097391001,NA,2024,827.975599640796,0.1766717350507332,-0.30864221074990555,NA,-0.21917666576582848,-0.6423875433839155,-0.430782104574872,2,middle,0
18097391001,NA,2025,905.6806773250806,0.09384947783243347,0.8360684553250589,NA,-0.21917666576582848,-0.6423875433839155,-0.430782104574872,2,middle,0
18097391001,NA,2026,917.5298839527184,0.013083205730560765,-0.6956216449969789,NA,-0.21917666576582848,-0.6423875433839155,-0.430782104574872,2,middle,0
18097391001,NA,2027,1019.536026157568,0.1111747355469308,0.6754407980363176,NA,-0.21917666576582848,-0.6423875433839155,-0.430782104574872,2,middle,0
18097391001,NA,2028,1140.0849593521436,0.11823901274867255,0.43973914378592865,NA,-0.21917666576582848,-0.6423875433839155,-0.430782104574872,2,middle,0
18097391002,NA,2024,2241.119994085746,0.21273597271485878,0.09382712100416492,1.247571403408309,1.0138969977909402,NA,1.1307342005996246,2,late,-0.09382712100416492
18097391002,NA,2025,2717.3641697487024,0.21250275617537295,2.895145679465679,1.247571403408309,1.0138969977909402,NA,1.1307342005996246,2,late,-2.895145679465679
18097391002,NA,2026,2751.10233505173,0.012415768809576733,-0.7285726566528312,1.247571403408309,1.0138969977909402,NA,1.1307342005996246,2,late,0.7285726566528312
18097391002,NA,2027,3335.727413188311,0.21250575476160471,3.0300379751806843,1.247571403408309,1.0138969977909402,NA,1.1307342005996246,2,late,-3.0300379751806843
18097391002,NA,2028,4044.592370512903,0.2125068596798365,2.809169453062946,1.247571403408309,1.0138969977909402,NA,1.1307342005996246,2,late,-2.809169453062946
