GEOID,NAME,year,value
18097310103,"Census Tract 3101.03, Marion County, Indiana",2015,31.683168316831683
18097310103,"Census Tract 3101.03, Marion County, Indiana",2016,47.27272727272727
18097310103,"Census Tract 3101.03, Marion County, Indiana",2017,37.73006134969325
18097310103,"Census Tract 3101.03, Marion County, Indiana",2018,40.56603773584906
18097310103,"Census Tract 3101.03, Marion County, Indiana",2019,37.014925373134325
18097310103,"Census Tract 3101.03, Marion County, Indiana",2023,42.34668242943697
18097310104,"Census Tract 3101.04, Marion County, Indiana",2015,38.18984547461368
18097310104,"Census Tract 3101.04, Marion County, Indiana",2016,44.42013129102845
18097310104,"Census Tract 3101.04, Marion County, Indiana",2017,42.20572640509014
18097310104,"Census Tract 3101.04, Marion County, Indiana",2018,33.493975903614455
18097310104,"Census Tract 3101.04, Marion County, Indiana",2019,30.68309070548712
18097310104,"Census Tract 3101.04, Marion County, Indiana",2020,22.31030577576444
18097310104,"Census Tract 3101.04, Marion County, Indiana",2021,14.846235418875928
18097310104,Census Tract 3101.04; Marion County; Indiana,2022,18.46153846153846
18097310104,Census Tract 3101.04; Marion County; Indiana,2023,32.97872340425532
18097310105,"Census Tract 3101.05, Marion County, Indiana",2015,35.268505079825836
18097310105,"Census Tract 3101.05, Marion County, Indiana",2016,41.23287671232877
18097310105,"Census Tract 3101.05, Marion County, Indiana",2017,46.61654135338346
18097310105,"Census Tract 3101.05, Marion County, Indiana",2018,46.17737003058104
18097310105,"Census Tract 3101.05, Marion County, Indiana",2019,55.05952380952381
18097310105,"Census Tract 3101.05, Marion County, Indiana",2020,67.29222520107238
18097310105,"Census Tract 3101.05, Marion County, Indiana",2021,64.39665471923536
18097310105,Census Tract 3101.05; Marion County; Indiana,2022,64.69907407407408
18097310105,Census Tract 3101.05; Marion County; Indiana,2023,70.09569377990431
18097310106,"Census Tract 3101.06, Marion County, Indiana",2015,42.92986425339367
18097310106,"Census Tract 3101.06, Marion County, Indiana",2016,44.9171270718232
18097310106,"Census Tract 3101.06, Marion County, Indiana",2017,47.33759318423855
18097310106,"Census Tract 3101.06, Marion County, Indiana",2018,43.42251950947603
18097310106,"Census Tract 3101.06, Marion County, Indiana",2019,37.94037940379404
18097310106,"Census Tract 3101.06, Marion County, Indiana",2020,38.91789273849074
18097310106,"Census Tract 3101.06, Marion County, Indiana",2021,32.9237071172555
18097310106,Census Tract 3101.06; Marion County; Indiana,2022,35.39467068878834
18097310106,Census Tract 3101.06; Marion County; Indiana,2023,35.51000953288847
18097310108,"Census Tract 3101.08, Marion County, Indiana",2015,28.735632183908045
18097310108,"Census Tract 3101.08, Marion County, Indiana",2016,33.66834170854271
18097310108,"Census Tract 3101.08, Marion County, Indiana",2017,50.43859649122807
18097310108,"Census Tract 3101.08, Marion County, Indiana",2018,59.7609561752988
18097310108,"Census Tract 3101.08, Marion County, Indiana",2019,60.176991150442475
18097310108,"Census Tract 3101.08, Marion County, Indiana",2020,44.630872483221474
18097310108,"Census Tract 3101.08, Marion County, Indiana",2021,47.474747474747474
18097310108,Census Tract 3101.08; Marion County; Indiana,2022,38.492063492063494
18097310108,Census Tract 3101.08; Marion County; Indiana,2023,44.20600858369099
18097310110,"Census Tract 3101.10, Marion County, Indiana",2015,38.187221396731054
18097310110,"Census Tract 3101.10, Marion County, Indiana",2016,39.26031294452347
18097310110,"Census Tract 3101.10, Marion County, Indiana",2017,38.48314606741573
18097310110,"Census Tract 3101.10, Marion County, Indiana",2018,45.431472081218274
18097310110,"Census Tract 3101.10, Marion County, Indiana",2019,41.55251141552512
18097310110,"Census Tract 3101.10, Marion County, Indiana",2020,35.732647814910024
18097310110,"Census Tract 3101.10, Marion County, Indiana",2021,36.2089914945322
18097310110,Census Tract 3101.10; Marion County; Indiana,2022,42.964071856287426
18097310110,Census Tract 3101.10; Marion County; Indiana,2023,39.75903614457831
18097310111,"Census Tract 3101.11, Marion County, Indiana",2015,42.494714587737846
18097310111,"Census Tract 3101.11, Marion County, Indiana",2016,38.743961352657
18097310111,"Census Tract 3101.11, Marion County, Indiana",2017,45.74368568755847
18097310111,"Census Tract 3101.11, Marion County, Indiana",2018,48.39015151515152
18097310111,"Census Tract 3101.11, Marion County, Indiana",2019,49.14798206278027
18097310111,"Census Tract 3101.11, Marion County, Indiana",2020,42.98076923076923
18097310111,"Census Tract 3101.11, Marion County, Indiana",2021,44.8654037886341
18097310111,Census Tract 3101.11; Marion County; Indiana,2022,39.17727717923604
18097310111,Census Tract 3101.11; Marion County; Indiana,2023,38.03967327887981
18097310112,"Census Tract 3101.12, Marion County, Indiana",2020,27.272727272727273
18097310112,"Census Tract 3101.12, Marion County, Indiana",2021,23.618090452261303
18097310112,Census Tract 3101.12; Marion County; Indiana,2022,20.94240837696335
18097310112,Census Tract 3101.12; Marion County; Indiana,2023,33.898305084745765
18097310113,"Census Tract 3101.13, Marion County, Indiana",2020,50
18097310113,"Census Tract 3101.13, Marion County, Indiana",2021,54.166666666666664
18097310113,Census Tract 3101.13; Marion County; Indiana,2022,NA
18097310113,Census Tract 3101.13; Marion County; Indiana,2023,NA
18097310201,"Census Tract 3102.01, Marion County, Indiana",2015,71.28099173553719
18097310201,"Census Tract 3102.01, Marion County, Indiana",2016,74.90636704119851
18097310201,"Census Tract 3102.01, Marion County, Indiana",2017,77.25563909774436
18097310201,"Census Tract 3102.01, Marion County, Indiana",2018,69.6652719665272
18097310201,"Census Tract 3102.01, Marion County, Indiana",2019,61.46616541353384
18097310201,"Census Tract 3102.01, Marion County, Indiana",2020,65.05050505050505
18097310201,"Census Tract 3102.01, Marion County, Indiana",2021,52.87846481876333
18097310201,Census Tract 3102.01; Marion County; Indiana,2022,46.13821138211382
18097310201,Census Tract 3102.01; Marion County; Indiana,2023,49.10277324632953
18097310203,"Census Tract 3102.03, Marion County, Indiana",2015,54.81818181818182
18097310203,"Census Tract 3102.03, Marion County, Indiana",2016,50.052798310454065
18097310203,"Census Tract 3102.03, Marion County, Indiana",2017,47.77898158179848
18097310203,"Census Tract 3102.03, Marion County, Indiana",2018,50.64655172413793
18097310203,"Census Tract 3102.03, Marion County, Indiana",2019,49.40152339499456
18097310203,"Census Tract 3102.03, Marion County, Indiana",2020,51.80124223602485
18097310203,"Census Tract 3102.03, Marion County, Indiana",2021,62.6338329764454
18097310203,Census Tract 3102.03; Marion County; Indiana,2022,66.02870813397129
18097310203,Census Tract 3102.03; Marion County; Indiana,2023,65.26104417670683
18097310204,"Census Tract 3102.04, Marion County, Indiana",2015,59.67741935483871
18097310204,"Census Tract 3102.04, Marion County, Indiana",2016,61.08843537414966
18097310204,"Census Tract 3102.04, Marion County, Indiana",2017,48.06701030927835
18097310204,"Census Tract 3102.04, Marion County, Indiana",2018,48.16625916870416
18097310204,"Census Tract 3102.04, Marion County, Indiana",2019,54.15676959619952
18097310204,"Census Tract 3102.04, Marion County, Indiana",2020,58.23353293413174
18097310204,"Census Tract 3102.04, Marion County, Indiana",2021,63.103953147877014
18097310204,Census Tract 3102.04; Marion County; Indiana,2022,69.65742251223492
18097310204,Census Tract 3102.04; Marion County; Indiana,2023,62.70627062706271
18097310305,"Census Tract 3103.05, Marion County, Indiana",2015,49.215017064846414
18097310305,"Census Tract 3103.05, Marion County, Indiana",2016,48.96161107614852
18097310305,"Census Tract 3103.05, Marion County, Indiana",2017,43.265052762259465
18097310305,"Census Tract 3103.05, Marion County, Indiana",2018,37.21386527141923
18097310305,"Census Tract 3103.05, Marion County, Indiana",2019,33.924205378973106
18097310305,"Census Tract 3103.05, Marion County, Indiana",2020,26.474442988204455
18097310305,"Census Tract 3103.05, Marion County, Indiana",2021,31.52520740268028
18097310305,Census Tract 3103.05; Marion County; Indiana,2022,36.92399760622382
18097310305,Census Tract 3103.05; Marion County; Indiana,2023,38.84970157352143
18097310306,"Census Tract 3103.06, Marion County, Indiana",2015,54.05742821473159
18097310306,"Census Tract 3103.06, Marion County, Indiana",2016,57.44010088272383
18097310306,"Census Tract 3103.06, Marion County, Indiana",2017,53.24519230769231
18097310306,"Census Tract 3103.06, Marion County, Indiana",2018,47.10234278668311
18097310306,"Census Tract 3103.06, Marion County, Indiana",2019,38.85505481120585
18097310306,"Census Tract 3103.06, Marion County, Indiana",2020,35.2972972972973
18097310306,"Census Tract 3103.06, Marion County, Indiana",2021,30.22030651340996
18097310306,Census Tract 3103.06; Marion County; Indiana,2022,30.052808449351897
18097310306,Census Tract 3103.06; Marion County; Indiana,2023,33.25635103926097
18097310308,"Census Tract 3103.08, Marion County, Indiana",2015,72.28915662650603
18097310308,"Census Tract 3103.08, Marion County, Indiana",2016,53.919239904988125
18097310308,"Census Tract 3103.08, Marion County, Indiana",2017,58.797327394209354
18097310308,"Census Tract 3103.08, Marion County, Indiana",2018,55.84415584415584
18097310308,"Census Tract 3103.08, Marion County, Indiana",2019,49.62406015037594
18097310308,"Census Tract 3103.08, Marion County, Indiana",2020,38.36065573770492
18097310308,"Census Tract 3103.08, Marion County, Indiana",2021,72.77486910994764
18097310308,Census Tract 3103.08; Marion County; Indiana,2022,52.17391304347826
18097310308,Census Tract 3103.08; Marion County; Indiana,2023,41.004184100418414
18097310309,"Census Tract 3103.09, Marion County, Indiana",2015,47.49403341288783
18097310309,"Census Tract 3103.09, Marion County, Indiana",2016,43.65853658536585
18097310309,"Census Tract 3103.09, Marion County, Indiana",2017,42.30769230769231
18097310309,"Census Tract 3103.09, Marion County, Indiana",2018,51.079734219269106
18097310309,"Census Tract 3103.09, Marion County, Indiana",2019,45.08716323296355
18097310309,"Census Tract 3103.09, Marion County, Indiana",2020,42.570647219690066
18097310309,"Census Tract 3103.09, Marion County, Indiana",2021,47.29206963249516
18097310309,Census Tract 3103.09; Marion County; Indiana,2022,42.717497556207235
18097310309,Census Tract 3103.09; Marion County; Indiana,2023,34.91902834008097
18097310310,"Census Tract 3103.10, Marion County, Indiana",2015,43.198090692124104
18097310310,"Census Tract 3103.10, Marion County, Indiana",2016,52.783964365256125
18097310310,"Census Tract 3103.10, Marion County, Indiana",2017,56.11702127659574
18097310310,"Census Tract 3103.10, Marion County, Indiana",2018,53.57142857142857
18097310310,"Census Tract 3103.10, Marion County, Indiana",2019,59.58904109589041
18097310310,"Census Tract 3103.10, Marion County, Indiana",2020,78.06841046277665
18097310310,"Census Tract 3103.10, Marion County, Indiana",2021,69.5067264573991
18097310310,Census Tract 3103.10; Marion County; Indiana,2022,66.04938271604938
18097310310,Census Tract 3103.10; Marion County; Indiana,2023,61.77606177606177
18097310311,"Census Tract 3103.11, Marion County, Indiana",2015,54.73684210526316
18097310311,"Census Tract 3103.11, Marion County, Indiana",2016,55.88235294117647
18097310311,"Census Tract 3103.11, Marion County, Indiana",2017,56.02836879432624
18097310311,"Census Tract 3103.11, Marion County, Indiana",2018,62.31884057971015
18097310311,"Census Tract 3103.11, Marion County, Indiana",2019,49.36708860759494
18097310311,"Census Tract 3103.11, Marion County, Indiana",2020,54.285714285714285
18097310311,"Census Tract 3103.11, Marion County, Indiana",2021,59.88372093023256
18097310311,Census Tract 3103.11; Marion County; Indiana,2022,33.108108108108105
18097310311,Census Tract 3103.11; Marion County; Indiana,2023,22.093023255813954
18097310312,"Census Tract 3103.12, Marion County, Indiana",2015,53.84126984126984
18097310312,"Census Tract 3103.12, Marion County, Indiana",2016,50.9717868338558
18097310312,"Census Tract 3103.12, Marion County, Indiana",2017,49.07849829351536
18097310312,"Census Tract 3103.12, Marion County, Indiana",2018,51.23287671232877
18097310312,"Census Tract 3103.12, Marion County, Indiana",2019,65.389369592089
18097310312,"Census Tract 3103.12, Marion County, Indiana",2020,52.72727272727273
18097310312,"Census Tract 3103.12, Marion County, Indiana",2021,54.49367088607595
18097310312,Census Tract 3103.12; Marion County; Indiana,2022,63.96298312465977
18097310312,Census Tract 3103.12; Marion County; Indiana,2023,57.52427184466019
18097320105,"Census Tract 3201.05, Marion County, Indiana",2015,41.87425860023725
18097320105,"Census Tract 3201.05, Marion County, Indiana",2016,38.958333333333336
18097320105,"Census Tract 3201.05, Marion County, Indiana",2017,48.28729281767956
18097320105,"Census Tract 3201.05, Marion County, Indiana",2018,54.282765737874094
18097320105,"Census Tract 3201.05, Marion County, Indiana",2019,46.31668077900085
18097320105,"Census Tract 3201.05, Marion County, Indiana",2020,41.58316633266533
18097320105,"Census Tract 3201.05, Marion County, Indiana",2021,41.608040201005025
18097320105,Census Tract 3201.05; Marion County; Indiana,2022,34.70066518847007
18097320105,Census Tract 3201.05; Marion County; Indiana,2023,28.026905829596412
18097320106,"Census Tract 3201.06, Marion County, Indiana",2015,45.598194130925506
18097320106,"Census Tract 3201.06, Marion County, Indiana",2016,44.11764705882353
18097320106,"Census Tract 3201.06, Marion County, Indiana",2017,41.03448275862069
18097320106,"Census Tract 3201.06, Marion County, Indiana",2018,64.62585034013605
18097320106,"Census Tract 3201.06, Marion County, Indiana",2019,67.0076726342711
18097320106,"Census Tract 3201.06, Marion County, Indiana",2020,34.39306358381503
18097320106,"Census Tract 3201.06, Marion County, Indiana",2021,35.21739130434783
18097320106,Census Tract 3201.06; Marion County; Indiana,2022,43.037974683544306
18097320106,Census Tract 3201.06; Marion County; Indiana,2023,36.2089914945322
18097320107,"Census Tract 3201.07, Marion County, Indiana",2015,17.177914110429448
18097320107,"Census Tract 3201.07, Marion County, Indiana",2016,26.81159420289855
18097320107,"Census Tract 3201.07, Marion County, Indiana",2017,24.83221476510067
18097320107,"Census Tract 3201.07, Marion County, Indiana",2018,29.78723404255319
18097320107,"Census Tract 3201.07, Marion County, Indiana",2019,28.057553956834532
18097320107,"Census Tract 3201.07, Marion County, Indiana",2020,22.54335260115607
18097320107,"Census Tract 3201.07, Marion County, Indiana",2021,12.42603550295858
18097320107,Census Tract 3201.07; Marion County; Indiana,2022,15.517241379310343
18097320107,Census Tract 3201.07; Marion County; Indiana,2023,11.03896103896104
18097320108,"Census Tract 3201.08, Marion County, Indiana",2015,60.364583333333336
18097320108,"Census Tract 3201.08, Marion County, Indiana",2016,55.33678756476684
18097320108,"Census Tract 3201.08, Marion County, Indiana",2017,50.88697415103903
18097320108,"Census Tract 3201.08, Marion County, Indiana",2018,53.622497616777885
18097320108,"Census Tract 3201.08, Marion County, Indiana",2019,56.359550561797754
18097320108,"Census Tract 3201.08, Marion County, Indiana",2020,52.77511961722488
18097320108,"Census Tract 3201.08, Marion County, Indiana",2021,48.19047619047619
18097320108,Census Tract 3201.08; Marion County; Indiana,2022,54.66408893185113
18097320108,Census Tract 3201.08; Marion County; Indiana,2023,54.35356200527705
18097320109,"Census Tract 3201.09, Marion County, Indiana",2015,21.69811320754717
18097320109,"Census Tract 3201.09, Marion County, Indiana",2016,24.8
18097320109,"Census Tract 3201.09, Marion County, Indiana",2017,24.150943396226417
18097320109,"Census Tract 3201.09, Marion County, Indiana",2018,25.43103448275862
18097320109,"Census Tract 3201.09, Marion County, Indiana",2019,20.158102766798415
18097320109,"Census Tract 3201.09, Marion County, Indiana",2020,15.662650602409638
18097320109,"Census Tract 3201.09, Marion County, Indiana",2021,2.3529411764705883
18097320109,Census Tract 3201.09; Marion County; Indiana,2022,3.418803418803418
18097320109,Census Tract 3201.09; Marion County; Indiana,2023,13.0718954248366
18097320202,"Census Tract 3202.02, Marion County, Indiana",2015,35.95744680851064
18097320202,"Census Tract 3202.02, Marion County, Indiana",2016,25.503355704697988
18097320202,"Census Tract 3202.02, Marion County, Indiana",2017,22.135007849293565
18097320202,"Census Tract 3202.02, Marion County, Indiana",2018,17.424242424242426
18097320202,"Census Tract 3202.02, Marion County, Indiana",2019,19.702602230483272
18097320202,"Census Tract 3202.02, Marion County, Indiana",2020,32.21406086044071
18097320202,"Census Tract 3202.02, Marion County, Indiana",2021,36.65919282511211
18097320202,Census Tract 3202.02; Marion County; Indiana,2022,46.47435897435897
18097320202,Census Tract 3202.02; Marion County; Indiana,2023,55.75501583949313
18097320203,"Census Tract 3202.03, Marion County, Indiana",2015,45.18622628250176
18097320203,"Census Tract 3202.03, Marion County, Indiana",2016,42.239010989010985
18097320203,"Census Tract 3202.03, Marion County, Indiana",2017,43.06826178747361
18097320203,"Census Tract 3202.03, Marion County, Indiana",2018,41.78885630498534
18097320203,"Census Tract 3202.03, Marion County, Indiana",2019,45.65061107117182
18097320203,"Census Tract 3202.03, Marion County, Indiana",2020,43.71345029239766
18097320203,"Census Tract 3202.03, Marion County, Indiana",2021,46.12462006079027
18097320203,Census Tract 3202.03; Marion County; Indiana,2022,50.07407407407408
18097320203,Census Tract 3202.03; Marion County; Indiana,2023,45.981173062997826
18097320204,"Census Tract 3202.04, Marion County, Indiana",2015,50.92285849503076
18097320204,"Census Tract 3202.04, Marion County, Indiana",2016,49.51048951048951
18097320204,"Census Tract 3202.04, Marion County, Indiana",2017,46.20557156580211
18097320204,"Census Tract 3202.04, Marion County, Indiana",2018,46.19435136428913
18097320204,"Census Tract 3202.04, Marion County, Indiana",2019,41.235240690281564
18097320204,"Census Tract 3202.04, Marion County, Indiana",2023,31.54762288553237
18097320205,"Census Tract 3202.05, Marion County, Indiana",2020,34.17951042611061
18097320205,"Census Tract 3202.05, Marion County, Indiana",2021,42.73648648648648
18097320205,Census Tract 3202.05; Marion County; Indiana,2022,31.11111111111111
18097320205,Census Tract 3202.05; Marion County; Indiana,2023,25.31328320802005
18097320206,"Census Tract 3202.06, Marion County, Indiana",2020,50.47701647875108
18097320206,"Census Tract 3202.06, Marion County, Indiana",2021,45.14959202175884
18097320206,Census Tract 3202.06; Marion County; Indiana,2022,48.24120603015076
18097320206,Census Tract 3202.06; Marion County; Indiana,2023,50.142450142450144
18097320301,"Census Tract 3203.01, Marion County, Indiana",2015,27.66726943942134
18097320301,"Census Tract 3203.01, Marion County, Indiana",2016,24.615384615384617
18097320301,"Census Tract 3203.01, Marion County, Indiana",2017,22.06405693950178
18097320301,"Census Tract 3203.01, Marion County, Indiana",2018,22.352941176470587
18097320301,"Census Tract 3203.01, Marion County, Indiana",2019,29.032258064516128
18097320301,"Census Tract 3203.01, Marion County, Indiana",2020,37.241379310344826
18097320301,"Census Tract 3203.01, Marion County, Indiana",2021,41.54929577464789
18097320301,Census Tract 3203.01; Marion County; Indiana,2022,40
18097320301,Census Tract 3203.01; Marion County; Indiana,2023,41.64222873900293
18097320303,"Census Tract 3203.03, Marion County, Indiana",2015,29.192200557103064
18097320303,"Census Tract 3203.03, Marion County, Indiana",2016,29.32330827067669
18097320303,"Census Tract 3203.03, Marion County, Indiana",2017,31.1716621253406
18097320303,"Census Tract 3203.03, Marion County, Indiana",2018,31.838819523269013
18097320303,"Census Tract 3203.03, Marion County, Indiana",2019,30.920314253647582
18097320303,"Census Tract 3203.03, Marion County, Indiana",2020,38.90909090909091
18097320303,"Census Tract 3203.03, Marion County, Indiana",2021,44.329268292682926
18097320303,Census Tract 3203.03; Marion County; Indiana,2022,48.94982497082847
18097320303,Census Tract 3203.03; Marion County; Indiana,2023,43.065693430656935
18097320304,"Census Tract 3203.04, Marion County, Indiana",2015,41.97780020181635
18097320304,"Census Tract 3203.04, Marion County, Indiana",2016,38.75
18097320304,"Census Tract 3203.04, Marion County, Indiana",2017,34.66204506065858
18097320304,"Census Tract 3203.04, Marion County, Indiana",2018,39.96584116140051
18097320304,"Census Tract 3203.04, Marion County, Indiana",2019,31.472868217054263
18097320304,"Census Tract 3203.04, Marion County, Indiana",2023,20.967936232292175
18097320305,"Census Tract 3203.05, Marion County, Indiana",2020,84.05797101449275
18097320305,"Census Tract 3203.05, Marion County, Indiana",2021,78.57142857142857
18097320305,Census Tract 3203.05; Marion County; Indiana,2022,55.172413793103445
18097320305,Census Tract 3203.05; Marion County; Indiana,2023,53.333333333333336
18097320306,"Census Tract 3203.06, Marion County, Indiana",2020,34.66353677621283
18097320306,"Census Tract 3203.06, Marion County, Indiana",2021,30.44846577498033
18097320306,Census Tract 3203.06; Marion County; Indiana,2022,30.79847908745247
18097320306,Census Tract 3203.06; Marion County; Indiana,2023,39.45371775417299
18097320400,"Census Tract 3204, Marion County, Indiana",2015,47.930574098798395
18097320400,"Census Tract 3204, Marion County, Indiana",2016,44.270833333333336
18097320400,"Census Tract 3204, Marion County, Indiana",2017,43.46103038309115
18097320400,"Census Tract 3204, Marion County, Indiana",2018,38.59649122807018
18097320400,"Census Tract 3204, Marion County, Indiana",2019,41.78743961352657
18097320400,"Census Tract 3204, Marion County, Indiana",2020,45.03735325506937
18097320400,"Census Tract 3204, Marion County, Indiana",2021,42.24250325945241
18097320400,Census Tract 3204; Marion County; Indiana,2022,40.932642487046635
18097320400,Census Tract 3204; Marion County; Indiana,2023,54.289940828402365
18097320500,"Census Tract 3205, Marion County, Indiana",2015,42.07492795389049
18097320500,"Census Tract 3205, Marion County, Indiana",2016,32.01219512195122
18097320500,"Census Tract 3205, Marion County, Indiana",2017,33.65231259968102
18097320500,"Census Tract 3205, Marion County, Indiana",2018,48.78048780487805
18097320500,"Census Tract 3205, Marion County, Indiana",2019,53.639240506329124
18097320500,"Census Tract 3205, Marion County, Indiana",2020,63.82660687593423
18097320500,"Census Tract 3205, Marion County, Indiana",2021,65.82089552238806
18097320500,Census Tract 3205; Marion County; Indiana,2022,67.1071953010279
18097320500,Census Tract 3205; Marion County; Indiana,2023,65.87183308494784
18097320600,"Census Tract 3206, Marion County, Indiana",2015,57.861635220125784
18097320600,"Census Tract 3206, Marion County, Indiana",2016,45.76802507836991
18097320600,"Census Tract 3206, Marion County, Indiana",2017,39.57055214723926
18097320600,"Census Tract 3206, Marion County, Indiana",2018,31.398416886543536
18097320600,"Census Tract 3206, Marion County, Indiana",2019,30.22222222222222
18097320600,"Census Tract 3206, Marion County, Indiana",2020,21.910112359550563
18097320600,"Census Tract 3206, Marion County, Indiana",2021,26.726726726726728
18097320600,Census Tract 3206; Marion County; Indiana,2022,33.45070422535211
18097320600,Census Tract 3206; Marion County; Indiana,2023,35.714285714285715
18097320700,"Census Tract 3207, Marion County, Indiana",2015,33.61884368308351
18097320700,"Census Tract 3207, Marion County, Indiana",2016,31.208791208791208
18097320700,"Census Tract 3207, Marion County, Indiana",2017,31.552162849872772
18097320700,"Census Tract 3207, Marion County, Indiana",2018,27.033492822966508
18097320700,"Census Tract 3207, Marion County, Indiana",2019,29.54048140043764
18097320700,"Census Tract 3207, Marion County, Indiana",2020,35.78431372549019
18097320700,"Census Tract 3207, Marion County, Indiana",2021,35.01144164759725
18097320700,Census Tract 3207; Marion County; Indiana,2022,34.72803347280335
18097320700,Census Tract 3207; Marion County; Indiana,2023,36.2962962962963
18097320800,"Census Tract 3208, Marion County, Indiana",2015,11.842105263157896
18097320800,"Census Tract 3208, Marion County, Indiana",2016,29.05982905982906
18097320800,"Census Tract 3208, Marion County, Indiana",2017,38.095238095238095
18097320800,"Census Tract 3208, Marion County, Indiana",2018,34.5679012345679
18097320800,"Census Tract 3208, Marion County, Indiana",2019,29.41176470588235
18097320800,"Census Tract 3208, Marion County, Indiana",2020,60.37735849056604
18097320800,"Census Tract 3208, Marion County, Indiana",2021,21.27659574468085
18097320800,Census Tract 3208; Marion County; Indiana,2022,19.148936170212767
18097320800,Census Tract 3208; Marion County; Indiana,2023,22.388059701492537
18097320901,"Census Tract 3209.01, Marion County, Indiana",2015,51.139240506329124
18097320901,"Census Tract 3209.01, Marion County, Indiana",2016,60.456273764258555
18097320901,"Census Tract 3209.01, Marion County, Indiana",2017,54.7945205479452
18097320901,"Census Tract 3209.01, Marion County, Indiana",2018,55.48872180451128
18097320901,"Census Tract 3209.01, Marion County, Indiana",2019,48.825065274151434
18097320901,"Census Tract 3209.01, Marion County, Indiana",2020,49.359886201991465
18097320901,"Census Tract 3209.01, Marion County, Indiana",2021,50.26109660574413
18097320901,Census Tract 3209.01; Marion County; Indiana,2022,65.389369592089
18097320901,Census Tract 3209.01; Marion County; Indiana,2023,58.74673629242819
18097320902,"Census Tract 3209.02, Marion County, Indiana",2015,60.08771929824562
18097320902,"Census Tract 3209.02, Marion County, Indiana",2016,63.63636363636363
18097320902,"Census Tract 3209.02, Marion County, Indiana",2017,67.24294813466788
18097320902,"Census Tract 3209.02, Marion County, Indiana",2018,69.52117863720073
18097320902,"Census Tract 3209.02, Marion County, Indiana",2019,67.831541218638
18097320902,"Census Tract 3209.02, Marion County, Indiana",2020,65.75757575757575
18097320902,"Census Tract 3209.02, Marion County, Indiana",2021,63.95891690009337
18097320902,Census Tract 3209.02; Marion County; Indiana,2022,64.61232604373757
18097320902,Census Tract 3209.02; Marion County; Indiana,2023,61.96261682242991
18097320903,"Census Tract 3209.03, Marion County, Indiana",2015,51.72697368421053
18097320903,"Census Tract 3209.03, Marion County, Indiana",2016,48.27586206896552
18097320903,"Census Tract 3209.03, Marion County, Indiana",2017,52.0353982300885
18097320903,"Census Tract 3209.03, Marion County, Indiana",2018,45.533391153512575
18097320903,"Census Tract 3209.03, Marion County, Indiana",2019,52.89473684210526
18097320903,"Census Tract 3209.03, Marion County, Indiana",2020,61.66158536585366
18097320903,"Census Tract 3209.03, Marion County, Indiana",2021,64.03310759969902
18097320903,Census Tract 3209.03; Marion County; Indiana,2022,59.5221363316936
18097320903,Census Tract 3209.03; Marion County; Indiana,2023,57.47663551401869
18097321001,"Census Tract 3210.01, Marion County, Indiana",2015,32.71889400921659
18097321001,"Census Tract 3210.01, Marion County, Indiana",2016,36.254980079681275
18097321001,"Census Tract 3210.01, Marion County, Indiana",2017,48.95397489539749
18097321001,"Census Tract 3210.01, Marion County, Indiana",2018,40.08097165991903
18097321001,"Census Tract 3210.01, Marion County, Indiana",2019,50
18097321001,"Census Tract 3210.01, Marion County, Indiana",2020,36.65768194070081
18097321001,"Census Tract 3210.01, Marion County, Indiana",2021,47.38562091503268
18097321001,Census Tract 3210.01; Marion County; Indiana,2022,36.87707641196013
18097321001,Census Tract 3210.01; Marion County; Indiana,2023,36.22047244094488
18097321002,"Census Tract 3210.02, Marion County, Indiana",2015,46.234676007005255
18097321002,"Census Tract 3210.02, Marion County, Indiana",2016,39.92172211350294
18097321002,"Census Tract 3210.02, Marion County, Indiana",2017,37.79193205944798
18097321002,"Census Tract 3210.02, Marion County, Indiana",2018,39.41747572815534
18097321002,"Census Tract 3210.02, Marion County, Indiana",2019,38.63636363636363
18097321002,"Census Tract 3210.02, Marion County, Indiana",2020,39.63963963963964
18097321002,"Census Tract 3210.02, Marion County, Indiana",2021,47.61904761904762
18097321002,Census Tract 3210.02; Marion County; Indiana,2022,60.73298429319372
18097321002,Census Tract 3210.02; Marion County; Indiana,2023,59.23566878980892
18097321100,"Census Tract 3211, Marion County, Indiana",2015,34.42265795206972
18097321100,"Census Tract 3211, Marion County, Indiana",2016,37.360178970917225
18097321100,"Census Tract 3211, Marion County, Indiana",2017,32.142857142857146
18097321100,"Census Tract 3211, Marion County, Indiana",2018,36.79245283018868
18097321100,"Census Tract 3211, Marion County, Indiana",2019,36.67481662591687
18097321100,"Census Tract 3211, Marion County, Indiana",2020,37.410071942446045
18097321100,"Census Tract 3211, Marion County, Indiana",2021,29.26829268292683
18097321100,Census Tract 3211; Marion County; Indiana,2022,43.0939226519337
18097321100,Census Tract 3211; Marion County; Indiana,2023,37.634408602150536
18097321200,"Census Tract 3212, Marion County, Indiana",2015,14.775160599571734
18097321200,"Census Tract 3212, Marion County, Indiana",2016,18.453865336658353
18097321200,"Census Tract 3212, Marion County, Indiana",2017,17.528735632183906
18097321200,"Census Tract 3212, Marion County, Indiana",2018,16.470588235294116
18097321200,"Census Tract 3212, Marion County, Indiana",2019,13.98176291793313
18097321200,"Census Tract 3212, Marion County, Indiana",2020,12.371134020618555
18097321200,"Census Tract 3212, Marion County, Indiana",2021,14.647887323943662
18097321200,Census Tract 3212; Marion County; Indiana,2022,33.25892857142857
18097321200,Census Tract 3212; Marion County; Indiana,2023,34.29951690821256
18097321300,"Census Tract 3213, Marion County, Indiana",2015,34.94949494949495
18097321300,"Census Tract 3213, Marion County, Indiana",2016,32.71719038817005
18097321300,"Census Tract 3213, Marion County, Indiana",2017,34.24908424908425
18097321300,"Census Tract 3213, Marion County, Indiana",2018,42.99363057324841
18097321300,"Census Tract 3213, Marion County, Indiana",2019,38.46153846153846
18097321300,"Census Tract 3213, Marion County, Indiana",2020,32.84789644012945
18097321300,"Census Tract 3213, Marion County, Indiana",2021,36.3481228668942
18097321300,Census Tract 3213; Marion County; Indiana,2022,37.76223776223776
18097321300,Census Tract 3213; Marion County; Indiana,2023,23.954372623574145
18097321400,"Census Tract 3214, Marion County, Indiana",2015,30.71342200725514
18097321400,"Census Tract 3214, Marion County, Indiana",2016,27.578718783930512
18097321400,"Census Tract 3214, Marion County, Indiana",2017,27.54854368932039
18097321400,"Census Tract 3214, Marion County, Indiana",2018,41.808510638297875
18097321400,"Census Tract 3214, Marion County, Indiana",2019,42.87280701754386
18097321400,"Census Tract 3214, Marion County, Indiana",2020,31.996353691886963
18097321400,"Census Tract 3214, Marion County, Indiana",2021,29.770318021201412
18097321400,Census Tract 3214; Marion County; Indiana,2022,29.551227773073663
18097321400,Census Tract 3214; Marion County; Indiana,2023,27.56756756756757
18097321600,"Census Tract 3216, Marion County, Indiana",2015,55.36332179930796
18097321600,"Census Tract 3216, Marion County, Indiana",2016,56.9023569023569
18097321600,"Census Tract 3216, Marion County, Indiana",2017,53.76088677751385
18097321600,"Census Tract 3216, Marion County, Indiana",2018,49.074818986323415
18097321600,"Census Tract 3216, Marion County, Indiana",2019,55.20206362854686
18097321600,"Census Tract 3216, Marion County, Indiana",2020,56.06694560669456
18097321600,"Census Tract 3216, Marion County, Indiana",2021,58.845437616387336
18097321600,Census Tract 3216; Marion County; Indiana,2022,57.505070993914806
18097321600,Census Tract 3216; Marion County; Indiana,2023,66.27659574468085
18097321700,"Census Tract 3217, Marion County, Indiana",2015,31.478968792401627
18097321700,"Census Tract 3217, Marion County, Indiana",2016,29.98678996036988
18097321700,"Census Tract 3217, Marion County, Indiana",2017,33.608815426997246
18097321700,"Census Tract 3217, Marion County, Indiana",2018,43.89312977099237
18097321700,"Census Tract 3217, Marion County, Indiana",2019,42.17335058214748
18097321700,"Census Tract 3217, Marion County, Indiana",2020,59.069212410501194
18097321700,"Census Tract 3217, Marion County, Indiana",2021,71.57490396927017
18097321700,Census Tract 3217; Marion County; Indiana,2022,76.91107644305772
18097321700,Census Tract 3217; Marion County; Indiana,2023,77.03435804701627
18097321800,"Census Tract 3218, Marion County, Indiana",2015,22.4
18097321800,"Census Tract 3218, Marion County, Indiana",2016,27.165354330708663
18097321800,"Census Tract 3218, Marion County, Indiana",2017,27.89855072463768
18097321800,"Census Tract 3218, Marion County, Indiana",2018,32.043010752688176
18097321800,"Census Tract 3218, Marion County, Indiana",2019,42.65060240963855
18097321800,"Census Tract 3218, Marion County, Indiana",2020,42.985074626865675
18097321800,"Census Tract 3218, Marion County, Indiana",2021,38.48684210526316
18097321800,Census Tract 3218; Marion County; Indiana,2022,47.22222222222222
18097321800,Census Tract 3218; Marion County; Indiana,2023,47.48201438848921
18097321900,"Census Tract 3219, Marion County, Indiana",2015,40.625
18097321900,"Census Tract 3219, Marion County, Indiana",2016,45.5108359133127
18097321900,"Census Tract 3219, Marion County, Indiana",2017,38.65814696485623
18097321900,"Census Tract 3219, Marion County, Indiana",2018,39.29824561403509
18097321900,"Census Tract 3219, Marion County, Indiana",2019,46.71532846715328
18097321900,"Census Tract 3219, Marion County, Indiana",2020,47.540983606557376
18097321900,"Census Tract 3219, Marion County, Indiana",2021,54.716981132075475
18097321900,Census Tract 3219; Marion County; Indiana,2022,70.12448132780084
18097321900,Census Tract 3219; Marion County; Indiana,2023,63.25757575757576
18097322000,"Census Tract 3220, Marion County, Indiana",2015,41.474654377880185
18097322000,"Census Tract 3220, Marion County, Indiana",2016,38.54304635761589
18097322000,"Census Tract 3220, Marion County, Indiana",2017,37.63779527559055
18097322000,"Census Tract 3220, Marion County, Indiana",2018,51.15452930728242
18097322000,"Census Tract 3220, Marion County, Indiana",2019,50.59625212947189
18097322000,"Census Tract 3220, Marion County, Indiana",2020,31.90883190883191
18097322000,"Census Tract 3220, Marion County, Indiana",2021,34.954407294832826
18097322000,Census Tract 3220; Marion County; Indiana,2022,39.94673768308922
18097322000,Census Tract 3220; Marion County; Indiana,2023,41.971830985915496
18097322100,"Census Tract 3221, Marion County, Indiana",2015,50.59101654846336
18097322100,"Census Tract 3221, Marion County, Indiana",2016,52.38095238095238
18097322100,"Census Tract 3221, Marion County, Indiana",2017,49.66139954853273
18097322100,"Census Tract 3221, Marion County, Indiana",2018,49.31129476584022
18097322100,"Census Tract 3221, Marion County, Indiana",2019,53.57142857142857
18097322100,"Census Tract 3221, Marion County, Indiana",2020,40.6015037593985
18097322100,"Census Tract 3221, Marion County, Indiana",2021,37.17948717948718
18097322100,Census Tract 3221; Marion County; Indiana,2022,35
18097322100,Census Tract 3221; Marion County; Indiana,2023,21.05263157894737
18097322200,"Census Tract 3222, Marion County, Indiana",2015,48.16326530612245
18097322200,"Census Tract 3222, Marion County, Indiana",2016,46.63865546218487
18097322200,"Census Tract 3222, Marion County, Indiana",2017,30.232558139534884
18097322200,"Census Tract 3222, Marion County, Indiana",2018,37.073170731707314
18097322200,"Census Tract 3222, Marion County, Indiana",2019,28.15126050420168
18097322200,"Census Tract 3222, Marion County, Indiana",2020,25.106382978723403
18097322200,"Census Tract 3222, Marion County, Indiana",2021,27.23404255319149
18097322200,Census Tract 3222; Marion County; Indiana,2022,33.03964757709251
18097322200,Census Tract 3222; Marion County; Indiana,2023,25.81967213114754
18097322300,"Census Tract 3223, Marion County, Indiana",2015,22.969187675070028
18097322300,"Census Tract 3223, Marion County, Indiana",2016,25.37764350453172
18097322300,"Census Tract 3223, Marion County, Indiana",2017,21.895424836601308
18097322300,"Census Tract 3223, Marion County, Indiana",2018,29.15129151291513
18097322300,"Census Tract 3223, Marion County, Indiana",2019,29.900332225913623
18097322300,"Census Tract 3223, Marion County, Indiana",2020,24.010554089709764
18097322300,"Census Tract 3223, Marion County, Indiana",2021,15.64102564102564
18097322300,Census Tract 3223; Marion County; Indiana,2022,11.143695014662756
18097322300,Census Tract 3223; Marion County; Indiana,2023,8.219178082191782
18097322400,"Census Tract 3224, Marion County, Indiana",2015,33.83152173913044
18097322400,"Census Tract 3224, Marion County, Indiana",2016,40.55172413793103
18097322400,"Census Tract 3224, Marion County, Indiana",2017,38.63636363636363
18097322400,"Census Tract 3224, Marion County, Indiana",2018,38.16901408450704
18097322400,"Census Tract 3224, Marion County, Indiana",2019,32.76836158192091
18097322400,"Census Tract 3224, Marion County, Indiana",2020,44.49093444909344
18097322400,"Census Tract 3224, Marion County, Indiana",2021,43.61233480176212
18097322400,Census Tract 3224; Marion County; Indiana,2022,50.453172205438065
18097322400,Census Tract 3224; Marion County; Indiana,2023,52.54237288135593
18097322500,"Census Tract 3225, Marion County, Indiana",2015,50.76335877862596
18097322500,"Census Tract 3225, Marion County, Indiana",2016,48.23747680890538
18097322500,"Census Tract 3225, Marion County, Indiana",2017,45.974955277280856
18097322500,"Census Tract 3225, Marion County, Indiana",2018,48.82943143812709
18097322500,"Census Tract 3225, Marion County, Indiana",2019,54.47284345047923
18097322500,"Census Tract 3225, Marion County, Indiana",2020,60.23102310231023
18097322500,"Census Tract 3225, Marion County, Indiana",2021,57.81990521327014
18097322500,Census Tract 3225; Marion County; Indiana,2022,53.42237061769616
18097322500,Census Tract 3225; Marion County; Indiana,2023,53.4804753820034
18097322600,"Census Tract 3226, Marion County, Indiana",2015,59.642147117296226
18097322600,"Census Tract 3226, Marion County, Indiana",2016,54.5928338762215
18097322600,"Census Tract 3226, Marion County, Indiana",2017,51.7175572519084
18097322600,"Census Tract 3226, Marion County, Indiana",2018,44.85733244857333
18097322600,"Census Tract 3226, Marion County, Indiana",2019,36.95788812067882
18097322600,"Census Tract 3226, Marion County, Indiana",2023,14.273629124061408
18097322601,"Census Tract 3226.01, Marion County, Indiana",2020,42.592592592592595
18097322601,"Census Tract 3226.01, Marion County, Indiana",2021,46.45858343337335
18097322601,Census Tract 3226.01; Marion County; Indiana,2022,43.24324324324324
18097322601,Census Tract 3226.01; Marion County; Indiana,2023,49.40047961630695
18097322602,"Census Tract 3226.02, Marion County, Indiana",2020,33.153153153153156
18097322602,"Census Tract 3226.02, Marion County, Indiana",2021,30.292598967297764
18097322602,Census Tract 3226.02; Marion County; Indiana,2022,32.15547703180212
18097322602,Census Tract 3226.02; Marion County; Indiana,2023,30.458715596330276
18097322700,"Census Tract 3227, Marion County, Indiana",2015,64.70588235294117
18097322700,"Census Tract 3227, Marion County, Indiana",2016,62.54545454545455
18097322700,"Census Tract 3227, Marion County, Indiana",2017,67.3170731707317
18097322700,"Census Tract 3227, Marion County, Indiana",2018,68.35443037974683
18097322700,"Census Tract 3227, Marion County, Indiana",2019,60.869565217391305
18097322700,"Census Tract 3227, Marion County, Indiana",2020,26.984126984126984
18097322700,"Census Tract 3227, Marion County, Indiana",2021,31.904761904761905
18097322700,Census Tract 3227; Marion County; Indiana,2022,26.630434782608695
18097322700,Census Tract 3227; Marion County; Indiana,2023,24.193548387096776
18097330103,"Census Tract 3301.03, Marion County, Indiana",2015,33.03747534516765
18097330103,"Census Tract 3301.03, Marion County, Indiana",2016,39.65681601525262
18097330103,"Census Tract 3301.03, Marion County, Indiana",2017,46.58119658119658
18097330103,"Census Tract 3301.03, Marion County, Indiana",2018,49.85365853658536
18097330103,"Census Tract 3301.03, Marion County, Indiana",2019,52.01149425287356
18097330103,"Census Tract 3301.03, Marion County, Indiana",2020,47.55600814663951
18097330103,"Census Tract 3301.03, Marion County, Indiana",2021,44.689800210304945
18097330103,Census Tract 3301.03; Marion County; Indiana,2022,46.875
18097330103,Census Tract 3301.03; Marion County; Indiana,2023,35.56085918854415
18097330105,"Census Tract 3301.05, Marion County, Indiana",2015,35.1951951951952
18097330105,"Census Tract 3301.05, Marion County, Indiana",2016,28.181818181818183
18097330105,"Census Tract 3301.05, Marion County, Indiana",2017,26.00459242250287
18097330105,"Census Tract 3301.05, Marion County, Indiana",2018,28.05970149253731
18097330105,"Census Tract 3301.05, Marion County, Indiana",2019,28.049435787211177
18097330105,"Census Tract 3301.05, Marion County, Indiana",2020,27.183967112024668
18097330105,"Census Tract 3301.05, Marion County, Indiana",2021,30.67484662576687
18097330105,Census Tract 3301.05; Marion County; Indiana,2022,31.754705525197327
18097330105,Census Tract 3301.05; Marion County; Indiana,2023,31.878999418266435
18097330106,"Census Tract 3301.06, Marion County, Indiana",2015,48.308457711442784
18097330106,"Census Tract 3301.06, Marion County, Indiana",2016,54.86177311725453
18097330106,"Census Tract 3301.06, Marion County, Indiana",2017,51.02516309412861
18097330106,"Census Tract 3301.06, Marion County, Indiana",2018,50.74492099322799
18097330106,"Census Tract 3301.06, Marion County, Indiana",2019,48.84615384615385
18097330106,"Census Tract 3301.06, Marion County, Indiana",2020,49.81255857544517
18097330106,"Census Tract 3301.06, Marion County, Indiana",2021,48.82383690538421
18097330106,Census Tract 3301.06; Marion County; Indiana,2022,48.57768052516411
18097330106,Census Tract 3301.06; Marion County; Indiana,2023,52.965599051008304
18097330107,"Census Tract 3301.07, Marion County, Indiana",2015,49.59349593495935
18097330107,"Census Tract 3301.07, Marion County, Indiana",2016,0
18097330107,"Census Tract 3301.07, Marion County, Indiana",2017,0
18097330107,"Census Tract 3301.07, Marion County, Indiana",2018,0
18097330107,"Census Tract 3301.07, Marion County, Indiana",2019,0
18097330107,"Census Tract 3301.07, Marion County, Indiana",2020,0
18097330107,"Census Tract 3301.07, Marion County, Indiana",2021,0
18097330107,Census Tract 3301.07; Marion County; Indiana,2022,0
18097330107,Census Tract 3301.07; Marion County; Indiana,2023,0
18097330108,"Census Tract 3301.08, Marion County, Indiana",2015,0
18097330108,"Census Tract 3301.08, Marion County, Indiana",2016,0
18097330108,"Census Tract 3301.08, Marion County, Indiana",2017,4.545454545454546
18097330108,"Census Tract 3301.08, Marion County, Indiana",2018,6.8493150684931505
18097330108,"Census Tract 3301.08, Marion County, Indiana",2019,13.88888888888889
18097330108,"Census Tract 3301.08, Marion County, Indiana",2020,5.945945945945946
18097330108,"Census Tract 3301.08, Marion County, Indiana",2021,8.641975308641975
18097330108,Census Tract 3301.08; Marion County; Indiana,2022,0
18097330108,Census Tract 3301.08; Marion County; Indiana,2023,0
18097330109,"Census Tract 3301.09, Marion County, Indiana",2015,10.526315789473683
18097330109,"Census Tract 3301.09, Marion County, Indiana",2016,7.522123893805309
18097330109,"Census Tract 3301.09, Marion County, Indiana",2017,21.428571428571427
18097330109,"Census Tract 3301.09, Marion County, Indiana",2018,23.076923076923077
18097330109,"Census Tract 3301.09, Marion County, Indiana",2019,35.68075117370892
18097330109,"Census Tract 3301.09, Marion County, Indiana",2020,26.785714285714285
18097330109,"Census Tract 3301.09, Marion County, Indiana",2021,58.15602836879432
18097330109,Census Tract 3301.09; Marion County; Indiana,2022,28.14814814814815
18097330109,Census Tract 3301.09; Marion County; Indiana,2023,23.529411764705884
18097330202,"Census Tract 3302.02, Marion County, Indiana",2015,62.16931216931217
18097330202,"Census Tract 3302.02, Marion County, Indiana",2016,54.65538089480049
18097330202,"Census Tract 3302.02, Marion County, Indiana",2017,54.28082191780822
18097330202,"Census Tract 3302.02, Marion County, Indiana",2018,54.42142496210207
18097330202,"Census Tract 3302.02, Marion County, Indiana",2019,43.53112840466926
18097330202,"Census Tract 3302.02, Marion County, Indiana",2023,24.89294464002635
18097330203,"Census Tract 3302.03, Marion County, Indiana",2015,16.666666666666668
18097330203,"Census Tract 3302.03, Marion County, Indiana",2016,0
18097330203,"Census Tract 3302.03, Marion County, Indiana",2017,0
18097330203,"Census Tract 3302.03, Marion County, Indiana",2018,47.82608695652174
18097330203,"Census Tract 3302.03, Marion County, Indiana",2019,100
18097330203,"Census Tract 3302.03, Marion County, Indiana",2020,100
18097330203,"Census Tract 3302.03, Marion County, Indiana",2021,56.52173913043478
18097330203,Census Tract 3302.03; Marion County; Indiana,2022,49.25373134328358
18097330203,Census Tract 3302.03; Marion County; Indiana,2023,0
18097330204,"Census Tract 3302.04, Marion County, Indiana",2015,18.202247191011235
18097330204,"Census Tract 3302.04, Marion County, Indiana",2016,7.608695652173913
18097330204,"Census Tract 3302.04, Marion County, Indiana",2017,4.417670682730924
18097330204,"Census Tract 3302.04, Marion County, Indiana",2018,5.504587155963303
18097330204,"Census Tract 3302.04, Marion County, Indiana",2019,13.88888888888889
18097330204,"Census Tract 3302.04, Marion County, Indiana",2020,19.23076923076923
18097330204,"Census Tract 3302.04, Marion County, Indiana",2021,39.39393939393939
18097330204,Census Tract 3302.04; Marion County; Indiana,2022,100
18097330204,Census Tract 3302.04; Marion County; Indiana,2023,30
18097330206,"Census Tract 3302.06, Marion County, Indiana",2015,0
18097330206,"Census Tract 3302.06, Marion County, Indiana",2016,28.846153846153847
18097330206,"Census Tract 3302.06, Marion County, Indiana",2017,45
18097330206,"Census Tract 3302.06, Marion County, Indiana",2018,61.25
18097330206,"Census Tract 3302.06, Marion County, Indiana",2019,64.32432432432432
18097330206,"Census Tract 3302.06, Marion County, Indiana",2020,51.239669421487605
18097330206,"Census Tract 3302.06, Marion County, Indiana",2021,50.31055900621118
18097330206,Census Tract 3302.06; Marion County; Indiana,2022,31.818181818181817
18097330206,Census Tract 3302.06; Marion County; Indiana,2023,30.434782608695652
18097330208,"Census Tract 3302.08, Marion County, Indiana",2015,56.25
18097330208,"Census Tract 3302.08, Marion County, Indiana",2016,50
18097330208,"Census Tract 3302.08, Marion County, Indiana",2017,51.37614678899082
18097330208,"Census Tract 3302.08, Marion County, Indiana",2018,24.705882352941178
18097330208,"Census Tract 3302.08, Marion County, Indiana",2019,37.755102040816325
18097330208,"Census Tract 3302.08, Marion County, Indiana",2020,26.605504587155963
18097330208,"Census Tract 3302.08, Marion County, Indiana",2021,34.355828220858896
18097330208,Census Tract 3302.08; Marion County; Indiana,2022,50.43859649122807
18097330208,Census Tract 3302.08; Marion County; Indiana,2023,48.67256637168141
18097330209,"Census Tract 3302.09, Marion County, Indiana",2015,39.237668161434975
18097330209,"Census Tract 3302.09, Marion County, Indiana",2016,48.99845916795069
18097330209,"Census Tract 3302.09, Marion County, Indiana",2017,56.8075117370892
18097330209,"Census Tract 3302.09, Marion County, Indiana",2018,51.463790446841294
18097330209,"Census Tract 3302.09, Marion County, Indiana",2019,51.10456553755523
18097330209,"Census Tract 3302.09, Marion County, Indiana",2023,62.97146291367549
18097330210,"Census Tract 3302.10, Marion County, Indiana",2020,45.09803921568628
18097330210,"Census Tract 3302.10, Marion County, Indiana",2021,39.722863741339495
18097330210,Census Tract 3302.10; Marion County; Indiana,2022,33.50923482849604
18097330210,Census Tract 3302.10; Marion County; Indiana,2023,65.47884187082406
18097330211,"Census Tract 3302.11, Marion County, Indiana",2020,50.355731225296445
18097330211,"Census Tract 3302.11, Marion County, Indiana",2021,54.801829268292686
18097330211,Census Tract 3302.11; Marion County; Indiana,2022,62.75684931506849
18097330211,Census Tract 3302.11; Marion County; Indiana,2023,49.056603773584904
18097330212,"Census Tract 3302.12, Marion County, Indiana",2020,48.78706199460917
18097330212,"Census Tract 3302.12, Marion County, Indiana",2021,34.04255319148936
18097330212,Census Tract 3302.12; Marion County; Indiana,2022,25.080385852090032
18097330212,Census Tract 3302.12; Marion County; Indiana,2023,34.32835820895522
18097330213,"Census Tract 3302.13, Marion County, Indiana",2020,20.323325635103927
18097330213,"Census Tract 3302.13, Marion County, Indiana",2021,14.761904761904765
18097330213,Census Tract 3302.13; Marion County; Indiana,2022,14.527845036319611
18097330213,Census Tract 3302.13; Marion County; Indiana,2023,11.382113821138212
18097330401,"Census Tract 3304.01, Marion County, Indiana",2015,52.75459098497496
18097330401,"Census Tract 3304.01, Marion County, Indiana",2016,55.794701986754966
18097330401,"Census Tract 3304.01, Marion County, Indiana",2017,46.4696223316913
18097330401,"Census Tract 3304.01, Marion County, Indiana",2018,52.71828665568369
18097330401,"Census Tract 3304.01, Marion County, Indiana",2019,60.92150170648464
18097330401,"Census Tract 3304.01, Marion County, Indiana",2020,56.53061224489796
18097330401,"Census Tract 3304.01, Marion County, Indiana",2021,42.61036468330134
18097330401,Census Tract 3304.01; Marion County; Indiana,2022,54.054054054054056
18097330401,Census Tract 3304.01; Marion County; Indiana,2023,44.38202247191011
18097330500,"Census Tract 3305, Marion County, Indiana",2015,62.46276067527309
18097330500,"Census Tract 3305, Marion County, Indiana",2016,51.18035882908404
18097330500,"Census Tract 3305, Marion County, Indiana",2017,54.891774891774894
18097330500,"Census Tract 3305, Marion County, Indiana",2018,66.31376323387873
18097330500,"Census Tract 3305, Marion County, Indiana",2019,53.11827956989247
18097330500,"Census Tract 3305, Marion County, Indiana",2020,49.06542056074766
18097330500,"Census Tract 3305, Marion County, Indiana",2021,58.04597701149425
18097330500,Census Tract 3305; Marion County; Indiana,2022,64.84375
18097330500,Census Tract 3305; Marion County; Indiana,2023,54.653130287648054
18097330600,"Census Tract 3306, Marion County, Indiana",2015,51.50259067357513
18097330600,"Census Tract 3306, Marion County, Indiana",2016,51.21951219512195
18097330600,"Census Tract 3306, Marion County, Indiana",2017,55.706214689265536
18097330600,"Census Tract 3306, Marion County, Indiana",2018,56.61103979460847
18097330600,"Census Tract 3306, Marion County, Indiana",2019,52.3109243697479
18097330600,"Census Tract 3306, Marion County, Indiana",2020,73.3112582781457
18097330600,"Census Tract 3306, Marion County, Indiana",2021,64.54668470906631
18097330600,Census Tract 3306; Marion County; Indiana,2022,67.47404844290658
18097330600,Census Tract 3306; Marion County; Indiana,2023,70.66666666666667
18097330700,"Census Tract 3307, Marion County, Indiana",2015,22.54160363086233
18097330700,"Census Tract 3307, Marion County, Indiana",2016,21.428571428571427
18097330700,"Census Tract 3307, Marion County, Indiana",2017,17.763845350052247
18097330700,"Census Tract 3307, Marion County, Indiana",2018,36.77248677248677
18097330700,"Census Tract 3307, Marion County, Indiana",2019,41.29190515126737
18097330700,"Census Tract 3307, Marion County, Indiana",2023,60.04220667167242
18097330701,"Census Tract 3307.01, Marion County, Indiana",2020,58.53658536585366
18097330701,"Census Tract 3307.01, Marion County, Indiana",2021,64.40397350993378
18097330701,Census Tract 3307.01; Marion County; Indiana,2022,57.11805555555556
18097330701,Census Tract 3307.01; Marion County; Indiana,2023,61.69491525423729
18097330702,"Census Tract 3307.02, Marion County, Indiana",2020,47.719298245614034
18097330702,"Census Tract 3307.02, Marion County, Indiana",2021,64.95726495726495
18097330702,Census Tract 3307.02; Marion County; Indiana,2022,65.3012048192771
18097330702,Census Tract 3307.02; Marion County; Indiana,2023,38.43416370106762
18097330803,"Census Tract 3308.03, Marion County, Indiana",2015,63.59360301034807
18097330803,"Census Tract 3308.03, Marion County, Indiana",2016,64.27829698857737
18097330803,"Census Tract 3308.03, Marion County, Indiana",2017,61.49843912591051
18097330803,"Census Tract 3308.03, Marion County, Indiana",2018,52.40963855421687
18097330803,"Census Tract 3308.03, Marion County, Indiana",2019,51.71149144254279
18097330803,"Census Tract 3308.03, Marion County, Indiana",2020,38.405797101449274
18097330803,"Census Tract 3308.03, Marion County, Indiana",2021,34.70757430488974
18097330803,Census Tract 3308.03; Marion County; Indiana,2022,39.96569468267582
18097330803,Census Tract 3308.03; Marion County; Indiana,2023,44.31718061674009
18097330804,"Census Tract 3308.04, Marion County, Indiana",2015,49.37629937629938
18097330804,"Census Tract 3308.04, Marion County, Indiana",2016,44.847328244274806
18097330804,"Census Tract 3308.04, Marion County, Indiana",2017,49.181905678537056
18097330804,"Census Tract 3308.04, Marion County, Indiana",2018,40.97859327217125
18097330804,"Census Tract 3308.04, Marion County, Indiana",2019,42.25352112676056
18097330804,"Census Tract 3308.04, Marion County, Indiana",2020,42.36343366778149
18097330804,"Census Tract 3308.04, Marion County, Indiana",2021,45.81818181818182
18097330804,Census Tract 3308.04; Marion County; Indiana,2022,40.65040650406504
18097330804,Census Tract 3308.04; Marion County; Indiana,2023,40.88514225500527
18097330805,"Census Tract 3308.05, Marion County, Indiana",2015,51.23456790123457
18097330805,"Census Tract 3308.05, Marion County, Indiana",2016,43.63001745200698
18097330805,"Census Tract 3308.05, Marion County, Indiana",2017,50.177619893428066
18097330805,"Census Tract 3308.05, Marion County, Indiana",2018,44.32692307692308
18097330805,"Census Tract 3308.05, Marion County, Indiana",2019,50.54704595185996
18097330805,"Census Tract 3308.05, Marion County, Indiana",2020,57.99739921976593
18097330805,"Census Tract 3308.05, Marion County, Indiana",2021,59.33075933075933
18097330805,Census Tract 3308.05; Marion County; Indiana,2022,50.20746887966805
18097330805,Census Tract 3308.05; Marion County; Indiana,2023,67.53393665158372
18097330806,"Census Tract 3308.06, Marion County, Indiana",2015,66.36871508379889
18097330806,"Census Tract 3308.06, Marion County, Indiana",2016,55.90312815338042
18097330806,"Census Tract 3308.06, Marion County, Indiana",2017,57.30434782608695
18097330806,"Census Tract 3308.06, Marion County, Indiana",2018,55.71955719557196
18097330806,"Census Tract 3308.06, Marion County, Indiana",2019,52.31607629427793
18097330806,"Census Tract 3308.06, Marion County, Indiana",2020,55.133079847908746
18097330806,"Census Tract 3308.06, Marion County, Indiana",2021,56.7191844300278
18097330806,Census Tract 3308.06; Marion County; Indiana,2022,58.65800865800866
18097330806,Census Tract 3308.06; Marion County; Indiana,2023,53.67063492063492
18097330900,"Census Tract 3309, Marion County, Indiana",2015,59.69180859691809
18097330900,"Census Tract 3309, Marion County, Indiana",2016,51.12359550561798
18097330900,"Census Tract 3309, Marion County, Indiana",2017,48.0453972257251
18097330900,"Census Tract 3309, Marion County, Indiana",2018,53.13048566413107
18097330900,"Census Tract 3309, Marion County, Indiana",2019,56.343061346039306
18097330900,"Census Tract 3309, Marion County, Indiana",2020,51.62644281217209
18097330900,"Census Tract 3309, Marion County, Indiana",2021,48.53238866396761
18097330900,Census Tract 3309; Marion County; Indiana,2022,49.783341357727494
18097330900,Census Tract 3309; Marion County; Indiana,2023,45.370370370370374
18097331000,"Census Tract 3310, Marion County, Indiana",2015,57.50798722044728
18097331000,"Census Tract 3310, Marion County, Indiana",2016,50.513698630136986
18097331000,"Census Tract 3310, Marion County, Indiana",2017,51.401869158878505
18097331000,"Census Tract 3310, Marion County, Indiana",2018,48.63481228668942
18097331000,"Census Tract 3310, Marion County, Indiana",2019,57.142857142857146
18097331000,"Census Tract 3310, Marion County, Indiana",2020,64.17721518987342
18097331000,"Census Tract 3310, Marion County, Indiana",2021,72.78481012658227
18097331000,Census Tract 3310; Marion County; Indiana,2022,79.10085054678007
18097331000,Census Tract 3310; Marion County; Indiana,2023,78.21428571428571
18097340101,"Census Tract 3401.01, Marion County, Indiana",2015,44.11764705882353
18097340101,"Census Tract 3401.01, Marion County, Indiana",2016,45.490196078431374
18097340101,"Census Tract 3401.01, Marion County, Indiana",2017,54.63258785942492
18097340101,"Census Tract 3401.01, Marion County, Indiana",2018,59.09090909090909
18097340101,"Census Tract 3401.01, Marion County, Indiana",2019,73.77049180327869
18097340101,"Census Tract 3401.01, Marion County, Indiana",2020,37.77777777777778
18097340101,"Census Tract 3401.01, Marion County, Indiana",2021,29.545454545454547
18097340101,Census Tract 3401.01; Marion County; Indiana,2022,25.81699346405229
18097340101,Census Tract 3401.01; Marion County; Indiana,2023,31.12947658402204
18097340102,"Census Tract 3401.02, Marion County, Indiana",2015,63.78809869375907
18097340102,"Census Tract 3401.02, Marion County, Indiana",2016,67.08562450903378
18097340102,"Census Tract 3401.02, Marion County, Indiana",2017,62.66878474980143
18097340102,"Census Tract 3401.02, Marion County, Indiana",2018,57.050765511684126
18097340102,"Census Tract 3401.02, Marion County, Indiana",2019,56.13138686131387
18097340102,"Census Tract 3401.02, Marion County, Indiana",2020,51.52173913043478
18097340102,"Census Tract 3401.02, Marion County, Indiana",2021,50.27322404371585
18097340102,Census Tract 3401.02; Marion County; Indiana,2022,57.961359093937375
18097340102,Census Tract 3401.02; Marion County; Indiana,2023,55.23186682520809
18097340108,"Census Tract 3401.08, Marion County, Indiana",2015,68.86930983847283
18097340108,"Census Tract 3401.08, Marion County, Indiana",2016,59.40298507462686
18097340108,"Census Tract 3401.08, Marion County, Indiana",2017,56.61764705882353
18097340108,"Census Tract 3401.08, Marion County, Indiana",2018,50.348675034867505
18097340108,"Census Tract 3401.08, Marion County, Indiana",2019,36.91529709228824
18097340108,"Census Tract 3401.08, Marion County, Indiana",2020,36.83574879227053
18097340108,"Census Tract 3401.08, Marion County, Indiana",2021,31.287128712871286
18097340108,Census Tract 3401.08; Marion County; Indiana,2022,36.29032258064516
18097340108,Census Tract 3401.08; Marion County; Indiana,2023,41.50298889837745
18097340109,"Census Tract 3401.09, Marion County, Indiana",2015,41.21212121212121
18097340109,"Census Tract 3401.09, Marion County, Indiana",2016,39.80582524271845
18097340109,"Census Tract 3401.09, Marion County, Indiana",2017,35.7487922705314
18097340109,"Census Tract 3401.09, Marion County, Indiana",2018,41.30434782608695
18097340109,"Census Tract 3401.09, Marion County, Indiana",2019,33.04347826086956
18097340109,"Census Tract 3401.09, Marion County, Indiana",2023,24.874835309617914
18097340110,"Census Tract 3401.10, Marion County, Indiana",2015,53.79888268156424
18097340110,"Census Tract 3401.10, Marion County, Indiana",2016,47.467608951707895
18097340110,"Census Tract 3401.10, Marion County, Indiana",2017,52.436323366555925
18097340110,"Census Tract 3401.10, Marion County, Indiana",2018,53.592120509849366
18097340110,"Census Tract 3401.10, Marion County, Indiana",2019,56.10034207525656
18097340110,"Census Tract 3401.10, Marion County, Indiana",2023,58.40180146894889
18097340111,"Census Tract 3401.11, Marion County, Indiana",2015,24.12280701754386
18097340111,"Census Tract 3401.11, Marion County, Indiana",2016,26.53061224489796
18097340111,"Census Tract 3401.11, Marion County, Indiana",2017,30.303030303030305
18097340111,"Census Tract 3401.11, Marion County, Indiana",2018,19.339622641509433
18097340111,"Census Tract 3401.11, Marion County, Indiana",2019,24.324324324324323
18097340111,"Census Tract 3401.11, Marion County, Indiana",2020,18.181818181818183
18097340111,"Census Tract 3401.11, Marion County, Indiana",2021,62.18487394957983
18097340111,Census Tract 3401.11; Marion County; Indiana,2022,64.84848484848484
18097340111,Census Tract 3401.11; Marion County; Indiana,2023,81.25
18097340112,"Census Tract 3401.12, Marion County, Indiana",2015,47.69874476987448
18097340112,"Census Tract 3401.12, Marion County, Indiana",2016,45.58610709117222
18097340112,"Census Tract 3401.12, Marion County, Indiana",2017,42.147651006711406
18097340112,"Census Tract 3401.12, Marion County, Indiana",2018,39.92619926199262
18097340112,"Census Tract 3401.12, Marion County, Indiana",2019,39.38746438746439
18097340112,"Census Tract 3401.12, Marion County, Indiana",2020,48.34162520729685
18097340112,"Census Tract 3401.12, Marion County, Indiana",2021,57.37425404944587
18097340112,Census Tract 3401.12; Marion County; Indiana,2022,55.00910746812386
18097340112,Census Tract 3401.12; Marion County; Indiana,2023,62.613430127041745
18097340113,"Census Tract 3401.13, Marion County, Indiana",2015,83.40807174887892
18097340113,"Census Tract 3401.13, Marion County, Indiana",2016,82.68876611418048
18097340113,"Census Tract 3401.13, Marion County, Indiana",2017,79.02350813743219
18097340113,"Census Tract 3401.13, Marion County, Indiana",2018,79.75352112676056
18097340113,"Census Tract 3401.13, Marion County, Indiana",2019,79.22297297297297
18097340113,"Census Tract 3401.13, Marion County, Indiana",2020,70.60606060606061
18097340113,"Census Tract 3401.13, Marion County, Indiana",2021,67.77609682299546
18097340113,Census Tract 3401.13; Marion County; Indiana,2022,68.88888888888889
18097340113,Census Tract 3401.13; Marion County; Indiana,2023,65.35303776683087
18097340114,"Census Tract 3401.14, Marion County, Indiana",2015,34.43396226415094
18097340114,"Census Tract 3401.14, Marion County, Indiana",2016,44.6078431372549
18097340114,"Census Tract 3401.14, Marion County, Indiana",2017,52.054794520547944
18097340114,"Census Tract 3401.14, Marion County, Indiana",2018,32.66129032258065
18097340114,"Census Tract 3401.14, Marion County, Indiana",2019,37.878787878787875
18097340114,"Census Tract 3401.14, Marion County, Indiana",2020,32.9512893982808
18097340114,"Census Tract 3401.14, Marion County, Indiana",2021,34.6875
18097340114,Census Tract 3401.14; Marion County; Indiana,2022,30.20304568527919
18097340114,Census Tract 3401.14; Marion County; Indiana,2023,29.245283018867923
18097340115,"Census Tract 3401.15, Marion County, Indiana",2020,46.897546897546896
18097340115,"Census Tract 3401.15, Marion County, Indiana",2021,44.95758718190386
18097340115,Census Tract 3401.15; Marion County; Indiana,2022,37.74080560420315
18097340115,Census Tract 3401.15; Marion County; Indiana,2023,40.30905077262693
18097340201,"Census Tract 3402.01, Marion County, Indiana",2015,40.35087719298246
18097340201,"Census Tract 3402.01, Marion County, Indiana",2016,40.289855072463766
18097340201,"Census Tract 3402.01, Marion County, Indiana",2017,34.49197860962567
18097340201,"Census Tract 3402.01, Marion County, Indiana",2018,49.266862170087975
18097340201,"Census Tract 3402.01, Marion County, Indiana",2019,43.9873417721519
18097340201,"Census Tract 3402.01, Marion County, Indiana",2020,46.95121951219512
18097340201,"Census Tract 3402.01, Marion County, Indiana",2021,38.50267379679144
18097340201,Census Tract 3402.01; Marion County; Indiana,2022,42.54278728606357
18097340201,Census Tract 3402.01; Marion County; Indiana,2023,39.053254437869825
18097340202,"Census Tract 3402.02, Marion County, Indiana",2015,56.19504396482814
18097340202,"Census Tract 3402.02, Marion County, Indiana",2016,52.12677231025855
18097340202,"Census Tract 3402.02, Marion County, Indiana",2017,51.974865350089765
18097340202,"Census Tract 3402.02, Marion County, Indiana",2018,53.333333333333336
18097340202,"Census Tract 3402.02, Marion County, Indiana",2019,48.68189806678383
18097340202,"Census Tract 3402.02, Marion County, Indiana",2020,38.80597014925373
18097340202,"Census Tract 3402.02, Marion County, Indiana",2021,41.57851912123678
18097340202,Census Tract 3402.02; Marion County; Indiana,2022,44.55205811138015
18097340202,Census Tract 3402.02; Marion County; Indiana,2023,32.79132791327913
18097340300,"Census Tract 3403, Marion County, Indiana",2015,59.20554854981084
18097340300,"Census Tract 3403, Marion County, Indiana",2016,59.25256178420735
18097340300,"Census Tract 3403, Marion County, Indiana",2017,56.9682151589242
18097340300,"Census Tract 3403, Marion County, Indiana",2018,60.7887323943662
18097340300,"Census Tract 3403, Marion County, Indiana",2019,62.52082176568573
18097340300,"Census Tract 3403, Marion County, Indiana",2023,65.83609498156062
18097340301,"Census Tract 3403.01, Marion County, Indiana",2020,68.17496229260935
18097340301,"Census Tract 3403.01, Marion County, Indiana",2021,62.60434056761269
18097340301,Census Tract 3403.01; Marion County; Indiana,2022,55.93803786574871
18097340301,Census Tract 3403.01; Marion County; Indiana,2023,71.97346600331674
18097340302,"Census Tract 3403.02, Marion County, Indiana",2020,52.247191011235955
18097340302,"Census Tract 3403.02, Marion County, Indiana",2021,47.63205828779599
18097340302,Census Tract 3403.02; Marion County; Indiana,2022,41.34438305709024
18097340302,Census Tract 3403.02; Marion County; Indiana,2023,49.73776223776224
18097340400,"Census Tract 3404, Marion County, Indiana",2015,61.48036253776435
18097340400,"Census Tract 3404, Marion County, Indiana",2016,53.77643504531722
18097340400,"Census Tract 3404, Marion County, Indiana",2017,54.51761102603369
18097340400,"Census Tract 3404, Marion County, Indiana",2018,46.02941176470589
18097340400,"Census Tract 3404, Marion County, Indiana",2019,50.764525993883794
18097340400,"Census Tract 3404, Marion County, Indiana",2020,47.2972972972973
18097340400,"Census Tract 3404, Marion County, Indiana",2021,52.71565495207667
18097340400,Census Tract 3404; Marion County; Indiana,2022,53.140916808149406
18097340400,Census Tract 3404; Marion County; Indiana,2023,67.40237691001698
18097340500,"Census Tract 3405, Marion County, Indiana",2015,52.416052416052416
18097340500,"Census Tract 3405, Marion County, Indiana",2016,55.86776859504132
18097340500,"Census Tract 3405, Marion County, Indiana",2017,46.492659053833606
18097340500,"Census Tract 3405, Marion County, Indiana",2018,46.04810996563574
18097340500,"Census Tract 3405, Marion County, Indiana",2019,47.81297134238311
18097340500,"Census Tract 3405, Marion County, Indiana",2020,54.834684965689334
18097340500,"Census Tract 3405, Marion County, Indiana",2021,48.791714614499426
18097340500,Census Tract 3405; Marion County; Indiana,2022,58.622754491017965
18097340500,Census Tract 3405; Marion County; Indiana,2023,50.8578431372549
18097340600,"Census Tract 3406, Marion County, Indiana",2015,70.76749435665914
18097340600,"Census Tract 3406, Marion County, Indiana",2016,69.46039035591275
18097340600,"Census Tract 3406, Marion County, Indiana",2017,63.29243353783231
18097340600,"Census Tract 3406, Marion County, Indiana",2018,56.724511930585685
18097340600,"Census Tract 3406, Marion County, Indiana",2019,56.992639327024186
18097340600,"Census Tract 3406, Marion County, Indiana",2020,48.622754491017965
18097340600,"Census Tract 3406, Marion County, Indiana",2021,42.87305122494432
18097340600,Census Tract 3406; Marion County; Indiana,2022,43.97076735688185
18097340600,Census Tract 3406; Marion County; Indiana,2023,50.43914680050188
18097340700,"Census Tract 3407, Marion County, Indiana",2015,50.509461426491995
18097340700,"Census Tract 3407, Marion County, Indiana",2016,48.68421052631579
18097340700,"Census Tract 3407, Marion County, Indiana",2017,50.51698670605613
18097340700,"Census Tract 3407, Marion County, Indiana",2018,44.916540212443095
18097340700,"Census Tract 3407, Marion County, Indiana",2019,45.3551912568306
18097340700,"Census Tract 3407, Marion County, Indiana",2020,50.405561993047506
18097340700,"Census Tract 3407, Marion County, Indiana",2021,56.3855421686747
18097340700,Census Tract 3407; Marion County; Indiana,2022,54.994629430719655
18097340700,Census Tract 3407; Marion County; Indiana,2023,52.61845386533666
18097340800,"Census Tract 3408, Marion County, Indiana",2015,44.583333333333336
18097340800,"Census Tract 3408, Marion County, Indiana",2016,55.26315789473684
18097340800,"Census Tract 3408, Marion County, Indiana",2017,54.76190476190476
18097340800,"Census Tract 3408, Marion County, Indiana",2018,35.55555555555556
18097340800,"Census Tract 3408, Marion County, Indiana",2019,36.02941176470589
18097340800,"Census Tract 3408, Marion County, Indiana",2020,33.60655737704918
18097340800,"Census Tract 3408, Marion County, Indiana",2021,35.2112676056338
18097340800,Census Tract 3408; Marion County; Indiana,2022,30.90909090909091
18097340800,Census Tract 3408; Marion County; Indiana,2023,29.936305732484076
18097340901,"Census Tract 3409.01, Marion County, Indiana",2015,17.449664429530202
18097340901,"Census Tract 3409.01, Marion County, Indiana",2016,19.78609625668449
18097340901,"Census Tract 3409.01, Marion County, Indiana",2017,30.927835051546392
18097340901,"Census Tract 3409.01, Marion County, Indiana",2018,19.774011299435028
18097340901,"Census Tract 3409.01, Marion County, Indiana",2019,38.547486033519554
18097340901,"Census Tract 3409.01, Marion County, Indiana",2020,26.511627906976745
18097340901,"Census Tract 3409.01, Marion County, Indiana",2021,53.84615384615385
18097340901,Census Tract 3409.01; Marion County; Indiana,2022,44.329896907216494
18097340901,Census Tract 3409.01; Marion County; Indiana,2023,27.642276422764223
18097340902,"Census Tract 3409.02, Marion County, Indiana",2015,52.11325400082068
18097340902,"Census Tract 3409.02, Marion County, Indiana",2016,43.68327402135231
18097340902,"Census Tract 3409.02, Marion County, Indiana",2017,46.358543417366946
18097340902,"Census Tract 3409.02, Marion County, Indiana",2018,41.14855244423351
18097340902,"Census Tract 3409.02, Marion County, Indiana",2019,38.9765662362506
18097340902,"Census Tract 3409.02, Marion County, Indiana",2023,25.839878471680514
18097340903,"Census Tract 3409.03, Marion County, Indiana",2020,27.040194884287455
18097340903,"Census Tract 3409.03, Marion County, Indiana",2021,32.68998793727383
18097340903,Census Tract 3409.03; Marion County; Indiana,2022,40.95634095634096
18097340903,Census Tract 3409.03; Marion County; Indiana,2023,46.54811715481171
18097340904,"Census Tract 3409.04, Marion County, Indiana",2020,28.400796284007964
18097340904,"Census Tract 3409.04, Marion County, Indiana",2021,36.66881859264041
18097340904,Census Tract 3409.04; Marion County; Indiana,2022,36.36950904392765
18097340904,Census Tract 3409.04; Marion County; Indiana,2023,41.18012422360248
18097341000,"Census Tract 3410, Marion County, Indiana",2015,21.656050955414013
18097341000,"Census Tract 3410, Marion County, Indiana",2016,34.946236559139784
18097341000,"Census Tract 3410, Marion County, Indiana",2017,41.46341463414634
18097341000,"Census Tract 3410, Marion County, Indiana",2018,58.69565217391305
18097341000,"Census Tract 3410, Marion County, Indiana",2019,67.44186046511628
18097341000,"Census Tract 3410, Marion County, Indiana",2020,63.775510204081634
18097341000,"Census Tract 3410, Marion County, Indiana",2021,63.69047619047619
18097341000,Census Tract 3410; Marion County; Indiana,2022,56.774193548387096
18097341000,Census Tract 3410; Marion County; Indiana,2023,34.74576271186441
18097341100,"Census Tract 3411, Marion County, Indiana",2015,63.1578947368421
18097341100,"Census Tract 3411, Marion County, Indiana",2016,65.14745308310992
18097341100,"Census Tract 3411, Marion County, Indiana",2017,64.21052631578948
18097341100,"Census Tract 3411, Marion County, Indiana",2018,49.85590778097983
18097341100,"Census Tract 3411, Marion County, Indiana",2019,44.79768786127168
18097341100,"Census Tract 3411, Marion County, Indiana",2020,27.514792899408285
18097341100,"Census Tract 3411, Marion County, Indiana",2021,34.54987834549878
18097341100,Census Tract 3411; Marion County; Indiana,2022,44.730679156908664
18097341100,Census Tract 3411; Marion County; Indiana,2023,43.10722100656455
18097341200,"Census Tract 3412, Marion County, Indiana",2015,53.734939759036145
18097341200,"Census Tract 3412, Marion County, Indiana",2016,59.47136563876652
18097341200,"Census Tract 3412, Marion County, Indiana",2017,56.48702594810379
18097341200,"Census Tract 3412, Marion County, Indiana",2018,57.74058577405858
18097341200,"Census Tract 3412, Marion County, Indiana",2019,65.55323590814196
18097341200,"Census Tract 3412, Marion County, Indiana",2020,63.34661354581673
18097341200,"Census Tract 3412, Marion County, Indiana",2021,60.84788029925187
18097341200,Census Tract 3412; Marion County; Indiana,2022,61.80124223602485
18097341200,Census Tract 3412; Marion County; Indiana,2023,67.81326781326781
18097341600,"Census Tract 3416, Marion County, Indiana",2015,45.02074688796681
18097341600,"Census Tract 3416, Marion County, Indiana",2016,40.81632653061224
18097341600,"Census Tract 3416, Marion County, Indiana",2017,50.72202166064982
18097341600,"Census Tract 3416, Marion County, Indiana",2018,46.3855421686747
18097341600,"Census Tract 3416, Marion County, Indiana",2019,48.51851851851852
18097341600,"Census Tract 3416, Marion County, Indiana",2020,59.57854406130268
18097341600,"Census Tract 3416, Marion County, Indiana",2021,62.47755834829444
18097341600,Census Tract 3416; Marion County; Indiana,2022,66.0569105691057
18097341600,Census Tract 3416; Marion County; Indiana,2023,69.44444444444444
18097341700,"Census Tract 3417, Marion County, Indiana",2015,74.40944881889764
18097341700,"Census Tract 3417, Marion County, Indiana",2016,70.267131242741
18097341700,"Census Tract 3417, Marion County, Indiana",2017,64.01308615049074
18097341700,"Census Tract 3417, Marion County, Indiana",2018,65.64156945917286
18097341700,"Census Tract 3417, Marion County, Indiana",2019,65.06591337099812
18097341700,"Census Tract 3417, Marion County, Indiana",2023,55.72237792309859
18097341701,"Census Tract 3417.01, Marion County, Indiana",2020,65.79406631762653
18097341701,"Census Tract 3417.01, Marion County, Indiana",2021,69.00452488687783
18097341701,Census Tract 3417.01; Marion County; Indiana,2022,68.24324324324324
18097341701,Census Tract 3417.01; Marion County; Indiana,2023,44.53551912568306
18097341702,"Census Tract 3417.02, Marion County, Indiana",2020,44.4954128440367
18097341702,"Census Tract 3417.02, Marion County, Indiana",2021,46.31578947368421
18097341702,Census Tract 3417.02; Marion County; Indiana,2022,55.23809523809524
18097341702,Census Tract 3417.02; Marion County; Indiana,2023,38.857142857142854
18097341902,"Census Tract 3419.02, Marion County, Indiana",2015,43.18181818181818
18097341902,"Census Tract 3419.02, Marion County, Indiana",2016,50
18097341902,"Census Tract 3419.02, Marion County, Indiana",2017,51.851851851851855
18097341902,"Census Tract 3419.02, Marion County, Indiana",2018,47.65342960288809
18097341902,"Census Tract 3419.02, Marion County, Indiana",2019,52
18097341902,"Census Tract 3419.02, Marion County, Indiana",2020,51.11940298507463
18097341902,"Census Tract 3419.02, Marion County, Indiana",2021,42.7536231884058
18097341902,Census Tract 3419.02; Marion County; Indiana,2022,41.92439862542955
18097341902,Census Tract 3419.02; Marion County; Indiana,2023,50.24509803921568
18097341903,"Census Tract 3419.03, Marion County, Indiana",2015,56.05194805194805
18097341903,"Census Tract 3419.03, Marion County, Indiana",2016,53.131991051454136
18097341903,"Census Tract 3419.03, Marion County, Indiana",2017,52.561784207353824
18097341903,"Census Tract 3419.03, Marion County, Indiana",2018,49.09303686366296
18097341903,"Census Tract 3419.03, Marion County, Indiana",2019,49.67085577498504
18097341903,"Census Tract 3419.03, Marion County, Indiana",2020,46.72346002621232
18097341903,"Census Tract 3419.03, Marion County, Indiana",2021,44.79665071770335
18097341903,Census Tract 3419.03; Marion County; Indiana,2022,43.75729288214703
18097341903,Census Tract 3419.03; Marion County; Indiana,2023,39.16040100250627
18097341904,"Census Tract 3419.04, Marion County, Indiana",2015,51.58850226928896
18097341904,"Census Tract 3419.04, Marion County, Indiana",2016,49.00153609831029
18097341904,"Census Tract 3419.04, Marion County, Indiana",2017,56.03053435114504
18097341904,"Census Tract 3419.04, Marion County, Indiana",2018,52.36728837876614
18097341904,"Census Tract 3419.04, Marion County, Indiana",2019,46.16519174041298
18097341904,"Census Tract 3419.04, Marion County, Indiana",2020,52.397260273972606
18097341904,"Census Tract 3419.04, Marion County, Indiana",2021,56.62251655629139
18097341904,Census Tract 3419.04; Marion County; Indiana,2022,52.922077922077925
18097341904,Census Tract 3419.04; Marion County; Indiana,2023,47.63636363636363
18097342000,"Census Tract 3420, Marion County, Indiana",2015,80.84291187739464
18097342000,"Census Tract 3420, Marion County, Indiana",2016,47.96747967479675
18097342000,"Census Tract 3420, Marion County, Indiana",2017,23.076923076923077
18097342000,"Census Tract 3420, Marion County, Indiana",2018,26.00896860986547
18097342000,"Census Tract 3420, Marion County, Indiana",2019,21.714285714285715
18097342000,"Census Tract 3420, Marion County, Indiana",2020,33.74384236453202
18097342000,"Census Tract 3420, Marion County, Indiana",2021,43.51145038167939
18097342000,Census Tract 3420; Marion County; Indiana,2022,28.45528455284553
18097342000,Census Tract 3420; Marion County; Indiana,2023,27.54237288135593
18097342101,"Census Tract 3421.01, Marion County, Indiana",2015,48.02784222737819
18097342101,"Census Tract 3421.01, Marion County, Indiana",2016,63.00448430493274
18097342101,"Census Tract 3421.01, Marion County, Indiana",2017,72.6235741444867
18097342101,"Census Tract 3421.01, Marion County, Indiana",2018,72.76119402985074
18097342101,"Census Tract 3421.01, Marion County, Indiana",2019,69.64006259780908
18097342101,"Census Tract 3421.01, Marion County, Indiana",2020,53.42066957787482
18097342101,"Census Tract 3421.01, Marion County, Indiana",2021,47.05882352941177
18097342101,Census Tract 3421.01; Marion County; Indiana,2022,37.00887198986058
18097342101,Census Tract 3421.01; Marion County; Indiana,2023,36.49885583524028
18097342200,"Census Tract 3422, Marion County, Indiana",2015,42.95499021526419
18097342200,"Census Tract 3422, Marion County, Indiana",2016,47.15525554484088
18097342200,"Census Tract 3422, Marion County, Indiana",2017,52.01149425287356
18097342200,"Census Tract 3422, Marion County, Indiana",2018,51.18829981718464
18097342200,"Census Tract 3422, Marion County, Indiana",2019,47.842056932966024
18097342200,"Census Tract 3422, Marion County, Indiana",2020,38.28282828282829
18097342200,"Census Tract 3422, Marion County, Indiana",2021,40.025252525252526
18097342200,Census Tract 3422; Marion County; Indiana,2022,39.01464713715047
18097342200,Census Tract 3422; Marion County; Indiana,2023,50.54545454545455
18097342300,"Census Tract 3423, Marion County, Indiana",2015,57.88235294117647
18097342300,"Census Tract 3423, Marion County, Indiana",2016,61.71132238547969
18097342300,"Census Tract 3423, Marion County, Indiana",2017,52.72547076313182
18097342300,"Census Tract 3423, Marion County, Indiana",2018,53.38253382533826
18097342300,"Census Tract 3423, Marion County, Indiana",2019,49.68866749688667
18097342300,"Census Tract 3423, Marion County, Indiana",2020,51.39275766016713
18097342300,"Census Tract 3423, Marion County, Indiana",2021,30.528586839266453
18097342300,Census Tract 3423; Marion County; Indiana,2022,36.283185840707965
18097342300,Census Tract 3423; Marion County; Indiana,2023,47.423764458464774
18097342400,"Census Tract 3424, Marion County, Indiana",2015,53.26086956521739
18097342400,"Census Tract 3424, Marion County, Indiana",2016,47.35294117647059
18097342400,"Census Tract 3424, Marion County, Indiana",2017,44.03669724770642
18097342400,"Census Tract 3424, Marion County, Indiana",2018,40.46052631578947
18097342400,"Census Tract 3424, Marion County, Indiana",2019,44.5945945945946
18097342400,"Census Tract 3424, Marion County, Indiana",2020,43.18181818181818
18097342400,"Census Tract 3424, Marion County, Indiana",2021,40.26548672566372
18097342400,Census Tract 3424; Marion County; Indiana,2022,41.29353233830846
18097342400,Census Tract 3424; Marion County; Indiana,2023,42.603550295857985
18097342500,"Census Tract 3425, Marion County, Indiana",2015,65.17857142857143
18097342500,"Census Tract 3425, Marion County, Indiana",2016,69.86754966887418
18097342500,"Census Tract 3425, Marion County, Indiana",2017,72.71126760563381
18097342500,"Census Tract 3425, Marion County, Indiana",2018,60.63492063492063
18097342500,"Census Tract 3425, Marion County, Indiana",2019,60.97946287519747
18097342500,"Census Tract 3425, Marion County, Indiana",2020,56.5625
18097342500,"Census Tract 3425, Marion County, Indiana",2021,57.997010463378174
18097342500,Census Tract 3425; Marion County; Indiana,2022,51.41318977119785
18097342500,Census Tract 3425; Marion County; Indiana,2023,51.60427807486631
18097342600,"Census Tract 3426, Marion County, Indiana",2015,57.98922800718133
18097342600,"Census Tract 3426, Marion County, Indiana",2016,63.24786324786325
18097342600,"Census Tract 3426, Marion County, Indiana",2017,65.14598540145985
18097342600,"Census Tract 3426, Marion County, Indiana",2018,63.25301204819277
18097342600,"Census Tract 3426, Marion County, Indiana",2019,60.60100166944908
18097342600,"Census Tract 3426, Marion County, Indiana",2020,42.56
18097342600,"Census Tract 3426, Marion County, Indiana",2021,36.73076923076923
18097342600,Census Tract 3426; Marion County; Indiana,2022,39.60720130932897
18097342600,Census Tract 3426; Marion County; Indiana,2023,32.49551166965889
18097350100,"Census Tract 3501, Marion County, Indiana",2015,59.09090909090909
18097350100,"Census Tract 3501, Marion County, Indiana",2016,59.12162162162162
18097350100,"Census Tract 3501, Marion County, Indiana",2017,61.05263157894737
18097350100,"Census Tract 3501, Marion County, Indiana",2018,52.50965250965251
18097350100,"Census Tract 3501, Marion County, Indiana",2019,38.578680203045685
18097350100,"Census Tract 3501, Marion County, Indiana",2020,37.5
18097350100,"Census Tract 3501, Marion County, Indiana",2021,45.34883720930232
18097350100,Census Tract 3501; Marion County; Indiana,2022,34.35897435897436
18097350100,Census Tract 3501; Marion County; Indiana,2023,32.450331125827816
18097350300,"Census Tract 3503, Marion County, Indiana",2015,61.51761517615176
18097350300,"Census Tract 3503, Marion County, Indiana",2016,60.29532403609516
18097350300,"Census Tract 3503, Marion County, Indiana",2017,56.721595836947095
18097350300,"Census Tract 3503, Marion County, Indiana",2018,56.07625099285147
18097350300,"Census Tract 3503, Marion County, Indiana",2019,57.26235741444867
18097350300,"Census Tract 3503, Marion County, Indiana",2020,55.828220858895705
18097350300,"Census Tract 3503, Marion County, Indiana",2021,56.77045619116582
18097350300,Census Tract 3503; Marion County; Indiana,2022,57.52808988764045
18097350300,Census Tract 3503; Marion County; Indiana,2023,57.29483282674772
18097350400,"Census Tract 3504, Marion County, Indiana",2015,69.68576709796673
18097350400,"Census Tract 3504, Marion County, Indiana",2016,67.85714285714286
18097350400,"Census Tract 3504, Marion County, Indiana",2017,70.73732718894009
18097350400,"Census Tract 3504, Marion County, Indiana",2018,60.183066361556065
18097350400,"Census Tract 3504, Marion County, Indiana",2019,55.97345132743363
18097350400,"Census Tract 3504, Marion County, Indiana",2020,51.47392290249433
18097350400,"Census Tract 3504, Marion County, Indiana",2021,54.46808510638298
18097350400,Census Tract 3504; Marion County; Indiana,2022,43.55716878402904
18097350400,Census Tract 3504; Marion County; Indiana,2023,42.52669039145908
18097350500,"Census Tract 3505, Marion County, Indiana",2015,42.244897959183675
18097350500,"Census Tract 3505, Marion County, Indiana",2016,53.16205533596838
18097350500,"Census Tract 3505, Marion County, Indiana",2017,49.59514170040486
18097350500,"Census Tract 3505, Marion County, Indiana",2018,39.375
18097350500,"Census Tract 3505, Marion County, Indiana",2019,43.145161290322584
18097350500,"Census Tract 3505, Marion County, Indiana",2020,43.81139489194499
18097350500,"Census Tract 3505, Marion County, Indiana",2021,38.34296724470135
18097350500,Census Tract 3505; Marion County; Indiana,2022,40.57649667405765
18097350500,Census Tract 3505; Marion County; Indiana,2023,54.63258785942492
18097350600,"Census Tract 3506, Marion County, Indiana",2015,66.80440771349862
18097350600,"Census Tract 3506, Marion County, Indiana",2016,66.62387676508344
18097350600,"Census Tract 3506, Marion County, Indiana",2017,70.37037037037037
18097350600,"Census Tract 3506, Marion County, Indiana",2018,72.36842105263158
18097350600,"Census Tract 3506, Marion County, Indiana",2019,73.20075757575758
18097350600,"Census Tract 3506, Marion County, Indiana",2020,69.68838526912181
18097350600,"Census Tract 3506, Marion County, Indiana",2021,79.18454935622317
18097350600,Census Tract 3506; Marion County; Indiana,2022,77.21774193548387
18097350600,Census Tract 3506; Marion County; Indiana,2023,81.22362869198312
18097350700,"Census Tract 3507, Marion County, Indiana",2015,69.19642857142857
18097350700,"Census Tract 3507, Marion County, Indiana",2016,60
18097350700,"Census Tract 3507, Marion County, Indiana",2017,57.41626794258373
18097350700,"Census Tract 3507, Marion County, Indiana",2018,67.3170731707317
18097350700,"Census Tract 3507, Marion County, Indiana",2019,60.88328075709779
18097350700,"Census Tract 3507, Marion County, Indiana",2020,62.30248306997743
18097350700,"Census Tract 3507, Marion County, Indiana",2021,72.32323232323232
18097350700,Census Tract 3507; Marion County; Indiana,2022,68.41004184100419
18097350700,Census Tract 3507; Marion County; Indiana,2023,62.5
18097350800,"Census Tract 3508, Marion County, Indiana",2015,55.445544554455445
18097350800,"Census Tract 3508, Marion County, Indiana",2016,57.84172661870504
18097350800,"Census Tract 3508, Marion County, Indiana",2017,63.651591289782246
18097350800,"Census Tract 3508, Marion County, Indiana",2018,64.1025641025641
18097350800,"Census Tract 3508, Marion County, Indiana",2019,54.54545454545455
18097350800,"Census Tract 3508, Marion County, Indiana",2020,49.794238683127574
18097350800,"Census Tract 3508, Marion County, Indiana",2021,50.1953125
18097350800,Census Tract 3508; Marion County; Indiana,2022,51.58450704225352
18097350800,Census Tract 3508; Marion County; Indiana,2023,59.19732441471571
18097350900,"Census Tract 3509, Marion County, Indiana",2015,48.96551724137931
18097350900,"Census Tract 3509, Marion County, Indiana",2016,53.333333333333336
18097350900,"Census Tract 3509, Marion County, Indiana",2017,49.21875
18097350900,"Census Tract 3509, Marion County, Indiana",2018,54.94505494505494
18097350900,"Census Tract 3509, Marion County, Indiana",2019,58.125
18097350900,"Census Tract 3509, Marion County, Indiana",2020,54.509803921568626
18097350900,"Census Tract 3509, Marion County, Indiana",2021,44.326241134751776
18097350900,Census Tract 3509; Marion County; Indiana,2022,59.150326797385624
18097350900,Census Tract 3509; Marion County; Indiana,2023,65
18097351000,"Census Tract 3510, Marion County, Indiana",2015,60.18276762402089
18097351000,"Census Tract 3510, Marion County, Indiana",2016,56.86274509803921
18097351000,"Census Tract 3510, Marion County, Indiana",2017,60.59113300492611
18097351000,"Census Tract 3510, Marion County, Indiana",2018,54.401408450704224
18097351000,"Census Tract 3510, Marion County, Indiana",2019,50.40387722132472
18097351000,"Census Tract 3510, Marion County, Indiana",2020,41.28878281622912
18097351000,"Census Tract 3510, Marion County, Indiana",2021,38.87530562347188
18097351000,Census Tract 3510; Marion County; Indiana,2022,53.20855614973262
18097351000,Census Tract 3510; Marion County; Indiana,2023,46.321525885558586
18097351200,"Census Tract 3512, Marion County, Indiana",2015,69.58250497017893
18097351200,"Census Tract 3512, Marion County, Indiana",2016,67.93478260869566
18097351200,"Census Tract 3512, Marion County, Indiana",2017,69.92619926199262
18097351200,"Census Tract 3512, Marion County, Indiana",2018,75.72156196943973
18097351200,"Census Tract 3512, Marion County, Indiana",2019,77.90143084260731
18097351200,"Census Tract 3512, Marion County, Indiana",2020,61.25730994152047
18097351200,"Census Tract 3512, Marion County, Indiana",2021,59.57446808510638
18097351200,Census Tract 3512; Marion County; Indiana,2022,59.4553706505295
18097351200,Census Tract 3512; Marion County; Indiana,2023,48.07017543859649
18097351500,"Census Tract 3515, Marion County, Indiana",2015,51.24378109452736
18097351500,"Census Tract 3515, Marion County, Indiana",2016,44.48217317487266
18097351500,"Census Tract 3515, Marion County, Indiana",2017,51.41342756183746
18097351500,"Census Tract 3515, Marion County, Indiana",2018,48.62236628849271
18097351500,"Census Tract 3515, Marion County, Indiana",2019,49.75609756097561
18097351500,"Census Tract 3515, Marion County, Indiana",2020,52.44865718799368
18097351500,"Census Tract 3515, Marion County, Indiana",2021,58.9171974522293
18097351500,Census Tract 3515; Marion County; Indiana,2022,51.91740412979351
18097351500,Census Tract 3515; Marion County; Indiana,2023,51.31375579598145
18097351600,"Census Tract 3516, Marion County, Indiana",2015,46.61508704061895
18097351600,"Census Tract 3516, Marion County, Indiana",2016,38.74755381604697
18097351600,"Census Tract 3516, Marion County, Indiana",2017,32.71604938271605
18097351600,"Census Tract 3516, Marion County, Indiana",2018,32.80182232346242
18097351600,"Census Tract 3516, Marion County, Indiana",2019,27.84503631961259
18097351600,"Census Tract 3516, Marion County, Indiana",2020,20.422535211267604
18097351600,"Census Tract 3516, Marion County, Indiana",2021,24.413145539906104
18097351600,Census Tract 3516; Marion County; Indiana,2022,30.379746835443036
18097351600,Census Tract 3516; Marion County; Indiana,2023,29.233870967741936
18097351700,"Census Tract 3517, Marion County, Indiana",2015,63.61904761904762
18097351700,"Census Tract 3517, Marion County, Indiana",2016,58.959537572254334
18097351700,"Census Tract 3517, Marion County, Indiana",2017,55.172413793103445
18097351700,"Census Tract 3517, Marion County, Indiana",2018,50.45662100456621
18097351700,"Census Tract 3517, Marion County, Indiana",2019,40.090090090090094
18097351700,"Census Tract 3517, Marion County, Indiana",2020,34.72668810289389
18097351700,"Census Tract 3517, Marion County, Indiana",2021,28.09667673716012
18097351700,Census Tract 3517; Marion County; Indiana,2022,42.705570291777185
18097351700,Census Tract 3517; Marion County; Indiana,2023,35.140562248995984
18097351900,"Census Tract 3519, Marion County, Indiana",2015,58.13008130081301
18097351900,"Census Tract 3519, Marion County, Indiana",2016,38.775510204081634
18097351900,"Census Tract 3519, Marion County, Indiana",2017,38.87814313346228
18097351900,"Census Tract 3519, Marion County, Indiana",2018,40.754039497307005
18097351900,"Census Tract 3519, Marion County, Indiana",2019,47.10017574692443
18097351900,"Census Tract 3519, Marion County, Indiana",2020,44.05458089668616
18097351900,"Census Tract 3519, Marion County, Indiana",2021,52.10970464135021
18097351900,Census Tract 3519; Marion County; Indiana,2022,57.675438596491226
18097351900,Census Tract 3519; Marion County; Indiana,2023,62.69315673289183
18097352100,"Census Tract 3521, Marion County, Indiana",2015,78.1637717121588
18097352100,"Census Tract 3521, Marion County, Indiana",2016,70.64439140811456
18097352100,"Census Tract 3521, Marion County, Indiana",2017,64.47963800904978
18097352100,"Census Tract 3521, Marion County, Indiana",2018,62.64501160092807
18097352100,"Census Tract 3521, Marion County, Indiana",2019,55
18097352100,"Census Tract 3521, Marion County, Indiana",2020,45.7286432160804
18097352100,"Census Tract 3521, Marion County, Indiana",2021,46.61835748792271
18097352100,Census Tract 3521; Marion County; Indiana,2022,56.97115384615385
18097352100,Census Tract 3521; Marion County; Indiana,2023,43.90243902439025
18097352300,"Census Tract 3523, Marion County, Indiana",2015,56.3573883161512
18097352300,"Census Tract 3523, Marion County, Indiana",2016,51.89003436426117
18097352300,"Census Tract 3523, Marion County, Indiana",2017,52.5
18097352300,"Census Tract 3523, Marion County, Indiana",2018,47.794117647058826
18097352300,"Census Tract 3523, Marion County, Indiana",2019,38.41059602649007
18097352300,"Census Tract 3523, Marion County, Indiana",2020,44.905660377358494
18097352300,"Census Tract 3523, Marion County, Indiana",2021,49.27536231884058
18097352300,Census Tract 3523; Marion County; Indiana,2022,53.50140056022409
18097352300,Census Tract 3523; Marion County; Indiana,2023,49.185667752442995
18097352400,"Census Tract 3524, Marion County, Indiana",2015,72.54901960784314
18097352400,"Census Tract 3524, Marion County, Indiana",2016,67.3076923076923
18097352400,"Census Tract 3524, Marion County, Indiana",2017,66.8176670441676
18097352400,"Census Tract 3524, Marion County, Indiana",2018,52.974828375286044
18097352400,"Census Tract 3524, Marion County, Indiana",2019,56.68571428571428
18097352400,"Census Tract 3524, Marion County, Indiana",2020,49.09310761789601
18097352400,"Census Tract 3524, Marion County, Indiana",2021,57.751091703056765
18097352400,Census Tract 3524; Marion County; Indiana,2022,50.37220843672456
18097352400,Census Tract 3524; Marion County; Indiana,2023,53.03867403314917
18097352500,"Census Tract 3525, Marion County, Indiana",2015,68.45018450184502
18097352500,"Census Tract 3525, Marion County, Indiana",2016,64.39393939393939
18097352500,"Census Tract 3525, Marion County, Indiana",2017,57.98319327731093
18097352500,"Census Tract 3525, Marion County, Indiana",2018,52.37258347978911
18097352500,"Census Tract 3525, Marion County, Indiana",2019,46.04200323101777
18097352500,"Census Tract 3525, Marion County, Indiana",2020,58.55614973262032
18097352500,"Census Tract 3525, Marion County, Indiana",2021,52.9639175257732
18097352500,Census Tract 3525; Marion County; Indiana,2022,58.16831683168317
18097352500,Census Tract 3525; Marion County; Indiana,2023,52.88343558282209
18097352600,"Census Tract 3526, Marion County, Indiana",2015,55.472263868065966
18097352600,"Census Tract 3526, Marion County, Indiana",2016,56.48414985590778
18097352600,"Census Tract 3526, Marion County, Indiana",2017,53.304597701149426
18097352600,"Census Tract 3526, Marion County, Indiana",2018,51.578947368421055
18097352600,"Census Tract 3526, Marion County, Indiana",2019,49.75247524752475
18097352600,"Census Tract 3526, Marion County, Indiana",2020,56.74967234600262
18097352600,"Census Tract 3526, Marion County, Indiana",2021,64.73829201101928
18097352600,Census Tract 3526; Marion County; Indiana,2022,65.32467532467533
18097352600,Census Tract 3526; Marion County; Indiana,2023,48.09976247030879
18097352700,"Census Tract 3527, Marion County, Indiana",2015,41.235632183908045
18097352700,"Census Tract 3527, Marion County, Indiana",2016,38.92215568862275
18097352700,"Census Tract 3527, Marion County, Indiana",2017,32.84023668639053
18097352700,"Census Tract 3527, Marion County, Indiana",2018,30.493273542600896
18097352700,"Census Tract 3527, Marion County, Indiana",2019,32.23270440251572
18097352700,"Census Tract 3527, Marion County, Indiana",2020,37.97752808988764
18097352700,"Census Tract 3527, Marion County, Indiana",2021,52.63157894736842
18097352700,Census Tract 3527; Marion County; Indiana,2022,61.53846153846154
18097352700,Census Tract 3527; Marion County; Indiana,2023,56.55172413793103
18097352800,"Census Tract 3528, Marion County, Indiana",2015,63.97058823529411
18097352800,"Census Tract 3528, Marion County, Indiana",2016,60.91954022988506
18097352800,"Census Tract 3528, Marion County, Indiana",2017,61.75438596491228
18097352800,"Census Tract 3528, Marion County, Indiana",2018,53.01204819277108
18097352800,"Census Tract 3528, Marion County, Indiana",2019,49.86522911051213
18097352800,"Census Tract 3528, Marion County, Indiana",2020,47.33009708737864
18097352800,"Census Tract 3528, Marion County, Indiana",2021,47.88732394366197
18097352800,Census Tract 3528; Marion County; Indiana,2022,41.201716738197426
18097352800,Census Tract 3528; Marion County; Indiana,2023,46.47160068846816
18097353300,"Census Tract 3533, Marion County, Indiana",2015,40.730897009966775
18097353300,"Census Tract 3533, Marion County, Indiana",2016,40.37812288993923
18097353300,"Census Tract 3533, Marion County, Indiana",2017,34.201012292118584
18097353300,"Census Tract 3533, Marion County, Indiana",2018,32.8957528957529
18097353300,"Census Tract 3533, Marion County, Indiana",2019,36.921850079744814
18097353300,"Census Tract 3533, Marion County, Indiana",2020,38.7846291331546
18097353300,"Census Tract 3533, Marion County, Indiana",2021,44.225604297224706
18097353300,Census Tract 3533; Marion County; Indiana,2022,51.47058823529411
18097353300,Census Tract 3533; Marion County; Indiana,2023,50.386930352536545
18097353500,"Census Tract 3535, Marion County, Indiana",2015,46.666666666666664
18097353500,"Census Tract 3535, Marion County, Indiana",2016,48.85892116182573
18097353500,"Census Tract 3535, Marion County, Indiana",2017,48
18097353500,"Census Tract 3535, Marion County, Indiana",2018,45.061043285238625
18097353500,"Census Tract 3535, Marion County, Indiana",2019,47.87123572170301
18097353500,"Census Tract 3535, Marion County, Indiana",2020,58.25602968460111
18097353500,"Census Tract 3535, Marion County, Indiana",2021,53.2967032967033
18097353500,Census Tract 3535; Marion County; Indiana,2022,63.19772942289499
18097353500,Census Tract 3535; Marion County; Indiana,2023,63.53251318101933
18097353600,"Census Tract 3536, Marion County, Indiana",2015,59.787234042553195
18097353600,"Census Tract 3536, Marion County, Indiana",2016,64.66165413533835
18097353600,"Census Tract 3536, Marion County, Indiana",2017,68.66791744840525
18097353600,"Census Tract 3536, Marion County, Indiana",2018,69.63824289405684
18097353600,"Census Tract 3536, Marion County, Indiana",2019,64.27688504326329
18097353600,"Census Tract 3536, Marion County, Indiana",2020,53.92265193370166
18097353600,"Census Tract 3536, Marion County, Indiana",2021,49.60182025028441
18097353600,Census Tract 3536; Marion County; Indiana,2022,43.67245657568238
18097353600,Census Tract 3536; Marion County; Indiana,2023,46.61746617466174
18097354200,"Census Tract 3542, Marion County, Indiana",2015,33.58125697285236
18097354200,"Census Tract 3542, Marion County, Indiana",2016,35.73943661971831
18097354200,"Census Tract 3542, Marion County, Indiana",2017,39.303818857722206
18097354200,"Census Tract 3542, Marion County, Indiana",2018,38.124784557049296
18097354200,"Census Tract 3542, Marion County, Indiana",2019,41.85221039044853
18097354200,"Census Tract 3542, Marion County, Indiana",2023,50.12316380804471
18097354201,"Census Tract 3542.01, Marion County, Indiana",2020,39.24894003634161
18097354201,"Census Tract 3542.01, Marion County, Indiana",2021,36.7047308319739
18097354201,Census Tract 3542.01; Marion County; Indiana,2022,40.95133952979771
18097354201,Census Tract 3542.01; Marion County; Indiana,2023,42.02504082743604
18097354202,"Census Tract 3542.02, Marion County, Indiana",2020,41.56378600823045
18097354202,"Census Tract 3542.02, Marion County, Indiana",2021,46.18805590851334
18097354202,Census Tract 3542.02; Marion County; Indiana,2022,37.65765765765766
18097354202,Census Tract 3542.02; Marion County; Indiana,2023,31.92670738478623
18097354400,"Census Tract 3544, Marion County, Indiana",2015,52.1865889212828
18097354400,"Census Tract 3544, Marion County, Indiana",2016,46.76470588235294
18097354400,"Census Tract 3544, Marion County, Indiana",2017,45.78313253012048
18097354400,"Census Tract 3544, Marion County, Indiana",2018,48.821548821548824
18097354400,"Census Tract 3544, Marion County, Indiana",2019,44.630872483221474
18097354400,"Census Tract 3544, Marion County, Indiana",2020,45.52238805970149
18097354400,"Census Tract 3544, Marion County, Indiana",2021,45
18097354400,Census Tract 3544; Marion County; Indiana,2022,43.23144104803494
18097354400,Census Tract 3544; Marion County; Indiana,2023,40.76086956521739
18097354500,"Census Tract 3545, Marion County, Indiana",2015,47.55134281200632
18097354500,"Census Tract 3545, Marion County, Indiana",2016,45.986622073578594
18097354500,"Census Tract 3545, Marion County, Indiana",2017,53.12
18097354500,"Census Tract 3545, Marion County, Indiana",2018,51.482059282371296
18097354500,"Census Tract 3545, Marion County, Indiana",2019,51.192368839427665
18097354500,"Census Tract 3545, Marion County, Indiana",2020,41.22383252818035
18097354500,"Census Tract 3545, Marion County, Indiana",2021,43.993506493506494
18097354500,Census Tract 3545; Marion County; Indiana,2022,32.89473684210526
18097354500,Census Tract 3545; Marion County; Indiana,2023,32.48407643312102
18097354700,"Census Tract 3547, Marion County, Indiana",2015,61.48867313915858
18097354700,"Census Tract 3547, Marion County, Indiana",2016,63.204747774480715
18097354700,"Census Tract 3547, Marion County, Indiana",2017,67.79141104294479
18097354700,"Census Tract 3547, Marion County, Indiana",2018,65.12345679012346
18097354700,"Census Tract 3547, Marion County, Indiana",2019,55.84415584415584
18097354700,"Census Tract 3547, Marion County, Indiana",2020,43.22766570605187
18097354700,"Census Tract 3547, Marion County, Indiana",2021,42.710997442455245
18097354700,Census Tract 3547; Marion County; Indiana,2022,41.732283464566926
18097354700,Census Tract 3547; Marion County; Indiana,2023,31.73076923076923
18097354800,"Census Tract 3548, Marion County, Indiana",2015,62.33183856502242
18097354800,"Census Tract 3548, Marion County, Indiana",2016,64.98951781970649
18097354800,"Census Tract 3548, Marion County, Indiana",2017,62.5974025974026
18097354800,"Census Tract 3548, Marion County, Indiana",2018,67.56756756756756
18097354800,"Census Tract 3548, Marion County, Indiana",2019,63.61031518624642
18097354800,"Census Tract 3548, Marion County, Indiana",2020,60.42402826855124
18097354800,"Census Tract 3548, Marion County, Indiana",2021,40.17857142857143
18097354800,Census Tract 3548; Marion County; Indiana,2022,42.3963133640553
18097354800,Census Tract 3548; Marion County; Indiana,2023,54.14634146341464
18097354900,"Census Tract 3549, Marion County, Indiana",2015,60.44142614601019
18097354900,"Census Tract 3549, Marion County, Indiana",2016,64.46153846153847
18097354900,"Census Tract 3549, Marion County, Indiana",2017,55.338345864661655
18097354900,"Census Tract 3549, Marion County, Indiana",2018,51.21951219512195
18097354900,"Census Tract 3549, Marion County, Indiana",2019,50.468540829986615
18097354900,"Census Tract 3549, Marion County, Indiana",2020,53.23529411764706
18097354900,"Census Tract 3549, Marion County, Indiana",2021,47.557328015952145
18097354900,Census Tract 3549; Marion County; Indiana,2022,48.93617021276596
18097354900,Census Tract 3549; Marion County; Indiana,2023,47.85867237687366
18097355000,"Census Tract 3550, Marion County, Indiana",2015,57.94979079497908
18097355000,"Census Tract 3550, Marion County, Indiana",2016,61.64383561643836
18097355000,"Census Tract 3550, Marion County, Indiana",2017,52.86259541984733
18097355000,"Census Tract 3550, Marion County, Indiana",2018,54.06976744186046
18097355000,"Census Tract 3550, Marion County, Indiana",2019,54.526315789473685
18097355000,"Census Tract 3550, Marion County, Indiana",2020,49.08256880733945
18097355000,"Census Tract 3550, Marion County, Indiana",2021,47.44186046511628
18097355000,Census Tract 3550; Marion County; Indiana,2022,43.54354354354354
18097355000,Census Tract 3550; Marion County; Indiana,2023,30.699088145896656
18097355100,"Census Tract 3551, Marion County, Indiana",2015,61.554621848739494
18097355100,"Census Tract 3551, Marion County, Indiana",2016,62.939958592132506
18097355100,"Census Tract 3551, Marion County, Indiana",2017,48.565965583174
18097355100,"Census Tract 3551, Marion County, Indiana",2018,48.68913857677903
18097355100,"Census Tract 3551, Marion County, Indiana",2019,47.61029411764706
18097355100,"Census Tract 3551, Marion County, Indiana",2020,69.98689384010486
18097355100,"Census Tract 3551, Marion County, Indiana",2021,65.81956797966963
18097355100,Census Tract 3551; Marion County; Indiana,2022,70.72538860103627
18097355100,Census Tract 3551; Marion County; Indiana,2023,71.75989085948159
18097355300,"Census Tract 3553, Marion County, Indiana",2015,59.66542750929368
18097355300,"Census Tract 3553, Marion County, Indiana",2016,51.785714285714285
18097355300,"Census Tract 3553, Marion County, Indiana",2017,52.099236641221374
18097355300,"Census Tract 3553, Marion County, Indiana",2018,50.24630541871921
18097355300,"Census Tract 3553, Marion County, Indiana",2019,50
18097355300,"Census Tract 3553, Marion County, Indiana",2020,54.699738903394255
18097355300,"Census Tract 3553, Marion County, Indiana",2021,55.49065420560748
18097355300,Census Tract 3553; Marion County; Indiana,2022,56.840796019900495
18097355300,Census Tract 3553; Marion County; Indiana,2023,54.58579881656805
18097355400,"Census Tract 3554, Marion County, Indiana",2015,59.60743801652893
18097355400,"Census Tract 3554, Marion County, Indiana",2016,56.07064017660044
18097355400,"Census Tract 3554, Marion County, Indiana",2017,47.30603448275862
18097355400,"Census Tract 3554, Marion County, Indiana",2018,39.87096774193548
18097355400,"Census Tract 3554, Marion County, Indiana",2019,37.62019230769231
18097355400,"Census Tract 3554, Marion County, Indiana",2020,37.86764705882353
18097355400,"Census Tract 3554, Marion County, Indiana",2021,35.76965669988926
18097355400,Census Tract 3554; Marion County; Indiana,2022,43.46590909090909
18097355400,Census Tract 3554; Marion County; Indiana,2023,42.01909959072306
18097355500,"Census Tract 3555, Marion County, Indiana",2015,45.36256323777403
18097355500,"Census Tract 3555, Marion County, Indiana",2016,38.82896764252696
18097355500,"Census Tract 3555, Marion County, Indiana",2017,35.43307086614173
18097355500,"Census Tract 3555, Marion County, Indiana",2018,27.317073170731707
18097355500,"Census Tract 3555, Marion County, Indiana",2019,35.53719008264463
18097355500,"Census Tract 3555, Marion County, Indiana",2020,20.723684210526315
18097355500,"Census Tract 3555, Marion County, Indiana",2021,22.099447513812155
18097355500,Census Tract 3555; Marion County; Indiana,2022,23.703703703703702
18097355500,Census Tract 3555; Marion County; Indiana,2023,34.82905982905983
18097355600,"Census Tract 3556, Marion County, Indiana",2015,74.41077441077441
18097355600,"Census Tract 3556, Marion County, Indiana",2016,69.46778711484593
18097355600,"Census Tract 3556, Marion County, Indiana",2017,57.30593607305936
18097355600,"Census Tract 3556, Marion County, Indiana",2018,51.17370892018779
18097355600,"Census Tract 3556, Marion County, Indiana",2019,53.48837209302326
18097355600,"Census Tract 3556, Marion County, Indiana",2020,44.16135881104034
18097355600,"Census Tract 3556, Marion County, Indiana",2021,46.62309368191721
18097355600,Census Tract 3556; Marion County; Indiana,2022,53.92781316348195
18097355600,Census Tract 3556; Marion County; Indiana,2023,54.629629629629626
18097355700,"Census Tract 3557, Marion County, Indiana",2015,57.17488789237668
18097355700,"Census Tract 3557, Marion County, Indiana",2016,54.291044776119406
18097355700,"Census Tract 3557, Marion County, Indiana",2017,56.82210708117444
18097355700,"Census Tract 3557, Marion County, Indiana",2018,53.663003663003664
18097355700,"Census Tract 3557, Marion County, Indiana",2019,50.79365079365079
18097355700,"Census Tract 3557, Marion County, Indiana",2020,48.35886214442013
18097355700,"Census Tract 3557, Marion County, Indiana",2021,56.72268907563025
18097355700,Census Tract 3557; Marion County; Indiana,2022,44.22222222222222
18097355700,Census Tract 3557; Marion County; Indiana,2023,58.12133072407045
18097355900,"Census Tract 3559, Marion County, Indiana",2015,57.27272727272727
18097355900,"Census Tract 3559, Marion County, Indiana",2016,51.46443514644351
18097355900,"Census Tract 3559, Marion County, Indiana",2017,51.46067415730337
18097355900,"Census Tract 3559, Marion County, Indiana",2018,42.926829268292686
18097355900,"Census Tract 3559, Marion County, Indiana",2019,42.780748663101605
18097355900,"Census Tract 3559, Marion County, Indiana",2020,46.5564738292011
18097355900,"Census Tract 3559, Marion County, Indiana",2021,43.04812834224599
18097355900,Census Tract 3559; Marion County; Indiana,2022,43.04123711340206
18097355900,Census Tract 3559; Marion County; Indiana,2023,51.10132158590309
18097356200,"Census Tract 3562, Marion County, Indiana",2015,44.509803921568626
18097356200,"Census Tract 3562, Marion County, Indiana",2016,39.77695167286245
18097356200,"Census Tract 3562, Marion County, Indiana",2017,37.72241992882562
18097356200,"Census Tract 3562, Marion County, Indiana",2018,36.201780415430264
18097356200,"Census Tract 3562, Marion County, Indiana",2019,33.53028064992615
18097356200,"Census Tract 3562, Marion County, Indiana",2020,31.98198198198198
18097356200,"Census Tract 3562, Marion County, Indiana",2021,24.52350698856417
18097356200,Census Tract 3562; Marion County; Indiana,2022,23.068669527896997
18097356200,Census Tract 3562; Marion County; Indiana,2023,24.172517552657975
18097356400,"Census Tract 3564, Marion County, Indiana",2015,52.73159144893112
18097356400,"Census Tract 3564, Marion County, Indiana",2016,55.73770491803279
18097356400,"Census Tract 3564, Marion County, Indiana",2017,49.481327800829874
18097356400,"Census Tract 3564, Marion County, Indiana",2018,51.1441647597254
18097356400,"Census Tract 3564, Marion County, Indiana",2019,48.24742268041237
18097356400,"Census Tract 3564, Marion County, Indiana",2020,48.856548856548855
18097356400,"Census Tract 3564, Marion County, Indiana",2021,40.57341442224153
18097356400,Census Tract 3564; Marion County; Indiana,2022,47.794117647058826
18097356400,Census Tract 3564; Marion County; Indiana,2023,47.00920245398773
18097356900,"Census Tract 3569, Marion County, Indiana",2015,51.47826086956522
18097356900,"Census Tract 3569, Marion County, Indiana",2016,51.46520146520147
18097356900,"Census Tract 3569, Marion County, Indiana",2017,58.05243445692883
18097356900,"Census Tract 3569, Marion County, Indiana",2018,59.41422594142259
18097356900,"Census Tract 3569, Marion County, Indiana",2019,61.17136659436009
18097356900,"Census Tract 3569, Marion County, Indiana",2020,67.23646723646723
18097356900,"Census Tract 3569, Marion County, Indiana",2021,56.91056910569106
18097356900,Census Tract 3569; Marion County; Indiana,2022,49.85163204747774
18097356900,Census Tract 3569; Marion County; Indiana,2023,40.54982817869416
18097357000,"Census Tract 3570, Marion County, Indiana",2015,80.07736943907156
18097357000,"Census Tract 3570, Marion County, Indiana",2016,66.38830897703549
18097357000,"Census Tract 3570, Marion County, Indiana",2017,62.10045662100457
18097357000,"Census Tract 3570, Marion County, Indiana",2018,56.55339805825243
18097357000,"Census Tract 3570, Marion County, Indiana",2019,51.5625
18097357000,"Census Tract 3570, Marion County, Indiana",2020,63.231197771587745
18097357000,"Census Tract 3570, Marion County, Indiana",2021,63.07692307692308
18097357000,Census Tract 3570; Marion County; Indiana,2022,69.93464052287581
18097357000,Census Tract 3570; Marion County; Indiana,2023,54.340836012861736
18097357100,"Census Tract 3571, Marion County, Indiana",2015,70.1639344262295
18097357100,"Census Tract 3571, Marion County, Indiana",2016,64.48412698412699
18097357100,"Census Tract 3571, Marion County, Indiana",2017,56.9682151589242
18097357100,"Census Tract 3571, Marion County, Indiana",2018,50.294117647058826
18097357100,"Census Tract 3571, Marion County, Indiana",2019,47.293447293447294
18097357100,"Census Tract 3571, Marion County, Indiana",2020,36.46723646723647
18097357100,"Census Tract 3571, Marion County, Indiana",2021,27.864583333333332
18097357100,Census Tract 3571; Marion County; Indiana,2022,37.15846994535519
18097357100,Census Tract 3571; Marion County; Indiana,2023,51.80722891566265
18097357200,"Census Tract 3572, Marion County, Indiana",2015,78.09917355371901
18097357200,"Census Tract 3572, Marion County, Indiana",2016,69.31567328918322
18097357200,"Census Tract 3572, Marion County, Indiana",2017,61.98019801980198
18097357200,"Census Tract 3572, Marion County, Indiana",2018,50.43478260869565
18097357200,"Census Tract 3572, Marion County, Indiana",2019,49.776785714285715
18097357200,"Census Tract 3572, Marion County, Indiana",2020,45.47872340425532
18097357200,"Census Tract 3572, Marion County, Indiana",2021,41.64588528678304
18097357200,Census Tract 3572; Marion County; Indiana,2022,34.967320261437905
18097357200,Census Tract 3572; Marion County; Indiana,2023,32.43967828418231
18097357300,"Census Tract 3573, Marion County, Indiana",2015,63.62007168458781
18097357300,"Census Tract 3573, Marion County, Indiana",2016,66.55683690280065
18097357300,"Census Tract 3573, Marion County, Indiana",2017,66.5016501650165
18097357300,"Census Tract 3573, Marion County, Indiana",2018,66.04095563139931
18097357300,"Census Tract 3573, Marion County, Indiana",2019,59.55882352941177
18097357300,"Census Tract 3573, Marion County, Indiana",2020,60.113421550094515
18097357300,"Census Tract 3573, Marion County, Indiana",2021,61.00840336134454
18097357300,Census Tract 3573; Marion County; Indiana,2022,62.95133437990581
18097357300,Census Tract 3573; Marion County; Indiana,2023,46.27766599597585
18097357400,"Census Tract 3574, Marion County, Indiana",2015,51.04551045510455
18097357400,"Census Tract 3574, Marion County, Indiana",2016,56.109134045077106
18097357400,"Census Tract 3574, Marion County, Indiana",2017,50.647820965842165
18097357400,"Census Tract 3574, Marion County, Indiana",2018,53.17124735729387
18097357400,"Census Tract 3574, Marion County, Indiana",2019,46.96652719665272
18097357400,"Census Tract 3574, Marion County, Indiana",2020,50.26525198938992
18097357400,"Census Tract 3574, Marion County, Indiana",2021,44.680851063829785
18097357400,Census Tract 3574; Marion County; Indiana,2022,52.96803652968037
18097357400,Census Tract 3574; Marion County; Indiana,2023,59.42028985507246
18097357500,"Census Tract 3575, Marion County, Indiana",2015,50.22935779816514
18097357500,"Census Tract 3575, Marion County, Indiana",2016,47.2289156626506
18097357500,"Census Tract 3575, Marion County, Indiana",2017,53.09278350515464
18097357500,"Census Tract 3575, Marion County, Indiana",2018,50.59880239520958
18097357500,"Census Tract 3575, Marion County, Indiana",2019,65.28301886792453
18097357500,"Census Tract 3575, Marion County, Indiana",2020,62.02090592334495
18097357500,"Census Tract 3575, Marion County, Indiana",2021,65.06410256410257
18097357500,Census Tract 3575; Marion County; Indiana,2022,57.56578947368421
18097357500,Census Tract 3575; Marion County; Indiana,2023,77.84615384615384
18097357600,"Census Tract 3576, Marion County, Indiana",2015,71.75632911392405
18097357600,"Census Tract 3576, Marion County, Indiana",2016,68.4622067767159
18097357600,"Census Tract 3576, Marion County, Indiana",2017,65.64651874521806
18097357600,"Census Tract 3576, Marion County, Indiana",2018,60.06519967400163
18097357600,"Census Tract 3576, Marion County, Indiana",2019,61.60071942446043
18097357600,"Census Tract 3576, Marion County, Indiana",2023,51.445109734996805
18097357601,"Census Tract 3576.01, Marion County, Indiana",2020,64.6896551724138
18097357601,"Census Tract 3576.01, Marion County, Indiana",2021,62.03501094091904
18097357601,Census Tract 3576.01; Marion County; Indiana,2022,60.93189964157706
18097357601,Census Tract 3576.01; Marion County; Indiana,2023,60.13143483023001
18097357602,"Census Tract 3576.02, Marion County, Indiana",2020,31.441048034934497
18097357602,"Census Tract 3576.02, Marion County, Indiana",2021,29.166666666666668
18097357602,Census Tract 3576.02; Marion County; Indiana,2022,44.89795918367347
18097357602,Census Tract 3576.02; Marion County; Indiana,2023,47.674418604651166
18097357800,"Census Tract 3578, Marion County, Indiana",2015,62.637362637362635
18097357800,"Census Tract 3578, Marion County, Indiana",2016,45.5
18097357800,"Census Tract 3578, Marion County, Indiana",2017,51.01449275362319
18097357800,"Census Tract 3578, Marion County, Indiana",2018,52.225519287833826
18097357800,"Census Tract 3578, Marion County, Indiana",2019,60.05434782608695
18097357800,"Census Tract 3578, Marion County, Indiana",2020,64.50116009280742
18097357800,"Census Tract 3578, Marion County, Indiana",2021,72.60981912144703
18097357800,Census Tract 3578; Marion County; Indiana,2022,66.10169491525424
18097357800,Census Tract 3578; Marion County; Indiana,2023,62.67029972752044
18097357900,"Census Tract 3579, Marion County, Indiana",2015,58.58895705521472
18097357900,"Census Tract 3579, Marion County, Indiana",2016,62.88343558282209
18097357900,"Census Tract 3579, Marion County, Indiana",2017,54.00340715502555
18097357900,"Census Tract 3579, Marion County, Indiana",2018,53.92670157068063
18097357900,"Census Tract 3579, Marion County, Indiana",2019,64.60176991150442
18097357900,"Census Tract 3579, Marion County, Indiana",2020,62.6865671641791
18097357900,"Census Tract 3579, Marion County, Indiana",2021,59.62199312714777
18097357900,Census Tract 3579; Marion County; Indiana,2022,60.75731497418244
18097357900,Census Tract 3579; Marion County; Indiana,2023,60
18097358000,"Census Tract 3580, Marion County, Indiana",2015,35.467980295566505
18097358000,"Census Tract 3580, Marion County, Indiana",2016,28.481012658227847
18097358000,"Census Tract 3580, Marion County, Indiana",2017,37.5
18097358000,"Census Tract 3580, Marion County, Indiana",2018,54.910714285714285
18097358000,"Census Tract 3580, Marion County, Indiana",2019,80.54298642533936
18097358000,"Census Tract 3580, Marion County, Indiana",2020,80.64516129032258
18097358000,"Census Tract 3580, Marion County, Indiana",2021,88.8086642599278
18097358000,Census Tract 3580; Marion County; Indiana,2022,71.77033492822966
18097358000,Census Tract 3580; Marion County; Indiana,2023,59.72222222222222
18097358100,"Census Tract 3581, Marion County, Indiana",2015,74.82394366197182
18097358100,"Census Tract 3581, Marion County, Indiana",2016,75.16447368421052
18097358100,"Census Tract 3581, Marion County, Indiana",2017,58.003442340791736
18097358100,"Census Tract 3581, Marion County, Indiana",2018,58.93805309734513
18097358100,"Census Tract 3581, Marion County, Indiana",2019,52.51798561151079
18097358100,"Census Tract 3581, Marion County, Indiana",2020,58.40220385674931
18097358100,"Census Tract 3581, Marion County, Indiana",2021,54.83870967741935
18097358100,Census Tract 3581; Marion County; Indiana,2022,54.87012987012987
18097358100,Census Tract 3581; Marion County; Indiana,2023,58.69017632241814
18097360101,"Census Tract 3601.01, Marion County, Indiana",2015,59.9320882852292
18097360101,"Census Tract 3601.01, Marion County, Indiana",2016,62.4251497005988
18097360101,"Census Tract 3601.01, Marion County, Indiana",2017,63.20907617504052
18097360101,"Census Tract 3601.01, Marion County, Indiana",2018,57.006802721088434
18097360101,"Census Tract 3601.01, Marion County, Indiana",2019,53.52941176470589
18097360101,"Census Tract 3601.01, Marion County, Indiana",2020,55.27369826435247
18097360101,"Census Tract 3601.01, Marion County, Indiana",2021,48.068006182380216
18097360101,Census Tract 3601.01; Marion County; Indiana,2022,50.48143053645117
18097360101,Census Tract 3601.01; Marion County; Indiana,2023,56.80317040951123
18097360102,"Census Tract 3601.02, Marion County, Indiana",2015,53.07557117750439
18097360102,"Census Tract 3601.02, Marion County, Indiana",2016,49.10858995137763
18097360102,"Census Tract 3601.02, Marion County, Indiana",2017,58.069883527454245
18097360102,"Census Tract 3601.02, Marion County, Indiana",2018,50
18097360102,"Census Tract 3601.02, Marion County, Indiana",2019,50.64102564102564
18097360102,"Census Tract 3601.02, Marion County, Indiana",2020,54.224270353302614
18097360102,"Census Tract 3601.02, Marion County, Indiana",2021,58.195211786372006
18097360102,Census Tract 3601.02; Marion County; Indiana,2022,52.41090146750524
18097360102,Census Tract 3601.02; Marion County; Indiana,2023,63.2
18097360201,"Census Tract 3602.01, Marion County, Indiana",2015,45.9915611814346
18097360201,"Census Tract 3602.01, Marion County, Indiana",2016,44.52954048140044
18097360201,"Census Tract 3602.01, Marion County, Indiana",2017,44.49489216799092
18097360201,"Census Tract 3602.01, Marion County, Indiana",2018,54.3245869776482
18097360201,"Census Tract 3602.01, Marion County, Indiana",2019,48.69109947643979
18097360201,"Census Tract 3602.01, Marion County, Indiana",2020,44.205052005943536
18097360201,"Census Tract 3602.01, Marion County, Indiana",2021,51.38419986495611
18097360201,Census Tract 3602.01; Marion County; Indiana,2022,57.21120984278879
18097360201,Census Tract 3602.01; Marion County; Indiana,2023,46.76724137931034
18097360202,"Census Tract 3602.02, Marion County, Indiana",2015,68.95306859205776
18097360202,"Census Tract 3602.02, Marion County, Indiana",2016,72.36180904522612
18097360202,"Census Tract 3602.02, Marion County, Indiana",2017,81.57248157248158
18097360202,"Census Tract 3602.02, Marion County, Indiana",2018,71.63814180929096
18097360202,"Census Tract 3602.02, Marion County, Indiana",2019,64.45916114790288
18097360202,"Census Tract 3602.02, Marion County, Indiana",2020,61.91646191646192
18097360202,"Census Tract 3602.02, Marion County, Indiana",2021,59.45205479452055
18097360202,Census Tract 3602.02; Marion County; Indiana,2022,49.88066825775656
18097360202,Census Tract 3602.02; Marion County; Indiana,2023,41.36363636363637
18097360301,"Census Tract 3603.01, Marion County, Indiana",2015,40.55299539170507
18097360301,"Census Tract 3603.01, Marion County, Indiana",2016,42.09702660406886
18097360301,"Census Tract 3603.01, Marion County, Indiana",2017,48.29059829059829
18097360301,"Census Tract 3603.01, Marion County, Indiana",2018,54.824561403508774
18097360301,"Census Tract 3603.01, Marion County, Indiana",2019,57.89473684210526
18097360301,"Census Tract 3603.01, Marion County, Indiana",2020,63.93700787401575
18097360301,"Census Tract 3603.01, Marion County, Indiana",2021,66.82692307692308
18097360301,Census Tract 3603.01; Marion County; Indiana,2022,66.04414261460101
18097360301,Census Tract 3603.01; Marion County; Indiana,2023,50.929899856938484
18097360302,"Census Tract 3603.02, Marion County, Indiana",2015,58.65051903114187
18097360302,"Census Tract 3603.02, Marion County, Indiana",2016,57.83866057838661
18097360302,"Census Tract 3603.02, Marion County, Indiana",2017,58.93939393939394
18097360302,"Census Tract 3603.02, Marion County, Indiana",2018,56.3182527301092
18097360302,"Census Tract 3603.02, Marion County, Indiana",2019,55.9593023255814
18097360302,"Census Tract 3603.02, Marion County, Indiana",2020,63.45323741007194
18097360302,"Census Tract 3603.02, Marion County, Indiana",2021,67.994310099573255
18097360302,Census Tract 3603.02; Marion County; Indiana,2022,70.17804154302671
18097360302,Census Tract 3603.02; Marion County; Indiana,2023,72.48322147651007
18097360401,"Census Tract 3604.01, Marion County, Indiana",2015,50.93984962406015
18097360401,"Census Tract 3604.01, Marion County, Indiana",2016,54.12844036697248
18097360401,"Census Tract 3604.01, Marion County, Indiana",2017,58.80503144654088
18097360401,"Census Tract 3604.01, Marion County, Indiana",2018,58.01479654747226
18097360401,"Census Tract 3604.01, Marion County, Indiana",2019,58.333333333333336
18097360401,"Census Tract 3604.01, Marion County, Indiana",2020,42.40536655486344
18097360401,"Census Tract 3604.01, Marion County, Indiana",2021,47.56679389312977
18097360401,Census Tract 3604.01; Marion County; Indiana,2022,38.37522441651706
18097360401,Census Tract 3604.01; Marion County; Indiana,2023,41.0437859354268
18097360402,"Census Tract 3604.02, Marion County, Indiana",2015,59.60912052117264
18097360402,"Census Tract 3604.02, Marion County, Indiana",2016,69.13946587537092
18097360402,"Census Tract 3604.02, Marion County, Indiana",2017,57.5
18097360402,"Census Tract 3604.02, Marion County, Indiana",2018,40.806045340050375
18097360402,"Census Tract 3604.02, Marion County, Indiana",2019,51.670951156812336
18097360402,"Census Tract 3604.02, Marion County, Indiana",2020,73.21711568938193
18097360402,"Census Tract 3604.02, Marion County, Indiana",2021,69.81981981981981
18097360402,Census Tract 3604.02; Marion County; Indiana,2022,77.41433021806854
18097360402,Census Tract 3604.02; Marion County; Indiana,2023,88.41354723707664
18097360404,"Census Tract 3604.04, Marion County, Indiana",2015,56.417736289381565
18097360404,"Census Tract 3604.04, Marion County, Indiana",2016,55.210038188761594
18097360404,"Census Tract 3604.04, Marion County, Indiana",2017,61.92536506219578
18097360404,"Census Tract 3604.04, Marion County, Indiana",2018,65.96701649175412
18097360404,"Census Tract 3604.04, Marion County, Indiana",2019,61.48036253776435
18097360404,"Census Tract 3604.04, Marion County, Indiana",2023,66.54298878614713
18097360405,"Census Tract 3604.05, Marion County, Indiana",2015,48.202396804260985
18097360405,"Census Tract 3604.05, Marion County, Indiana",2016,57.86593707250342
18097360405,"Census Tract 3604.05, Marion County, Indiana",2017,47.69230769230769
18097360405,"Census Tract 3604.05, Marion County, Indiana",2018,46.0390355912744
18097360405,"Census Tract 3604.05, Marion County, Indiana",2019,41.18942731277533
18097360405,"Census Tract 3604.05, Marion County, Indiana",2020,49.04942965779467
18097360405,"Census Tract 3604.05, Marion County, Indiana",2021,39.39086294416243
18097360405,Census Tract 3604.05; Marion County; Indiana,2022,44.562899786780385
18097360405,Census Tract 3604.05; Marion County; Indiana,2023,44.67065868263473
18097360406,"Census Tract 3604.06, Marion County, Indiana",2020,50.3448275862069
18097360406,"Census Tract 3604.06, Marion County, Indiana",2021,43.90018484288355
18097360406,Census Tract 3604.06; Marion County; Indiana,2022,52.84552845528455
18097360406,Census Tract 3604.06; Marion County; Indiana,2023,56.48496240601504
18097360407,"Census Tract 3604.07, Marion County, Indiana",2020,58.94039735099338
18097360407,"Census Tract 3604.07, Marion County, Indiana",2021,45.18518518518518
18097360407,Census Tract 3604.07; Marion County; Indiana,2022,49.376114081996434
18097360407,Census Tract 3604.07; Marion County; Indiana,2023,50.370370370370374
18097360501,"Census Tract 3605.01, Marion County, Indiana",2015,48.63387978142077
18097360501,"Census Tract 3605.01, Marion County, Indiana",2016,37.695749440715886
18097360501,"Census Tract 3605.01, Marion County, Indiana",2017,44.154370034052214
18097360501,"Census Tract 3605.01, Marion County, Indiana",2018,48.33110814419226
18097360501,"Census Tract 3605.01, Marion County, Indiana",2019,40.12422360248447
18097360501,"Census Tract 3605.01, Marion County, Indiana",2020,50.807453416149066
18097360501,"Census Tract 3605.01, Marion County, Indiana",2021,49.586776859504134
18097360501,Census Tract 3605.01; Marion County; Indiana,2022,46.0545193687231
18097360501,Census Tract 3605.01; Marion County; Indiana,2023,46.948356807511736
18097360502,"Census Tract 3605.02, Marion County, Indiana",2015,50.05213764337852
18097360502,"Census Tract 3605.02, Marion County, Indiana",2016,57.36961451247166
18097360502,"Census Tract 3605.02, Marion County, Indiana",2017,63.84615384615385
18097360502,"Census Tract 3605.02, Marion County, Indiana",2018,62.63959390862944
18097360502,"Census Tract 3605.02, Marion County, Indiana",2019,71.54362416107382
18097360502,"Census Tract 3605.02, Marion County, Indiana",2020,78.71198568872987
18097360502,"Census Tract 3605.02, Marion County, Indiana",2021,74.4721689059501
18097360502,Census Tract 3605.02; Marion County; Indiana,2022,74.375
18097360502,Census Tract 3605.02; Marion County; Indiana,2023,90.35714285714286
18097360601,"Census Tract 3606.01, Marion County, Indiana",2015,36.0587002096436
18097360601,"Census Tract 3606.01, Marion County, Indiana",2016,32.16374269005848
18097360601,"Census Tract 3606.01, Marion County, Indiana",2017,39.285714285714285
18097360601,"Census Tract 3606.01, Marion County, Indiana",2018,62.094763092269325
18097360601,"Census Tract 3606.01, Marion County, Indiana",2019,57.93103448275862
18097360601,"Census Tract 3606.01, Marion County, Indiana",2020,49.21135646687697
18097360601,"Census Tract 3606.01, Marion County, Indiana",2021,56.59163987138264
18097360601,Census Tract 3606.01; Marion County; Indiana,2022,56.63265306122449
18097360601,Census Tract 3606.01; Marion County; Indiana,2023,59.02061855670103
18097360602,"Census Tract 3606.02, Marion County, Indiana",2015,59.57962813257882
18097360602,"Census Tract 3606.02, Marion County, Indiana",2016,62.90196078431372
18097360602,"Census Tract 3606.02, Marion County, Indiana",2017,65.44461778471138
18097360602,"Census Tract 3606.02, Marion County, Indiana",2018,63.0030959752322
18097360602,"Census Tract 3606.02, Marion County, Indiana",2019,63.7329286798179
18097360602,"Census Tract 3606.02, Marion County, Indiana",2020,67.37400530503979
18097360602,"Census Tract 3606.02, Marion County, Indiana",2021,61.749819233550255
18097360602,Census Tract 3606.02; Marion County; Indiana,2022,65.41916167664671
18097360602,Census Tract 3606.02; Marion County; Indiana,2023,63.53229762878168
18097360700,"Census Tract 3607, Marion County, Indiana",2015,42.857142857142854
18097360700,"Census Tract 3607, Marion County, Indiana",2016,35.8974358974359
18097360700,"Census Tract 3607, Marion County, Indiana",2017,41.830065359477125
18097360700,"Census Tract 3607, Marion County, Indiana",2018,39.869281045751634
18097360700,"Census Tract 3607, Marion County, Indiana",2019,45.11278195488722
18097360700,"Census Tract 3607, Marion County, Indiana",2020,39.6551724137931
18097360700,"Census Tract 3607, Marion County, Indiana",2021,46.26865671641791
18097360700,Census Tract 3607; Marion County; Indiana,2022,63.28125
18097360700,Census Tract 3607; Marion County; Indiana,2023,59.859154929577464
18097360800,"Census Tract 3608, Marion County, Indiana",2015,67.85260482846252
18097360800,"Census Tract 3608, Marion County, Indiana",2016,69.81132075471699
18097360800,"Census Tract 3608, Marion County, Indiana",2017,68.75753920386008
18097360800,"Census Tract 3608, Marion County, Indiana",2018,58.6096256684492
18097360800,"Census Tract 3608, Marion County, Indiana",2019,60.37735849056604
18097360800,"Census Tract 3608, Marion County, Indiana",2020,54.34530706836617
18097360800,"Census Tract 3608, Marion County, Indiana",2021,51.6164994425864
18097360800,Census Tract 3608; Marion County; Indiana,2022,55.65819861431871
18097360800,Census Tract 3608; Marion County; Indiana,2023,59.32203389830509
18097360900,"Census Tract 3609, Marion County, Indiana",2015,65.24590163934427
18097360900,"Census Tract 3609, Marion County, Indiana",2016,66.07700312174818
18097360900,"Census Tract 3609, Marion County, Indiana",2017,69.51351351351352
18097360900,"Census Tract 3609, Marion County, Indiana",2018,64.53546453546454
18097360900,"Census Tract 3609, Marion County, Indiana",2019,64.02116402116403
18097360900,"Census Tract 3609, Marion County, Indiana",2020,66.66666666666667
18097360900,"Census Tract 3609, Marion County, Indiana",2021,58.359293873312566
18097360900,Census Tract 3609; Marion County; Indiana,2022,54.75708502024292
18097360900,Census Tract 3609; Marion County; Indiana,2023,64.47249774571686
18097361000,"Census Tract 3610, Marion County, Indiana",2015,29.32330827067669
18097361000,"Census Tract 3610, Marion County, Indiana",2016,32.72727272727273
18097361000,"Census Tract 3610, Marion County, Indiana",2017,38.72832369942196
18097361000,"Census Tract 3610, Marion County, Indiana",2018,42.20779220779221
18097361000,"Census Tract 3610, Marion County, Indiana",2019,46.40522875816993
18097361000,"Census Tract 3610, Marion County, Indiana",2020,40.15748031496063
18097361000,"Census Tract 3610, Marion County, Indiana",2021,47.27272727272727
18097361000,Census Tract 3610; Marion County; Indiana,2022,39.795918367346935
18097361000,Census Tract 3610; Marion County; Indiana,2023,56.63716814159292
18097361100,"Census Tract 3611, Marion County, Indiana",2015,47.84615384615385
18097361100,"Census Tract 3611, Marion County, Indiana",2016,46.64879356568365
18097361100,"Census Tract 3611, Marion County, Indiana",2017,43.270440251572325
18097361100,"Census Tract 3611, Marion County, Indiana",2018,47.32360097323601
18097361100,"Census Tract 3611, Marion County, Indiana",2019,49.52638700947226
18097361100,"Census Tract 3611, Marion County, Indiana",2020,41.492537313432834
18097361100,"Census Tract 3611, Marion County, Indiana",2021,49.18032786885246
18097361100,Census Tract 3611; Marion County; Indiana,2022,49.60629921259842
18097361100,Census Tract 3611; Marion County; Indiana,2023,45.78544061302682
18097361200,"Census Tract 3612, Marion County, Indiana",2015,57.78491171749599
18097361200,"Census Tract 3612, Marion County, Indiana",2016,55.60606060606061
18097361200,"Census Tract 3612, Marion County, Indiana",2017,55.5722891566265
18097361200,"Census Tract 3612, Marion County, Indiana",2018,50.35360678925036
18097361200,"Census Tract 3612, Marion County, Indiana",2019,47.15568862275449
18097361200,"Census Tract 3612, Marion County, Indiana",2020,37.00787401574803
18097361200,"Census Tract 3612, Marion County, Indiana",2021,45.36516853932584
18097361200,Census Tract 3612; Marion County; Indiana,2022,31.65137614678899
18097361200,Census Tract 3612; Marion County; Indiana,2023,25.874125874125873
18097361300,"Census Tract 3613, Marion County, Indiana",2015,41.361256544502616
18097361300,"Census Tract 3613, Marion County, Indiana",2016,37.850467289719624
18097361300,"Census Tract 3613, Marion County, Indiana",2017,41.26984126984127
18097361300,"Census Tract 3613, Marion County, Indiana",2018,37.8125
18097361300,"Census Tract 3613, Marion County, Indiana",2019,45.63758389261745
18097361300,"Census Tract 3613, Marion County, Indiana",2020,45.8498023715415
18097361300,"Census Tract 3613, Marion County, Indiana",2021,49.787234042553195
18097361300,Census Tract 3613; Marion County; Indiana,2022,19.21397379912664
18097361300,Census Tract 3613; Marion County; Indiana,2023,27.488151658767773
18097361400,"Census Tract 3614, Marion County, Indiana",2015,37.86733837111671
18097361400,"Census Tract 3614, Marion County, Indiana",2016,30.733590733590734
18097361400,"Census Tract 3614, Marion County, Indiana",2017,30.307813733228095
18097361400,"Census Tract 3614, Marion County, Indiana",2018,22.67884322678843
18097361400,"Census Tract 3614, Marion County, Indiana",2019,38.05104408352668
18097361400,"Census Tract 3614, Marion County, Indiana",2023,38.23474979593666
18097361401,"Census Tract 3614.01, Marion County, Indiana",2020,62.637362637362635
18097361401,"Census Tract 3614.01, Marion County, Indiana",2021,59.01639344262295
18097361401,Census Tract 3614.01; Marion County; Indiana,2022,60.101867572156195
18097361401,Census Tract 3614.01; Marion County; Indiana,2023,72.43975903614458
18097361402,"Census Tract 3614.02, Marion County, Indiana",2020,21.84986595174263
18097361402,"Census Tract 3614.02, Marion County, Indiana",2021,41.479524438573314
18097361402,Census Tract 3614.02; Marion County; Indiana,2022,31.51432469304229
18097361402,Census Tract 3614.02; Marion County; Indiana,2023,36.37515842839037
18097361600,"Census Tract 3616, Marion County, Indiana",2015,61.904761904761905
18097361600,"Census Tract 3616, Marion County, Indiana",2016,67.82608695652173
18097361600,"Census Tract 3616, Marion County, Indiana",2017,63.30275229357798
18097361600,"Census Tract 3616, Marion County, Indiana",2018,75.65217391304348
18097361600,"Census Tract 3616, Marion County, Indiana",2019,57.57575757575758
18097361600,"Census Tract 3616, Marion County, Indiana",2023,53.24675324675325
18097361601,"Census Tract 3616.01, Marion County, Indiana",2020,53.57142857142857
18097361601,"Census Tract 3616.01, Marion County, Indiana",2021,82.05128205128206
18097361601,Census Tract 3616.01; Marion County; Indiana,2022,86
18097361601,Census Tract 3616.01; Marion County; Indiana,2023,83.11688311688312
18097361602,"Census Tract 3616.02, Marion County, Indiana",2020,0
18097361602,"Census Tract 3616.02, Marion County, Indiana",2021,0
18097361602,Census Tract 3616.02; Marion County; Indiana,2022,0
18097361602,Census Tract 3616.02; Marion County; Indiana,2023,0
18097370201,"Census Tract 3702.01, Marion County, Indiana",2015,39.69907407407408
18097370201,"Census Tract 3702.01, Marion County, Indiana",2016,41.63783160322953
18097370201,"Census Tract 3702.01, Marion County, Indiana",2017,40.27777777777778
18097370201,"Census Tract 3702.01, Marion County, Indiana",2018,39.90554899645809
18097370201,"Census Tract 3702.01, Marion County, Indiana",2019,40.28314028314029
18097370201,"Census Tract 3702.01, Marion County, Indiana",2020,41.186440677966104
18097370201,"Census Tract 3702.01, Marion County, Indiana",2021,40.82332761578044
18097370201,Census Tract 3702.01; Marion County; Indiana,2022,48.734177215189874
18097370201,Census Tract 3702.01; Marion County; Indiana,2023,61.702127659574465
18097370202,"Census Tract 3702.02, Marion County, Indiana",2015,67.52921535893155
18097370202,"Census Tract 3702.02, Marion County, Indiana",2016,67.0843776106934
18097370202,"Census Tract 3702.02, Marion County, Indiana",2017,59.21259842519685
18097370202,"Census Tract 3702.02, Marion County, Indiana",2018,54.69824293353705
18097370202,"Census Tract 3702.02, Marion County, Indiana",2019,58.2442748091603
18097370202,"Census Tract 3702.02, Marion County, Indiana",2023,48.95933425938905
18097370203,"Census Tract 3702.03, Marion County, Indiana",2020,69.28783382789318
18097370203,"Census Tract 3702.03, Marion County, Indiana",2021,58.028169014084504
18097370203,Census Tract 3702.03; Marion County; Indiana,2022,57.98525798525799
18097370203,Census Tract 3702.03; Marion County; Indiana,2023,64.99466382070437
18097370204,"Census Tract 3702.04, Marion County, Indiana",2020,47.88519637462235
18097370204,"Census Tract 3702.04, Marion County, Indiana",2021,48.450244698205545
18097370204,Census Tract 3702.04; Marion County; Indiana,2022,59.31372549019608
18097370204,Census Tract 3702.04; Marion County; Indiana,2023,56.34095634095634
18097370301,"Census Tract 3703.01, Marion County, Indiana",2015,43.46793349168646
18097370301,"Census Tract 3703.01, Marion County, Indiana",2016,36.65413533834587
18097370301,"Census Tract 3703.01, Marion County, Indiana",2017,34.095238095238095
18097370301,"Census Tract 3703.01, Marion County, Indiana",2018,41.526520051746445
18097370301,"Census Tract 3703.01, Marion County, Indiana",2019,49.170616113744074
18097370301,"Census Tract 3703.01, Marion County, Indiana",2023,54.87329873580169
18097370302,"Census Tract 3703.02, Marion County, Indiana",2015,47.19101123595506
18097370302,"Census Tract 3703.02, Marion County, Indiana",2016,47.16981132075472
18097370302,"Census Tract 3703.02, Marion County, Indiana",2017,56.37065637065637
18097370302,"Census Tract 3703.02, Marion County, Indiana",2018,56.875
18097370302,"Census Tract 3703.02, Marion County, Indiana",2019,43.88059701492537
18097370302,"Census Tract 3703.02, Marion County, Indiana",2023,40.57018279389568
18097370303,"Census Tract 3703.03, Marion County, Indiana",2020,46.92442882249561
18097370303,"Census Tract 3703.03, Marion County, Indiana",2021,42.943854324734446
18097370303,Census Tract 3703.03; Marion County; Indiana,2022,42.295081967213115
18097370303,Census Tract 3703.03; Marion County; Indiana,2023,44.46002805049088
18097370304,"Census Tract 3703.04, Marion County, Indiana",2020,42.654028436018955
18097370304,"Census Tract 3703.04, Marion County, Indiana",2021,47.57281553398058
18097370304,Census Tract 3703.04; Marion County; Indiana,2022,30.70539419087137
18097370304,Census Tract 3703.04; Marion County; Indiana,2023,63.95348837209303
18097370305,"Census Tract 3703.05, Marion County, Indiana",2020,80.73476702508961
18097370305,"Census Tract 3703.05, Marion County, Indiana",2021,78.88999008919723
18097370305,Census Tract 3703.05; Marion County; Indiana,2022,76.16747181964573
18097370305,Census Tract 3703.05; Marion County; Indiana,2023,82.80701754385964
18097370306,"Census Tract 3703.06, Marion County, Indiana",2020,22.89156626506024
18097370306,"Census Tract 3703.06, Marion County, Indiana",2021,21.223021582733814
18097370306,Census Tract 3703.06; Marion County; Indiana,2022,16.10486891385768
18097370306,Census Tract 3703.06; Marion County; Indiana,2023,30.319148936170212
18097380100,"Census Tract 3801, Marion County, Indiana",2015,32.95454545454545
18097380100,"Census Tract 3801, Marion County, Indiana",2016,39.71816283924843
18097380100,"Census Tract 3801, Marion County, Indiana",2017,39.55404750363548
18097380100,"Census Tract 3801, Marion County, Indiana",2018,46.3794683776352
18097380100,"Census Tract 3801, Marion County, Indiana",2019,46.265060240963855
18097380100,"Census Tract 3801, Marion County, Indiana",2023,59.57557502738226
18097380101,"Census Tract 3801.01, Marion County, Indiana",2020,38.92617449664429
18097380101,"Census Tract 3801.01, Marion County, Indiana",2021,31.263858093126387
18097380101,Census Tract 3801.01; Marion County; Indiana,2022,39.851485148514854
18097380101,Census Tract 3801.01; Marion County; Indiana,2023,30.434782608695652
18097380102,"Census Tract 3801.02, Marion County, Indiana",2020,14.480408858603068
18097380102,"Census Tract 3801.02, Marion County, Indiana",2021,8.566433566433567
18097380102,Census Tract 3801.02; Marion County; Indiana,2022,8.54368932038835
18097380102,Census Tract 3801.02; Marion County; Indiana,2023,11.699779249448124
18097380103,"Census Tract 3801.03, Marion County, Indiana",2020,51.038575667655785
18097380103,"Census Tract 3801.03, Marion County, Indiana",2021,49.95964487489911
18097380103,Census Tract 3801.03; Marion County; Indiana,2022,49.28861788617886
18097380103,Census Tract 3801.03; Marion County; Indiana,2023,48.833333333333336
18097380200,"Census Tract 3802, Marion County, Indiana",2015,49.74226804123711
18097380200,"Census Tract 3802, Marion County, Indiana",2016,46.0377358490566
18097380200,"Census Tract 3802, Marion County, Indiana",2017,46.89265536723164
18097380200,"Census Tract 3802, Marion County, Indiana",2018,54.30555555555556
18097380200,"Census Tract 3802, Marion County, Indiana",2019,51.825842696629216
18097380200,"Census Tract 3802, Marion County, Indiana",2020,62.5
18097380200,"Census Tract 3802, Marion County, Indiana",2021,70.0960219478738
18097380200,Census Tract 3802; Marion County; Indiana,2022,71.55963302752293
18097380200,Census Tract 3802; Marion County; Indiana,2023,67.62246117084827
18097380300,"Census Tract 3803, Marion County, Indiana",2015,43.26375711574953
18097380300,"Census Tract 3803, Marion County, Indiana",2016,43.73626373626374
18097380300,"Census Tract 3803, Marion County, Indiana",2017,54.910714285714285
18097380300,"Census Tract 3803, Marion County, Indiana",2018,60.78651685393258
18097380300,"Census Tract 3803, Marion County, Indiana",2019,69.67213114754098
18097380300,"Census Tract 3803, Marion County, Indiana",2023,96.08050517933243
18097380301,"Census Tract 3803.01, Marion County, Indiana",2020,84.6774193548387
18097380301,"Census Tract 3803.01, Marion County, Indiana",2021,89.83739837398375
18097380301,Census Tract 3803.01; Marion County; Indiana,2022,91.0204081632653
18097380301,Census Tract 3803.01; Marion County; Indiana,2023,90.8695652173913
18097380302,"Census Tract 3803.02, Marion County, Indiana",2020,63.104838709677416
18097380302,"Census Tract 3803.02, Marion County, Indiana",2021,57.335907335907336
18097380302,Census Tract 3803.02; Marion County; Indiana,2022,58.752166377816295
18097380302,Census Tract 3803.02; Marion County; Indiana,2023,51.53061224489796
18097380402,"Census Tract 3804.02, Marion County, Indiana",2015,49.278663629460894
18097380402,"Census Tract 3804.02, Marion County, Indiana",2016,49.4956772334294
18097380402,"Census Tract 3804.02, Marion County, Indiana",2017,52.83540802213001
18097380402,"Census Tract 3804.02, Marion County, Indiana",2018,50.033990482664855
18097380402,"Census Tract 3804.02, Marion County, Indiana",2019,48.93029675638371
18097380402,"Census Tract 3804.02, Marion County, Indiana",2020,40.99197665937272
18097380402,"Census Tract 3804.02, Marion County, Indiana",2021,46.33286318758815
18097380402,Census Tract 3804.02; Marion County; Indiana,2022,45.34803583735355
18097380402,Census Tract 3804.02; Marion County; Indiana,2023,52.42445537596627
18097380403,"Census Tract 3804.03, Marion County, Indiana",2015,43.69449378330373
18097380403,"Census Tract 3804.03, Marion County, Indiana",2016,47.20616570327553
18097380403,"Census Tract 3804.03, Marion County, Indiana",2017,39.24528301886792
18097380403,"Census Tract 3804.03, Marion County, Indiana",2018,34.76702508960574
18097380403,"Census Tract 3804.03, Marion County, Indiana",2019,22.048997772828507
18097380403,"Census Tract 3804.03, Marion County, Indiana",2020,18.944099378881987
18097380403,"Census Tract 3804.03, Marion County, Indiana",2021,14.826498422712934
18097380403,Census Tract 3804.03; Marion County; Indiana,2022,27.94871794871795
18097380403,Census Tract 3804.03; Marion County; Indiana,2023,38.26086956521739
18097380404,"Census Tract 3804.04, Marion County, Indiana",2015,53.48837209302326
18097380404,"Census Tract 3804.04, Marion County, Indiana",2016,54.59558823529411
18097380404,"Census Tract 3804.04, Marion County, Indiana",2017,57.98922800718133
18097380404,"Census Tract 3804.04, Marion County, Indiana",2018,55.34351145038168
18097380404,"Census Tract 3804.04, Marion County, Indiana",2019,52.863436123348016
18097380404,"Census Tract 3804.04, Marion County, Indiana",2020,46.666666666666664
18097380404,"Census Tract 3804.04, Marion County, Indiana",2021,64.28571428571429
18097380404,Census Tract 3804.04; Marion County; Indiana,2022,59.64467005076142
18097380404,Census Tract 3804.04; Marion County; Indiana,2023,64.05405405405405
18097380501,"Census Tract 3805.01, Marion County, Indiana",2015,53.75375375375376
18097380501,"Census Tract 3805.01, Marion County, Indiana",2016,52.41157556270097
18097380501,"Census Tract 3805.01, Marion County, Indiana",2017,54.49101796407186
18097380501,"Census Tract 3805.01, Marion County, Indiana",2018,49.328859060402685
18097380501,"Census Tract 3805.01, Marion County, Indiana",2019,63.503649635036496
18097380501,"Census Tract 3805.01, Marion County, Indiana",2020,60
18097380501,"Census Tract 3805.01, Marion County, Indiana",2021,64.10958904109589
18097380501,Census Tract 3805.01; Marion County; Indiana,2022,63.36088154269972
18097380501,Census Tract 3805.01; Marion County; Indiana,2023,68.39378238341969
18097380502,"Census Tract 3805.02, Marion County, Indiana",2015,47.985004686035616
18097380502,"Census Tract 3805.02, Marion County, Indiana",2016,47.2463768115942
18097380502,"Census Tract 3805.02, Marion County, Indiana",2017,46.79552390640895
18097380502,"Census Tract 3805.02, Marion County, Indiana",2018,52.848722986247544
18097380502,"Census Tract 3805.02, Marion County, Indiana",2019,57.78414517669532
18097380502,"Census Tract 3805.02, Marion County, Indiana",2020,53.08370044052864
18097380502,"Census Tract 3805.02, Marion County, Indiana",2021,59.4392523364486
18097380502,Census Tract 3805.02; Marion County; Indiana,2022,65.10560146923784
18097380502,Census Tract 3805.02; Marion County; Indiana,2023,58.38800374882849
18097380600,"Census Tract 3806, Marion County, Indiana",2015,63.29830234438157
18097380600,"Census Tract 3806, Marion County, Indiana",2016,59.68280467445743
18097380600,"Census Tract 3806, Marion County, Indiana",2017,57.68518518518518
18097380600,"Census Tract 3806, Marion County, Indiana",2018,53.413284132841326
18097380600,"Census Tract 3806, Marion County, Indiana",2019,52.52613240418118
18097380600,"Census Tract 3806, Marion County, Indiana",2020,42.33791748526522
18097380600,"Census Tract 3806, Marion County, Indiana",2021,38.857142857142854
18097380600,Census Tract 3806; Marion County; Indiana,2022,47.224749772520475
18097380600,Census Tract 3806; Marion County; Indiana,2023,49.869678540399654
18097380700,"Census Tract 3807, Marion County, Indiana",2015,61.221252973830296
18097380700,"Census Tract 3807, Marion County, Indiana",2016,59.39968404423381
18097380700,"Census Tract 3807, Marion County, Indiana",2017,62.22030981067125
18097380700,"Census Tract 3807, Marion County, Indiana",2018,65.07537688442211
18097380700,"Census Tract 3807, Marion County, Indiana",2019,54.88721804511278
18097380700,"Census Tract 3807, Marion County, Indiana",2020,53.88471177944862
18097380700,"Census Tract 3807, Marion County, Indiana",2021,61.81384248210024
18097380700,Census Tract 3807; Marion County; Indiana,2022,71.01105845181675
18097380700,Census Tract 3807; Marion County; Indiana,2023,68.25525040387723
18097380800,"Census Tract 3808, Marion County, Indiana",2015,50.26737967914438
18097380800,"Census Tract 3808, Marion County, Indiana",2016,40.476190476190474
18097380800,"Census Tract 3808, Marion County, Indiana",2017,43.11926605504587
18097380800,"Census Tract 3808, Marion County, Indiana",2018,48.203592814371255
18097380800,"Census Tract 3808, Marion County, Indiana",2019,45.714285714285715
18097380800,"Census Tract 3808, Marion County, Indiana",2020,39.25233644859813
18097380800,"Census Tract 3808, Marion County, Indiana",2021,40.06024096385542
18097380800,Census Tract 3808; Marion County; Indiana,2022,51.23762376237624
18097380800,Census Tract 3808; Marion County; Indiana,2023,43.32493702770781
18097380901,"Census Tract 3809.01, Marion County, Indiana",2015,34.375
18097380901,"Census Tract 3809.01, Marion County, Indiana",2016,30.62200956937799
18097380901,"Census Tract 3809.01, Marion County, Indiana",2017,36.24454148471616
18097380901,"Census Tract 3809.01, Marion County, Indiana",2018,24.669603524229075
18097380901,"Census Tract 3809.01, Marion County, Indiana",2019,18.552036199095024
18097380901,"Census Tract 3809.01, Marion County, Indiana",2020,4.195804195804196
18097380901,"Census Tract 3809.01, Marion County, Indiana",2021,6.956521739130435
18097380901,Census Tract 3809.01; Marion County; Indiana,2022,0
18097380901,Census Tract 3809.01; Marion County; Indiana,2023,0
18097380902,"Census Tract 3809.02, Marion County, Indiana",2015,30.98802395209581
18097380902,"Census Tract 3809.02, Marion County, Indiana",2016,33.895446880269816
18097380902,"Census Tract 3809.02, Marion County, Indiana",2017,33.67697594501718
18097380902,"Census Tract 3809.02, Marion County, Indiana",2018,36.43659711075441
18097380902,"Census Tract 3809.02, Marion County, Indiana",2019,53.592233009708735
18097380902,"Census Tract 3809.02, Marion County, Indiana",2020,48.497854077253216
18097380902,"Census Tract 3809.02, Marion County, Indiana",2021,33.692722371967655
18097380902,Census Tract 3809.02; Marion County; Indiana,2022,34.18013856812933
18097380902,Census Tract 3809.02; Marion County; Indiana,2023,29.577464788732396
18097381001,"Census Tract 3810.01, Marion County, Indiana",2015,40.723981900452486
18097381001,"Census Tract 3810.01, Marion County, Indiana",2016,46.287015945330296
18097381001,"Census Tract 3810.01, Marion County, Indiana",2017,47.33756717147045
18097381001,"Census Tract 3810.01, Marion County, Indiana",2018,54.69448584202683
18097381001,"Census Tract 3810.01, Marion County, Indiana",2019,47.0495258166491
18097381001,"Census Tract 3810.01, Marion County, Indiana",2023,53.375069732845716
18097381002,"Census Tract 3810.02, Marion County, Indiana",2015,41.891891891891895
18097381002,"Census Tract 3810.02, Marion County, Indiana",2016,44.15584415584416
18097381002,"Census Tract 3810.02, Marion County, Indiana",2017,34.81012658227848
18097381002,"Census Tract 3810.02, Marion County, Indiana",2018,43.35664335664335
18097381002,"Census Tract 3810.02, Marion County, Indiana",2019,42.7536231884058
18097381002,"Census Tract 3810.02, Marion County, Indiana",2020,43.51851851851852
18097381002,"Census Tract 3810.02, Marion County, Indiana",2021,35.39823008849557
18097381002,Census Tract 3810.02; Marion County; Indiana,2022,52.89855072463768
18097381002,Census Tract 3810.02; Marion County; Indiana,2023,31.25
18097381003,"Census Tract 3810.03, Marion County, Indiana",2020,45.40162980209546
18097381003,"Census Tract 3810.03, Marion County, Indiana",2021,38.036117381489845
18097381003,Census Tract 3810.03; Marion County; Indiana,2022,48.597081930415264
18097381003,Census Tract 3810.03; Marion County; Indiana,2023,54.63258785942492
18097381004,"Census Tract 3810.04, Marion County, Indiana",2020,60.51660516605166
18097381004,"Census Tract 3810.04, Marion County, Indiana",2021,59.79469632164243
18097381004,Census Tract 3810.04; Marion County; Indiana,2022,53.80258899676375
18097381004,Census Tract 3810.04; Marion County; Indiana,2023,58.215547703180214
18097381101,"Census Tract 3811.01, Marion County, Indiana",2015,57.91543756145526
18097381101,"Census Tract 3811.01, Marion County, Indiana",2016,54.96031746031746
18097381101,"Census Tract 3811.01, Marion County, Indiana",2017,55.025380710659896
18097381101,"Census Tract 3811.01, Marion County, Indiana",2018,50.55499495459132
18097381101,"Census Tract 3811.01, Marion County, Indiana",2019,43.724279835390945
18097381101,"Census Tract 3811.01, Marion County, Indiana",2020,45.168539325842694
18097381101,"Census Tract 3811.01, Marion County, Indiana",2021,49.6232508073197
18097381101,Census Tract 3811.01; Marion County; Indiana,2022,44.67849223946785
18097381101,Census Tract 3811.01; Marion County; Indiana,2023,53.97170837867247
18097381102,"Census Tract 3811.02, Marion County, Indiana",2015,61.73800259403372
18097381102,"Census Tract 3811.02, Marion County, Indiana",2016,65.77086280056577
18097381102,"Census Tract 3811.02, Marion County, Indiana",2017,72.83236994219654
18097381102,"Census Tract 3811.02, Marion County, Indiana",2018,66.10738255033557
18097381102,"Census Tract 3811.02, Marion County, Indiana",2019,66.01073345259391
18097381102,"Census Tract 3811.02, Marion County, Indiana",2020,68.67469879518072
18097381102,"Census Tract 3811.02, Marion County, Indiana",2021,38.9662027833002
18097381102,Census Tract 3811.02; Marion County; Indiana,2022,41.505376344086024
18097381102,Census Tract 3811.02; Marion County; Indiana,2023,38.888888888888886
18097381201,"Census Tract 3812.01, Marion County, Indiana",2015,48.61407249466951
18097381201,"Census Tract 3812.01, Marion County, Indiana",2016,40.87591240875913
18097381201,"Census Tract 3812.01, Marion County, Indiana",2017,38.50063532401525
18097381201,"Census Tract 3812.01, Marion County, Indiana",2018,38.90909090909091
18097381201,"Census Tract 3812.01, Marion County, Indiana",2019,29.770992366412212
18097381201,"Census Tract 3812.01, Marion County, Indiana",2023,10.927912238154917
18097381203,"Census Tract 3812.03, Marion County, Indiana",2015,61.29032258064516
18097381203,"Census Tract 3812.03, Marion County, Indiana",2016,53.081761006289305
18097381203,"Census Tract 3812.03, Marion County, Indiana",2017,52.760736196319016
18097381203,"Census Tract 3812.03, Marion County, Indiana",2018,52.88683602771363
18097381203,"Census Tract 3812.03, Marion County, Indiana",2019,64.31226765799256
18097381203,"Census Tract 3812.03, Marion County, Indiana",2020,59.97536945812808
18097381203,"Census Tract 3812.03, Marion County, Indiana",2021,60.80178173719376
18097381203,Census Tract 3812.03; Marion County; Indiana,2022,62.106537530266344
18097381203,Census Tract 3812.03; Marion County; Indiana,2023,61.01485148514851
18097381204,"Census Tract 3812.04, Marion County, Indiana",2015,60.06051437216339
18097381204,"Census Tract 3812.04, Marion County, Indiana",2016,57.142857142857146
18097381204,"Census Tract 3812.04, Marion County, Indiana",2017,55.23076923076923
18097381204,"Census Tract 3812.04, Marion County, Indiana",2018,52.02354672553348
18097381204,"Census Tract 3812.04, Marion County, Indiana",2019,52.234432234432234
18097381204,"Census Tract 3812.04, Marion County, Indiana",2020,53.96078431372549
18097381204,"Census Tract 3812.04, Marion County, Indiana",2021,60.40485829959514
18097381204,Census Tract 3812.04; Marion County; Indiana,2022,62.82608695652174
18097381204,Census Tract 3812.04; Marion County; Indiana,2023,66.83453237410072
18097381205,"Census Tract 3812.05, Marion County, Indiana",2015,59.389515593895155
18097381205,"Census Tract 3812.05, Marion County, Indiana",2016,58.52737570799245
18097381205,"Census Tract 3812.05, Marion County, Indiana",2017,44.2792501616031
18097381205,"Census Tract 3812.05, Marion County, Indiana",2018,39.15943962641761
18097381205,"Census Tract 3812.05, Marion County, Indiana",2019,40.215053763440864
18097381205,"Census Tract 3812.05, Marion County, Indiana",2020,38.07749627421759
18097381205,"Census Tract 3812.05, Marion County, Indiana",2021,36.64772727272727
18097381205,Census Tract 3812.05; Marion County; Indiana,2022,36.5142478462558
18097381205,Census Tract 3812.05; Marion County; Indiana,2023,41.1651728553137
18097381206,"Census Tract 3812.06, Marion County, Indiana",2020,19.781553398058257
18097381206,"Census Tract 3812.06, Marion County, Indiana",2021,27.37955346650999
18097381206,Census Tract 3812.06; Marion County; Indiana,2022,23.542600896860986
18097381206,Census Tract 3812.06; Marion County; Indiana,2023,32.03125
18097381207,"Census Tract 3812.07, Marion County, Indiana",2020,100
18097381207,"Census Tract 3812.07, Marion County, Indiana",2021,60.869565217391305
18097381207,Census Tract 3812.07; Marion County; Indiana,2022,0
18097381207,Census Tract 3812.07; Marion County; Indiana,2023,0
18097390101,"Census Tract 3901.01, Marion County, Indiana",2015,47.16981132075472
18097390101,"Census Tract 3901.01, Marion County, Indiana",2016,40.05167958656331
18097390101,"Census Tract 3901.01, Marion County, Indiana",2017,35.68181818181818
18097390101,"Census Tract 3901.01, Marion County, Indiana",2018,35.294117647058826
18097390101,"Census Tract 3901.01, Marion County, Indiana",2019,30.456852791878173
18097390101,"Census Tract 3901.01, Marion County, Indiana",2023,13.743894263001629
18097390102,"Census Tract 3901.02, Marion County, Indiana",2015,49.361702127659576
18097390102,"Census Tract 3901.02, Marion County, Indiana",2016,55.71658615136876
18097390102,"Census Tract 3901.02, Marion County, Indiana",2017,62.1160409556314
18097390102,"Census Tract 3901.02, Marion County, Indiana",2018,68.46986089644513
18097390102,"Census Tract 3901.02, Marion County, Indiana",2019,69.3929173693086
18097390102,"Census Tract 3901.02, Marion County, Indiana",2020,70.21709633649932
18097390102,"Census Tract 3901.02, Marion County, Indiana",2021,66.64600123992561
18097390102,Census Tract 3901.02; Marion County; Indiana,2022,62.477341389728096
18097390102,Census Tract 3901.02; Marion County; Indiana,2023,59.67460778617083
18097390103,"Census Tract 3901.03, Marion County, Indiana",2020,47.5
18097390103,"Census Tract 3901.03, Marion County, Indiana",2021,45.751633986928105
18097390103,Census Tract 3901.03; Marion County; Indiana,2022,46.40522875816993
18097390103,Census Tract 3901.03; Marion County; Indiana,2023,41.1764705882353
18097390104,"Census Tract 3901.04, Marion County, Indiana",2020,25
18097390104,"Census Tract 3901.04, Marion County, Indiana",2021,18.912529550827426
18097390104,Census Tract 3901.04; Marion County; Indiana,2022,26.050420168067227
18097390104,Census Tract 3901.04; Marion County; Indiana,2023,28.183716075156575
18097390200,"Census Tract 3902, Marion County, Indiana",2015,57.94871794871795
18097390200,"Census Tract 3902, Marion County, Indiana",2016,61.39705882352941
18097390200,"Census Tract 3902, Marion County, Indiana",2017,68.05555555555556
18097390200,"Census Tract 3902, Marion County, Indiana",2018,65.16516516516516
18097390200,"Census Tract 3902, Marion County, Indiana",2019,64.41176470588235
18097390200,"Census Tract 3902, Marion County, Indiana",2020,62.46719160104987
18097390200,"Census Tract 3902, Marion County, Indiana",2021,59.70425138632163
18097390200,Census Tract 3902; Marion County; Indiana,2022,38.63013698630137
18097390200,Census Tract 3902; Marion County; Indiana,2023,30.82191780821918
18097390300,"Census Tract 3903, Marion County, Indiana",2015,35.03649635036496
18097390300,"Census Tract 3903, Marion County, Indiana",2016,30.625
18097390300,"Census Tract 3903, Marion County, Indiana",2017,29.81366459627329
18097390300,"Census Tract 3903, Marion County, Indiana",2018,21.686746987951807
18097390300,"Census Tract 3903, Marion County, Indiana",2019,0
18097390300,"Census Tract 3903, Marion County, Indiana",2020,5.421686746987952
18097390300,"Census Tract 3903, Marion County, Indiana",2021,20.774647887323944
18097390300,Census Tract 3903; Marion County; Indiana,2022,27.272727272727273
18097390300,Census Tract 3903; Marion County; Indiana,2023,28.125
18097390402,"Census Tract 3904.02, Marion County, Indiana",2015,34.08239700374532
18097390402,"Census Tract 3904.02, Marion County, Indiana",2016,33.333333333333336
18097390402,"Census Tract 3904.02, Marion County, Indiana",2017,31.357048748353098
18097390402,"Census Tract 3904.02, Marion County, Indiana",2018,29.222520107238605
18097390402,"Census Tract 3904.02, Marion County, Indiana",2019,29.197080291970803
18097390402,"Census Tract 3904.02, Marion County, Indiana",2023,24.311763580196285
18097390403,"Census Tract 3904.03, Marion County, Indiana",2015,23.75
18097390403,"Census Tract 3904.03, Marion County, Indiana",2016,33.333333333333336
18097390403,"Census Tract 3904.03, Marion County, Indiana",2017,31.746031746031747
18097390403,"Census Tract 3904.03, Marion County, Indiana",2018,39.39393939393939
18097390403,"Census Tract 3904.03, Marion County, Indiana",2019,44.270833333333336
18097390403,"Census Tract 3904.03, Marion County, Indiana",2023,64.79166666666667
18097390404,"Census Tract 3904.04, Marion County, Indiana",2015,36.56716417910448
18097390404,"Census Tract 3904.04, Marion County, Indiana",2016,48.48484848484848
18097390404,"Census Tract 3904.04, Marion County, Indiana",2017,46.5625
18097390404,"Census Tract 3904.04, Marion County, Indiana",2018,35.453100158982515
18097390404,"Census Tract 3904.04, Marion County, Indiana",2019,31.99195171026157
18097390404,"Census Tract 3904.04, Marion County, Indiana",2023,27.41673924141866
18097390405,"Census Tract 3904.05, Marion County, Indiana",2015,28.48
18097390405,"Census Tract 3904.05, Marion County, Indiana",2016,27.553444180522565
18097390405,"Census Tract 3904.05, Marion County, Indiana",2017,33.333333333333336
18097390405,"Census Tract 3904.05, Marion County, Indiana",2018,33.333333333333336
18097390405,"Census Tract 3904.05, Marion County, Indiana",2019,35.38899430740038
18097390405,"Census Tract 3904.05, Marion County, Indiana",2020,25
18097390405,"Census Tract 3904.05, Marion County, Indiana",2021,24.41534144059869
18097390405,Census Tract 3904.05; Marion County; Indiana,2022,27.151211361737676
18097390405,Census Tract 3904.05; Marion County; Indiana,2023,23.64607170099161
18097390406,"Census Tract 3904.06, Marion County, Indiana",2020,50.88757396449704
18097390406,"Census Tract 3904.06, Marion County, Indiana",2021,37.391304347826086
18097390406,Census Tract 3904.06; Marion County; Indiana,2022,33.098591549295776
18097390406,Census Tract 3904.06; Marion County; Indiana,2023,43.24324324324324
18097390407,"Census Tract 3904.07, Marion County, Indiana",2020,0
18097390407,"Census Tract 3904.07, Marion County, Indiana",2021,0
18097390407,Census Tract 3904.07; Marion County; Indiana,2022,0
18097390407,Census Tract 3904.07; Marion County; Indiana,2023,0
18097390408,"Census Tract 3904.08, Marion County, Indiana",2020,13.930348258706468
18097390408,"Census Tract 3904.08, Marion County, Indiana",2021,0
18097390408,Census Tract 3904.08; Marion County; Indiana,2022,0
18097390408,Census Tract 3904.08; Marion County; Indiana,2023,22.33009708737864
18097390409,"Census Tract 3904.09, Marion County, Indiana",2020,22
18097390409,"Census Tract 3904.09, Marion County, Indiana",2021,25.41899441340782
18097390409,Census Tract 3904.09; Marion County; Indiana,2022,27.294685990338163
18097390409,Census Tract 3904.09; Marion County; Indiana,2023,50.69124423963134
18097390410,"Census Tract 3904.10, Marion County, Indiana",2020,33.12883435582822
18097390410,"Census Tract 3904.10, Marion County, Indiana",2021,37
18097390410,Census Tract 3904.10; Marion County; Indiana,2022,25.24271844660194
18097390410,Census Tract 3904.10; Marion County; Indiana,2023,23.14410480349345
18097390411,"Census Tract 3904.11, Marion County, Indiana",2020,59.72495088408645
18097390411,"Census Tract 3904.11, Marion County, Indiana",2021,61.421319796954315
18097390411,Census Tract 3904.11; Marion County; Indiana,2022,58.16135084427767
18097390411,Census Tract 3904.11; Marion County; Indiana,2023,57.84543325526932
18097390500,"Census Tract 3905, Marion County, Indiana",2015,53.104925053533194
18097390500,"Census Tract 3905, Marion County, Indiana",2016,47.142857142857146
18097390500,"Census Tract 3905, Marion County, Indiana",2017,49.16067146282974
18097390500,"Census Tract 3905, Marion County, Indiana",2018,55.863539445628994
18097390500,"Census Tract 3905, Marion County, Indiana",2019,58.849557522123895
18097390500,"Census Tract 3905, Marion County, Indiana",2020,59.35162094763092
18097390500,"Census Tract 3905, Marion County, Indiana",2021,49.07597535934291
18097390500,Census Tract 3905; Marion County; Indiana,2022,48.828828828828826
18097390500,Census Tract 3905; Marion County; Indiana,2023,37.391304347826086
18097390600,"Census Tract 3906, Marion County, Indiana",2015,46.48985959438377
18097390600,"Census Tract 3906, Marion County, Indiana",2016,48.72423945044161
18097390600,"Census Tract 3906, Marion County, Indiana",2017,53.25242718446602
18097390600,"Census Tract 3906, Marion County, Indiana",2018,51.28693994280267
18097390600,"Census Tract 3906, Marion County, Indiana",2019,51.52394775036285
18097390600,"Census Tract 3906, Marion County, Indiana",2023,56.55803590634193
18097390601,"Census Tract 3906.01, Marion County, Indiana",2020,34.40320962888666
18097390601,"Census Tract 3906.01, Marion County, Indiana",2021,37.10292249047014
18097390601,Census Tract 3906.01; Marion County; Indiana,2022,41.5938864628821
18097390601,Census Tract 3906.01; Marion County; Indiana,2023,44.80431848852901
18097390602,"Census Tract 3906.02, Marion County, Indiana",2020,50.113207547169814
18097390602,"Census Tract 3906.02, Marion County, Indiana",2021,46.56488549618321
18097390602,Census Tract 3906.02; Marion County; Indiana,2022,43.93939393939394
18097390602,Census Tract 3906.02; Marion County; Indiana,2023,45.54794520547945
18097390700,"Census Tract 3907, Marion County, Indiana",2015,68.87298747763865
18097390700,"Census Tract 3907, Marion County, Indiana",2016,66.06786427145708
18097390700,"Census Tract 3907, Marion County, Indiana",2017,67.52988047808765
18097390700,"Census Tract 3907, Marion County, Indiana",2018,55.749128919860624
18097390700,"Census Tract 3907, Marion County, Indiana",2019,45.48736462093863
18097390700,"Census Tract 3907, Marion County, Indiana",2020,58.11764705882353
18097390700,"Census Tract 3907, Marion County, Indiana",2021,46.65271966527197
18097390700,Census Tract 3907; Marion County; Indiana,2022,45.21531100478469
18097390700,Census Tract 3907; Marion County; Indiana,2023,47.3551637279597
18097390800,"Census Tract 3908, Marion County, Indiana",2015,32.64462809917355
18097390800,"Census Tract 3908, Marion County, Indiana",2016,32.32514177693762
18097390800,"Census Tract 3908, Marion County, Indiana",2017,38.84297520661157
18097390800,"Census Tract 3908, Marion County, Indiana",2018,38.81188118811881
18097390800,"Census Tract 3908, Marion County, Indiana",2019,39.91683991683992
18097390800,"Census Tract 3908, Marion County, Indiana",2023,47.189051734506286
18097390801,"Census Tract 3908.01, Marion County, Indiana",2020,NA
18097390801,"Census Tract 3908.01, Marion County, Indiana",2021,NA
18097390801,Census Tract 3908.01; Marion County; Indiana,2022,NA
18097390801,Census Tract 3908.01; Marion County; Indiana,2023,NA
18097390802,"Census Tract 3908.02, Marion County, Indiana",2020,42.69406392694064
18097390802,"Census Tract 3908.02, Marion County, Indiana",2021,51.12781954887218
18097390802,Census Tract 3908.02; Marion County; Indiana,2022,61.67664670658683
18097390802,Census Tract 3908.02; Marion County; Indiana,2023,57.47460087082729
18097390900,"Census Tract 3909, Marion County, Indiana",2015,39.583333333333336
18097390900,"Census Tract 3909, Marion County, Indiana",2016,36.11473272490222
18097390900,"Census Tract 3909, Marion County, Indiana",2017,40.49247606019152
18097390900,"Census Tract 3909, Marion County, Indiana",2018,42.61437908496732
18097390900,"Census Tract 3909, Marion County, Indiana",2019,50.61391541609822
18097390900,"Census Tract 3909, Marion County, Indiana",2020,56.52173913043478
18097390900,"Census Tract 3909, Marion County, Indiana",2021,53.75446960667461
18097390900,Census Tract 3909; Marion County; Indiana,2022,47.411764705882355
18097390900,Census Tract 3909; Marion County; Indiana,2023,45.40229885057471
18097391000,"Census Tract 3910, Marion County, Indiana",2015,45.04778453518679
18097391000,"Census Tract 3910, Marion County, Indiana",2016,44.90971955436035
18097391000,"Census Tract 3910, Marion County, Indiana",2017,47.46835443037975
18097391000,"Census Tract 3910, Marion County, Indiana",2018,40.76225045372051
18097391000,"Census Tract 3910, Marion County, Indiana",2019,36.04417670682731
18097391000,"Census Tract 3910, Marion County, Indiana",2023,27.040568878467823
18097391001,"Census Tract 3910.01, Marion County, Indiana",2020,45
18097391001,"Census Tract 3910.01, Marion County, Indiana",2021,29.27400468384075
18097391001,Census Tract 3910.01; Marion County; Indiana,2022,35.79676674364896
18097391001,Census Tract 3910.01; Marion County; Indiana,2023,39.68253968253968
18097391002,"Census Tract 3910.02, Marion County, Indiana",2020,30.02670736360168
18097391002,"Census Tract 3910.02, Marion County, Indiana",2021,29.51299890150128
18097391002,Census Tract 3910.02; Marion County; Indiana,2022,31.730126920507683
18097391002,Census Tract 3910.02; Marion County; Indiana,2023,35.12422360248447
