GEOID,NAME,year,value
18097310103,"Census Tract 3101.03, Marion County, Indiana",2015,97167
18097310103,"Census Tract 3101.03, Marion County, Indiana",2016,110909
18097310103,"Census Tract 3101.03, Marion County, Indiana",2017,120089
18097310103,"Census Tract 3101.03, Marion County, Indiana",2018,124240
18097310103,"Census Tract 3101.03, Marion County, Indiana",2019,128789
18097310103,"Census Tract 3101.03, Marion County, Indiana",2023,160411
18097310104,"Census Tract 3101.04, Marion County, Indiana",2015,50625
18097310104,"Census Tract 3101.04, Marion County, Indiana",2016,46801
18097310104,"Census Tract 3101.04, Marion County, Indiana",2017,50083
18097310104,"Census Tract 3101.04, Marion County, Indiana",2018,53885
18097310104,"Census Tract 3101.04, Marion County, Indiana",2019,52639
18097310104,"Census Tract 3101.04, Marion County, Indiana",2020,51264
18097310104,"Census Tract 3101.04, Marion County, Indiana",2021,59500
18097310104,Census Tract 3101.04; Marion County; Indiana,2022,66856
18097310104,Census Tract 3101.04; Marion County; Indiana,2023,70062
18097310105,"Census Tract 3101.05, Marion County, Indiana",2015,50260
18097310105,"Census Tract 3101.05, Marion County, Indiana",2016,51039
18097310105,"Census Tract 3101.05, Marion County, Indiana",2017,54972
18097310105,"Census Tract 3101.05, Marion County, Indiana",2018,60219
18097310105,"Census Tract 3101.05, Marion County, Indiana",2019,59135
18097310105,"Census Tract 3101.05, Marion County, Indiana",2020,54766
18097310105,"Census Tract 3101.05, Marion County, Indiana",2021,52094
18097310105,Census Tract 3101.05; Marion County; Indiana,2022,57225
18097310105,Census Tract 3101.05; Marion County; Indiana,2023,59895
18097310106,"Census Tract 3101.06, Marion County, Indiana",2015,35899
18097310106,"Census Tract 3101.06, Marion County, Indiana",2016,36507
18097310106,"Census Tract 3101.06, Marion County, Indiana",2017,37525
18097310106,"Census Tract 3101.06, Marion County, Indiana",2018,40398
18097310106,"Census Tract 3101.06, Marion County, Indiana",2019,41153
18097310106,"Census Tract 3101.06, Marion County, Indiana",2020,41974
18097310106,"Census Tract 3101.06, Marion County, Indiana",2021,49184
18097310106,Census Tract 3101.06; Marion County; Indiana,2022,54075
18097310106,Census Tract 3101.06; Marion County; Indiana,2023,60417
18097310108,"Census Tract 3101.08, Marion County, Indiana",2015,85145
18097310108,"Census Tract 3101.08, Marion County, Indiana",2016,90000
18097310108,"Census Tract 3101.08, Marion County, Indiana",2017,85485
18097310108,"Census Tract 3101.08, Marion County, Indiana",2018,96178
18097310108,"Census Tract 3101.08, Marion County, Indiana",2019,103304
18097310108,"Census Tract 3101.08, Marion County, Indiana",2020,115417
18097310108,"Census Tract 3101.08, Marion County, Indiana",2021,124792
18097310108,Census Tract 3101.08; Marion County; Indiana,2022,137434
18097310108,Census Tract 3101.08; Marion County; Indiana,2023,129474
18097310110,"Census Tract 3101.10, Marion County, Indiana",2015,48633
18097310110,"Census Tract 3101.10, Marion County, Indiana",2016,49934
18097310110,"Census Tract 3101.10, Marion County, Indiana",2017,50885
18097310110,"Census Tract 3101.10, Marion County, Indiana",2018,50143
18097310110,"Census Tract 3101.10, Marion County, Indiana",2019,49698
18097310110,"Census Tract 3101.10, Marion County, Indiana",2020,52218
18097310110,"Census Tract 3101.10, Marion County, Indiana",2021,54466
18097310110,Census Tract 3101.10; Marion County; Indiana,2022,59494
18097310110,Census Tract 3101.10; Marion County; Indiana,2023,61222
18097310111,"Census Tract 3101.11, Marion County, Indiana",2015,46793
18097310111,"Census Tract 3101.11, Marion County, Indiana",2016,47370
18097310111,"Census Tract 3101.11, Marion County, Indiana",2017,44340
18097310111,"Census Tract 3101.11, Marion County, Indiana",2018,43712
18097310111,"Census Tract 3101.11, Marion County, Indiana",2019,42475
18097310111,"Census Tract 3101.11, Marion County, Indiana",2020,43347
18097310111,"Census Tract 3101.11, Marion County, Indiana",2021,46003
18097310111,Census Tract 3101.11; Marion County; Indiana,2022,53838
18097310111,Census Tract 3101.11; Marion County; Indiana,2023,52958
18097310112,"Census Tract 3101.12, Marion County, Indiana",2020,139690
18097310112,"Census Tract 3101.12, Marion County, Indiana",2021,137208
18097310112,Census Tract 3101.12; Marion County; Indiana,2022,148508
18097310112,Census Tract 3101.12; Marion County; Indiana,2023,147944
18097310113,"Census Tract 3101.13, Marion County, Indiana",2020,122714
18097310113,"Census Tract 3101.13, Marion County, Indiana",2021,141136
18097310113,Census Tract 3101.13; Marion County; Indiana,2022,124375
18097310113,Census Tract 3101.13; Marion County; Indiana,2023,196111
18097310201,"Census Tract 3102.01, Marion County, Indiana",2015,56339
18097310201,"Census Tract 3102.01, Marion County, Indiana",2016,59063
18097310201,"Census Tract 3102.01, Marion County, Indiana",2017,51610
18097310201,"Census Tract 3102.01, Marion County, Indiana",2018,53425
18097310201,"Census Tract 3102.01, Marion County, Indiana",2019,63324
18097310201,"Census Tract 3102.01, Marion County, Indiana",2020,56500
18097310201,"Census Tract 3102.01, Marion County, Indiana",2021,59347
18097310201,Census Tract 3102.01; Marion County; Indiana,2022,67250
18097310201,Census Tract 3102.01; Marion County; Indiana,2023,70339
18097310203,"Census Tract 3102.03, Marion County, Indiana",2015,34275
18097310203,"Census Tract 3102.03, Marion County, Indiana",2016,42009
18097310203,"Census Tract 3102.03, Marion County, Indiana",2017,50625
18097310203,"Census Tract 3102.03, Marion County, Indiana",2018,59113
18097310203,"Census Tract 3102.03, Marion County, Indiana",2019,53566
18097310203,"Census Tract 3102.03, Marion County, Indiana",2020,62373
18097310203,"Census Tract 3102.03, Marion County, Indiana",2021,55667
18097310203,Census Tract 3102.03; Marion County; Indiana,2022,50475
18097310203,Census Tract 3102.03; Marion County; Indiana,2023,58571
18097310204,"Census Tract 3102.04, Marion County, Indiana",2015,56651
18097310204,"Census Tract 3102.04, Marion County, Indiana",2016,57152
18097310204,"Census Tract 3102.04, Marion County, Indiana",2017,59738
18097310204,"Census Tract 3102.04, Marion County, Indiana",2018,62451
18097310204,"Census Tract 3102.04, Marion County, Indiana",2019,62352
18097310204,"Census Tract 3102.04, Marion County, Indiana",2020,69390
18097310204,"Census Tract 3102.04, Marion County, Indiana",2021,64323
18097310204,Census Tract 3102.04; Marion County; Indiana,2022,74659
18097310204,Census Tract 3102.04; Marion County; Indiana,2023,92725
18097310305,"Census Tract 3103.05, Marion County, Indiana",2015,36193
18097310305,"Census Tract 3103.05, Marion County, Indiana",2016,34070
18097310305,"Census Tract 3103.05, Marion County, Indiana",2017,38048
18097310305,"Census Tract 3103.05, Marion County, Indiana",2018,39573
18097310305,"Census Tract 3103.05, Marion County, Indiana",2019,39355
18097310305,"Census Tract 3103.05, Marion County, Indiana",2020,39891
18097310305,"Census Tract 3103.05, Marion County, Indiana",2021,40463
18097310305,Census Tract 3103.05; Marion County; Indiana,2022,42246
18097310305,Census Tract 3103.05; Marion County; Indiana,2023,46388
18097310306,"Census Tract 3103.06, Marion County, Indiana",2015,30356
18097310306,"Census Tract 3103.06, Marion County, Indiana",2016,29215
18097310306,"Census Tract 3103.06, Marion County, Indiana",2017,30696
18097310306,"Census Tract 3103.06, Marion County, Indiana",2018,32276
18097310306,"Census Tract 3103.06, Marion County, Indiana",2019,32071
18097310306,"Census Tract 3103.06, Marion County, Indiana",2020,43377
18097310306,"Census Tract 3103.06, Marion County, Indiana",2021,48419
18097310306,Census Tract 3103.06; Marion County; Indiana,2022,57556
18097310306,Census Tract 3103.06; Marion County; Indiana,2023,55060
18097310308,"Census Tract 3103.08, Marion County, Indiana",2015,50509
18097310308,"Census Tract 3103.08, Marion County, Indiana",2016,54762
18097310308,"Census Tract 3103.08, Marion County, Indiana",2017,54167
18097310308,"Census Tract 3103.08, Marion County, Indiana",2018,57177
18097310308,"Census Tract 3103.08, Marion County, Indiana",2019,58106
18097310308,"Census Tract 3103.08, Marion County, Indiana",2020,60027
18097310308,"Census Tract 3103.08, Marion County, Indiana",2021,63533
18097310308,Census Tract 3103.08; Marion County; Indiana,2022,69358
18097310308,Census Tract 3103.08; Marion County; Indiana,2023,67122
18097310309,"Census Tract 3103.09, Marion County, Indiana",2015,31642
18097310309,"Census Tract 3103.09, Marion County, Indiana",2016,35387
18097310309,"Census Tract 3103.09, Marion County, Indiana",2017,37185
18097310309,"Census Tract 3103.09, Marion County, Indiana",2018,40000
18097310309,"Census Tract 3103.09, Marion County, Indiana",2019,40632
18097310309,"Census Tract 3103.09, Marion County, Indiana",2020,44483
18097310309,"Census Tract 3103.09, Marion County, Indiana",2021,42250
18097310309,Census Tract 3103.09; Marion County; Indiana,2022,44773
18097310309,Census Tract 3103.09; Marion County; Indiana,2023,41950
18097310310,"Census Tract 3103.10, Marion County, Indiana",2015,54784
18097310310,"Census Tract 3103.10, Marion County, Indiana",2016,54905
18097310310,"Census Tract 3103.10, Marion County, Indiana",2017,64158
18097310310,"Census Tract 3103.10, Marion County, Indiana",2018,69073
18097310310,"Census Tract 3103.10, Marion County, Indiana",2019,67796
18097310310,"Census Tract 3103.10, Marion County, Indiana",2020,57621
18097310310,"Census Tract 3103.10, Marion County, Indiana",2021,68392
18097310310,Census Tract 3103.10; Marion County; Indiana,2022,75331
18097310310,Census Tract 3103.10; Marion County; Indiana,2023,76739
18097310311,"Census Tract 3103.11, Marion County, Indiana",2015,62455
18097310311,"Census Tract 3103.11, Marion County, Indiana",2016,65638
18097310311,"Census Tract 3103.11, Marion County, Indiana",2017,65410
18097310311,"Census Tract 3103.11, Marion County, Indiana",2018,68081
18097310311,"Census Tract 3103.11, Marion County, Indiana",2019,76797
18097310311,"Census Tract 3103.11, Marion County, Indiana",2020,69673
18097310311,"Census Tract 3103.11, Marion County, Indiana",2021,71692
18097310311,Census Tract 3103.11; Marion County; Indiana,2022,81514
18097310311,Census Tract 3103.11; Marion County; Indiana,2023,96144
18097310312,"Census Tract 3103.12, Marion County, Indiana",2015,40323
18097310312,"Census Tract 3103.12, Marion County, Indiana",2016,41250
18097310312,"Census Tract 3103.12, Marion County, Indiana",2017,42743
18097310312,"Census Tract 3103.12, Marion County, Indiana",2018,42302
18097310312,"Census Tract 3103.12, Marion County, Indiana",2019,40966
18097310312,"Census Tract 3103.12, Marion County, Indiana",2020,43484
18097310312,"Census Tract 3103.12, Marion County, Indiana",2021,49150
18097310312,Census Tract 3103.12; Marion County; Indiana,2022,47481
18097310312,Census Tract 3103.12; Marion County; Indiana,2023,55773
18097320105,"Census Tract 3201.05, Marion County, Indiana",2015,51467
18097320105,"Census Tract 3201.05, Marion County, Indiana",2016,53469
18097320105,"Census Tract 3201.05, Marion County, Indiana",2017,53250
18097320105,"Census Tract 3201.05, Marion County, Indiana",2018,50076
18097320105,"Census Tract 3201.05, Marion County, Indiana",2019,51864
18097320105,"Census Tract 3201.05, Marion County, Indiana",2020,60238
18097320105,"Census Tract 3201.05, Marion County, Indiana",2021,65389
18097320105,Census Tract 3201.05; Marion County; Indiana,2022,78688
18097320105,Census Tract 3201.05; Marion County; Indiana,2023,83429
18097320106,"Census Tract 3201.06, Marion County, Indiana",2015,56250
18097320106,"Census Tract 3201.06, Marion County, Indiana",2016,67125
18097320106,"Census Tract 3201.06, Marion County, Indiana",2017,78913
18097320106,"Census Tract 3201.06, Marion County, Indiana",2018,79375
18097320106,"Census Tract 3201.06, Marion County, Indiana",2019,67796
18097320106,"Census Tract 3201.06, Marion County, Indiana",2020,61618
18097320106,"Census Tract 3201.06, Marion County, Indiana",2021,63864
18097320106,Census Tract 3201.06; Marion County; Indiana,2022,68697
18097320106,Census Tract 3201.06; Marion County; Indiana,2023,71721
18097320107,"Census Tract 3201.07, Marion County, Indiana",2015,83714
18097320107,"Census Tract 3201.07, Marion County, Indiana",2016,87031
18097320107,"Census Tract 3201.07, Marion County, Indiana",2017,91071
18097320107,"Census Tract 3201.07, Marion County, Indiana",2018,97569
18097320107,"Census Tract 3201.07, Marion County, Indiana",2019,98826
18097320107,"Census Tract 3201.07, Marion County, Indiana",2020,104276
18097320107,"Census Tract 3201.07, Marion County, Indiana",2021,112788
18097320107,Census Tract 3201.07; Marion County; Indiana,2022,120000
18097320107,Census Tract 3201.07; Marion County; Indiana,2023,119265
18097320108,"Census Tract 3201.08, Marion County, Indiana",2015,26490
18097320108,"Census Tract 3201.08, Marion County, Indiana",2016,27624
18097320108,"Census Tract 3201.08, Marion County, Indiana",2017,33608
18097320108,"Census Tract 3201.08, Marion County, Indiana",2018,29011
18097320108,"Census Tract 3201.08, Marion County, Indiana",2019,29977
18097320108,"Census Tract 3201.08, Marion County, Indiana",2020,32868
18097320108,"Census Tract 3201.08, Marion County, Indiana",2021,36314
18097320108,Census Tract 3201.08; Marion County; Indiana,2022,33298
18097320108,Census Tract 3201.08; Marion County; Indiana,2023,47679
18097320109,"Census Tract 3201.09, Marion County, Indiana",2015,62065
18097320109,"Census Tract 3201.09, Marion County, Indiana",2016,51211
18097320109,"Census Tract 3201.09, Marion County, Indiana",2017,62647
18097320109,"Census Tract 3201.09, Marion County, Indiana",2018,62031
18097320109,"Census Tract 3201.09, Marion County, Indiana",2019,58889
18097320109,"Census Tract 3201.09, Marion County, Indiana",2020,56486
18097320109,"Census Tract 3201.09, Marion County, Indiana",2021,61420
18097320109,Census Tract 3201.09; Marion County; Indiana,2022,69583
18097320109,Census Tract 3201.09; Marion County; Indiana,2023,74688
18097320202,"Census Tract 3202.02, Marion County, Indiana",2015,92434
18097320202,"Census Tract 3202.02, Marion County, Indiana",2016,80913
18097320202,"Census Tract 3202.02, Marion County, Indiana",2017,89438
18097320202,"Census Tract 3202.02, Marion County, Indiana",2018,91477
18097320202,"Census Tract 3202.02, Marion County, Indiana",2019,87287
18097320202,"Census Tract 3202.02, Marion County, Indiana",2020,82500
18097320202,"Census Tract 3202.02, Marion County, Indiana",2021,105302
18097320202,Census Tract 3202.02; Marion County; Indiana,2022,101188
18097320202,Census Tract 3202.02; Marion County; Indiana,2023,94500
18097320203,"Census Tract 3202.03, Marion County, Indiana",2015,41845
18097320203,"Census Tract 3202.03, Marion County, Indiana",2016,42996
18097320203,"Census Tract 3202.03, Marion County, Indiana",2017,43505
18097320203,"Census Tract 3202.03, Marion County, Indiana",2018,45754
18097320203,"Census Tract 3202.03, Marion County, Indiana",2019,42577
18097320203,"Census Tract 3202.03, Marion County, Indiana",2020,44309
18097320203,"Census Tract 3202.03, Marion County, Indiana",2021,47440
18097320203,Census Tract 3202.03; Marion County; Indiana,2022,50548
18097320203,Census Tract 3202.03; Marion County; Indiana,2023,52936
18097320204,"Census Tract 3202.04, Marion County, Indiana",2015,35530
18097320204,"Census Tract 3202.04, Marion County, Indiana",2016,36898
18097320204,"Census Tract 3202.04, Marion County, Indiana",2017,38589
18097320204,"Census Tract 3202.04, Marion County, Indiana",2018,37256
18097320204,"Census Tract 3202.04, Marion County, Indiana",2019,41504
18097320204,"Census Tract 3202.04, Marion County, Indiana",2023,47478
18097320205,"Census Tract 3202.05, Marion County, Indiana",2020,43589
18097320205,"Census Tract 3202.05, Marion County, Indiana",2021,41344
18097320205,Census Tract 3202.05; Marion County; Indiana,2022,49762
18097320205,Census Tract 3202.05; Marion County; Indiana,2023,69085
18097320206,"Census Tract 3202.06, Marion County, Indiana",2020,33808
18097320206,"Census Tract 3202.06, Marion County, Indiana",2021,36889
18097320206,Census Tract 3202.06; Marion County; Indiana,2022,39220
18097320206,Census Tract 3202.06; Marion County; Indiana,2023,41453
18097320301,"Census Tract 3203.01, Marion County, Indiana",2015,64398
18097320301,"Census Tract 3203.01, Marion County, Indiana",2016,71447
18097320301,"Census Tract 3203.01, Marion County, Indiana",2017,73625
18097320301,"Census Tract 3203.01, Marion County, Indiana",2018,78582
18097320301,"Census Tract 3203.01, Marion County, Indiana",2019,86296
18097320301,"Census Tract 3203.01, Marion County, Indiana",2020,81179
18097320301,"Census Tract 3203.01, Marion County, Indiana",2021,78804
18097320301,Census Tract 3203.01; Marion County; Indiana,2022,89167
18097320301,Census Tract 3203.01; Marion County; Indiana,2023,82535
18097320303,"Census Tract 3203.03, Marion County, Indiana",2015,47278
18097320303,"Census Tract 3203.03, Marion County, Indiana",2016,49856
18097320303,"Census Tract 3203.03, Marion County, Indiana",2017,55392
18097320303,"Census Tract 3203.03, Marion County, Indiana",2018,56615
18097320303,"Census Tract 3203.03, Marion County, Indiana",2019,58819
18097320303,"Census Tract 3203.03, Marion County, Indiana",2020,52415
18097320303,"Census Tract 3203.03, Marion County, Indiana",2021,47790
18097320303,Census Tract 3203.03; Marion County; Indiana,2022,50361
18097320303,Census Tract 3203.03; Marion County; Indiana,2023,58277
18097320304,"Census Tract 3203.04, Marion County, Indiana",2015,77344
18097320304,"Census Tract 3203.04, Marion County, Indiana",2016,77214
18097320304,"Census Tract 3203.04, Marion County, Indiana",2017,80347
18097320304,"Census Tract 3203.04, Marion County, Indiana",2018,91250
18097320304,"Census Tract 3203.04, Marion County, Indiana",2019,96034
18097320304,"Census Tract 3203.04, Marion County, Indiana",2023,114724
18097320305,"Census Tract 3203.05, Marion County, Indiana",2020,107780
18097320305,"Census Tract 3203.05, Marion County, Indiana",2021,115000
18097320305,Census Tract 3203.05; Marion County; Indiana,2022,124050
18097320305,Census Tract 3203.05; Marion County; Indiana,2023,129202
18097320306,"Census Tract 3203.06, Marion County, Indiana",2020,61707
18097320306,"Census Tract 3203.06, Marion County, Indiana",2021,71544
18097320306,Census Tract 3203.06; Marion County; Indiana,2022,79097
18097320306,Census Tract 3203.06; Marion County; Indiana,2023,71838
18097320400,"Census Tract 3204, Marion County, Indiana",2015,38721
18097320400,"Census Tract 3204, Marion County, Indiana",2016,41292
18097320400,"Census Tract 3204, Marion County, Indiana",2017,41375
18097320400,"Census Tract 3204, Marion County, Indiana",2018,46406
18097320400,"Census Tract 3204, Marion County, Indiana",2019,51875
18097320400,"Census Tract 3204, Marion County, Indiana",2020,55000
18097320400,"Census Tract 3204, Marion County, Indiana",2021,65884
18097320400,Census Tract 3204; Marion County; Indiana,2022,72000
18097320400,Census Tract 3204; Marion County; Indiana,2023,74375
18097320500,"Census Tract 3205, Marion County, Indiana",2015,42428
18097320500,"Census Tract 3205, Marion County, Indiana",2016,51277
18097320500,"Census Tract 3205, Marion County, Indiana",2017,55948
18097320500,"Census Tract 3205, Marion County, Indiana",2018,54542
18097320500,"Census Tract 3205, Marion County, Indiana",2019,59688
18097320500,"Census Tract 3205, Marion County, Indiana",2020,58345
18097320500,"Census Tract 3205, Marion County, Indiana",2021,75885
18097320500,Census Tract 3205; Marion County; Indiana,2022,66477
18097320500,Census Tract 3205; Marion County; Indiana,2023,71481
18097320600,"Census Tract 3206, Marion County, Indiana",2015,51012
18097320600,"Census Tract 3206, Marion County, Indiana",2016,51094
18097320600,"Census Tract 3206, Marion County, Indiana",2017,58162
18097320600,"Census Tract 3206, Marion County, Indiana",2018,58424
18097320600,"Census Tract 3206, Marion County, Indiana",2019,57011
18097320600,"Census Tract 3206, Marion County, Indiana",2020,63300
18097320600,"Census Tract 3206, Marion County, Indiana",2021,65861
18097320600,Census Tract 3206; Marion County; Indiana,2022,64063
18097320600,Census Tract 3206; Marion County; Indiana,2023,68813
18097320700,"Census Tract 3207, Marion County, Indiana",2015,66625
18097320700,"Census Tract 3207, Marion County, Indiana",2016,71786
18097320700,"Census Tract 3207, Marion County, Indiana",2017,75080
18097320700,"Census Tract 3207, Marion County, Indiana",2018,74091
18097320700,"Census Tract 3207, Marion County, Indiana",2019,83906
18097320700,"Census Tract 3207, Marion County, Indiana",2020,95865
18097320700,"Census Tract 3207, Marion County, Indiana",2021,107917
18097320700,Census Tract 3207; Marion County; Indiana,2022,114063
18097320700,Census Tract 3207; Marion County; Indiana,2023,125757
18097320800,"Census Tract 3208, Marion County, Indiana",2015,116250
18097320800,"Census Tract 3208, Marion County, Indiana",2016,123958
18097320800,"Census Tract 3208, Marion County, Indiana",2017,133438
18097320800,"Census Tract 3208, Marion County, Indiana",2018,152500
18097320800,"Census Tract 3208, Marion County, Indiana",2019,163836
18097320800,"Census Tract 3208, Marion County, Indiana",2020,153677
18097320800,"Census Tract 3208, Marion County, Indiana",2021,161266
18097320800,Census Tract 3208; Marion County; Indiana,2022,178750
18097320800,Census Tract 3208; Marion County; Indiana,2023,193438
18097320901,"Census Tract 3209.01, Marion County, Indiana",2015,48433
18097320901,"Census Tract 3209.01, Marion County, Indiana",2016,50168
18097320901,"Census Tract 3209.01, Marion County, Indiana",2017,55634
18097320901,"Census Tract 3209.01, Marion County, Indiana",2018,62250
18097320901,"Census Tract 3209.01, Marion County, Indiana",2019,66625
18097320901,"Census Tract 3209.01, Marion County, Indiana",2020,76298
18097320901,"Census Tract 3209.01, Marion County, Indiana",2021,79289
18097320901,Census Tract 3209.01; Marion County; Indiana,2022,82350
18097320901,Census Tract 3209.01; Marion County; Indiana,2023,86711
18097320902,"Census Tract 3209.02, Marion County, Indiana",2015,36962
18097320902,"Census Tract 3209.02, Marion County, Indiana",2016,35332
18097320902,"Census Tract 3209.02, Marion County, Indiana",2017,35988
18097320902,"Census Tract 3209.02, Marion County, Indiana",2018,36639
18097320902,"Census Tract 3209.02, Marion County, Indiana",2019,35273
18097320902,"Census Tract 3209.02, Marion County, Indiana",2020,36659
18097320902,"Census Tract 3209.02, Marion County, Indiana",2021,44109
18097320902,Census Tract 3209.02; Marion County; Indiana,2022,46882
18097320902,Census Tract 3209.02; Marion County; Indiana,2023,49325
18097320903,"Census Tract 3209.03, Marion County, Indiana",2015,35120
18097320903,"Census Tract 3209.03, Marion County, Indiana",2016,34943
18097320903,"Census Tract 3209.03, Marion County, Indiana",2017,35192
18097320903,"Census Tract 3209.03, Marion County, Indiana",2018,38204
18097320903,"Census Tract 3209.03, Marion County, Indiana",2019,34743
18097320903,"Census Tract 3209.03, Marion County, Indiana",2020,33447
18097320903,"Census Tract 3209.03, Marion County, Indiana",2021,38618
18097320903,Census Tract 3209.03; Marion County; Indiana,2022,39828
18097320903,Census Tract 3209.03; Marion County; Indiana,2023,44744
18097321001,"Census Tract 3210.01, Marion County, Indiana",2015,38333
18097321001,"Census Tract 3210.01, Marion County, Indiana",2016,41471
18097321001,"Census Tract 3210.01, Marion County, Indiana",2017,54938
18097321001,"Census Tract 3210.01, Marion County, Indiana",2018,60743
18097321001,"Census Tract 3210.01, Marion County, Indiana",2019,59310
18097321001,"Census Tract 3210.01, Marion County, Indiana",2020,63258
18097321001,"Census Tract 3210.01, Marion County, Indiana",2021,66146
18097321001,Census Tract 3210.01; Marion County; Indiana,2022,72179
18097321001,Census Tract 3210.01; Marion County; Indiana,2023,77589
18097321002,"Census Tract 3210.02, Marion County, Indiana",2015,54750
18097321002,"Census Tract 3210.02, Marion County, Indiana",2016,61563
18097321002,"Census Tract 3210.02, Marion County, Indiana",2017,71546
18097321002,"Census Tract 3210.02, Marion County, Indiana",2018,70567
18097321002,"Census Tract 3210.02, Marion County, Indiana",2019,74245
18097321002,"Census Tract 3210.02, Marion County, Indiana",2020,77857
18097321002,"Census Tract 3210.02, Marion County, Indiana",2021,77583
18097321002,Census Tract 3210.02; Marion County; Indiana,2022,90645
18097321002,Census Tract 3210.02; Marion County; Indiana,2023,102460
18097321100,"Census Tract 3211, Marion County, Indiana",2015,56580
18097321100,"Census Tract 3211, Marion County, Indiana",2016,57146
18097321100,"Census Tract 3211, Marion County, Indiana",2017,58210
18097321100,"Census Tract 3211, Marion County, Indiana",2018,57906
18097321100,"Census Tract 3211, Marion County, Indiana",2019,65357
18097321100,"Census Tract 3211, Marion County, Indiana",2020,75143
18097321100,"Census Tract 3211, Marion County, Indiana",2021,78508
18097321100,Census Tract 3211; Marion County; Indiana,2022,85537
18097321100,Census Tract 3211; Marion County; Indiana,2023,92885
18097321200,"Census Tract 3212, Marion County, Indiana",2015,109391
18097321200,"Census Tract 3212, Marion County, Indiana",2016,112311
18097321200,"Census Tract 3212, Marion County, Indiana",2017,127383
18097321200,"Census Tract 3212, Marion County, Indiana",2018,133750
18097321200,"Census Tract 3212, Marion County, Indiana",2019,147039
18097321200,"Census Tract 3212, Marion County, Indiana",2020,142557
18097321200,"Census Tract 3212, Marion County, Indiana",2021,123229
18097321200,Census Tract 3212; Marion County; Indiana,2022,125875
18097321200,Census Tract 3212; Marion County; Indiana,2023,137790
18097321300,"Census Tract 3213, Marion County, Indiana",2015,70109
18097321300,"Census Tract 3213, Marion County, Indiana",2016,68810
18097321300,"Census Tract 3213, Marion County, Indiana",2017,74757
18097321300,"Census Tract 3213, Marion County, Indiana",2018,74565
18097321300,"Census Tract 3213, Marion County, Indiana",2019,80795
18097321300,"Census Tract 3213, Marion County, Indiana",2020,90179
18097321300,"Census Tract 3213, Marion County, Indiana",2021,100809
18097321300,Census Tract 3213; Marion County; Indiana,2022,103125
18097321300,Census Tract 3213; Marion County; Indiana,2023,110300
18097321400,"Census Tract 3214, Marion County, Indiana",2015,57755
18097321400,"Census Tract 3214, Marion County, Indiana",2016,65596
18097321400,"Census Tract 3214, Marion County, Indiana",2017,66391
18097321400,"Census Tract 3214, Marion County, Indiana",2018,62911
18097321400,"Census Tract 3214, Marion County, Indiana",2019,63408
18097321400,"Census Tract 3214, Marion County, Indiana",2020,62929
18097321400,"Census Tract 3214, Marion County, Indiana",2021,71875
18097321400,Census Tract 3214; Marion County; Indiana,2022,73209
18097321400,Census Tract 3214; Marion County; Indiana,2023,74773
18097321600,"Census Tract 3216, Marion County, Indiana",2015,38352
18097321600,"Census Tract 3216, Marion County, Indiana",2016,49800
18097321600,"Census Tract 3216, Marion County, Indiana",2017,42056
18097321600,"Census Tract 3216, Marion County, Indiana",2018,44653
18097321600,"Census Tract 3216, Marion County, Indiana",2019,45081
18097321600,"Census Tract 3216, Marion County, Indiana",2020,51481
18097321600,"Census Tract 3216, Marion County, Indiana",2021,52201
18097321600,Census Tract 3216; Marion County; Indiana,2022,58556
18097321600,Census Tract 3216; Marion County; Indiana,2023,57695
18097321700,"Census Tract 3217, Marion County, Indiana",2015,52878
18097321700,"Census Tract 3217, Marion County, Indiana",2016,50460
18097321700,"Census Tract 3217, Marion County, Indiana",2017,52056
18097321700,"Census Tract 3217, Marion County, Indiana",2018,57400
18097321700,"Census Tract 3217, Marion County, Indiana",2019,63765
18097321700,"Census Tract 3217, Marion County, Indiana",2020,62779
18097321700,"Census Tract 3217, Marion County, Indiana",2021,65665
18097321700,Census Tract 3217; Marion County; Indiana,2022,73977
18097321700,Census Tract 3217; Marion County; Indiana,2023,108429
18097321800,"Census Tract 3218, Marion County, Indiana",2015,97582
18097321800,"Census Tract 3218, Marion County, Indiana",2016,98621
18097321800,"Census Tract 3218, Marion County, Indiana",2017,100152
18097321800,"Census Tract 3218, Marion County, Indiana",2018,94063
18097321800,"Census Tract 3218, Marion County, Indiana",2019,105987
18097321800,"Census Tract 3218, Marion County, Indiana",2020,126920
18097321800,"Census Tract 3218, Marion County, Indiana",2021,134355
18097321800,Census Tract 3218; Marion County; Indiana,2022,143534
18097321800,Census Tract 3218; Marion County; Indiana,2023,139023
18097321900,"Census Tract 3219, Marion County, Indiana",2015,96683
18097321900,"Census Tract 3219, Marion County, Indiana",2016,102557
18097321900,"Census Tract 3219, Marion County, Indiana",2017,107537
18097321900,"Census Tract 3219, Marion County, Indiana",2018,96250
18097321900,"Census Tract 3219, Marion County, Indiana",2019,85250
18097321900,"Census Tract 3219, Marion County, Indiana",2020,116875
18097321900,"Census Tract 3219, Marion County, Indiana",2021,118333
18097321900,Census Tract 3219; Marion County; Indiana,2022,130357
18097321900,Census Tract 3219; Marion County; Indiana,2023,144844
18097322000,"Census Tract 3220, Marion County, Indiana",2015,38591
18097322000,"Census Tract 3220, Marion County, Indiana",2016,39732
18097322000,"Census Tract 3220, Marion County, Indiana",2017,43715
18097322000,"Census Tract 3220, Marion County, Indiana",2018,43750
18097322000,"Census Tract 3220, Marion County, Indiana",2019,46184
18097322000,"Census Tract 3220, Marion County, Indiana",2020,51498
18097322000,"Census Tract 3220, Marion County, Indiana",2021,53764
18097322000,Census Tract 3220; Marion County; Indiana,2022,56320
18097322000,Census Tract 3220; Marion County; Indiana,2023,59311
18097322100,"Census Tract 3221, Marion County, Indiana",2015,42522
18097322100,"Census Tract 3221, Marion County, Indiana",2016,42880
18097322100,"Census Tract 3221, Marion County, Indiana",2017,49766
18097322100,"Census Tract 3221, Marion County, Indiana",2018,64089
18097322100,"Census Tract 3221, Marion County, Indiana",2019,66623
18097322100,"Census Tract 3221, Marion County, Indiana",2020,69070
18097322100,"Census Tract 3221, Marion County, Indiana",2021,73600
18097322100,Census Tract 3221; Marion County; Indiana,2022,103450
18097322100,Census Tract 3221; Marion County; Indiana,2023,108250
18097322200,"Census Tract 3222, Marion County, Indiana",2015,48355
18097322200,"Census Tract 3222, Marion County, Indiana",2016,61321
18097322200,"Census Tract 3222, Marion County, Indiana",2017,77273
18097322200,"Census Tract 3222, Marion County, Indiana",2018,86750
18097322200,"Census Tract 3222, Marion County, Indiana",2019,85662
18097322200,"Census Tract 3222, Marion County, Indiana",2020,82448
18097322200,"Census Tract 3222, Marion County, Indiana",2021,95750
18097322200,Census Tract 3222; Marion County; Indiana,2022,99583
18097322200,Census Tract 3222; Marion County; Indiana,2023,103534
18097322300,"Census Tract 3223, Marion County, Indiana",2015,71700
18097322300,"Census Tract 3223, Marion County, Indiana",2016,74194
18097322300,"Census Tract 3223, Marion County, Indiana",2017,86667
18097322300,"Census Tract 3223, Marion County, Indiana",2018,96136
18097322300,"Census Tract 3223, Marion County, Indiana",2019,95208
18097322300,"Census Tract 3223, Marion County, Indiana",2020,91875
18097322300,"Census Tract 3223, Marion County, Indiana",2021,104205
18097322300,Census Tract 3223; Marion County; Indiana,2022,101969
18097322300,Census Tract 3223; Marion County; Indiana,2023,108264
18097322400,"Census Tract 3224, Marion County, Indiana",2015,40307
18097322400,"Census Tract 3224, Marion County, Indiana",2016,39444
18097322400,"Census Tract 3224, Marion County, Indiana",2017,42656
18097322400,"Census Tract 3224, Marion County, Indiana",2018,47962
18097322400,"Census Tract 3224, Marion County, Indiana",2019,51695
18097322400,"Census Tract 3224, Marion County, Indiana",2020,51721
18097322400,"Census Tract 3224, Marion County, Indiana",2021,52884
18097322400,Census Tract 3224; Marion County; Indiana,2022,55915
18097322400,Census Tract 3224; Marion County; Indiana,2023,57109
18097322500,"Census Tract 3225, Marion County, Indiana",2015,30232
18097322500,"Census Tract 3225, Marion County, Indiana",2016,25644
18097322500,"Census Tract 3225, Marion County, Indiana",2017,23125
18097322500,"Census Tract 3225, Marion County, Indiana",2018,27622
18097322500,"Census Tract 3225, Marion County, Indiana",2019,25987
18097322500,"Census Tract 3225, Marion County, Indiana",2020,26250
18097322500,"Census Tract 3225, Marion County, Indiana",2021,29661
18097322500,Census Tract 3225; Marion County; Indiana,2022,43063
18097322500,Census Tract 3225; Marion County; Indiana,2023,40000
18097322600,"Census Tract 3226, Marion County, Indiana",2015,21361
18097322600,"Census Tract 3226, Marion County, Indiana",2016,21419
18097322600,"Census Tract 3226, Marion County, Indiana",2017,17716
18097322600,"Census Tract 3226, Marion County, Indiana",2018,22569
18097322600,"Census Tract 3226, Marion County, Indiana",2019,25766
18097322600,"Census Tract 3226, Marion County, Indiana",2023,30171
18097322601,"Census Tract 3226.01, Marion County, Indiana",2020,13009
18097322601,"Census Tract 3226.01, Marion County, Indiana",2021,12412
18097322601,Census Tract 3226.01; Marion County; Indiana,2022,NA
18097322601,Census Tract 3226.01; Marion County; Indiana,2023,27000
18097322602,"Census Tract 3226.02, Marion County, Indiana",2020,54038
18097322602,"Census Tract 3226.02, Marion County, Indiana",2021,64099
18097322602,Census Tract 3226.02; Marion County; Indiana,2022,61130
18097322602,Census Tract 3226.02; Marion County; Indiana,2023,67212
18097322700,"Census Tract 3227, Marion County, Indiana",2015,41731
18097322700,"Census Tract 3227, Marion County, Indiana",2016,40521
18097322700,"Census Tract 3227, Marion County, Indiana",2017,43125
18097322700,"Census Tract 3227, Marion County, Indiana",2018,49438
18097322700,"Census Tract 3227, Marion County, Indiana",2019,53750
18097322700,"Census Tract 3227, Marion County, Indiana",2020,49107
18097322700,"Census Tract 3227, Marion County, Indiana",2021,47188
18097322700,Census Tract 3227; Marion County; Indiana,2022,58103
18097322700,Census Tract 3227; Marion County; Indiana,2023,59493
18097330103,"Census Tract 3301.03, Marion County, Indiana",2015,51182
18097330103,"Census Tract 3301.03, Marion County, Indiana",2016,49558
18097330103,"Census Tract 3301.03, Marion County, Indiana",2017,50074
18097330103,"Census Tract 3301.03, Marion County, Indiana",2018,57972
18097330103,"Census Tract 3301.03, Marion County, Indiana",2019,52092
18097330103,"Census Tract 3301.03, Marion County, Indiana",2020,59071
18097330103,"Census Tract 3301.03, Marion County, Indiana",2021,66122
18097330103,Census Tract 3301.03; Marion County; Indiana,2022,67955
18097330103,Census Tract 3301.03; Marion County; Indiana,2023,71458
18097330105,"Census Tract 3301.05, Marion County, Indiana",2015,53003
18097330105,"Census Tract 3301.05, Marion County, Indiana",2016,51809
18097330105,"Census Tract 3301.05, Marion County, Indiana",2017,51948
18097330105,"Census Tract 3301.05, Marion County, Indiana",2018,52378
18097330105,"Census Tract 3301.05, Marion County, Indiana",2019,53168
18097330105,"Census Tract 3301.05, Marion County, Indiana",2020,53673
18097330105,"Census Tract 3301.05, Marion County, Indiana",2021,58078
18097330105,Census Tract 3301.05; Marion County; Indiana,2022,63481
18097330105,Census Tract 3301.05; Marion County; Indiana,2023,66156
18097330106,"Census Tract 3301.06, Marion County, Indiana",2015,31648
18097330106,"Census Tract 3301.06, Marion County, Indiana",2016,29394
18097330106,"Census Tract 3301.06, Marion County, Indiana",2017,30575
18097330106,"Census Tract 3301.06, Marion County, Indiana",2018,33620
18097330106,"Census Tract 3301.06, Marion County, Indiana",2019,34487
18097330106,"Census Tract 3301.06, Marion County, Indiana",2020,37114
18097330106,"Census Tract 3301.06, Marion County, Indiana",2021,42107
18097330106,Census Tract 3301.06; Marion County; Indiana,2022,47776
18097330106,Census Tract 3301.06; Marion County; Indiana,2023,46800
18097330107,"Census Tract 3301.07, Marion County, Indiana",2015,91250
18097330107,"Census Tract 3301.07, Marion County, Indiana",2016,97696
18097330107,"Census Tract 3301.07, Marion County, Indiana",2017,95957
18097330107,"Census Tract 3301.07, Marion County, Indiana",2018,90580
18097330107,"Census Tract 3301.07, Marion County, Indiana",2019,94677
18097330107,"Census Tract 3301.07, Marion County, Indiana",2020,91587
18097330107,"Census Tract 3301.07, Marion County, Indiana",2021,96089
18097330107,Census Tract 3301.07; Marion County; Indiana,2022,107500
18097330107,Census Tract 3301.07; Marion County; Indiana,2023,121216
18097330108,"Census Tract 3301.08, Marion County, Indiana",2015,125398
18097330108,"Census Tract 3301.08, Marion County, Indiana",2016,118068
18097330108,"Census Tract 3301.08, Marion County, Indiana",2017,123264
18097330108,"Census Tract 3301.08, Marion County, Indiana",2018,122813
18097330108,"Census Tract 3301.08, Marion County, Indiana",2019,117917
18097330108,"Census Tract 3301.08, Marion County, Indiana",2020,130804
18097330108,"Census Tract 3301.08, Marion County, Indiana",2021,138594
18097330108,Census Tract 3301.08; Marion County; Indiana,2022,147125
18097330108,Census Tract 3301.08; Marion County; Indiana,2023,145602
18097330109,"Census Tract 3301.09, Marion County, Indiana",2015,88125
18097330109,"Census Tract 3301.09, Marion County, Indiana",2016,88116
18097330109,"Census Tract 3301.09, Marion County, Indiana",2017,91305
18097330109,"Census Tract 3301.09, Marion County, Indiana",2018,93279
18097330109,"Census Tract 3301.09, Marion County, Indiana",2019,89750
18097330109,"Census Tract 3301.09, Marion County, Indiana",2020,74545
18097330109,"Census Tract 3301.09, Marion County, Indiana",2021,78860
18097330109,Census Tract 3301.09; Marion County; Indiana,2022,88652
18097330109,Census Tract 3301.09; Marion County; Indiana,2023,86735
18097330202,"Census Tract 3302.02, Marion County, Indiana",2015,42783
18097330202,"Census Tract 3302.02, Marion County, Indiana",2016,40746
18097330202,"Census Tract 3302.02, Marion County, Indiana",2017,37432
18097330202,"Census Tract 3302.02, Marion County, Indiana",2018,35777
18097330202,"Census Tract 3302.02, Marion County, Indiana",2019,40301
18097330202,"Census Tract 3302.02, Marion County, Indiana",2023,37819
18097330203,"Census Tract 3302.03, Marion County, Indiana",2015,121379
18097330203,"Census Tract 3302.03, Marion County, Indiana",2016,109836
18097330203,"Census Tract 3302.03, Marion County, Indiana",2017,147857
18097330203,"Census Tract 3302.03, Marion County, Indiana",2018,141597
18097330203,"Census Tract 3302.03, Marion County, Indiana",2019,171534
18097330203,"Census Tract 3302.03, Marion County, Indiana",2020,165405
18097330203,"Census Tract 3302.03, Marion County, Indiana",2021,176833
18097330203,Census Tract 3302.03; Marion County; Indiana,2022,181532
18097330203,Census Tract 3302.03; Marion County; Indiana,2023,188984
18097330204,"Census Tract 3302.04, Marion County, Indiana",2015,80234
18097330204,"Census Tract 3302.04, Marion County, Indiana",2016,85865
18097330204,"Census Tract 3302.04, Marion County, Indiana",2017,92500
18097330204,"Census Tract 3302.04, Marion County, Indiana",2018,97604
18097330204,"Census Tract 3302.04, Marion County, Indiana",2019,91630
18097330204,"Census Tract 3302.04, Marion County, Indiana",2020,116760
18097330204,"Census Tract 3302.04, Marion County, Indiana",2021,109946
18097330204,Census Tract 3302.04; Marion County; Indiana,2022,111532
18097330204,Census Tract 3302.04; Marion County; Indiana,2023,121935
18097330206,"Census Tract 3302.06, Marion County, Indiana",2015,87364
18097330206,"Census Tract 3302.06, Marion County, Indiana",2016,88667
18097330206,"Census Tract 3302.06, Marion County, Indiana",2017,86108
18097330206,"Census Tract 3302.06, Marion County, Indiana",2018,85781
18097330206,"Census Tract 3302.06, Marion County, Indiana",2019,89813
18097330206,"Census Tract 3302.06, Marion County, Indiana",2020,100781
18097330206,"Census Tract 3302.06, Marion County, Indiana",2021,111667
18097330206,Census Tract 3302.06; Marion County; Indiana,2022,133640
18097330206,Census Tract 3302.06; Marion County; Indiana,2023,139830
18097330208,"Census Tract 3302.08, Marion County, Indiana",2015,68641
18097330208,"Census Tract 3302.08, Marion County, Indiana",2016,72750
18097330208,"Census Tract 3302.08, Marion County, Indiana",2017,80938
18097330208,"Census Tract 3302.08, Marion County, Indiana",2018,86786
18097330208,"Census Tract 3302.08, Marion County, Indiana",2019,87075
18097330208,"Census Tract 3302.08, Marion County, Indiana",2020,81736
18097330208,"Census Tract 3302.08, Marion County, Indiana",2021,82739
18097330208,Census Tract 3302.08; Marion County; Indiana,2022,84514
18097330208,Census Tract 3302.08; Marion County; Indiana,2023,93380
18097330209,"Census Tract 3302.09, Marion County, Indiana",2015,60788
18097330209,"Census Tract 3302.09, Marion County, Indiana",2016,61901
18097330209,"Census Tract 3302.09, Marion County, Indiana",2017,66513
18097330209,"Census Tract 3302.09, Marion County, Indiana",2018,75712
18097330209,"Census Tract 3302.09, Marion County, Indiana",2019,81402
18097330209,"Census Tract 3302.09, Marion County, Indiana",2023,102016
18097330210,"Census Tract 3302.10, Marion County, Indiana",2020,72545
18097330210,"Census Tract 3302.10, Marion County, Indiana",2021,74641
18097330210,Census Tract 3302.10; Marion County; Indiana,2022,79455
18097330210,Census Tract 3302.10; Marion County; Indiana,2023,78710
18097330211,"Census Tract 3302.11, Marion County, Indiana",2020,26593
18097330211,"Census Tract 3302.11, Marion County, Indiana",2021,36275
18097330211,Census Tract 3302.11; Marion County; Indiana,2022,41441
18097330211,Census Tract 3302.11; Marion County; Indiana,2023,49428
18097330212,"Census Tract 3302.12, Marion County, Indiana",2020,63714
18097330212,"Census Tract 3302.12, Marion County, Indiana",2021,86333
18097330212,Census Tract 3302.12; Marion County; Indiana,2022,93288
18097330212,Census Tract 3302.12; Marion County; Indiana,2023,82404
18097330213,"Census Tract 3302.13, Marion County, Indiana",2020,87973
18097330213,"Census Tract 3302.13, Marion County, Indiana",2021,88051
18097330213,Census Tract 3302.13; Marion County; Indiana,2022,89601
18097330213,Census Tract 3302.13; Marion County; Indiana,2023,95694
18097330401,"Census Tract 3304.01, Marion County, Indiana",2015,93100
18097330401,"Census Tract 3304.01, Marion County, Indiana",2016,82690
18097330401,"Census Tract 3304.01, Marion County, Indiana",2017,88370
18097330401,"Census Tract 3304.01, Marion County, Indiana",2018,89000
18097330401,"Census Tract 3304.01, Marion County, Indiana",2019,85792
18097330401,"Census Tract 3304.01, Marion County, Indiana",2020,89022
18097330401,"Census Tract 3304.01, Marion County, Indiana",2021,97841
18097330401,Census Tract 3304.01; Marion County; Indiana,2022,103864
18097330401,Census Tract 3304.01; Marion County; Indiana,2023,104612
18097330500,"Census Tract 3305, Marion County, Indiana",2015,38449
18097330500,"Census Tract 3305, Marion County, Indiana",2016,44583
18097330500,"Census Tract 3305, Marion County, Indiana",2017,40330
18097330500,"Census Tract 3305, Marion County, Indiana",2018,41493
18097330500,"Census Tract 3305, Marion County, Indiana",2019,48161
18097330500,"Census Tract 3305, Marion County, Indiana",2020,52471
18097330500,"Census Tract 3305, Marion County, Indiana",2021,43380
18097330500,Census Tract 3305; Marion County; Indiana,2022,58359
18097330500,Census Tract 3305; Marion County; Indiana,2023,72984
18097330600,"Census Tract 3306, Marion County, Indiana",2015,33256
18097330600,"Census Tract 3306, Marion County, Indiana",2016,39368
18097330600,"Census Tract 3306, Marion County, Indiana",2017,39748
18097330600,"Census Tract 3306, Marion County, Indiana",2018,44778
18097330600,"Census Tract 3306, Marion County, Indiana",2019,49130
18097330600,"Census Tract 3306, Marion County, Indiana",2020,37066
18097330600,"Census Tract 3306, Marion County, Indiana",2021,39435
18097330600,Census Tract 3306; Marion County; Indiana,2022,45780
18097330600,Census Tract 3306; Marion County; Indiana,2023,49560
18097330700,"Census Tract 3307, Marion County, Indiana",2015,29874
18097330700,"Census Tract 3307, Marion County, Indiana",2016,35345
18097330700,"Census Tract 3307, Marion County, Indiana",2017,37592
18097330700,"Census Tract 3307, Marion County, Indiana",2018,37041
18097330700,"Census Tract 3307, Marion County, Indiana",2019,37382
18097330700,"Census Tract 3307, Marion County, Indiana",2023,44890
18097330701,"Census Tract 3307.01, Marion County, Indiana",2020,37424
18097330701,"Census Tract 3307.01, Marion County, Indiana",2021,38936
18097330701,Census Tract 3307.01; Marion County; Indiana,2022,NA
18097330701,Census Tract 3307.01; Marion County; Indiana,2023,35021
18097330702,"Census Tract 3307.02, Marion County, Indiana",2020,38231
18097330702,"Census Tract 3307.02, Marion County, Indiana",2021,38588
18097330702,Census Tract 3307.02; Marion County; Indiana,2022,43214
18097330702,Census Tract 3307.02; Marion County; Indiana,2023,52929
18097330803,"Census Tract 3308.03, Marion County, Indiana",2015,25000
18097330803,"Census Tract 3308.03, Marion County, Indiana",2016,25000
18097330803,"Census Tract 3308.03, Marion County, Indiana",2017,27115
18097330803,"Census Tract 3308.03, Marion County, Indiana",2018,29821
18097330803,"Census Tract 3308.03, Marion County, Indiana",2019,29836
18097330803,"Census Tract 3308.03, Marion County, Indiana",2020,31935
18097330803,"Census Tract 3308.03, Marion County, Indiana",2021,33397
18097330803,Census Tract 3308.03; Marion County; Indiana,2022,32846
18097330803,Census Tract 3308.03; Marion County; Indiana,2023,38056
18097330804,"Census Tract 3308.04, Marion County, Indiana",2015,21957
18097330804,"Census Tract 3308.04, Marion County, Indiana",2016,24500
18097330804,"Census Tract 3308.04, Marion County, Indiana",2017,20793
18097330804,"Census Tract 3308.04, Marion County, Indiana",2018,21625
18097330804,"Census Tract 3308.04, Marion County, Indiana",2019,25734
18097330804,"Census Tract 3308.04, Marion County, Indiana",2020,31776
18097330804,"Census Tract 3308.04, Marion County, Indiana",2021,36667
18097330804,Census Tract 3308.04; Marion County; Indiana,2022,44340
18097330804,Census Tract 3308.04; Marion County; Indiana,2023,56994
18097330805,"Census Tract 3308.05, Marion County, Indiana",2015,21183
18097330805,"Census Tract 3308.05, Marion County, Indiana",2016,22917
18097330805,"Census Tract 3308.05, Marion County, Indiana",2017,22169
18097330805,"Census Tract 3308.05, Marion County, Indiana",2018,23233
18097330805,"Census Tract 3308.05, Marion County, Indiana",2019,23347
18097330805,"Census Tract 3308.05, Marion County, Indiana",2020,24794
18097330805,"Census Tract 3308.05, Marion County, Indiana",2021,27409
18097330805,Census Tract 3308.05; Marion County; Indiana,2022,29750
18097330805,Census Tract 3308.05; Marion County; Indiana,2023,29024
18097330806,"Census Tract 3308.06, Marion County, Indiana",2015,26948
18097330806,"Census Tract 3308.06, Marion County, Indiana",2016,27158
18097330806,"Census Tract 3308.06, Marion County, Indiana",2017,26473
18097330806,"Census Tract 3308.06, Marion County, Indiana",2018,25327
18097330806,"Census Tract 3308.06, Marion County, Indiana",2019,27422
18097330806,"Census Tract 3308.06, Marion County, Indiana",2020,22917
18097330806,"Census Tract 3308.06, Marion County, Indiana",2021,25650
18097330806,Census Tract 3308.06; Marion County; Indiana,2022,33138
18097330806,Census Tract 3308.06; Marion County; Indiana,2023,40918
18097330900,"Census Tract 3309, Marion County, Indiana",2015,30468
18097330900,"Census Tract 3309, Marion County, Indiana",2016,31668
18097330900,"Census Tract 3309, Marion County, Indiana",2017,30783
18097330900,"Census Tract 3309, Marion County, Indiana",2018,31327
18097330900,"Census Tract 3309, Marion County, Indiana",2019,32372
18097330900,"Census Tract 3309, Marion County, Indiana",2020,33821
18097330900,"Census Tract 3309, Marion County, Indiana",2021,30521
18097330900,Census Tract 3309; Marion County; Indiana,2022,34154
18097330900,Census Tract 3309; Marion County; Indiana,2023,35431
18097331000,"Census Tract 3310, Marion County, Indiana",2015,34578
18097331000,"Census Tract 3310, Marion County, Indiana",2016,36466
18097331000,"Census Tract 3310, Marion County, Indiana",2017,36409
18097331000,"Census Tract 3310, Marion County, Indiana",2018,38570
18097331000,"Census Tract 3310, Marion County, Indiana",2019,38945
18097331000,"Census Tract 3310, Marion County, Indiana",2020,36354
18097331000,"Census Tract 3310, Marion County, Indiana",2021,36900
18097331000,Census Tract 3310; Marion County; Indiana,2022,44107
18097331000,Census Tract 3310; Marion County; Indiana,2023,46761
18097340101,"Census Tract 3401.01, Marion County, Indiana",2015,59458
18097340101,"Census Tract 3401.01, Marion County, Indiana",2016,61811
18097340101,"Census Tract 3401.01, Marion County, Indiana",2017,63477
18097340101,"Census Tract 3401.01, Marion County, Indiana",2018,62733
18097340101,"Census Tract 3401.01, Marion County, Indiana",2019,63208
18097340101,"Census Tract 3401.01, Marion County, Indiana",2020,49357
18097340101,"Census Tract 3401.01, Marion County, Indiana",2021,62543
18097340101,Census Tract 3401.01; Marion County; Indiana,2022,58810
18097340101,Census Tract 3401.01; Marion County; Indiana,2023,67063
18097340102,"Census Tract 3401.02, Marion County, Indiana",2015,30313
18097340102,"Census Tract 3401.02, Marion County, Indiana",2016,30427
18097340102,"Census Tract 3401.02, Marion County, Indiana",2017,33099
18097340102,"Census Tract 3401.02, Marion County, Indiana",2018,34699
18097340102,"Census Tract 3401.02, Marion County, Indiana",2019,32766
18097340102,"Census Tract 3401.02, Marion County, Indiana",2020,34924
18097340102,"Census Tract 3401.02, Marion County, Indiana",2021,34466
18097340102,Census Tract 3401.02; Marion County; Indiana,2022,32948
18097340102,Census Tract 3401.02; Marion County; Indiana,2023,39005
18097340108,"Census Tract 3401.08, Marion County, Indiana",2015,23190
18097340108,"Census Tract 3401.08, Marion County, Indiana",2016,24740
18097340108,"Census Tract 3401.08, Marion County, Indiana",2017,26627
18097340108,"Census Tract 3401.08, Marion County, Indiana",2018,30883
18097340108,"Census Tract 3401.08, Marion County, Indiana",2019,33431
18097340108,"Census Tract 3401.08, Marion County, Indiana",2020,37269
18097340108,"Census Tract 3401.08, Marion County, Indiana",2021,40788
18097340108,Census Tract 3401.08; Marion County; Indiana,2022,43115
18097340108,Census Tract 3401.08; Marion County; Indiana,2023,45815
18097340109,"Census Tract 3401.09, Marion County, Indiana",2015,52461
18097340109,"Census Tract 3401.09, Marion County, Indiana",2016,53281
18097340109,"Census Tract 3401.09, Marion County, Indiana",2017,52833
18097340109,"Census Tract 3401.09, Marion County, Indiana",2018,54757
18097340109,"Census Tract 3401.09, Marion County, Indiana",2019,54643
18097340109,"Census Tract 3401.09, Marion County, Indiana",2023,56825
18097340110,"Census Tract 3401.10, Marion County, Indiana",2015,35111
18097340110,"Census Tract 3401.10, Marion County, Indiana",2016,38193
18097340110,"Census Tract 3401.10, Marion County, Indiana",2017,37011
18097340110,"Census Tract 3401.10, Marion County, Indiana",2018,40405
18097340110,"Census Tract 3401.10, Marion County, Indiana",2019,40477
18097340110,"Census Tract 3401.10, Marion County, Indiana",2023,45843
18097340111,"Census Tract 3401.11, Marion County, Indiana",2015,63504
18097340111,"Census Tract 3401.11, Marion County, Indiana",2016,66100
18097340111,"Census Tract 3401.11, Marion County, Indiana",2017,77904
18097340111,"Census Tract 3401.11, Marion County, Indiana",2018,77604
18097340111,"Census Tract 3401.11, Marion County, Indiana",2019,78750
18097340111,"Census Tract 3401.11, Marion County, Indiana",2020,77328
18097340111,"Census Tract 3401.11, Marion County, Indiana",2021,87154
18097340111,Census Tract 3401.11; Marion County; Indiana,2022,98795
18097340111,Census Tract 3401.11; Marion County; Indiana,2023,121406
18097340112,"Census Tract 3401.12, Marion County, Indiana",2015,40425
18097340112,"Census Tract 3401.12, Marion County, Indiana",2016,41596
18097340112,"Census Tract 3401.12, Marion County, Indiana",2017,41826
18097340112,"Census Tract 3401.12, Marion County, Indiana",2018,44071
18097340112,"Census Tract 3401.12, Marion County, Indiana",2019,44672
18097340112,"Census Tract 3401.12, Marion County, Indiana",2020,44752
18097340112,"Census Tract 3401.12, Marion County, Indiana",2021,44479
18097340112,Census Tract 3401.12; Marion County; Indiana,2022,50475
18097340112,Census Tract 3401.12; Marion County; Indiana,2023,51847
18097340113,"Census Tract 3401.13, Marion County, Indiana",2015,53576
18097340113,"Census Tract 3401.13, Marion County, Indiana",2016,49625
18097340113,"Census Tract 3401.13, Marion County, Indiana",2017,49054
18097340113,"Census Tract 3401.13, Marion County, Indiana",2018,47341
18097340113,"Census Tract 3401.13, Marion County, Indiana",2019,47147
18097340113,"Census Tract 3401.13, Marion County, Indiana",2020,45711
18097340113,"Census Tract 3401.13, Marion County, Indiana",2021,48400
18097340113,Census Tract 3401.13; Marion County; Indiana,2022,54180
18097340113,Census Tract 3401.13; Marion County; Indiana,2023,56316
18097340114,"Census Tract 3401.14, Marion County, Indiana",2015,66101
18097340114,"Census Tract 3401.14, Marion County, Indiana",2016,71188
18097340114,"Census Tract 3401.14, Marion County, Indiana",2017,71685
18097340114,"Census Tract 3401.14, Marion County, Indiana",2018,74235
18097340114,"Census Tract 3401.14, Marion County, Indiana",2019,74067
18097340114,"Census Tract 3401.14, Marion County, Indiana",2020,79907
18097340114,"Census Tract 3401.14, Marion County, Indiana",2021,75268
18097340114,Census Tract 3401.14; Marion County; Indiana,2022,82115
18097340114,Census Tract 3401.14; Marion County; Indiana,2023,78175
18097340115,"Census Tract 3401.15, Marion County, Indiana",2020,41244
18097340115,"Census Tract 3401.15, Marion County, Indiana",2021,44661
18097340115,Census Tract 3401.15; Marion County; Indiana,2022,49767
18097340115,Census Tract 3401.15; Marion County; Indiana,2023,56420
18097340201,"Census Tract 3402.01, Marion County, Indiana",2015,40938
18097340201,"Census Tract 3402.01, Marion County, Indiana",2016,39213
18097340201,"Census Tract 3402.01, Marion County, Indiana",2017,45873
18097340201,"Census Tract 3402.01, Marion County, Indiana",2018,50208
18097340201,"Census Tract 3402.01, Marion County, Indiana",2019,53889
18097340201,"Census Tract 3402.01, Marion County, Indiana",2020,52969
18097340201,"Census Tract 3402.01, Marion County, Indiana",2021,58848
18097340201,Census Tract 3402.01; Marion County; Indiana,2022,64603
18097340201,Census Tract 3402.01; Marion County; Indiana,2023,66908
18097340202,"Census Tract 3402.02, Marion County, Indiana",2015,31972
18097340202,"Census Tract 3402.02, Marion County, Indiana",2016,34384
18097340202,"Census Tract 3402.02, Marion County, Indiana",2017,35897
18097340202,"Census Tract 3402.02, Marion County, Indiana",2018,33233
18097340202,"Census Tract 3402.02, Marion County, Indiana",2019,34303
18097340202,"Census Tract 3402.02, Marion County, Indiana",2020,38205
18097340202,"Census Tract 3402.02, Marion County, Indiana",2021,40716
18097340202,Census Tract 3402.02; Marion County; Indiana,2022,44476
18097340202,Census Tract 3402.02; Marion County; Indiana,2023,54943
18097340300,"Census Tract 3403, Marion County, Indiana",2015,26630
18097340300,"Census Tract 3403, Marion County, Indiana",2016,29044
18097340300,"Census Tract 3403, Marion County, Indiana",2017,31673
18097340300,"Census Tract 3403, Marion County, Indiana",2018,31567
18097340300,"Census Tract 3403, Marion County, Indiana",2019,34458
18097340300,"Census Tract 3403, Marion County, Indiana",2023,42286
18097340301,"Census Tract 3403.01, Marion County, Indiana",2020,38256
18097340301,"Census Tract 3403.01, Marion County, Indiana",2021,40841
18097340301,Census Tract 3403.01; Marion County; Indiana,2022,46875
18097340301,Census Tract 3403.01; Marion County; Indiana,2023,38815
18097340302,"Census Tract 3403.02, Marion County, Indiana",2020,33680
18097340302,"Census Tract 3403.02, Marion County, Indiana",2021,41366
18097340302,Census Tract 3403.02; Marion County; Indiana,2022,49103
18097340302,Census Tract 3403.02; Marion County; Indiana,2023,59423
18097340400,"Census Tract 3404, Marion County, Indiana",2015,29714
18097340400,"Census Tract 3404, Marion County, Indiana",2016,36803
18097340400,"Census Tract 3404, Marion County, Indiana",2017,39306
18097340400,"Census Tract 3404, Marion County, Indiana",2018,41225
18097340400,"Census Tract 3404, Marion County, Indiana",2019,42978
18097340400,"Census Tract 3404, Marion County, Indiana",2020,43815
18097340400,"Census Tract 3404, Marion County, Indiana",2021,39688
18097340400,Census Tract 3404; Marion County; Indiana,2022,45320
18097340400,Census Tract 3404; Marion County; Indiana,2023,44368
18097340500,"Census Tract 3405, Marion County, Indiana",2015,31622
18097340500,"Census Tract 3405, Marion County, Indiana",2016,31536
18097340500,"Census Tract 3405, Marion County, Indiana",2017,40678
18097340500,"Census Tract 3405, Marion County, Indiana",2018,40783
18097340500,"Census Tract 3405, Marion County, Indiana",2019,41214
18097340500,"Census Tract 3405, Marion County, Indiana",2020,34670
18097340500,"Census Tract 3405, Marion County, Indiana",2021,37500
18097340500,Census Tract 3405; Marion County; Indiana,2022,38677
18097340500,Census Tract 3405; Marion County; Indiana,2023,41596
18097340600,"Census Tract 3406, Marion County, Indiana",2015,30951
18097340600,"Census Tract 3406, Marion County, Indiana",2016,30836
18097340600,"Census Tract 3406, Marion County, Indiana",2017,32061
18097340600,"Census Tract 3406, Marion County, Indiana",2018,38661
18097340600,"Census Tract 3406, Marion County, Indiana",2019,40580
18097340600,"Census Tract 3406, Marion County, Indiana",2020,44759
18097340600,"Census Tract 3406, Marion County, Indiana",2021,53101
18097340600,Census Tract 3406; Marion County; Indiana,2022,49977
18097340600,Census Tract 3406; Marion County; Indiana,2023,48456
18097340700,"Census Tract 3407, Marion County, Indiana",2015,30485
18097340700,"Census Tract 3407, Marion County, Indiana",2016,29071
18097340700,"Census Tract 3407, Marion County, Indiana",2017,35036
18097340700,"Census Tract 3407, Marion County, Indiana",2018,36250
18097340700,"Census Tract 3407, Marion County, Indiana",2019,38549
18097340700,"Census Tract 3407, Marion County, Indiana",2020,38656
18097340700,"Census Tract 3407, Marion County, Indiana",2021,41494
18097340700,Census Tract 3407; Marion County; Indiana,2022,43316
18097340700,Census Tract 3407; Marion County; Indiana,2023,46033
18097340800,"Census Tract 3408, Marion County, Indiana",2015,42212
18097340800,"Census Tract 3408, Marion County, Indiana",2016,52639
18097340800,"Census Tract 3408, Marion County, Indiana",2017,54917
18097340800,"Census Tract 3408, Marion County, Indiana",2018,53542
18097340800,"Census Tract 3408, Marion County, Indiana",2019,53500
18097340800,"Census Tract 3408, Marion County, Indiana",2020,58693
18097340800,"Census Tract 3408, Marion County, Indiana",2021,59483
18097340800,Census Tract 3408; Marion County; Indiana,2022,68750
18097340800,Census Tract 3408; Marion County; Indiana,2023,70800
18097340901,"Census Tract 3409.01, Marion County, Indiana",2015,54079
18097340901,"Census Tract 3409.01, Marion County, Indiana",2016,62633
18097340901,"Census Tract 3409.01, Marion County, Indiana",2017,62042
18097340901,"Census Tract 3409.01, Marion County, Indiana",2018,70100
18097340901,"Census Tract 3409.01, Marion County, Indiana",2019,70900
18097340901,"Census Tract 3409.01, Marion County, Indiana",2020,75357
18097340901,"Census Tract 3409.01, Marion County, Indiana",2021,76912
18097340901,Census Tract 3409.01; Marion County; Indiana,2022,90288
18097340901,Census Tract 3409.01; Marion County; Indiana,2023,87656
18097340902,"Census Tract 3409.02, Marion County, Indiana",2015,30137
18097340902,"Census Tract 3409.02, Marion County, Indiana",2016,36163
18097340902,"Census Tract 3409.02, Marion County, Indiana",2017,34160
18097340902,"Census Tract 3409.02, Marion County, Indiana",2018,36837
18097340902,"Census Tract 3409.02, Marion County, Indiana",2019,38757
18097340902,"Census Tract 3409.02, Marion County, Indiana",2023,47377
18097340903,"Census Tract 3409.03, Marion County, Indiana",2020,47443
18097340903,"Census Tract 3409.03, Marion County, Indiana",2021,50031
18097340903,Census Tract 3409.03; Marion County; Indiana,2022,47275
18097340903,Census Tract 3409.03; Marion County; Indiana,2023,47264
18097340904,"Census Tract 3409.04, Marion County, Indiana",2020,47190
18097340904,"Census Tract 3409.04, Marion County, Indiana",2021,48661
18097340904,Census Tract 3409.04; Marion County; Indiana,2022,51261
18097340904,Census Tract 3409.04; Marion County; Indiana,2023,52603
18097341000,"Census Tract 3410, Marion County, Indiana",2015,63750
18097341000,"Census Tract 3410, Marion County, Indiana",2016,64770
18097341000,"Census Tract 3410, Marion County, Indiana",2017,68643
18097341000,"Census Tract 3410, Marion County, Indiana",2018,75000
18097341000,"Census Tract 3410, Marion County, Indiana",2019,71302
18097341000,"Census Tract 3410, Marion County, Indiana",2020,65625
18097341000,"Census Tract 3410, Marion County, Indiana",2021,72708
18097341000,Census Tract 3410; Marion County; Indiana,2022,76181
18097341000,Census Tract 3410; Marion County; Indiana,2023,81071
18097341100,"Census Tract 3411, Marion County, Indiana",2015,24444
18097341100,"Census Tract 3411, Marion County, Indiana",2016,27222
18097341100,"Census Tract 3411, Marion County, Indiana",2017,28787
18097341100,"Census Tract 3411, Marion County, Indiana",2018,32244
18097341100,"Census Tract 3411, Marion County, Indiana",2019,37778
18097341100,"Census Tract 3411, Marion County, Indiana",2020,39023
18097341100,"Census Tract 3411, Marion County, Indiana",2021,38958
18097341100,Census Tract 3411; Marion County; Indiana,2022,42578
18097341100,Census Tract 3411; Marion County; Indiana,2023,39846
18097341200,"Census Tract 3412, Marion County, Indiana",2015,19615
18097341200,"Census Tract 3412, Marion County, Indiana",2016,20540
18097341200,"Census Tract 3412, Marion County, Indiana",2017,22051
18097341200,"Census Tract 3412, Marion County, Indiana",2018,24250
18097341200,"Census Tract 3412, Marion County, Indiana",2019,25281
18097341200,"Census Tract 3412, Marion County, Indiana",2020,32756
18097341200,"Census Tract 3412, Marion County, Indiana",2021,40375
18097341200,Census Tract 3412; Marion County; Indiana,2022,45938
18097341200,Census Tract 3412; Marion County; Indiana,2023,44500
18097341600,"Census Tract 3416, Marion County, Indiana",2015,21648
18097341600,"Census Tract 3416, Marion County, Indiana",2016,22228
18097341600,"Census Tract 3416, Marion County, Indiana",2017,18348
18097341600,"Census Tract 3416, Marion County, Indiana",2018,26887
18097341600,"Census Tract 3416, Marion County, Indiana",2019,27963
18097341600,"Census Tract 3416, Marion County, Indiana",2020,22965
18097341600,"Census Tract 3416, Marion County, Indiana",2021,18913
18097341600,Census Tract 3416; Marion County; Indiana,2022,25852
18097341600,Census Tract 3416; Marion County; Indiana,2023,21563
18097341700,"Census Tract 3417, Marion County, Indiana",2015,25904
18097341700,"Census Tract 3417, Marion County, Indiana",2016,24231
18097341700,"Census Tract 3417, Marion County, Indiana",2017,30495
18097341700,"Census Tract 3417, Marion County, Indiana",2018,26696
18097341700,"Census Tract 3417, Marion County, Indiana",2019,30154
18097341700,"Census Tract 3417, Marion County, Indiana",2023,34404
18097341701,"Census Tract 3417.01, Marion County, Indiana",2020,22614
18097341701,"Census Tract 3417.01, Marion County, Indiana",2021,31020
18097341701,Census Tract 3417.01; Marion County; Indiana,2022,33286
18097341701,Census Tract 3417.01; Marion County; Indiana,2023,43011
18097341702,"Census Tract 3417.02, Marion County, Indiana",2020,45195
18097341702,"Census Tract 3417.02, Marion County, Indiana",2021,51402
18097341702,Census Tract 3417.02; Marion County; Indiana,2022,46838
18097341702,Census Tract 3417.02; Marion County; Indiana,2023,48850
18097341902,"Census Tract 3419.02, Marion County, Indiana",2015,55538
18097341902,"Census Tract 3419.02, Marion County, Indiana",2016,55919
18097341902,"Census Tract 3419.02, Marion County, Indiana",2017,54547
18097341902,"Census Tract 3419.02, Marion County, Indiana",2018,56050
18097341902,"Census Tract 3419.02, Marion County, Indiana",2019,55098
18097341902,"Census Tract 3419.02, Marion County, Indiana",2020,58472
18097341902,"Census Tract 3419.02, Marion County, Indiana",2021,59357
18097341902,Census Tract 3419.02; Marion County; Indiana,2022,65339
18097341902,Census Tract 3419.02; Marion County; Indiana,2023,66406
18097341903,"Census Tract 3419.03, Marion County, Indiana",2015,28119
18097341903,"Census Tract 3419.03, Marion County, Indiana",2016,27321
18097341903,"Census Tract 3419.03, Marion County, Indiana",2017,30800
18097341903,"Census Tract 3419.03, Marion County, Indiana",2018,31548
18097341903,"Census Tract 3419.03, Marion County, Indiana",2019,33893
18097341903,"Census Tract 3419.03, Marion County, Indiana",2020,34612
18097341903,"Census Tract 3419.03, Marion County, Indiana",2021,36575
18097341903,Census Tract 3419.03; Marion County; Indiana,2022,39336
18097341903,Census Tract 3419.03; Marion County; Indiana,2023,42931
18097341904,"Census Tract 3419.04, Marion County, Indiana",2015,33828
18097341904,"Census Tract 3419.04, Marion County, Indiana",2016,35267
18097341904,"Census Tract 3419.04, Marion County, Indiana",2017,34250
18097341904,"Census Tract 3419.04, Marion County, Indiana",2018,35994
18097341904,"Census Tract 3419.04, Marion County, Indiana",2019,36933
18097341904,"Census Tract 3419.04, Marion County, Indiana",2020,36618
18097341904,"Census Tract 3419.04, Marion County, Indiana",2021,42228
18097341904,Census Tract 3419.04; Marion County; Indiana,2022,52594
18097341904,Census Tract 3419.04; Marion County; Indiana,2023,74205
18097342000,"Census Tract 3420, Marion County, Indiana",2015,59444
18097342000,"Census Tract 3420, Marion County, Indiana",2016,63359
18097342000,"Census Tract 3420, Marion County, Indiana",2017,62832
18097342000,"Census Tract 3420, Marion County, Indiana",2018,64345
18097342000,"Census Tract 3420, Marion County, Indiana",2019,64513
18097342000,"Census Tract 3420, Marion County, Indiana",2020,59333
18097342000,"Census Tract 3420, Marion County, Indiana",2021,61414
18097342000,Census Tract 3420; Marion County; Indiana,2022,70788
18097342000,Census Tract 3420; Marion County; Indiana,2023,69617
18097342101,"Census Tract 3421.01, Marion County, Indiana",2015,48779
18097342101,"Census Tract 3421.01, Marion County, Indiana",2016,52695
18097342101,"Census Tract 3421.01, Marion County, Indiana",2017,47500
18097342101,"Census Tract 3421.01, Marion County, Indiana",2018,47377
18097342101,"Census Tract 3421.01, Marion County, Indiana",2019,44800
18097342101,"Census Tract 3421.01, Marion County, Indiana",2020,54174
18097342101,"Census Tract 3421.01, Marion County, Indiana",2021,55884
18097342101,Census Tract 3421.01; Marion County; Indiana,2022,61165
18097342101,Census Tract 3421.01; Marion County; Indiana,2023,63499
18097342200,"Census Tract 3422, Marion County, Indiana",2015,26418
18097342200,"Census Tract 3422, Marion County, Indiana",2016,27378
18097342200,"Census Tract 3422, Marion County, Indiana",2017,29504
18097342200,"Census Tract 3422, Marion County, Indiana",2018,33647
18097342200,"Census Tract 3422, Marion County, Indiana",2019,36568
18097342200,"Census Tract 3422, Marion County, Indiana",2020,41949
18097342200,"Census Tract 3422, Marion County, Indiana",2021,40633
18097342200,Census Tract 3422; Marion County; Indiana,2022,55246
18097342200,Census Tract 3422; Marion County; Indiana,2023,52903
18097342300,"Census Tract 3423, Marion County, Indiana",2015,26962
18097342300,"Census Tract 3423, Marion County, Indiana",2016,28496
18097342300,"Census Tract 3423, Marion County, Indiana",2017,31679
18097342300,"Census Tract 3423, Marion County, Indiana",2018,36188
18097342300,"Census Tract 3423, Marion County, Indiana",2019,39659
18097342300,"Census Tract 3423, Marion County, Indiana",2020,44813
18097342300,"Census Tract 3423, Marion County, Indiana",2021,47675
18097342300,Census Tract 3423; Marion County; Indiana,2022,49787
18097342300,Census Tract 3423; Marion County; Indiana,2023,53169
18097342400,"Census Tract 3424, Marion County, Indiana",2015,31538
18097342400,"Census Tract 3424, Marion County, Indiana",2016,35656
18097342400,"Census Tract 3424, Marion County, Indiana",2017,35893
18097342400,"Census Tract 3424, Marion County, Indiana",2018,35000
18097342400,"Census Tract 3424, Marion County, Indiana",2019,41528
18097342400,"Census Tract 3424, Marion County, Indiana",2020,54444
18097342400,"Census Tract 3424, Marion County, Indiana",2021,56750
18097342400,Census Tract 3424; Marion County; Indiana,2022,61310
18097342400,Census Tract 3424; Marion County; Indiana,2023,57045
18097342500,"Census Tract 3425, Marion County, Indiana",2015,36024
18097342500,"Census Tract 3425, Marion County, Indiana",2016,35536
18097342500,"Census Tract 3425, Marion County, Indiana",2017,34412
18097342500,"Census Tract 3425, Marion County, Indiana",2018,35460
18097342500,"Census Tract 3425, Marion County, Indiana",2019,36045
18097342500,"Census Tract 3425, Marion County, Indiana",2020,35507
18097342500,"Census Tract 3425, Marion County, Indiana",2021,38214
18097342500,Census Tract 3425; Marion County; Indiana,2022,42309
18097342500,Census Tract 3425; Marion County; Indiana,2023,46395
18097342600,"Census Tract 3426, Marion County, Indiana",2015,30674
18097342600,"Census Tract 3426, Marion County, Indiana",2016,29023
18097342600,"Census Tract 3426, Marion County, Indiana",2017,26479
18097342600,"Census Tract 3426, Marion County, Indiana",2018,28546
18097342600,"Census Tract 3426, Marion County, Indiana",2019,33089
18097342600,"Census Tract 3426, Marion County, Indiana",2020,31859
18097342600,"Census Tract 3426, Marion County, Indiana",2021,32030
18097342600,Census Tract 3426; Marion County; Indiana,2022,37804
18097342600,Census Tract 3426; Marion County; Indiana,2023,45224
18097350100,"Census Tract 3501, Marion County, Indiana",2015,27200
18097350100,"Census Tract 3501, Marion County, Indiana",2016,26328
18097350100,"Census Tract 3501, Marion County, Indiana",2017,27833
18097350100,"Census Tract 3501, Marion County, Indiana",2018,31800
18097350100,"Census Tract 3501, Marion County, Indiana",2019,38750
18097350100,"Census Tract 3501, Marion County, Indiana",2020,41842
18097350100,"Census Tract 3501, Marion County, Indiana",2021,44868
18097350100,Census Tract 3501; Marion County; Indiana,2022,48424
18097350100,Census Tract 3501; Marion County; Indiana,2023,53333
18097350300,"Census Tract 3503, Marion County, Indiana",2015,14291
18097350300,"Census Tract 3503, Marion County, Indiana",2016,16833
18097350300,"Census Tract 3503, Marion County, Indiana",2017,19076
18097350300,"Census Tract 3503, Marion County, Indiana",2018,19972
18097350300,"Census Tract 3503, Marion County, Indiana",2019,18713
18097350300,"Census Tract 3503, Marion County, Indiana",2020,25505
18097350300,"Census Tract 3503, Marion County, Indiana",2021,22500
18097350300,Census Tract 3503; Marion County; Indiana,2022,27844
18097350300,Census Tract 3503; Marion County; Indiana,2023,32679
18097350400,"Census Tract 3504, Marion County, Indiana",2015,32835
18097350400,"Census Tract 3504, Marion County, Indiana",2016,34750
18097350400,"Census Tract 3504, Marion County, Indiana",2017,41429
18097350400,"Census Tract 3504, Marion County, Indiana",2018,47000
18097350400,"Census Tract 3504, Marion County, Indiana",2019,46744
18097350400,"Census Tract 3504, Marion County, Indiana",2020,47923
18097350400,"Census Tract 3504, Marion County, Indiana",2021,51287
18097350400,Census Tract 3504; Marion County; Indiana,2022,54595
18097350400,Census Tract 3504; Marion County; Indiana,2023,56184
18097350500,"Census Tract 3505, Marion County, Indiana",2015,23723
18097350500,"Census Tract 3505, Marion County, Indiana",2016,21069
18097350500,"Census Tract 3505, Marion County, Indiana",2017,23545
18097350500,"Census Tract 3505, Marion County, Indiana",2018,24939
18097350500,"Census Tract 3505, Marion County, Indiana",2019,25395
18097350500,"Census Tract 3505, Marion County, Indiana",2020,26305
18097350500,"Census Tract 3505, Marion County, Indiana",2021,26762
18097350500,Census Tract 3505; Marion County; Indiana,2022,41346
18097350500,Census Tract 3505; Marion County; Indiana,2023,41117
18097350600,"Census Tract 3506, Marion County, Indiana",2015,24837
18097350600,"Census Tract 3506, Marion County, Indiana",2016,27083
18097350600,"Census Tract 3506, Marion County, Indiana",2017,25000
18097350600,"Census Tract 3506, Marion County, Indiana",2018,29107
18097350600,"Census Tract 3506, Marion County, Indiana",2019,30909
18097350600,"Census Tract 3506, Marion County, Indiana",2020,27930
18097350600,"Census Tract 3506, Marion County, Indiana",2021,29877
18097350600,Census Tract 3506; Marion County; Indiana,2022,33218
18097350600,Census Tract 3506; Marion County; Indiana,2023,28108
18097350700,"Census Tract 3507, Marion County, Indiana",2015,20980
18097350700,"Census Tract 3507, Marion County, Indiana",2016,22702
18097350700,"Census Tract 3507, Marion County, Indiana",2017,22120
18097350700,"Census Tract 3507, Marion County, Indiana",2018,22708
18097350700,"Census Tract 3507, Marion County, Indiana",2019,21179
18097350700,"Census Tract 3507, Marion County, Indiana",2020,15625
18097350700,"Census Tract 3507, Marion County, Indiana",2021,21475
18097350700,Census Tract 3507; Marion County; Indiana,2022,23343
18097350700,Census Tract 3507; Marion County; Indiana,2023,28578
18097350800,"Census Tract 3508, Marion County, Indiana",2015,16089
18097350800,"Census Tract 3508, Marion County, Indiana",2016,15354
18097350800,"Census Tract 3508, Marion County, Indiana",2017,16760
18097350800,"Census Tract 3508, Marion County, Indiana",2018,19089
18097350800,"Census Tract 3508, Marion County, Indiana",2019,19956
18097350800,"Census Tract 3508, Marion County, Indiana",2020,19767
18097350800,"Census Tract 3508, Marion County, Indiana",2021,19472
18097350800,Census Tract 3508; Marion County; Indiana,2022,22839
18097350800,Census Tract 3508; Marion County; Indiana,2023,21592
18097350900,"Census Tract 3509, Marion County, Indiana",2015,32031
18097350900,"Census Tract 3509, Marion County, Indiana",2016,33967
18097350900,"Census Tract 3509, Marion County, Indiana",2017,36023
18097350900,"Census Tract 3509, Marion County, Indiana",2018,38036
18097350900,"Census Tract 3509, Marion County, Indiana",2019,36714
18097350900,"Census Tract 3509, Marion County, Indiana",2020,37813
18097350900,"Census Tract 3509, Marion County, Indiana",2021,48750
18097350900,Census Tract 3509; Marion County; Indiana,2022,67083
18097350900,Census Tract 3509; Marion County; Indiana,2023,73068
18097351000,"Census Tract 3510, Marion County, Indiana",2015,20486
18097351000,"Census Tract 3510, Marion County, Indiana",2016,27169
18097351000,"Census Tract 3510, Marion County, Indiana",2017,25665
18097351000,"Census Tract 3510, Marion County, Indiana",2018,27609
18097351000,"Census Tract 3510, Marion County, Indiana",2019,30674
18097351000,"Census Tract 3510, Marion County, Indiana",2020,27826
18097351000,"Census Tract 3510, Marion County, Indiana",2021,33354
18097351000,Census Tract 3510; Marion County; Indiana,2022,36500
18097351000,Census Tract 3510; Marion County; Indiana,2023,NA
18097351200,"Census Tract 3512, Marion County, Indiana",2015,19342
18097351200,"Census Tract 3512, Marion County, Indiana",2016,21169
18097351200,"Census Tract 3512, Marion County, Indiana",2017,23088
18097351200,"Census Tract 3512, Marion County, Indiana",2018,23712
18097351200,"Census Tract 3512, Marion County, Indiana",2019,24459
18097351200,"Census Tract 3512, Marion County, Indiana",2020,33326
18097351200,"Census Tract 3512, Marion County, Indiana",2021,37404
18097351200,Census Tract 3512; Marion County; Indiana,2022,32972
18097351200,Census Tract 3512; Marion County; Indiana,2023,36026
18097351500,"Census Tract 3515, Marion County, Indiana",2015,29583
18097351500,"Census Tract 3515, Marion County, Indiana",2016,35921
18097351500,"Census Tract 3515, Marion County, Indiana",2017,33317
18097351500,"Census Tract 3515, Marion County, Indiana",2018,37419
18097351500,"Census Tract 3515, Marion County, Indiana",2019,40719
18097351500,"Census Tract 3515, Marion County, Indiana",2020,41019
18097351500,"Census Tract 3515, Marion County, Indiana",2021,40907
18097351500,Census Tract 3515; Marion County; Indiana,2022,47975
18097351500,Census Tract 3515; Marion County; Indiana,2023,53125
18097351600,"Census Tract 3516, Marion County, Indiana",2015,40667
18097351600,"Census Tract 3516, Marion County, Indiana",2016,52500
18097351600,"Census Tract 3516, Marion County, Indiana",2017,60625
18097351600,"Census Tract 3516, Marion County, Indiana",2018,56420
18097351600,"Census Tract 3516, Marion County, Indiana",2019,68438
18097351600,"Census Tract 3516, Marion County, Indiana",2020,76494
18097351600,"Census Tract 3516, Marion County, Indiana",2021,82171
18097351600,Census Tract 3516; Marion County; Indiana,2022,93750
18097351600,Census Tract 3516; Marion County; Indiana,2023,109745
18097351700,"Census Tract 3517, Marion County, Indiana",2015,26667
18097351700,"Census Tract 3517, Marion County, Indiana",2016,33542
18097351700,"Census Tract 3517, Marion County, Indiana",2017,41490
18097351700,"Census Tract 3517, Marion County, Indiana",2018,43733
18097351700,"Census Tract 3517, Marion County, Indiana",2019,46345
18097351700,"Census Tract 3517, Marion County, Indiana",2020,72013
18097351700,"Census Tract 3517, Marion County, Indiana",2021,51186
18097351700,Census Tract 3517; Marion County; Indiana,2022,56792
18097351700,Census Tract 3517; Marion County; Indiana,2023,88245
18097351900,"Census Tract 3519, Marion County, Indiana",2015,21429
18097351900,"Census Tract 3519, Marion County, Indiana",2016,24375
18097351900,"Census Tract 3519, Marion County, Indiana",2017,24698
18097351900,"Census Tract 3519, Marion County, Indiana",2018,23299
18097351900,"Census Tract 3519, Marion County, Indiana",2019,25833
18097351900,"Census Tract 3519, Marion County, Indiana",2020,35931
18097351900,"Census Tract 3519, Marion County, Indiana",2021,39211
18097351900,Census Tract 3519; Marion County; Indiana,2022,42000
18097351900,Census Tract 3519; Marion County; Indiana,2023,42008
18097352100,"Census Tract 3521, Marion County, Indiana",2015,23708
18097352100,"Census Tract 3521, Marion County, Indiana",2016,24115
18097352100,"Census Tract 3521, Marion County, Indiana",2017,24917
18097352100,"Census Tract 3521, Marion County, Indiana",2018,24800
18097352100,"Census Tract 3521, Marion County, Indiana",2019,23906
18097352100,"Census Tract 3521, Marion County, Indiana",2020,27955
18097352100,"Census Tract 3521, Marion County, Indiana",2021,30966
18097352100,Census Tract 3521; Marion County; Indiana,2022,33917
18097352100,Census Tract 3521; Marion County; Indiana,2023,43762
18097352300,"Census Tract 3523, Marion County, Indiana",2015,21087
18097352300,"Census Tract 3523, Marion County, Indiana",2016,20000
18097352300,"Census Tract 3523, Marion County, Indiana",2017,24028
18097352300,"Census Tract 3523, Marion County, Indiana",2018,27697
18097352300,"Census Tract 3523, Marion County, Indiana",2019,26250
18097352300,"Census Tract 3523, Marion County, Indiana",2020,29320
18097352300,"Census Tract 3523, Marion County, Indiana",2021,30714
18097352300,Census Tract 3523; Marion County; Indiana,2022,29167
18097352300,Census Tract 3523; Marion County; Indiana,2023,29099
18097352400,"Census Tract 3524, Marion County, Indiana",2015,28639
18097352400,"Census Tract 3524, Marion County, Indiana",2016,30757
18097352400,"Census Tract 3524, Marion County, Indiana",2017,31190
18097352400,"Census Tract 3524, Marion County, Indiana",2018,32238
18097352400,"Census Tract 3524, Marion County, Indiana",2019,29286
18097352400,"Census Tract 3524, Marion County, Indiana",2020,32258
18097352400,"Census Tract 3524, Marion County, Indiana",2021,32599
18097352400,Census Tract 3524; Marion County; Indiana,2022,38147
18097352400,Census Tract 3524; Marion County; Indiana,2023,39717
18097352500,"Census Tract 3525, Marion County, Indiana",2015,34623
18097352500,"Census Tract 3525, Marion County, Indiana",2016,41056
18097352500,"Census Tract 3525, Marion County, Indiana",2017,37841
18097352500,"Census Tract 3525, Marion County, Indiana",2018,31667
18097352500,"Census Tract 3525, Marion County, Indiana",2019,41307
18097352500,"Census Tract 3525, Marion County, Indiana",2020,33456
18097352500,"Census Tract 3525, Marion County, Indiana",2021,33281
18097352500,Census Tract 3525; Marion County; Indiana,2022,44000
18097352500,Census Tract 3525; Marion County; Indiana,2023,54917
18097352600,"Census Tract 3526, Marion County, Indiana",2015,22054
18097352600,"Census Tract 3526, Marion County, Indiana",2016,21775
18097352600,"Census Tract 3526, Marion County, Indiana",2017,23667
18097352600,"Census Tract 3526, Marion County, Indiana",2018,23576
18097352600,"Census Tract 3526, Marion County, Indiana",2019,23799
18097352600,"Census Tract 3526, Marion County, Indiana",2020,27984
18097352600,"Census Tract 3526, Marion County, Indiana",2021,32215
18097352600,Census Tract 3526; Marion County; Indiana,2022,37845
18097352600,Census Tract 3526; Marion County; Indiana,2023,59773
18097352700,"Census Tract 3527, Marion County, Indiana",2015,25027
18097352700,"Census Tract 3527, Marion County, Indiana",2016,27976
18097352700,"Census Tract 3527, Marion County, Indiana",2017,29229
18097352700,"Census Tract 3527, Marion County, Indiana",2018,31647
18097352700,"Census Tract 3527, Marion County, Indiana",2019,36313
18097352700,"Census Tract 3527, Marion County, Indiana",2020,32857
18097352700,"Census Tract 3527, Marion County, Indiana",2021,42500
18097352700,Census Tract 3527; Marion County; Indiana,2022,41390
18097352700,Census Tract 3527; Marion County; Indiana,2023,53142
18097352800,"Census Tract 3528, Marion County, Indiana",2015,24216
18097352800,"Census Tract 3528, Marion County, Indiana",2016,26315
18097352800,"Census Tract 3528, Marion County, Indiana",2017,26206
18097352800,"Census Tract 3528, Marion County, Indiana",2018,29441
18097352800,"Census Tract 3528, Marion County, Indiana",2019,29338
18097352800,"Census Tract 3528, Marion County, Indiana",2020,34314
18097352800,"Census Tract 3528, Marion County, Indiana",2021,32750
18097352800,Census Tract 3528; Marion County; Indiana,2022,40991
18097352800,Census Tract 3528; Marion County; Indiana,2023,38158
18097353300,"Census Tract 3533, Marion County, Indiana",2015,28594
18097353300,"Census Tract 3533, Marion County, Indiana",2016,29654
18097353300,"Census Tract 3533, Marion County, Indiana",2017,34946
18097353300,"Census Tract 3533, Marion County, Indiana",2018,36179
18097353300,"Census Tract 3533, Marion County, Indiana",2019,39547
18097353300,"Census Tract 3533, Marion County, Indiana",2020,43200
18097353300,"Census Tract 3533, Marion County, Indiana",2021,47538
18097353300,Census Tract 3533; Marion County; Indiana,2022,49659
18097353300,Census Tract 3533; Marion County; Indiana,2023,52439
18097353500,"Census Tract 3535, Marion County, Indiana",2015,11365
18097353500,"Census Tract 3535, Marion County, Indiana",2016,13252
18097353500,"Census Tract 3535, Marion County, Indiana",2017,16719
18097353500,"Census Tract 3535, Marion County, Indiana",2018,23773
18097353500,"Census Tract 3535, Marion County, Indiana",2019,31837
18097353500,"Census Tract 3535, Marion County, Indiana",2020,31444
18097353500,"Census Tract 3535, Marion County, Indiana",2021,39500
18097353500,Census Tract 3535; Marion County; Indiana,2022,36858
18097353500,Census Tract 3535; Marion County; Indiana,2023,37992
18097353600,"Census Tract 3536, Marion County, Indiana",2015,18708
18097353600,"Census Tract 3536, Marion County, Indiana",2016,21580
18097353600,"Census Tract 3536, Marion County, Indiana",2017,24630
18097353600,"Census Tract 3536, Marion County, Indiana",2018,21717
18097353600,"Census Tract 3536, Marion County, Indiana",2019,24860
18097353600,"Census Tract 3536, Marion County, Indiana",2020,33354
18097353600,"Census Tract 3536, Marion County, Indiana",2021,35202
18097353600,Census Tract 3536; Marion County; Indiana,2022,39713
18097353600,Census Tract 3536; Marion County; Indiana,2023,42265
18097354200,"Census Tract 3542, Marion County, Indiana",2015,50634
18097354200,"Census Tract 3542, Marion County, Indiana",2016,42500
18097354200,"Census Tract 3542, Marion County, Indiana",2017,46818
18097354200,"Census Tract 3542, Marion County, Indiana",2018,52901
18097354200,"Census Tract 3542, Marion County, Indiana",2019,59467
18097354200,"Census Tract 3542, Marion County, Indiana",2023,68300
18097354201,"Census Tract 3542.01, Marion County, Indiana",2020,73997
18097354201,"Census Tract 3542.01, Marion County, Indiana",2021,76569
18097354201,Census Tract 3542.01; Marion County; Indiana,2022,86983
18097354201,Census Tract 3542.01; Marion County; Indiana,2023,87047
18097354202,"Census Tract 3542.02, Marion County, Indiana",2020,61898
18097354202,"Census Tract 3542.02, Marion County, Indiana",2021,68807
18097354202,Census Tract 3542.02; Marion County; Indiana,2022,62047
18097354202,Census Tract 3542.02; Marion County; Indiana,2023,70234
18097354400,"Census Tract 3544, Marion County, Indiana",2015,50833
18097354400,"Census Tract 3544, Marion County, Indiana",2016,56000
18097354400,"Census Tract 3544, Marion County, Indiana",2017,52222
18097354400,"Census Tract 3544, Marion County, Indiana",2018,77250
18097354400,"Census Tract 3544, Marion County, Indiana",2019,73796
18097354400,"Census Tract 3544, Marion County, Indiana",2020,61938
18097354400,"Census Tract 3544, Marion County, Indiana",2021,62574
18097354400,Census Tract 3544; Marion County; Indiana,2022,69375
18097354400,Census Tract 3544; Marion County; Indiana,2023,70078
18097354500,"Census Tract 3545, Marion County, Indiana",2015,34031
18097354500,"Census Tract 3545, Marion County, Indiana",2016,32292
18097354500,"Census Tract 3545, Marion County, Indiana",2017,30684
18097354500,"Census Tract 3545, Marion County, Indiana",2018,30408
18097354500,"Census Tract 3545, Marion County, Indiana",2019,32057
18097354500,"Census Tract 3545, Marion County, Indiana",2020,40569
18097354500,"Census Tract 3545, Marion County, Indiana",2021,41819
18097354500,Census Tract 3545; Marion County; Indiana,2022,52212
18097354500,Census Tract 3545; Marion County; Indiana,2023,73438
18097354700,"Census Tract 3547, Marion County, Indiana",2015,21136
18097354700,"Census Tract 3547, Marion County, Indiana",2016,22207
18097354700,"Census Tract 3547, Marion County, Indiana",2017,27222
18097354700,"Census Tract 3547, Marion County, Indiana",2018,21420
18097354700,"Census Tract 3547, Marion County, Indiana",2019,30887
18097354700,"Census Tract 3547, Marion County, Indiana",2020,25179
18097354700,"Census Tract 3547, Marion County, Indiana",2021,21480
18097354700,Census Tract 3547; Marion County; Indiana,2022,24107
18097354700,Census Tract 3547; Marion County; Indiana,2023,24051
18097354800,"Census Tract 3548, Marion County, Indiana",2015,16129
18097354800,"Census Tract 3548, Marion County, Indiana",2016,15409
18097354800,"Census Tract 3548, Marion County, Indiana",2017,17798
18097354800,"Census Tract 3548, Marion County, Indiana",2018,23068
18097354800,"Census Tract 3548, Marion County, Indiana",2019,34500
18097354800,"Census Tract 3548, Marion County, Indiana",2020,37009
18097354800,"Census Tract 3548, Marion County, Indiana",2021,55278
18097354800,Census Tract 3548; Marion County; Indiana,2022,60208
18097354800,Census Tract 3548; Marion County; Indiana,2023,64125
18097354900,"Census Tract 3549, Marion County, Indiana",2015,21186
18097354900,"Census Tract 3549, Marion County, Indiana",2016,20442
18097354900,"Census Tract 3549, Marion County, Indiana",2017,21265
18097354900,"Census Tract 3549, Marion County, Indiana",2018,21722
18097354900,"Census Tract 3549, Marion County, Indiana",2019,25542
18097354900,"Census Tract 3549, Marion County, Indiana",2020,27191
18097354900,"Census Tract 3549, Marion County, Indiana",2021,30598
18097354900,Census Tract 3549; Marion County; Indiana,2022,33112
18097354900,Census Tract 3549; Marion County; Indiana,2023,36055
18097355000,"Census Tract 3550, Marion County, Indiana",2015,22989
18097355000,"Census Tract 3550, Marion County, Indiana",2016,18864
18097355000,"Census Tract 3550, Marion County, Indiana",2017,23542
18097355000,"Census Tract 3550, Marion County, Indiana",2018,19797
18097355000,"Census Tract 3550, Marion County, Indiana",2019,25625
18097355000,"Census Tract 3550, Marion County, Indiana",2020,26607
18097355000,"Census Tract 3550, Marion County, Indiana",2021,33000
18097355000,Census Tract 3550; Marion County; Indiana,2022,35682
18097355000,Census Tract 3550; Marion County; Indiana,2023,45959
18097355100,"Census Tract 3551, Marion County, Indiana",2015,23036
18097355100,"Census Tract 3551, Marion County, Indiana",2016,24815
18097355100,"Census Tract 3551, Marion County, Indiana",2017,28164
18097355100,"Census Tract 3551, Marion County, Indiana",2018,25066
18097355100,"Census Tract 3551, Marion County, Indiana",2019,26486
18097355100,"Census Tract 3551, Marion County, Indiana",2020,13214
18097355100,"Census Tract 3551, Marion County, Indiana",2021,18458
18097355100,Census Tract 3551; Marion County; Indiana,2022,16597
18097355100,Census Tract 3551; Marion County; Indiana,2023,19643
18097355300,"Census Tract 3553, Marion County, Indiana",2015,33553
18097355300,"Census Tract 3553, Marion County, Indiana",2016,36138
18097355300,"Census Tract 3553, Marion County, Indiana",2017,39226
18097355300,"Census Tract 3553, Marion County, Indiana",2018,38861
18097355300,"Census Tract 3553, Marion County, Indiana",2019,38845
18097355300,"Census Tract 3553, Marion County, Indiana",2020,37083
18097355300,"Census Tract 3553, Marion County, Indiana",2021,38860
18097355300,Census Tract 3553; Marion County; Indiana,2022,40057
18097355300,Census Tract 3553; Marion County; Indiana,2023,42391
18097355400,"Census Tract 3554, Marion County, Indiana",2015,22472
18097355400,"Census Tract 3554, Marion County, Indiana",2016,26953
18097355400,"Census Tract 3554, Marion County, Indiana",2017,28237
18097355400,"Census Tract 3554, Marion County, Indiana",2018,31042
18097355400,"Census Tract 3554, Marion County, Indiana",2019,28846
18097355400,"Census Tract 3554, Marion County, Indiana",2020,33194
18097355400,"Census Tract 3554, Marion County, Indiana",2021,35497
18097355400,Census Tract 3554; Marion County; Indiana,2022,38560
18097355400,Census Tract 3554; Marion County; Indiana,2023,41192
18097355500,"Census Tract 3555, Marion County, Indiana",2015,35127
18097355500,"Census Tract 3555, Marion County, Indiana",2016,36984
18097355500,"Census Tract 3555, Marion County, Indiana",2017,38519
18097355500,"Census Tract 3555, Marion County, Indiana",2018,43780
18097355500,"Census Tract 3555, Marion County, Indiana",2019,40408
18097355500,"Census Tract 3555, Marion County, Indiana",2020,49392
18097355500,"Census Tract 3555, Marion County, Indiana",2021,46418
18097355500,Census Tract 3555; Marion County; Indiana,2022,55655
18097355500,Census Tract 3555; Marion County; Indiana,2023,51968
18097355600,"Census Tract 3556, Marion County, Indiana",2015,24750
18097355600,"Census Tract 3556, Marion County, Indiana",2016,22475
18097355600,"Census Tract 3556, Marion County, Indiana",2017,22169
18097355600,"Census Tract 3556, Marion County, Indiana",2018,25846
18097355600,"Census Tract 3556, Marion County, Indiana",2019,23150
18097355600,"Census Tract 3556, Marion County, Indiana",2020,28924
18097355600,"Census Tract 3556, Marion County, Indiana",2021,30804
18097355600,Census Tract 3556; Marion County; Indiana,2022,32545
18097355600,Census Tract 3556; Marion County; Indiana,2023,37303
18097355700,"Census Tract 3557, Marion County, Indiana",2015,25956
18097355700,"Census Tract 3557, Marion County, Indiana",2016,26098
18097355700,"Census Tract 3557, Marion County, Indiana",2017,23241
18097355700,"Census Tract 3557, Marion County, Indiana",2018,23817
18097355700,"Census Tract 3557, Marion County, Indiana",2019,23043
18097355700,"Census Tract 3557, Marion County, Indiana",2020,27537
18097355700,"Census Tract 3557, Marion County, Indiana",2021,29632
18097355700,Census Tract 3557; Marion County; Indiana,2022,34579
18097355700,Census Tract 3557; Marion County; Indiana,2023,36551
18097355900,"Census Tract 3559, Marion County, Indiana",2015,27614
18097355900,"Census Tract 3559, Marion County, Indiana",2016,28490
18097355900,"Census Tract 3559, Marion County, Indiana",2017,36488
18097355900,"Census Tract 3559, Marion County, Indiana",2018,43083
18097355900,"Census Tract 3559, Marion County, Indiana",2019,50694
18097355900,"Census Tract 3559, Marion County, Indiana",2020,66250
18097355900,"Census Tract 3559, Marion County, Indiana",2021,80982
18097355900,Census Tract 3559; Marion County; Indiana,2022,96944
18097355900,Census Tract 3559; Marion County; Indiana,2023,108688
18097356200,"Census Tract 3562, Marion County, Indiana",2015,61429
18097356200,"Census Tract 3562, Marion County, Indiana",2016,65505
18097356200,"Census Tract 3562, Marion County, Indiana",2017,65599
18097356200,"Census Tract 3562, Marion County, Indiana",2018,70893
18097356200,"Census Tract 3562, Marion County, Indiana",2019,76471
18097356200,"Census Tract 3562, Marion County, Indiana",2020,76544
18097356200,"Census Tract 3562, Marion County, Indiana",2021,85000
18097356200,Census Tract 3562; Marion County; Indiana,2022,91898
18097356200,Census Tract 3562; Marion County; Indiana,2023,96417
18097356400,"Census Tract 3564, Marion County, Indiana",2015,24315
18097356400,"Census Tract 3564, Marion County, Indiana",2016,24939
18097356400,"Census Tract 3564, Marion County, Indiana",2017,29228
18097356400,"Census Tract 3564, Marion County, Indiana",2018,28626
18097356400,"Census Tract 3564, Marion County, Indiana",2019,28694
18097356400,"Census Tract 3564, Marion County, Indiana",2020,33021
18097356400,"Census Tract 3564, Marion County, Indiana",2021,34816
18097356400,Census Tract 3564; Marion County; Indiana,2022,34000
18097356400,Census Tract 3564; Marion County; Indiana,2023,42847
18097356900,"Census Tract 3569, Marion County, Indiana",2015,27500
18097356900,"Census Tract 3569, Marion County, Indiana",2016,26959
18097356900,"Census Tract 3569, Marion County, Indiana",2017,28145
18097356900,"Census Tract 3569, Marion County, Indiana",2018,29962
18097356900,"Census Tract 3569, Marion County, Indiana",2019,29719
18097356900,"Census Tract 3569, Marion County, Indiana",2020,32500
18097356900,"Census Tract 3569, Marion County, Indiana",2021,35278
18097356900,Census Tract 3569; Marion County; Indiana,2022,46122
18097356900,Census Tract 3569; Marion County; Indiana,2023,46474
18097357000,"Census Tract 3570, Marion County, Indiana",2015,20885
18097357000,"Census Tract 3570, Marion County, Indiana",2016,26098
18097357000,"Census Tract 3570, Marion County, Indiana",2017,28859
18097357000,"Census Tract 3570, Marion County, Indiana",2018,31250
18097357000,"Census Tract 3570, Marion County, Indiana",2019,40100
18097357000,"Census Tract 3570, Marion County, Indiana",2020,39097
18097357000,"Census Tract 3570, Marion County, Indiana",2021,44306
18097357000,Census Tract 3570; Marion County; Indiana,2022,53558
18097357000,Census Tract 3570; Marion County; Indiana,2023,76061
18097357100,"Census Tract 3571, Marion County, Indiana",2015,25347
18097357100,"Census Tract 3571, Marion County, Indiana",2016,25938
18097357100,"Census Tract 3571, Marion County, Indiana",2017,32222
18097357100,"Census Tract 3571, Marion County, Indiana",2018,41395
18097357100,"Census Tract 3571, Marion County, Indiana",2019,46250
18097357100,"Census Tract 3571, Marion County, Indiana",2020,70361
18097357100,"Census Tract 3571, Marion County, Indiana",2021,77778
18097357100,Census Tract 3571; Marion County; Indiana,2022,79515
18097357100,Census Tract 3571; Marion County; Indiana,2023,81389
18097357200,"Census Tract 3572, Marion County, Indiana",2015,28320
18097357200,"Census Tract 3572, Marion County, Indiana",2016,27500
18097357200,"Census Tract 3572, Marion County, Indiana",2017,26504
18097357200,"Census Tract 3572, Marion County, Indiana",2018,28646
18097357200,"Census Tract 3572, Marion County, Indiana",2019,32543
18097357200,"Census Tract 3572, Marion County, Indiana",2020,32155
18097357200,"Census Tract 3572, Marion County, Indiana",2021,42731
18097357200,Census Tract 3572; Marion County; Indiana,2022,55409
18097357200,Census Tract 3572; Marion County; Indiana,2023,66172
18097357300,"Census Tract 3573, Marion County, Indiana",2015,17250
18097357300,"Census Tract 3573, Marion County, Indiana",2016,16563
18097357300,"Census Tract 3573, Marion County, Indiana",2017,19073
18097357300,"Census Tract 3573, Marion County, Indiana",2018,20709
18097357300,"Census Tract 3573, Marion County, Indiana",2019,22259
18097357300,"Census Tract 3573, Marion County, Indiana",2020,22721
18097357300,"Census Tract 3573, Marion County, Indiana",2021,22018
18097357300,Census Tract 3573; Marion County; Indiana,2022,24180
18097357300,Census Tract 3573; Marion County; Indiana,2023,48407
18097357400,"Census Tract 3574, Marion County, Indiana",2015,27456
18097357400,"Census Tract 3574, Marion County, Indiana",2016,22048
18097357400,"Census Tract 3574, Marion County, Indiana",2017,27961
18097357400,"Census Tract 3574, Marion County, Indiana",2018,23424
18097357400,"Census Tract 3574, Marion County, Indiana",2019,28654
18097357400,"Census Tract 3574, Marion County, Indiana",2020,29590
18097357400,"Census Tract 3574, Marion County, Indiana",2021,33707
18097357400,Census Tract 3574; Marion County; Indiana,2022,30625
18097357400,Census Tract 3574; Marion County; Indiana,2023,31406
18097357500,"Census Tract 3575, Marion County, Indiana",2015,36178
18097357500,"Census Tract 3575, Marion County, Indiana",2016,38887
18097357500,"Census Tract 3575, Marion County, Indiana",2017,38582
18097357500,"Census Tract 3575, Marion County, Indiana",2018,41250
18097357500,"Census Tract 3575, Marion County, Indiana",2019,44167
18097357500,"Census Tract 3575, Marion County, Indiana",2020,49872
18097357500,"Census Tract 3575, Marion County, Indiana",2021,53875
18097357500,Census Tract 3575; Marion County; Indiana,2022,65234
18097357500,Census Tract 3575; Marion County; Indiana,2023,56250
18097357600,"Census Tract 3576, Marion County, Indiana",2015,29817
18097357600,"Census Tract 3576, Marion County, Indiana",2016,29747
18097357600,"Census Tract 3576, Marion County, Indiana",2017,28658
18097357600,"Census Tract 3576, Marion County, Indiana",2018,30297
18097357600,"Census Tract 3576, Marion County, Indiana",2019,32970
18097357600,"Census Tract 3576, Marion County, Indiana",2023,36123
18097357601,"Census Tract 3576.01, Marion County, Indiana",2020,31615
18097357601,"Census Tract 3576.01, Marion County, Indiana",2021,34479
18097357601,Census Tract 3576.01; Marion County; Indiana,2022,40511
18097357601,Census Tract 3576.01; Marion County; Indiana,2023,42029
18097357602,"Census Tract 3576.02, Marion County, Indiana",2020,39813
18097357602,"Census Tract 3576.02, Marion County, Indiana",2021,60410
18097357602,Census Tract 3576.02; Marion County; Indiana,2022,67022
18097357602,Census Tract 3576.02; Marion County; Indiana,2023,40724
18097357800,"Census Tract 3578, Marion County, Indiana",2015,25606
18097357800,"Census Tract 3578, Marion County, Indiana",2016,33581
18097357800,"Census Tract 3578, Marion County, Indiana",2017,34245
18097357800,"Census Tract 3578, Marion County, Indiana",2018,41810
18097357800,"Census Tract 3578, Marion County, Indiana",2019,34847
18097357800,"Census Tract 3578, Marion County, Indiana",2020,36118
18097357800,"Census Tract 3578, Marion County, Indiana",2021,38548
18097357800,Census Tract 3578; Marion County; Indiana,2022,42393
18097357800,Census Tract 3578; Marion County; Indiana,2023,42554
18097357900,"Census Tract 3579, Marion County, Indiana",2015,37353
18097357900,"Census Tract 3579, Marion County, Indiana",2016,41359
18097357900,"Census Tract 3579, Marion County, Indiana",2017,44786
18097357900,"Census Tract 3579, Marion County, Indiana",2018,45125
18097357900,"Census Tract 3579, Marion County, Indiana",2019,46271
18097357900,"Census Tract 3579, Marion County, Indiana",2020,47941
18097357900,"Census Tract 3579, Marion County, Indiana",2021,50150
18097357900,Census Tract 3579; Marion County; Indiana,2022,59231
18097357900,Census Tract 3579; Marion County; Indiana,2023,63191
18097358000,"Census Tract 3580, Marion County, Indiana",2015,38636
18097358000,"Census Tract 3580, Marion County, Indiana",2016,40500
18097358000,"Census Tract 3580, Marion County, Indiana",2017,38281
18097358000,"Census Tract 3580, Marion County, Indiana",2018,33047
18097358000,"Census Tract 3580, Marion County, Indiana",2019,24535
18097358000,"Census Tract 3580, Marion County, Indiana",2020,22321
18097358000,"Census Tract 3580, Marion County, Indiana",2021,22708
18097358000,Census Tract 3580; Marion County; Indiana,2022,38438
18097358000,Census Tract 3580; Marion County; Indiana,2023,41528
18097358100,"Census Tract 3581, Marion County, Indiana",2015,25691
18097358100,"Census Tract 3581, Marion County, Indiana",2016,25964
18097358100,"Census Tract 3581, Marion County, Indiana",2017,28852
18097358100,"Census Tract 3581, Marion County, Indiana",2018,30595
18097358100,"Census Tract 3581, Marion County, Indiana",2019,34781
18097358100,"Census Tract 3581, Marion County, Indiana",2020,42228
18097358100,"Census Tract 3581, Marion County, Indiana",2021,44444
18097358100,Census Tract 3581; Marion County; Indiana,2022,50125
18097358100,Census Tract 3581; Marion County; Indiana,2023,42056
18097360101,"Census Tract 3601.01, Marion County, Indiana",2015,16178
18097360101,"Census Tract 3601.01, Marion County, Indiana",2016,14935
18097360101,"Census Tract 3601.01, Marion County, Indiana",2017,16101
18097360101,"Census Tract 3601.01, Marion County, Indiana",2018,16464
18097360101,"Census Tract 3601.01, Marion County, Indiana",2019,22554
18097360101,"Census Tract 3601.01, Marion County, Indiana",2020,24225
18097360101,"Census Tract 3601.01, Marion County, Indiana",2021,28750
18097360101,Census Tract 3601.01; Marion County; Indiana,2022,28774
18097360101,Census Tract 3601.01; Marion County; Indiana,2023,29527
18097360102,"Census Tract 3601.02, Marion County, Indiana",2015,18902
18097360102,"Census Tract 3601.02, Marion County, Indiana",2016,20147
18097360102,"Census Tract 3601.02, Marion County, Indiana",2017,18611
18097360102,"Census Tract 3601.02, Marion County, Indiana",2018,19039
18097360102,"Census Tract 3601.02, Marion County, Indiana",2019,19142
18097360102,"Census Tract 3601.02, Marion County, Indiana",2020,25054
18097360102,"Census Tract 3601.02, Marion County, Indiana",2021,27917
18097360102,Census Tract 3601.02; Marion County; Indiana,2022,31324
18097360102,Census Tract 3601.02; Marion County; Indiana,2023,32005
18097360201,"Census Tract 3602.01, Marion County, Indiana",2015,29756
18097360201,"Census Tract 3602.01, Marion County, Indiana",2016,28980
18097360201,"Census Tract 3602.01, Marion County, Indiana",2017,30633
18097360201,"Census Tract 3602.01, Marion County, Indiana",2018,30777
18097360201,"Census Tract 3602.01, Marion County, Indiana",2019,31576
18097360201,"Census Tract 3602.01, Marion County, Indiana",2020,33488
18097360201,"Census Tract 3602.01, Marion County, Indiana",2021,37813
18097360201,Census Tract 3602.01; Marion County; Indiana,2022,39769
18097360201,Census Tract 3602.01; Marion County; Indiana,2023,43545
18097360202,"Census Tract 3602.02, Marion County, Indiana",2015,34265
18097360202,"Census Tract 3602.02, Marion County, Indiana",2016,32832
18097360202,"Census Tract 3602.02, Marion County, Indiana",2017,31552
18097360202,"Census Tract 3602.02, Marion County, Indiana",2018,32799
18097360202,"Census Tract 3602.02, Marion County, Indiana",2019,30685
18097360202,"Census Tract 3602.02, Marion County, Indiana",2020,31532
18097360202,"Census Tract 3602.02, Marion County, Indiana",2021,32544
18097360202,Census Tract 3602.02; Marion County; Indiana,2022,35688
18097360202,Census Tract 3602.02; Marion County; Indiana,2023,44543
18097360301,"Census Tract 3603.01, Marion County, Indiana",2015,39911
18097360301,"Census Tract 3603.01, Marion County, Indiana",2016,38684
18097360301,"Census Tract 3603.01, Marion County, Indiana",2017,40731
18097360301,"Census Tract 3603.01, Marion County, Indiana",2018,40411
18097360301,"Census Tract 3603.01, Marion County, Indiana",2019,37865
18097360301,"Census Tract 3603.01, Marion County, Indiana",2020,37285
18097360301,"Census Tract 3603.01, Marion County, Indiana",2021,34968
18097360301,Census Tract 3603.01; Marion County; Indiana,2022,40870
18097360301,Census Tract 3603.01; Marion County; Indiana,2023,49632
18097360302,"Census Tract 3603.02, Marion County, Indiana",2015,24785
18097360302,"Census Tract 3603.02, Marion County, Indiana",2016,27800
18097360302,"Census Tract 3603.02, Marion County, Indiana",2017,27986
18097360302,"Census Tract 3603.02, Marion County, Indiana",2018,31379
18097360302,"Census Tract 3603.02, Marion County, Indiana",2019,30250
18097360302,"Census Tract 3603.02, Marion County, Indiana",2020,26795
18097360302,"Census Tract 3603.02, Marion County, Indiana",2021,25139
18097360302,Census Tract 3603.02; Marion County; Indiana,2022,27845
18097360302,Census Tract 3603.02; Marion County; Indiana,2023,26144
18097360401,"Census Tract 3604.01, Marion County, Indiana",2015,30928
18097360401,"Census Tract 3604.01, Marion County, Indiana",2016,31014
18097360401,"Census Tract 3604.01, Marion County, Indiana",2017,30775
18097360401,"Census Tract 3604.01, Marion County, Indiana",2018,30771
18097360401,"Census Tract 3604.01, Marion County, Indiana",2019,29459
18097360401,"Census Tract 3604.01, Marion County, Indiana",2020,37226
18097360401,"Census Tract 3604.01, Marion County, Indiana",2021,37175
18097360401,Census Tract 3604.01; Marion County; Indiana,2022,43479
18097360401,Census Tract 3604.01; Marion County; Indiana,2023,44324
18097360402,"Census Tract 3604.02, Marion County, Indiana",2015,39696
18097360402,"Census Tract 3604.02, Marion County, Indiana",2016,40682
18097360402,"Census Tract 3604.02, Marion County, Indiana",2017,45875
18097360402,"Census Tract 3604.02, Marion County, Indiana",2018,46196
18097360402,"Census Tract 3604.02, Marion County, Indiana",2019,41316
18097360402,"Census Tract 3604.02, Marion County, Indiana",2020,25521
18097360402,"Census Tract 3604.02, Marion County, Indiana",2021,NA
18097360402,Census Tract 3604.02; Marion County; Indiana,2022,17002
18097360402,Census Tract 3604.02; Marion County; Indiana,2023,19303
18097360404,"Census Tract 3604.04, Marion County, Indiana",2015,36972
18097360404,"Census Tract 3604.04, Marion County, Indiana",2016,36312
18097360404,"Census Tract 3604.04, Marion County, Indiana",2017,34257
18097360404,"Census Tract 3604.04, Marion County, Indiana",2018,30579
18097360404,"Census Tract 3604.04, Marion County, Indiana",2019,35460
18097360404,"Census Tract 3604.04, Marion County, Indiana",2023,33948
18097360405,"Census Tract 3604.05, Marion County, Indiana",2015,44678
18097360405,"Census Tract 3604.05, Marion County, Indiana",2016,42917
18097360405,"Census Tract 3604.05, Marion County, Indiana",2017,50081
18097360405,"Census Tract 3604.05, Marion County, Indiana",2018,52806
18097360405,"Census Tract 3604.05, Marion County, Indiana",2019,53800
18097360405,"Census Tract 3604.05, Marion County, Indiana",2020,53832
18097360405,"Census Tract 3604.05, Marion County, Indiana",2021,65719
18097360405,Census Tract 3604.05; Marion County; Indiana,2022,62122
18097360405,Census Tract 3604.05; Marion County; Indiana,2023,67550
18097360406,"Census Tract 3604.06, Marion County, Indiana",2020,28413
18097360406,"Census Tract 3604.06, Marion County, Indiana",2021,36205
18097360406,Census Tract 3604.06; Marion County; Indiana,2022,43431
18097360406,Census Tract 3604.06; Marion County; Indiana,2023,40725
18097360407,"Census Tract 3604.07, Marion County, Indiana",2020,51337
18097360407,"Census Tract 3604.07, Marion County, Indiana",2021,56991
18097360407,Census Tract 3604.07; Marion County; Indiana,2022,59583
18097360407,Census Tract 3604.07; Marion County; Indiana,2023,65034
18097360501,"Census Tract 3605.01, Marion County, Indiana",2015,43301
18097360501,"Census Tract 3605.01, Marion County, Indiana",2016,45798
18097360501,"Census Tract 3605.01, Marion County, Indiana",2017,48717
18097360501,"Census Tract 3605.01, Marion County, Indiana",2018,50344
18097360501,"Census Tract 3605.01, Marion County, Indiana",2019,56477
18097360501,"Census Tract 3605.01, Marion County, Indiana",2020,57117
18097360501,"Census Tract 3605.01, Marion County, Indiana",2021,73421
18097360501,Census Tract 3605.01; Marion County; Indiana,2022,77953
18097360501,Census Tract 3605.01; Marion County; Indiana,2023,69894
18097360502,"Census Tract 3605.02, Marion County, Indiana",2015,46793
18097360502,"Census Tract 3605.02, Marion County, Indiana",2016,48284
18097360502,"Census Tract 3605.02, Marion County, Indiana",2017,48742
18097360502,"Census Tract 3605.02, Marion County, Indiana",2018,50236
18097360502,"Census Tract 3605.02, Marion County, Indiana",2019,52579
18097360502,"Census Tract 3605.02, Marion County, Indiana",2020,50116
18097360502,"Census Tract 3605.02, Marion County, Indiana",2021,58696
18097360502,Census Tract 3605.02; Marion County; Indiana,2022,68088
18097360502,Census Tract 3605.02; Marion County; Indiana,2023,59605
18097360601,"Census Tract 3606.01, Marion County, Indiana",2015,50318
18097360601,"Census Tract 3606.01, Marion County, Indiana",2016,52205
18097360601,"Census Tract 3606.01, Marion County, Indiana",2017,52407
18097360601,"Census Tract 3606.01, Marion County, Indiana",2018,54531
18097360601,"Census Tract 3606.01, Marion County, Indiana",2019,51968
18097360601,"Census Tract 3606.01, Marion County, Indiana",2020,60665
18097360601,"Census Tract 3606.01, Marion County, Indiana",2021,67004
18097360601,Census Tract 3606.01; Marion County; Indiana,2022,78050
18097360601,Census Tract 3606.01; Marion County; Indiana,2023,74353
18097360602,"Census Tract 3606.02, Marion County, Indiana",2015,38651
18097360602,"Census Tract 3606.02, Marion County, Indiana",2016,37857
18097360602,"Census Tract 3606.02, Marion County, Indiana",2017,36706
18097360602,"Census Tract 3606.02, Marion County, Indiana",2018,35655
18097360602,"Census Tract 3606.02, Marion County, Indiana",2019,37313
18097360602,"Census Tract 3606.02, Marion County, Indiana",2020,33199
18097360602,"Census Tract 3606.02, Marion County, Indiana",2021,36770
18097360602,Census Tract 3606.02; Marion County; Indiana,2022,38524
18097360602,Census Tract 3606.02; Marion County; Indiana,2023,42074
18097360700,"Census Tract 3607, Marion County, Indiana",2015,55673
18097360700,"Census Tract 3607, Marion County, Indiana",2016,59583
18097360700,"Census Tract 3607, Marion County, Indiana",2017,64432
18097360700,"Census Tract 3607, Marion County, Indiana",2018,60625
18097360700,"Census Tract 3607, Marion County, Indiana",2019,62679
18097360700,"Census Tract 3607, Marion County, Indiana",2020,71786
18097360700,"Census Tract 3607, Marion County, Indiana",2021,78929
18097360700,Census Tract 3607; Marion County; Indiana,2022,85000
18097360700,Census Tract 3607; Marion County; Indiana,2023,78750
18097360800,"Census Tract 3608, Marion County, Indiana",2015,27581
18097360800,"Census Tract 3608, Marion County, Indiana",2016,28187
18097360800,"Census Tract 3608, Marion County, Indiana",2017,28444
18097360800,"Census Tract 3608, Marion County, Indiana",2018,29925
18097360800,"Census Tract 3608, Marion County, Indiana",2019,30588
18097360800,"Census Tract 3608, Marion County, Indiana",2020,32483
18097360800,"Census Tract 3608, Marion County, Indiana",2021,33836
18097360800,Census Tract 3608; Marion County; Indiana,2022,36886
18097360800,Census Tract 3608; Marion County; Indiana,2023,38867
18097360900,"Census Tract 3609, Marion County, Indiana",2015,40079
18097360900,"Census Tract 3609, Marion County, Indiana",2016,33636
18097360900,"Census Tract 3609, Marion County, Indiana",2017,31151
18097360900,"Census Tract 3609, Marion County, Indiana",2018,30845
18097360900,"Census Tract 3609, Marion County, Indiana",2019,25481
18097360900,"Census Tract 3609, Marion County, Indiana",2020,30887
18097360900,"Census Tract 3609, Marion County, Indiana",2021,33125
18097360900,Census Tract 3609; Marion County; Indiana,2022,38529
18097360900,Census Tract 3609; Marion County; Indiana,2023,39911
18097361000,"Census Tract 3610, Marion County, Indiana",2015,65962
18097361000,"Census Tract 3610, Marion County, Indiana",2016,64718
18097361000,"Census Tract 3610, Marion County, Indiana",2017,75069
18097361000,"Census Tract 3610, Marion County, Indiana",2018,80000
18097361000,"Census Tract 3610, Marion County, Indiana",2019,86855
18097361000,"Census Tract 3610, Marion County, Indiana",2020,86477
18097361000,"Census Tract 3610, Marion County, Indiana",2021,91121
18097361000,Census Tract 3610; Marion County; Indiana,2022,91890
18097361000,Census Tract 3610; Marion County; Indiana,2023,93804
18097361100,"Census Tract 3611, Marion County, Indiana",2015,44238
18097361100,"Census Tract 3611, Marion County, Indiana",2016,40167
18097361100,"Census Tract 3611, Marion County, Indiana",2017,42067
18097361100,"Census Tract 3611, Marion County, Indiana",2018,43778
18097361100,"Census Tract 3611, Marion County, Indiana",2019,46827
18097361100,"Census Tract 3611, Marion County, Indiana",2020,52895
18097361100,"Census Tract 3611, Marion County, Indiana",2021,59670
18097361100,Census Tract 3611; Marion County; Indiana,2022,68459
18097361100,Census Tract 3611; Marion County; Indiana,2023,76000
18097361200,"Census Tract 3612, Marion County, Indiana",2015,37743
18097361200,"Census Tract 3612, Marion County, Indiana",2016,41912
18097361200,"Census Tract 3612, Marion County, Indiana",2017,40139
18097361200,"Census Tract 3612, Marion County, Indiana",2018,44242
18097361200,"Census Tract 3612, Marion County, Indiana",2019,52396
18097361200,"Census Tract 3612, Marion County, Indiana",2020,47663
18097361200,"Census Tract 3612, Marion County, Indiana",2021,51923
18097361200,Census Tract 3612; Marion County; Indiana,2022,61544
18097361200,Census Tract 3612; Marion County; Indiana,2023,70119
18097361300,"Census Tract 3613, Marion County, Indiana",2015,42061
18097361300,"Census Tract 3613, Marion County, Indiana",2016,46855
18097361300,"Census Tract 3613, Marion County, Indiana",2017,44087
18097361300,"Census Tract 3613, Marion County, Indiana",2018,39500
18097361300,"Census Tract 3613, Marion County, Indiana",2019,35944
18097361300,"Census Tract 3613, Marion County, Indiana",2020,47438
18097361300,"Census Tract 3613, Marion County, Indiana",2021,41373
18097361300,Census Tract 3613; Marion County; Indiana,2022,62535
18097361300,Census Tract 3613; Marion County; Indiana,2023,66045
18097361400,"Census Tract 3614, Marion County, Indiana",2015,53072
18097361400,"Census Tract 3614, Marion County, Indiana",2016,52182
18097361400,"Census Tract 3614, Marion County, Indiana",2017,57647
18097361400,"Census Tract 3614, Marion County, Indiana",2018,56250
18097361400,"Census Tract 3614, Marion County, Indiana",2019,53533
18097361400,"Census Tract 3614, Marion County, Indiana",2023,53994
18097361401,"Census Tract 3614.01, Marion County, Indiana",2020,51167
18097361401,"Census Tract 3614.01, Marion County, Indiana",2021,53391
18097361401,Census Tract 3614.01; Marion County; Indiana,2022,59424
18097361401,Census Tract 3614.01; Marion County; Indiana,2023,61611
18097361402,"Census Tract 3614.02, Marion County, Indiana",2020,56738
18097361402,"Census Tract 3614.02, Marion County, Indiana",2021,66175
18097361402,Census Tract 3614.02; Marion County; Indiana,2022,70271
18097361402,Census Tract 3614.02; Marion County; Indiana,2023,74632
18097361600,"Census Tract 3616, Marion County, Indiana",2015,70742
18097361600,"Census Tract 3616, Marion County, Indiana",2016,68489
18097361600,"Census Tract 3616, Marion County, Indiana",2017,73578
18097361600,"Census Tract 3616, Marion County, Indiana",2018,72894
18097361600,"Census Tract 3616, Marion County, Indiana",2019,75220
18097361600,"Census Tract 3616, Marion County, Indiana",2023,79698
18097361601,"Census Tract 3616.01, Marion County, Indiana",2020,80593
18097361601,"Census Tract 3616.01, Marion County, Indiana",2021,83230
18097361601,Census Tract 3616.01; Marion County; Indiana,2022,88455
18097361601,Census Tract 3616.01; Marion County; Indiana,2023,90043
18097361602,"Census Tract 3616.02, Marion County, Indiana",2020,89219
18097361602,"Census Tract 3616.02, Marion County, Indiana",2021,116493
18097361602,Census Tract 3616.02; Marion County; Indiana,2022,71948
18097361602,Census Tract 3616.02; Marion County; Indiana,2023,81319
18097370201,"Census Tract 3702.01, Marion County, Indiana",2015,40324
18097370201,"Census Tract 3702.01, Marion County, Indiana",2016,42275
18097370201,"Census Tract 3702.01, Marion County, Indiana",2017,46966
18097370201,"Census Tract 3702.01, Marion County, Indiana",2018,47664
18097370201,"Census Tract 3702.01, Marion County, Indiana",2019,46339
18097370201,"Census Tract 3702.01, Marion County, Indiana",2020,48666
18097370201,"Census Tract 3702.01, Marion County, Indiana",2021,51620
18097370201,Census Tract 3702.01; Marion County; Indiana,2022,51917
18097370201,Census Tract 3702.01; Marion County; Indiana,2023,54333
18097370202,"Census Tract 3702.02, Marion County, Indiana",2015,33024
18097370202,"Census Tract 3702.02, Marion County, Indiana",2016,29785
18097370202,"Census Tract 3702.02, Marion County, Indiana",2017,34481
18097370202,"Census Tract 3702.02, Marion County, Indiana",2018,33654
18097370202,"Census Tract 3702.02, Marion County, Indiana",2019,32354
18097370202,"Census Tract 3702.02, Marion County, Indiana",2023,31684
18097370203,"Census Tract 3702.03, Marion County, Indiana",2020,28774
18097370203,"Census Tract 3702.03, Marion County, Indiana",2021,34625
18097370203,Census Tract 3702.03; Marion County; Indiana,2022,36471
18097370203,Census Tract 3702.03; Marion County; Indiana,2023,34671
18097370204,"Census Tract 3702.04, Marion County, Indiana",2020,38365
18097370204,"Census Tract 3702.04, Marion County, Indiana",2021,45399
18097370204,Census Tract 3702.04; Marion County; Indiana,2022,44183
18097370204,Census Tract 3702.04; Marion County; Indiana,2023,53561
18097370301,"Census Tract 3703.01, Marion County, Indiana",2015,62105
18097370301,"Census Tract 3703.01, Marion County, Indiana",2016,64578
18097370301,"Census Tract 3703.01, Marion County, Indiana",2017,67375
18097370301,"Census Tract 3703.01, Marion County, Indiana",2018,69762
18097370301,"Census Tract 3703.01, Marion County, Indiana",2019,71727
18097370301,"Census Tract 3703.01, Marion County, Indiana",2023,81349
18097370302,"Census Tract 3703.02, Marion County, Indiana",2015,57016
18097370302,"Census Tract 3703.02, Marion County, Indiana",2016,58614
18097370302,"Census Tract 3703.02, Marion County, Indiana",2017,64250
18097370302,"Census Tract 3703.02, Marion County, Indiana",2018,63729
18097370302,"Census Tract 3703.02, Marion County, Indiana",2019,70625
18097370302,"Census Tract 3703.02, Marion County, Indiana",2023,84234
18097370303,"Census Tract 3703.03, Marion County, Indiana",2020,71911
18097370303,"Census Tract 3703.03, Marion County, Indiana",2021,73250
18097370303,Census Tract 3703.03; Marion County; Indiana,2022,96270
18097370303,Census Tract 3703.03; Marion County; Indiana,2023,84262
18097370304,"Census Tract 3703.04, Marion County, Indiana",2020,72231
18097370304,"Census Tract 3703.04, Marion County, Indiana",2021,74990
18097370304,Census Tract 3703.04; Marion County; Indiana,2022,85491
18097370304,Census Tract 3703.04; Marion County; Indiana,2023,82679
18097370305,"Census Tract 3703.05, Marion County, Indiana",2020,37134
18097370305,"Census Tract 3703.05, Marion County, Indiana",2021,37358
18097370305,Census Tract 3703.05; Marion County; Indiana,2022,42016
18097370305,Census Tract 3703.05; Marion County; Indiana,2023,41929
18097370306,"Census Tract 3703.06, Marion County, Indiana",2020,76390
18097370306,"Census Tract 3703.06, Marion County, Indiana",2021,78913
18097370306,Census Tract 3703.06; Marion County; Indiana,2022,81857
18097370306,Census Tract 3703.06; Marion County; Indiana,2023,84566
18097380100,"Census Tract 3801, Marion County, Indiana",2015,65530
18097380100,"Census Tract 3801, Marion County, Indiana",2016,63828
18097380100,"Census Tract 3801, Marion County, Indiana",2017,59366
18097380100,"Census Tract 3801, Marion County, Indiana",2018,63843
18097380100,"Census Tract 3801, Marion County, Indiana",2019,63542
18097380100,"Census Tract 3801, Marion County, Indiana",2023,61554
18097380101,"Census Tract 3801.01, Marion County, Indiana",2020,104032
18097380101,"Census Tract 3801.01, Marion County, Indiana",2021,110091
18097380101,Census Tract 3801.01; Marion County; Indiana,2022,122321
18097380101,Census Tract 3801.01; Marion County; Indiana,2023,126205
18097380102,"Census Tract 3801.02, Marion County, Indiana",2020,62908
18097380102,"Census Tract 3801.02, Marion County, Indiana",2021,65457
18097380102,Census Tract 3801.02; Marion County; Indiana,2022,74287
18097380102,Census Tract 3801.02; Marion County; Indiana,2023,88693
18097380103,"Census Tract 3801.03, Marion County, Indiana",2020,78321
18097380103,"Census Tract 3801.03, Marion County, Indiana",2021,80388
18097380103,Census Tract 3801.03; Marion County; Indiana,2022,88247
18097380103,Census Tract 3801.03; Marion County; Indiana,2023,90831
18097380200,"Census Tract 3802, Marion County, Indiana",2015,27667
18097380200,"Census Tract 3802, Marion County, Indiana",2016,33333
18097380200,"Census Tract 3802, Marion County, Indiana",2017,35651
18097380200,"Census Tract 3802, Marion County, Indiana",2018,35612
18097380200,"Census Tract 3802, Marion County, Indiana",2019,38036
18097380200,"Census Tract 3802, Marion County, Indiana",2020,39336
18097380200,"Census Tract 3802, Marion County, Indiana",2021,38722
18097380200,Census Tract 3802; Marion County; Indiana,2022,34583
18097380200,Census Tract 3802; Marion County; Indiana,2023,38500
18097380300,"Census Tract 3803, Marion County, Indiana",2015,29630
18097380300,"Census Tract 3803, Marion County, Indiana",2016,35995
18097380300,"Census Tract 3803, Marion County, Indiana",2017,35396
18097380300,"Census Tract 3803, Marion County, Indiana",2018,33519
18097380300,"Census Tract 3803, Marion County, Indiana",2019,31398
18097380300,"Census Tract 3803, Marion County, Indiana",2023,33166
18097380301,"Census Tract 3803.01, Marion County, Indiana",2020,33971
18097380301,"Census Tract 3803.01, Marion County, Indiana",2021,33904
18097380301,Census Tract 3803.01; Marion County; Indiana,2022,37969
18097380301,Census Tract 3803.01; Marion County; Indiana,2023,43902
18097380302,"Census Tract 3803.02, Marion County, Indiana",2020,26967
18097380302,"Census Tract 3803.02, Marion County, Indiana",2021,30150
18097380302,Census Tract 3803.02; Marion County; Indiana,2022,38135
18097380302,Census Tract 3803.02; Marion County; Indiana,2023,45690
18097380402,"Census Tract 3804.02, Marion County, Indiana",2015,31216
18097380402,"Census Tract 3804.02, Marion County, Indiana",2016,36262
18097380402,"Census Tract 3804.02, Marion County, Indiana",2017,35996
18097380402,"Census Tract 3804.02, Marion County, Indiana",2018,39020
18097380402,"Census Tract 3804.02, Marion County, Indiana",2019,39476
18097380402,"Census Tract 3804.02, Marion County, Indiana",2020,40941
18097380402,"Census Tract 3804.02, Marion County, Indiana",2021,40000
18097380402,Census Tract 3804.02; Marion County; Indiana,2022,43448
18097380402,Census Tract 3804.02; Marion County; Indiana,2023,43060
18097380403,"Census Tract 3804.03, Marion County, Indiana",2015,39246
18097380403,"Census Tract 3804.03, Marion County, Indiana",2016,41889
18097380403,"Census Tract 3804.03, Marion County, Indiana",2017,42632
18097380403,"Census Tract 3804.03, Marion County, Indiana",2018,49524
18097380403,"Census Tract 3804.03, Marion County, Indiana",2019,55134
18097380403,"Census Tract 3804.03, Marion County, Indiana",2020,60422
18097380403,"Census Tract 3804.03, Marion County, Indiana",2021,62475
18097380403,Census Tract 3804.03; Marion County; Indiana,2022,65516
18097380403,Census Tract 3804.03; Marion County; Indiana,2023,65667
18097380404,"Census Tract 3804.04, Marion County, Indiana",2015,48678
18097380404,"Census Tract 3804.04, Marion County, Indiana",2016,45940
18097380404,"Census Tract 3804.04, Marion County, Indiana",2017,45342
18097380404,"Census Tract 3804.04, Marion County, Indiana",2018,48368
18097380404,"Census Tract 3804.04, Marion County, Indiana",2019,48241
18097380404,"Census Tract 3804.04, Marion County, Indiana",2020,49325
18097380404,"Census Tract 3804.04, Marion County, Indiana",2021,50345
18097380404,Census Tract 3804.04; Marion County; Indiana,2022,56050
18097380404,Census Tract 3804.04; Marion County; Indiana,2023,55712
18097380501,"Census Tract 3805.01, Marion County, Indiana",2015,38719
18097380501,"Census Tract 3805.01, Marion County, Indiana",2016,42038
18097380501,"Census Tract 3805.01, Marion County, Indiana",2017,43484
18097380501,"Census Tract 3805.01, Marion County, Indiana",2018,44292
18097380501,"Census Tract 3805.01, Marion County, Indiana",2019,45885
18097380501,"Census Tract 3805.01, Marion County, Indiana",2020,43679
18097380501,"Census Tract 3805.01, Marion County, Indiana",2021,43730
18097380501,Census Tract 3805.01; Marion County; Indiana,2022,45634
18097380501,Census Tract 3805.01; Marion County; Indiana,2023,48273
18097380502,"Census Tract 3805.02, Marion County, Indiana",2015,33827
18097380502,"Census Tract 3805.02, Marion County, Indiana",2016,34496
18097380502,"Census Tract 3805.02, Marion County, Indiana",2017,33827
18097380502,"Census Tract 3805.02, Marion County, Indiana",2018,32010
18097380502,"Census Tract 3805.02, Marion County, Indiana",2019,29674
18097380502,"Census Tract 3805.02, Marion County, Indiana",2020,42894
18097380502,"Census Tract 3805.02, Marion County, Indiana",2021,42353
18097380502,Census Tract 3805.02; Marion County; Indiana,2022,38649
18097380502,Census Tract 3805.02; Marion County; Indiana,2023,40724
18097380600,"Census Tract 3806, Marion County, Indiana",2015,30755
18097380600,"Census Tract 3806, Marion County, Indiana",2016,31786
18097380600,"Census Tract 3806, Marion County, Indiana",2017,40053
18097380600,"Census Tract 3806, Marion County, Indiana",2018,38838
18097380600,"Census Tract 3806, Marion County, Indiana",2019,40278
18097380600,"Census Tract 3806, Marion County, Indiana",2020,58229
18097380600,"Census Tract 3806, Marion County, Indiana",2021,61338
18097380600,Census Tract 3806; Marion County; Indiana,2022,65049
18097380600,Census Tract 3806; Marion County; Indiana,2023,66056
18097380700,"Census Tract 3807, Marion County, Indiana",2015,33384
18097380700,"Census Tract 3807, Marion County, Indiana",2016,33510
18097380700,"Census Tract 3807, Marion County, Indiana",2017,38730
18097380700,"Census Tract 3807, Marion County, Indiana",2018,39331
18097380700,"Census Tract 3807, Marion County, Indiana",2019,51556
18097380700,"Census Tract 3807, Marion County, Indiana",2020,50970
18097380700,"Census Tract 3807, Marion County, Indiana",2021,54256
18097380700,Census Tract 3807; Marion County; Indiana,2022,55539
18097380700,Census Tract 3807; Marion County; Indiana,2023,58708
18097380800,"Census Tract 3808, Marion County, Indiana",2015,47200
18097380800,"Census Tract 3808, Marion County, Indiana",2016,47150
18097380800,"Census Tract 3808, Marion County, Indiana",2017,43214
18097380800,"Census Tract 3808, Marion County, Indiana",2018,42826
18097380800,"Census Tract 3808, Marion County, Indiana",2019,41981
18097380800,"Census Tract 3808, Marion County, Indiana",2020,48524
18097380800,"Census Tract 3808, Marion County, Indiana",2021,52782
18097380800,Census Tract 3808; Marion County; Indiana,2022,53295
18097380800,Census Tract 3808; Marion County; Indiana,2023,56189
18097380901,"Census Tract 3809.01, Marion County, Indiana",2015,63125
18097380901,"Census Tract 3809.01, Marion County, Indiana",2016,64750
18097380901,"Census Tract 3809.01, Marion County, Indiana",2017,60845
18097380901,"Census Tract 3809.01, Marion County, Indiana",2018,58160
18097380901,"Census Tract 3809.01, Marion County, Indiana",2019,59020
18097380901,"Census Tract 3809.01, Marion County, Indiana",2020,59549
18097380901,"Census Tract 3809.01, Marion County, Indiana",2021,66733
18097380901,Census Tract 3809.01; Marion County; Indiana,2022,81500
18097380901,Census Tract 3809.01; Marion County; Indiana,2023,88333
18097380902,"Census Tract 3809.02, Marion County, Indiana",2015,67936
18097380902,"Census Tract 3809.02, Marion County, Indiana",2016,68024
18097380902,"Census Tract 3809.02, Marion County, Indiana",2017,70917
18097380902,"Census Tract 3809.02, Marion County, Indiana",2018,68410
18097380902,"Census Tract 3809.02, Marion County, Indiana",2019,68430
18097380902,"Census Tract 3809.02, Marion County, Indiana",2020,70497
18097380902,"Census Tract 3809.02, Marion County, Indiana",2021,66865
18097380902,Census Tract 3809.02; Marion County; Indiana,2022,67269
18097380902,Census Tract 3809.02; Marion County; Indiana,2023,75462
18097381001,"Census Tract 3810.01, Marion County, Indiana",2015,37092
18097381001,"Census Tract 3810.01, Marion County, Indiana",2016,36761
18097381001,"Census Tract 3810.01, Marion County, Indiana",2017,39891
18097381001,"Census Tract 3810.01, Marion County, Indiana",2018,32768
18097381001,"Census Tract 3810.01, Marion County, Indiana",2019,37815
18097381001,"Census Tract 3810.01, Marion County, Indiana",2023,38538
18097381002,"Census Tract 3810.02, Marion County, Indiana",2015,57557
18097381002,"Census Tract 3810.02, Marion County, Indiana",2016,60980
18097381002,"Census Tract 3810.02, Marion County, Indiana",2017,60679
18097381002,"Census Tract 3810.02, Marion County, Indiana",2018,64732
18097381002,"Census Tract 3810.02, Marion County, Indiana",2019,63487
18097381002,"Census Tract 3810.02, Marion County, Indiana",2020,80398
18097381002,"Census Tract 3810.02, Marion County, Indiana",2021,77313
18097381002,Census Tract 3810.02; Marion County; Indiana,2022,84034
18097381002,Census Tract 3810.02; Marion County; Indiana,2023,86458
18097381003,"Census Tract 3810.03, Marion County, Indiana",2020,45769
18097381003,"Census Tract 3810.03, Marion County, Indiana",2021,47778
18097381003,Census Tract 3810.03; Marion County; Indiana,2022,48375
18097381003,Census Tract 3810.03; Marion County; Indiana,2023,44238
18097381004,"Census Tract 3810.04, Marion County, Indiana",2020,30506
18097381004,"Census Tract 3810.04, Marion County, Indiana",2021,32500
18097381004,Census Tract 3810.04; Marion County; Indiana,2022,35482
18097381004,Census Tract 3810.04; Marion County; Indiana,2023,37080
18097381101,"Census Tract 3811.01, Marion County, Indiana",2015,52864
18097381101,"Census Tract 3811.01, Marion County, Indiana",2016,55784
18097381101,"Census Tract 3811.01, Marion County, Indiana",2017,55193
18097381101,"Census Tract 3811.01, Marion County, Indiana",2018,56427
18097381101,"Census Tract 3811.01, Marion County, Indiana",2019,62051
18097381101,"Census Tract 3811.01, Marion County, Indiana",2020,63867
18097381101,"Census Tract 3811.01, Marion County, Indiana",2021,71839
18097381101,Census Tract 3811.01; Marion County; Indiana,2022,83581
18097381101,Census Tract 3811.01; Marion County; Indiana,2023,84698
18097381102,"Census Tract 3811.02, Marion County, Indiana",2015,41915
18097381102,"Census Tract 3811.02, Marion County, Indiana",2016,42929
18097381102,"Census Tract 3811.02, Marion County, Indiana",2017,43901
18097381102,"Census Tract 3811.02, Marion County, Indiana",2018,50968
18097381102,"Census Tract 3811.02, Marion County, Indiana",2019,52030
18097381102,"Census Tract 3811.02, Marion County, Indiana",2020,49432
18097381102,"Census Tract 3811.02, Marion County, Indiana",2021,55048
18097381102,Census Tract 3811.02; Marion County; Indiana,2022,60083
18097381102,Census Tract 3811.02; Marion County; Indiana,2023,63769
18097381201,"Census Tract 3812.01, Marion County, Indiana",2015,57350
18097381201,"Census Tract 3812.01, Marion County, Indiana",2016,62199
18097381201,"Census Tract 3812.01, Marion County, Indiana",2017,58708
18097381201,"Census Tract 3812.01, Marion County, Indiana",2018,63889
18097381201,"Census Tract 3812.01, Marion County, Indiana",2019,64255
18097381201,"Census Tract 3812.01, Marion County, Indiana",2023,71160
18097381203,"Census Tract 3812.03, Marion County, Indiana",2015,30801
18097381203,"Census Tract 3812.03, Marion County, Indiana",2016,31687
18097381203,"Census Tract 3812.03, Marion County, Indiana",2017,31771
18097381203,"Census Tract 3812.03, Marion County, Indiana",2018,31442
18097381203,"Census Tract 3812.03, Marion County, Indiana",2019,30824
18097381203,"Census Tract 3812.03, Marion County, Indiana",2020,29855
18097381203,"Census Tract 3812.03, Marion County, Indiana",2021,33912
18097381203,Census Tract 3812.03; Marion County; Indiana,2022,42835
18097381203,Census Tract 3812.03; Marion County; Indiana,2023,44871
18097381204,"Census Tract 3812.04, Marion County, Indiana",2015,24810
18097381204,"Census Tract 3812.04, Marion County, Indiana",2016,25500
18097381204,"Census Tract 3812.04, Marion County, Indiana",2017,28223
18097381204,"Census Tract 3812.04, Marion County, Indiana",2018,29007
18097381204,"Census Tract 3812.04, Marion County, Indiana",2019,29583
18097381204,"Census Tract 3812.04, Marion County, Indiana",2020,29536
18097381204,"Census Tract 3812.04, Marion County, Indiana",2021,30710
18097381204,Census Tract 3812.04; Marion County; Indiana,2022,29470
18097381204,Census Tract 3812.04; Marion County; Indiana,2023,29622
18097381205,"Census Tract 3812.05, Marion County, Indiana",2015,39005
18097381205,"Census Tract 3812.05, Marion County, Indiana",2016,34038
18097381205,"Census Tract 3812.05, Marion County, Indiana",2017,42737
18097381205,"Census Tract 3812.05, Marion County, Indiana",2018,48520
18097381205,"Census Tract 3812.05, Marion County, Indiana",2019,53540
18097381205,"Census Tract 3812.05, Marion County, Indiana",2020,51031
18097381205,"Census Tract 3812.05, Marion County, Indiana",2021,54722
18097381205,Census Tract 3812.05; Marion County; Indiana,2022,59256
18097381205,Census Tract 3812.05; Marion County; Indiana,2023,55746
18097381206,"Census Tract 3812.06, Marion County, Indiana",2020,66208
18097381206,"Census Tract 3812.06, Marion County, Indiana",2021,64521
18097381206,Census Tract 3812.06; Marion County; Indiana,2022,72401
18097381206,Census Tract 3812.06; Marion County; Indiana,2023,73156
18097381207,"Census Tract 3812.07, Marion County, Indiana",2020,59497
18097381207,"Census Tract 3812.07, Marion County, Indiana",2021,61647
18097381207,Census Tract 3812.07; Marion County; Indiana,2022,66571
18097381207,Census Tract 3812.07; Marion County; Indiana,2023,69057
18097390101,"Census Tract 3901.01, Marion County, Indiana",2015,61908
18097390101,"Census Tract 3901.01, Marion County, Indiana",2016,67381
18097390101,"Census Tract 3901.01, Marion County, Indiana",2017,72512
18097390101,"Census Tract 3901.01, Marion County, Indiana",2018,69851
18097390101,"Census Tract 3901.01, Marion County, Indiana",2019,76600
18097390101,"Census Tract 3901.01, Marion County, Indiana",2023,91292
18097390102,"Census Tract 3901.02, Marion County, Indiana",2015,38899
18097390102,"Census Tract 3901.02, Marion County, Indiana",2016,38465
18097390102,"Census Tract 3901.02, Marion County, Indiana",2017,39425
18097390102,"Census Tract 3901.02, Marion County, Indiana",2018,40308
18097390102,"Census Tract 3901.02, Marion County, Indiana",2019,36681
18097390102,"Census Tract 3901.02, Marion County, Indiana",2020,37839
18097390102,"Census Tract 3901.02, Marion County, Indiana",2021,38954
18097390102,Census Tract 3901.02; Marion County; Indiana,2022,42929
18097390102,Census Tract 3901.02; Marion County; Indiana,2023,47000
18097390103,"Census Tract 3901.03, Marion County, Indiana",2020,50143
18097390103,"Census Tract 3901.03, Marion County, Indiana",2021,65913
18097390103,Census Tract 3901.03; Marion County; Indiana,2022,73474
18097390103,Census Tract 3901.03; Marion County; Indiana,2023,73910
18097390104,"Census Tract 3901.04, Marion County, Indiana",2020,76415
18097390104,"Census Tract 3901.04, Marion County, Indiana",2021,87015
18097390104,Census Tract 3901.04; Marion County; Indiana,2022,90750
18097390104,Census Tract 3901.04; Marion County; Indiana,2023,94722
18097390200,"Census Tract 3902, Marion County, Indiana",2015,78750
18097390200,"Census Tract 3902, Marion County, Indiana",2016,75313
18097390200,"Census Tract 3902, Marion County, Indiana",2017,74081
18097390200,"Census Tract 3902, Marion County, Indiana",2018,80350
18097390200,"Census Tract 3902, Marion County, Indiana",2019,82485
18097390200,"Census Tract 3902, Marion County, Indiana",2020,81497
18097390200,"Census Tract 3902, Marion County, Indiana",2021,85600
18097390200,Census Tract 3902; Marion County; Indiana,2022,98000
18097390200,Census Tract 3902; Marion County; Indiana,2023,104524
18097390300,"Census Tract 3903, Marion County, Indiana",2015,70938
18097390300,"Census Tract 3903, Marion County, Indiana",2016,75688
18097390300,"Census Tract 3903, Marion County, Indiana",2017,89265
18097390300,"Census Tract 3903, Marion County, Indiana",2018,87778
18097390300,"Census Tract 3903, Marion County, Indiana",2019,96715
18097390300,"Census Tract 3903, Marion County, Indiana",2020,90533
18097390300,"Census Tract 3903, Marion County, Indiana",2021,100889
18097390300,Census Tract 3903; Marion County; Indiana,2022,109148
18097390300,Census Tract 3903; Marion County; Indiana,2023,127578
18097390402,"Census Tract 3904.02, Marion County, Indiana",2015,64736
18097390402,"Census Tract 3904.02, Marion County, Indiana",2016,70756
18097390402,"Census Tract 3904.02, Marion County, Indiana",2017,79819
18097390402,"Census Tract 3904.02, Marion County, Indiana",2018,74654
18097390402,"Census Tract 3904.02, Marion County, Indiana",2019,76720
18097390402,"Census Tract 3904.02, Marion County, Indiana",2023,88704
18097390403,"Census Tract 3904.03, Marion County, Indiana",2015,90890
18097390403,"Census Tract 3904.03, Marion County, Indiana",2016,92500
18097390403,"Census Tract 3904.03, Marion County, Indiana",2017,98799
18097390403,"Census Tract 3904.03, Marion County, Indiana",2018,99175
18097390403,"Census Tract 3904.03, Marion County, Indiana",2019,105459
18097390403,"Census Tract 3904.03, Marion County, Indiana",2023,120028
18097390404,"Census Tract 3904.04, Marion County, Indiana",2015,53889
18097390404,"Census Tract 3904.04, Marion County, Indiana",2016,58046
18097390404,"Census Tract 3904.04, Marion County, Indiana",2017,57126
18097390404,"Census Tract 3904.04, Marion County, Indiana",2018,58846
18097390404,"Census Tract 3904.04, Marion County, Indiana",2019,63667
18097390404,"Census Tract 3904.04, Marion County, Indiana",2023,73445
18097390405,"Census Tract 3904.05, Marion County, Indiana",2015,58639
18097390405,"Census Tract 3904.05, Marion County, Indiana",2016,60750
18097390405,"Census Tract 3904.05, Marion County, Indiana",2017,61111
18097390405,"Census Tract 3904.05, Marion County, Indiana",2018,67487
18097390405,"Census Tract 3904.05, Marion County, Indiana",2019,69766
18097390405,"Census Tract 3904.05, Marion County, Indiana",2020,86384
18097390405,"Census Tract 3904.05, Marion County, Indiana",2021,86696
18097390405,Census Tract 3904.05; Marion County; Indiana,2022,85793
18097390405,Census Tract 3904.05; Marion County; Indiana,2023,82536
18097390406,"Census Tract 3904.06, Marion County, Indiana",2020,98500
18097390406,"Census Tract 3904.06, Marion County, Indiana",2021,110544
18097390406,Census Tract 3904.06; Marion County; Indiana,2022,118983
18097390406,Census Tract 3904.06; Marion County; Indiana,2023,122881
18097390407,"Census Tract 3904.07, Marion County, Indiana",2020,127425
18097390407,"Census Tract 3904.07, Marion County, Indiana",2021,132783
18097390407,Census Tract 3904.07; Marion County; Indiana,2022,134167
18097390407,Census Tract 3904.07; Marion County; Indiana,2023,136507
18097390408,"Census Tract 3904.08, Marion County, Indiana",2020,80524
18097390408,"Census Tract 3904.08, Marion County, Indiana",2021,76075
18097390408,Census Tract 3904.08; Marion County; Indiana,2022,85417
18097390408,Census Tract 3904.08; Marion County; Indiana,2023,85274
18097390409,"Census Tract 3904.09, Marion County, Indiana",2020,106033
18097390409,"Census Tract 3904.09, Marion County, Indiana",2021,94000
18097390409,Census Tract 3904.09; Marion County; Indiana,2022,94834
18097390409,Census Tract 3904.09; Marion County; Indiana,2023,97155
18097390410,"Census Tract 3904.10, Marion County, Indiana",2020,77688
18097390410,"Census Tract 3904.10, Marion County, Indiana",2021,77284
18097390410,Census Tract 3904.10; Marion County; Indiana,2022,89698
18097390410,Census Tract 3904.10; Marion County; Indiana,2023,109750
18097390411,"Census Tract 3904.11, Marion County, Indiana",2020,59775
18097390411,"Census Tract 3904.11, Marion County, Indiana",2021,56923
18097390411,Census Tract 3904.11; Marion County; Indiana,2022,58333
18097390411,Census Tract 3904.11; Marion County; Indiana,2023,60750
18097390500,"Census Tract 3905, Marion County, Indiana",2015,25313
18097390500,"Census Tract 3905, Marion County, Indiana",2016,27010
18097390500,"Census Tract 3905, Marion County, Indiana",2017,28344
18097390500,"Census Tract 3905, Marion County, Indiana",2018,27137
18097390500,"Census Tract 3905, Marion County, Indiana",2019,30752
18097390500,"Census Tract 3905, Marion County, Indiana",2020,33462
18097390500,"Census Tract 3905, Marion County, Indiana",2021,38261
18097390500,Census Tract 3905; Marion County; Indiana,2022,44074
18097390500,Census Tract 3905; Marion County; Indiana,2023,50763
18097390600,"Census Tract 3906, Marion County, Indiana",2015,37080
18097390600,"Census Tract 3906, Marion County, Indiana",2016,37122
18097390600,"Census Tract 3906, Marion County, Indiana",2017,35439
18097390600,"Census Tract 3906, Marion County, Indiana",2018,38063
18097390600,"Census Tract 3906, Marion County, Indiana",2019,40815
18097390600,"Census Tract 3906, Marion County, Indiana",2023,44550
18097390601,"Census Tract 3906.01, Marion County, Indiana",2020,55142
18097390601,"Census Tract 3906.01, Marion County, Indiana",2021,58176
18097390601,Census Tract 3906.01; Marion County; Indiana,2022,63155
18097390601,Census Tract 3906.01; Marion County; Indiana,2023,65607
18097390602,"Census Tract 3906.02, Marion County, Indiana",2020,52459
18097390602,"Census Tract 3906.02, Marion County, Indiana",2021,51779
18097390602,Census Tract 3906.02; Marion County; Indiana,2022,57593
18097390602,Census Tract 3906.02; Marion County; Indiana,2023,57137
18097390700,"Census Tract 3907, Marion County, Indiana",2015,26136
18097390700,"Census Tract 3907, Marion County, Indiana",2016,29875
18097390700,"Census Tract 3907, Marion County, Indiana",2017,35673
18097390700,"Census Tract 3907, Marion County, Indiana",2018,38511
18097390700,"Census Tract 3907, Marion County, Indiana",2019,43346
18097390700,"Census Tract 3907, Marion County, Indiana",2020,50736
18097390700,"Census Tract 3907, Marion County, Indiana",2021,53485
18097390700,Census Tract 3907; Marion County; Indiana,2022,56056
18097390700,Census Tract 3907; Marion County; Indiana,2023,58710
18097390800,"Census Tract 3908, Marion County, Indiana",2015,53429
18097390800,"Census Tract 3908, Marion County, Indiana",2016,57609
18097390800,"Census Tract 3908, Marion County, Indiana",2017,52924
18097390800,"Census Tract 3908, Marion County, Indiana",2018,55104
18097390800,"Census Tract 3908, Marion County, Indiana",2019,60130
18097390800,"Census Tract 3908, Marion County, Indiana",2023,66831
18097390801,"Census Tract 3908.01, Marion County, Indiana",2020,NA
18097390801,"Census Tract 3908.01, Marion County, Indiana",2021,NA
18097390801,Census Tract 3908.01; Marion County; Indiana,2022,NA
18097390801,Census Tract 3908.01; Marion County; Indiana,2023,NA
18097390802,"Census Tract 3908.02, Marion County, Indiana",2020,64127
18097390802,"Census Tract 3908.02, Marion County, Indiana",2021,61765
18097390802,Census Tract 3908.02; Marion County; Indiana,2022,67724
18097390802,Census Tract 3908.02; Marion County; Indiana,2023,73500
18097390900,"Census Tract 3909, Marion County, Indiana",2015,48687
18097390900,"Census Tract 3909, Marion County, Indiana",2016,49623
18097390900,"Census Tract 3909, Marion County, Indiana",2017,56108
18097390900,"Census Tract 3909, Marion County, Indiana",2018,58958
18097390900,"Census Tract 3909, Marion County, Indiana",2019,59864
18097390900,"Census Tract 3909, Marion County, Indiana",2020,59449
18097390900,"Census Tract 3909, Marion County, Indiana",2021,78182
18097390900,Census Tract 3909; Marion County; Indiana,2022,77991
18097390900,Census Tract 3909; Marion County; Indiana,2023,80250
18097391000,"Census Tract 3910, Marion County, Indiana",2015,46331
18097391000,"Census Tract 3910, Marion County, Indiana",2016,45842
18097391000,"Census Tract 3910, Marion County, Indiana",2017,46960
18097391000,"Census Tract 3910, Marion County, Indiana",2018,55038
18097391000,"Census Tract 3910, Marion County, Indiana",2019,58459
18097391000,"Census Tract 3910, Marion County, Indiana",2023,70587
18097391001,"Census Tract 3910.01, Marion County, Indiana",2020,65096
18097391001,"Census Tract 3910.01, Marion County, Indiana",2021,63794
18097391001,Census Tract 3910.01; Marion County; Indiana,2022,51205
18097391001,Census Tract 3910.01; Marion County; Indiana,2023,54605
18097391002,"Census Tract 3910.02, Marion County, Indiana",2020,73287
18097391002,"Census Tract 3910.02, Marion County, Indiana",2021,80677
18097391002,Census Tract 3910.02; Marion County; Indiana,2022,92188
18097391002,Census Tract 3910.02; Marion County; Indiana,2023,97446
