GEOID,NAME,year,value
18097310103,"Census Tract 3101.03, Marion County, Indiana",2015,66.80597014925372
18097310103,"Census Tract 3101.03, Marion County, Indiana",2016,61.46648044692738
18097310103,"Census Tract 3101.03, Marion County, Indiana",2017,63.36171381488602
18097310103,"Census Tract 3101.03, Marion County, Indiana",2018,62.07527443805541
18097310103,"Census Tract 3101.03, Marion County, Indiana",2019,59.977151561309974
18097310103,"Census Tract 3101.03, Marion County, Indiana",2023,53.14833297336622
18097310104,"Census Tract 3101.04, Marion County, Indiana",2015,60.25989724992445
18097310104,"Census Tract 3101.04, Marion County, Indiana",2016,67.15235983528666
18097310104,"Census Tract 3101.04, Marion County, Indiana",2017,69.98025016458196
18097310104,"Census Tract 3101.04, Marion County, Indiana",2018,75.47169811320755
18097310104,"Census Tract 3101.04, Marion County, Indiana",2019,77.47102931152011
18097310104,"Census Tract 3101.04, Marion County, Indiana",2020,81.85123966942149
18097310104,"Census Tract 3101.04, Marion County, Indiana",2021,81.75809649702578
18097310104,Census Tract 3101.04; Marion County; Indiana,2022,75.64702213907078
18097310104,Census Tract 3101.04; Marion County; Indiana,2023,64.6867900032457
18097310105,"Census Tract 3101.05, Marion County, Indiana",2015,50.71982281284607
18097310105,"Census Tract 3101.05, Marion County, Indiana",2016,52.14147554573086
18097310105,"Census Tract 3101.05, Marion County, Indiana",2017,50.24483133841131
18097310105,"Census Tract 3101.05, Marion County, Indiana",2018,49.038974906567006
18097310105,"Census Tract 3101.05, Marion County, Indiana",2019,51.274561869357406
18097310105,"Census Tract 3101.05, Marion County, Indiana",2020,53.36231142930197
18097310105,"Census Tract 3101.05, Marion County, Indiana",2021,48.495486459378135
18097310105,Census Tract 3101.05; Marion County; Indiana,2022,47.28340675477239
18097310105,Census Tract 3101.05; Marion County; Indiana,2023,38.775510204081634
18097310106,"Census Tract 3101.06, Marion County, Indiana",2015,44.226298114182384
18097310106,"Census Tract 3101.06, Marion County, Indiana",2016,42.93259557344064
18097310106,"Census Tract 3101.06, Marion County, Indiana",2017,43.55125922157212
18097310106,"Census Tract 3101.06, Marion County, Indiana",2018,39.41205779770802
18097310106,"Census Tract 3101.06, Marion County, Indiana",2019,38.88623326959847
18097310106,"Census Tract 3101.06, Marion County, Indiana",2020,38.29887218045113
18097310106,"Census Tract 3101.06, Marion County, Indiana",2021,36.9472182596291
18097310106,Census Tract 3101.06; Marion County; Indiana,2022,40.61054579093432
18097310106,Census Tract 3101.06; Marion County; Indiana,2023,35.531220876048465
18097310108,"Census Tract 3101.08, Marion County, Indiana",2015,71.81122448979592
18097310108,"Census Tract 3101.08, Marion County, Indiana",2016,72.9513247073321
18097310108,"Census Tract 3101.08, Marion County, Indiana",2017,74.4731374295043
18097310108,"Census Tract 3101.08, Marion County, Indiana",2018,72.85417285417286
18097310108,"Census Tract 3101.08, Marion County, Indiana",2019,77.20364741641338
18097310108,"Census Tract 3101.08, Marion County, Indiana",2020,75.16778523489933
18097310108,"Census Tract 3101.08, Marion County, Indiana",2021,72.90627461275925
18097310108,Census Tract 3101.08; Marion County; Indiana,2022,66.91593604951005
18097310108,Census Tract 3101.08; Marion County; Indiana,2023,66.08942879296976
18097310110,"Census Tract 3101.10, Marion County, Indiana",2015,42.64451367255106
18097310110,"Census Tract 3101.10, Marion County, Indiana",2016,44.73776839141148
18097310110,"Census Tract 3101.10, Marion County, Indiana",2017,43.51435489450017
18097310110,"Census Tract 3101.10, Marion County, Indiana",2018,45.42693216334795
18097310110,"Census Tract 3101.10, Marion County, Indiana",2019,45.561357702349866
18097310110,"Census Tract 3101.10, Marion County, Indiana",2020,46.65924276169265
18097310110,"Census Tract 3101.10, Marion County, Indiana",2021,49.12671869193608
18097310110,Census Tract 3101.10; Marion County; Indiana,2022,41.657121038564334
18097310110,Census Tract 3101.10; Marion County; Indiana,2023,40.954883924660535
18097310111,"Census Tract 3101.11, Marion County, Indiana",2015,42.366967141610935
18097310111,"Census Tract 3101.11, Marion County, Indiana",2016,36.87253613666228
18097310111,"Census Tract 3101.11, Marion County, Indiana",2017,32.42672299973594
18097310111,"Census Tract 3101.11, Marion County, Indiana",2018,26.417948071590622
18097310111,"Census Tract 3101.11, Marion County, Indiana",2019,30.920554854981084
18097310111,"Census Tract 3101.11, Marion County, Indiana",2020,28.9922032919434
18097310111,"Census Tract 3101.11, Marion County, Indiana",2021,25.50641940085592
18097310111,Census Tract 3101.11; Marion County; Indiana,2022,25.113545284531124
18097310111,Census Tract 3101.11; Marion County; Indiana,2023,35.73398712840944
18097310112,"Census Tract 3101.12, Marion County, Indiana",2020,64.27782380557856
18097310112,"Census Tract 3101.12, Marion County, Indiana",2021,65.93707250341997
18097310112,Census Tract 3101.12; Marion County; Indiana,2022,64.45147679324894
18097310112,Census Tract 3101.12; Marion County; Indiana,2023,60.72655866470299
18097310113,"Census Tract 3101.13, Marion County, Indiana",2020,69.5227765726681
18097310113,"Census Tract 3101.13, Marion County, Indiana",2021,74.00215749730313
18097310113,Census Tract 3101.13; Marion County; Indiana,2022,79.62962962962963
18097310113,Census Tract 3101.13; Marion County; Indiana,2023,67.76061776061776
18097310201,"Census Tract 3102.01, Marion County, Indiana",2015,37.97435226380529
18097310201,"Census Tract 3102.01, Marion County, Indiana",2016,35.83815028901734
18097310201,"Census Tract 3102.01, Marion County, Indiana",2017,36.864169927333705
18097310201,"Census Tract 3102.01, Marion County, Indiana",2018,37.45184369840396
18097310201,"Census Tract 3102.01, Marion County, Indiana",2019,38.57436953165208
18097310201,"Census Tract 3102.01, Marion County, Indiana",2020,37.08049753578972
18097310201,"Census Tract 3102.01, Marion County, Indiana",2021,40.60267857142857
18097310201,Census Tract 3102.01; Marion County; Indiana,2022,36.26030755515935
18097310201,Census Tract 3102.01; Marion County; Indiana,2023,31.34619553435942
18097310203,"Census Tract 3102.03, Marion County, Indiana",2015,41.96194798394135
18097310203,"Census Tract 3102.03, Marion County, Indiana",2016,42.50265863169089
18097310203,"Census Tract 3102.03, Marion County, Indiana",2017,33.03921568627451
18097310203,"Census Tract 3102.03, Marion County, Indiana",2018,34.40207972270364
18097310203,"Census Tract 3102.03, Marion County, Indiana",2019,30.81447157369453
18097310203,"Census Tract 3102.03, Marion County, Indiana",2020,29.202856591391622
18097310203,"Census Tract 3102.03, Marion County, Indiana",2021,27.689282202556537
18097310203,Census Tract 3102.03; Marion County; Indiana,2022,31.517912611306688
18097310203,Census Tract 3102.03; Marion County; Indiana,2023,30.522317188983855
18097310204,"Census Tract 3102.04, Marion County, Indiana",2015,16.951969419976734
18097310204,"Census Tract 3102.04, Marion County, Indiana",2016,17.41420319401971
18097310204,"Census Tract 3102.04, Marion County, Indiana",2017,18.195718654434252
18097310204,"Census Tract 3102.04, Marion County, Indiana",2018,18.34494773519164
18097310204,"Census Tract 3102.04, Marion County, Indiana",2019,17.2041166380789
18097310204,"Census Tract 3102.04, Marion County, Indiana",2020,14.692107545533393
18097310204,"Census Tract 3102.04, Marion County, Indiana",2021,16.30160883892227
18097310204,Census Tract 3102.04; Marion County; Indiana,2022,14.700193423597678
18097310204,Census Tract 3102.04; Marion County; Indiana,2023,13.087121212121213
18097310305,"Census Tract 3103.05, Marion County, Indiana",2015,16.71956145412579
18097310305,"Census Tract 3103.05, Marion County, Indiana",2016,15.742193070012831
18097310305,"Census Tract 3103.05, Marion County, Indiana",2017,15.562130177514794
18097310305,"Census Tract 3103.05, Marion County, Indiana",2018,16.570627628095313
18097310305,"Census Tract 3103.05, Marion County, Indiana",2019,16.655473472128946
18097310305,"Census Tract 3103.05, Marion County, Indiana",2020,14.781746031746032
18097310305,"Census Tract 3103.05, Marion County, Indiana",2021,14.459665144596652
18097310305,Census Tract 3103.05; Marion County; Indiana,2022,10.894684714427203
18097310305,Census Tract 3103.05; Marion County; Indiana,2023,8.579009433962264
18097310306,"Census Tract 3103.06, Marion County, Indiana",2015,9.21320831634733
18097310306,"Census Tract 3103.06, Marion County, Indiana",2016,7.242116515232496
18097310306,"Census Tract 3103.06, Marion County, Indiana",2017,7.858376511226252
18097310306,"Census Tract 3103.06, Marion County, Indiana",2018,8.404776484996939
18097310306,"Census Tract 3103.06, Marion County, Indiana",2019,8.61316319677636
18097310306,"Census Tract 3103.06, Marion County, Indiana",2020,5.907684026375993
18097310306,"Census Tract 3103.06, Marion County, Indiana",2021,5.811138014527845
18097310306,Census Tract 3103.06; Marion County; Indiana,2022,4.82351463383997
18097310306,Census Tract 3103.06; Marion County; Indiana,2023,5.2576480167500295
18097310308,"Census Tract 3103.08, Marion County, Indiana",2015,19.69860064585576
18097310308,"Census Tract 3103.08, Marion County, Indiana",2016,22.360412807621064
18097310308,"Census Tract 3103.08, Marion County, Indiana",2017,21.03533278553821
18097310308,"Census Tract 3103.08, Marion County, Indiana",2018,20.079410096426543
18097310308,"Census Tract 3103.08, Marion County, Indiana",2019,18.673647469458988
18097310308,"Census Tract 3103.08, Marion County, Indiana",2020,17.355117139334155
18097310308,"Census Tract 3103.08, Marion County, Indiana",2021,20.049735778675785
18097310308,Census Tract 3103.08; Marion County; Indiana,2022,23.26080294207784
18097310308,Census Tract 3103.08; Marion County; Indiana,2023,23.31575864089045
18097310309,"Census Tract 3103.09, Marion County, Indiana",2015,11.587878787878788
18097310309,"Census Tract 3103.09, Marion County, Indiana",2016,16.22996692953447
18097310309,"Census Tract 3103.09, Marion County, Indiana",2017,15.35552193645991
18097310309,"Census Tract 3103.09, Marion County, Indiana",2018,14.69447138700291
18097310309,"Census Tract 3103.09, Marion County, Indiana",2019,16.73182173573104
18097310309,"Census Tract 3103.09, Marion County, Indiana",2020,17.685411572942137
18097310309,"Census Tract 3103.09, Marion County, Indiana",2021,17.390062821245003
18097310309,Census Tract 3103.09; Marion County; Indiana,2022,18.674163953832497
18097310309,Census Tract 3103.09; Marion County; Indiana,2023,24.427972929423134
18097310310,"Census Tract 3103.10, Marion County, Indiana",2015,28.36044520547945
18097310310,"Census Tract 3103.10, Marion County, Indiana",2016,31.15534400692341
18097310310,"Census Tract 3103.10, Marion County, Indiana",2017,29.772727272727273
18097310310,"Census Tract 3103.10, Marion County, Indiana",2018,26.65596146126054
18097310310,"Census Tract 3103.10, Marion County, Indiana",2019,28.817246835443036
18097310310,"Census Tract 3103.10, Marion County, Indiana",2020,26.96750902527076
18097310310,"Census Tract 3103.10, Marion County, Indiana",2021,31.03512705530643
18097310310,Census Tract 3103.10; Marion County; Indiana,2022,30.53639846743295
18097310310,Census Tract 3103.10; Marion County; Indiana,2023,24.57496136012365
18097310311,"Census Tract 3103.11, Marion County, Indiana",2015,24.353690520794306
18097310311,"Census Tract 3103.11, Marion County, Indiana",2016,23.658126051991772
18097310311,"Census Tract 3103.11, Marion County, Indiana",2017,22.062732589048377
18097310311,"Census Tract 3103.11, Marion County, Indiana",2018,24.287169042769857
18097310311,"Census Tract 3103.11, Marion County, Indiana",2019,24.20873861355566
18097310311,"Census Tract 3103.11, Marion County, Indiana",2020,21.295617763447165
18097310311,"Census Tract 3103.11, Marion County, Indiana",2021,24.764184147543293
18097310311,Census Tract 3103.11; Marion County; Indiana,2022,24.788230049041463
18097310311,Census Tract 3103.11; Marion County; Indiana,2023,20.27439024390244
18097310312,"Census Tract 3103.12, Marion County, Indiana",2015,18.257865066375704
18097310312,"Census Tract 3103.12, Marion County, Indiana",2016,14.890932035334416
18097310312,"Census Tract 3103.12, Marion County, Indiana",2017,12.712152070604208
18097310312,"Census Tract 3103.12, Marion County, Indiana",2018,10.714841924933811
18097310312,"Census Tract 3103.12, Marion County, Indiana",2019,16.327096327096328
18097310312,"Census Tract 3103.12, Marion County, Indiana",2020,13.340336134453782
18097310312,"Census Tract 3103.12, Marion County, Indiana",2021,9.955357142857142
18097310312,Census Tract 3103.12; Marion County; Indiana,2022,13.882760794201072
18097310312,Census Tract 3103.12; Marion County; Indiana,2023,14.154929577464788
18097320105,"Census Tract 3201.05, Marion County, Indiana",2015,66.26920431093785
18097320105,"Census Tract 3201.05, Marion County, Indiana",2016,62.822193097422456
18097320105,"Census Tract 3201.05, Marion County, Indiana",2017,66.56688924706424
18097320105,"Census Tract 3201.05, Marion County, Indiana",2018,62.17604482839131
18097320105,"Census Tract 3201.05, Marion County, Indiana",2019,55.752019209779526
18097320105,"Census Tract 3201.05, Marion County, Indiana",2020,58.92724112242364
18097320105,"Census Tract 3201.05, Marion County, Indiana",2021,53.147671425228175
18097320105,Census Tract 3201.05; Marion County; Indiana,2022,44.68517264725796
18097320105,Census Tract 3201.05; Marion County; Indiana,2023,50.16223231667748
18097320106,"Census Tract 3201.06, Marion County, Indiana",2015,65.69224522939504
18097320106,"Census Tract 3201.06, Marion County, Indiana",2016,63.220675944334
18097320106,"Census Tract 3201.06, Marion County, Indiana",2017,70.56451612903226
18097320106,"Census Tract 3201.06, Marion County, Indiana",2018,72.86641929499072
18097320106,"Census Tract 3201.06, Marion County, Indiana",2019,53.96949550254204
18097320106,"Census Tract 3201.06, Marion County, Indiana",2020,39.00728351766927
18097320106,"Census Tract 3201.06, Marion County, Indiana",2021,43.46414871643552
18097320106,Census Tract 3201.06; Marion County; Indiana,2022,41.943521594684384
18097320106,Census Tract 3201.06; Marion County; Indiana,2023,42.37650200267023
18097320107,"Census Tract 3201.07, Marion County, Indiana",2015,89.65902738960312
18097320107,"Census Tract 3201.07, Marion County, Indiana",2016,92.12910532276332
18097320107,"Census Tract 3201.07, Marion County, Indiana",2017,90.05291005291005
18097320107,"Census Tract 3201.07, Marion County, Indiana",2018,87.31070496083551
18097320107,"Census Tract 3201.07, Marion County, Indiana",2019,84.02603905858788
18097320107,"Census Tract 3201.07, Marion County, Indiana",2020,85.56938681420009
18097320107,"Census Tract 3201.07, Marion County, Indiana",2021,87.14028776978417
18097320107,Census Tract 3201.07; Marion County; Indiana,2022,85.3959222380275
18097320107,Census Tract 3201.07; Marion County; Indiana,2023,86.79245283018868
18097320108,"Census Tract 3201.08, Marion County, Indiana",2015,36.57531423861529
18097320108,"Census Tract 3201.08, Marion County, Indiana",2016,36.39518269034497
18097320108,"Census Tract 3201.08, Marion County, Indiana",2017,36.34554140127389
18097320108,"Census Tract 3201.08, Marion County, Indiana",2018,35.77401969894072
18097320108,"Census Tract 3201.08, Marion County, Indiana",2019,36.777738390641616
18097320108,"Census Tract 3201.08, Marion County, Indiana",2020,37.125984251968504
18097320108,"Census Tract 3201.08, Marion County, Indiana",2021,33.80421806605651
18097320108,Census Tract 3201.08; Marion County; Indiana,2022,34.982192322912546
18097320108,Census Tract 3201.08; Marion County; Indiana,2023,41.22935396194857
18097320109,"Census Tract 3201.09, Marion County, Indiana",2015,79.24603174603175
18097320109,"Census Tract 3201.09, Marion County, Indiana",2016,75.89588834402113
18097320109,"Census Tract 3201.09, Marion County, Indiana",2017,76.15176151761517
18097320109,"Census Tract 3201.09, Marion County, Indiana",2018,77.8740157480315
18097320109,"Census Tract 3201.09, Marion County, Indiana",2019,75.69331158238172
18097320109,"Census Tract 3201.09, Marion County, Indiana",2020,75.24674299249901
18097320109,"Census Tract 3201.09, Marion County, Indiana",2021,79.371387283237
18097320109,Census Tract 3201.09; Marion County; Indiana,2022,79.37569676700112
18097320109,Census Tract 3201.09; Marion County; Indiana,2023,76.29213483146067
18097320202,"Census Tract 3202.02, Marion County, Indiana",2015,94.85436893203884
18097320202,"Census Tract 3202.02, Marion County, Indiana",2016,94.6650124069479
18097320202,"Census Tract 3202.02, Marion County, Indiana",2017,93.71841155234657
18097320202,"Census Tract 3202.02, Marion County, Indiana",2018,91.51356080489938
18097320202,"Census Tract 3202.02, Marion County, Indiana",2019,90.08355321020228
18097320202,"Census Tract 3202.02, Marion County, Indiana",2020,89.25490196078431
18097320202,"Census Tract 3202.02, Marion County, Indiana",2021,82.42040735614
18097320202,Census Tract 3202.02; Marion County; Indiana,2022,81.09965635738831
18097320202,Census Tract 3202.02; Marion County; Indiana,2023,79.93291239147592
18097320203,"Census Tract 3202.03, Marion County, Indiana",2015,66.2125340599455
18097320203,"Census Tract 3202.03, Marion County, Indiana",2016,71.92604006163329
18097320203,"Census Tract 3202.03, Marion County, Indiana",2017,70.6598334401025
18097320203,"Census Tract 3202.03, Marion County, Indiana",2018,71.60250082263903
18097320203,"Census Tract 3202.03, Marion County, Indiana",2019,76.12481857764877
18097320203,"Census Tract 3202.03, Marion County, Indiana",2020,73.14130011677696
18097320203,"Census Tract 3202.03, Marion County, Indiana",2021,71.17013086989992
18097320203,Census Tract 3202.03; Marion County; Indiana,2022,70.941438102298
18097320203,Census Tract 3202.03; Marion County; Indiana,2023,70.37177541729893
18097320204,"Census Tract 3202.04, Marion County, Indiana",2015,63.38028169014085
18097320204,"Census Tract 3202.04, Marion County, Indiana",2016,62.588235294117645
18097320204,"Census Tract 3202.04, Marion County, Indiana",2017,66.00510905875417
18097320204,"Census Tract 3202.04, Marion County, Indiana",2018,55.98175059141602
18097320204,"Census Tract 3202.04, Marion County, Indiana",2019,58.03833534795372
18097320204,"Census Tract 3202.04, Marion County, Indiana",2023,52.69638900576659
18097320205,"Census Tract 3202.05, Marion County, Indiana",2020,65.05854800936768
18097320205,"Census Tract 3202.05, Marion County, Indiana",2021,65.48476454293629
18097320205,Census Tract 3202.05; Marion County; Indiana,2022,63.67735470941883
18097320205,Census Tract 3202.05; Marion County; Indiana,2023,71.14058355437666
18097320206,"Census Tract 3202.06, Marion County, Indiana",2020,40.50370370370371
18097320206,"Census Tract 3202.06, Marion County, Indiana",2021,35.732165206508135
18097320206,Census Tract 3202.06; Marion County; Indiana,2022,38.31105314639713
18097320206,Census Tract 3202.06; Marion County; Indiana,2023,38.7905604719764
18097320301,"Census Tract 3203.01, Marion County, Indiana",2015,85.7261181667587
18097320301,"Census Tract 3203.01, Marion County, Indiana",2016,88.50574712643679
18097320301,"Census Tract 3203.01, Marion County, Indiana",2017,90.37122969837588
18097320301,"Census Tract 3203.01, Marion County, Indiana",2018,91.7340521114106
18097320301,"Census Tract 3203.01, Marion County, Indiana",2019,90.90073529411764
18097320301,"Census Tract 3203.01, Marion County, Indiana",2020,90.98949695964622
18097320301,"Census Tract 3203.01, Marion County, Indiana",2021,88.54961832061069
18097320301,Census Tract 3203.01; Marion County; Indiana,2022,88.3237626469784
18097320301,Census Tract 3203.01; Marion County; Indiana,2023,86.96575524289887
18097320303,"Census Tract 3203.03, Marion County, Indiana",2015,59.26502647150421
18097320303,"Census Tract 3203.03, Marion County, Indiana",2016,57.17225161669606
18097320303,"Census Tract 3203.03, Marion County, Indiana",2017,55.02336448598131
18097320303,"Census Tract 3203.03, Marion County, Indiana",2018,55.23255813953488
18097320303,"Census Tract 3203.03, Marion County, Indiana",2019,55.08522727272727
18097320303,"Census Tract 3203.03, Marion County, Indiana",2020,54.85376477909148
18097320303,"Census Tract 3203.03, Marion County, Indiana",2021,52.63671875
18097320303,Census Tract 3203.03; Marion County; Indiana,2022,53.51213282247765
18097320303,Census Tract 3203.03; Marion County; Indiana,2023,40.62588102621934
18097320304,"Census Tract 3203.04, Marion County, Indiana",2015,88.97196261682242
18097320304,"Census Tract 3203.04, Marion County, Indiana",2016,87.7720369500548
18097320304,"Census Tract 3203.04, Marion County, Indiana",2017,86.11778846153847
18097320304,"Census Tract 3203.04, Marion County, Indiana",2018,84.33556050482554
18097320304,"Census Tract 3203.04, Marion County, Indiana",2019,82.74075140348351
18097320304,"Census Tract 3203.04, Marion County, Indiana",2023,76.5095401901446
18097320305,"Census Tract 3203.05, Marion County, Indiana",2020,94.4463971880492
18097320305,"Census Tract 3203.05, Marion County, Indiana",2021,95.98293636686812
18097320305,Census Tract 3203.05; Marion County; Indiana,2022,86.18629173989456
18097320305,Census Tract 3203.05; Marion County; Indiana,2023,79.77888730385165
18097320306,"Census Tract 3203.06, Marion County, Indiana",2020,79.81517509727627
18097320306,"Census Tract 3203.06, Marion County, Indiana",2021,78.72233400402415
18097320306,Census Tract 3203.06; Marion County; Indiana,2022,79.44293813162436
18097320306,Census Tract 3203.06; Marion County; Indiana,2023,75.07288629737609
18097320400,"Census Tract 3204, Marion County, Indiana",2015,62.23862238622386
18097320400,"Census Tract 3204, Marion County, Indiana",2016,66.11076148521083
18097320400,"Census Tract 3204, Marion County, Indiana",2017,60.61349693251534
18097320400,"Census Tract 3204, Marion County, Indiana",2018,59.69451371571072
18097320400,"Census Tract 3204, Marion County, Indiana",2019,65.85872576177286
18097320400,"Census Tract 3204, Marion County, Indiana",2020,56.323777403035415
18097320400,"Census Tract 3204, Marion County, Indiana",2021,56.591928251121075
18097320400,Census Tract 3204; Marion County; Indiana,2022,58.80945258749626
18097320400,Census Tract 3204; Marion County; Indiana,2023,61.6581956797967
18097320500,"Census Tract 3205, Marion County, Indiana",2015,64.58533461415306
18097320500,"Census Tract 3205, Marion County, Indiana",2016,70.77685950413223
18097320500,"Census Tract 3205, Marion County, Indiana",2017,75.28994845360825
18097320500,"Census Tract 3205, Marion County, Indiana",2018,81.16079923882018
18097320500,"Census Tract 3205, Marion County, Indiana",2019,80.61408789885611
18097320500,"Census Tract 3205, Marion County, Indiana",2020,67.91934005499542
18097320500,"Census Tract 3205, Marion County, Indiana",2021,69.69404186795491
18097320500,Census Tract 3205; Marion County; Indiana,2022,68.34650856389987
18097320500,Census Tract 3205; Marion County; Indiana,2023,66.43792888334373
18097320600,"Census Tract 3206, Marion County, Indiana",2015,86.7334167709637
18097320600,"Census Tract 3206, Marion County, Indiana",2016,87.57062146892656
18097320600,"Census Tract 3206, Marion County, Indiana",2017,90.76012744651798
18097320600,"Census Tract 3206, Marion County, Indiana",2018,91.09712230215828
18097320600,"Census Tract 3206, Marion County, Indiana",2019,92.76797244941883
18097320600,"Census Tract 3206, Marion County, Indiana",2020,82.51389482684908
18097320600,"Census Tract 3206, Marion County, Indiana",2021,79.83767620674925
18097320600,Census Tract 3206; Marion County; Indiana,2022,76.20286085825748
18097320600,Census Tract 3206; Marion County; Indiana,2023,70.29856533540132
18097320700,"Census Tract 3207, Marion County, Indiana",2015,87.24409448818898
18097320700,"Census Tract 3207, Marion County, Indiana",2016,87.8772378516624
18097320700,"Census Tract 3207, Marion County, Indiana",2017,88.10617662072487
18097320700,"Census Tract 3207, Marion County, Indiana",2018,90.67201604814444
18097320700,"Census Tract 3207, Marion County, Indiana",2019,94.41117764471058
18097320700,"Census Tract 3207, Marion County, Indiana",2020,94.43897637795276
18097320700,"Census Tract 3207, Marion County, Indiana",2021,91.91176470588236
18097320700,Census Tract 3207; Marion County; Indiana,2022,90.46954904695492
18097320700,Census Tract 3207; Marion County; Indiana,2023,86.06143970655663
18097320800,"Census Tract 3208, Marion County, Indiana",2015,87.3779872096937
18097320800,"Census Tract 3208, Marion County, Indiana",2016,87.19814753556071
18097320800,"Census Tract 3208, Marion County, Indiana",2017,86.87068114511352
18097320800,"Census Tract 3208, Marion County, Indiana",2018,88.50049003593597
18097320800,"Census Tract 3208, Marion County, Indiana",2019,89.98324958123953
18097320800,"Census Tract 3208, Marion County, Indiana",2020,91.74806332098348
18097320800,"Census Tract 3208, Marion County, Indiana",2021,91.1855141783396
18097320800,Census Tract 3208; Marion County; Indiana,2022,89.75229046487954
18097320800,Census Tract 3208; Marion County; Indiana,2023,89.0382626680455
18097320901,"Census Tract 3209.01, Marion County, Indiana",2015,57.34117262779683
18097320901,"Census Tract 3209.01, Marion County, Indiana",2016,65.35343709468223
18097320901,"Census Tract 3209.01, Marion County, Indiana",2017,63.734375
18097320901,"Census Tract 3209.01, Marion County, Indiana",2018,65.49403487304986
18097320901,"Census Tract 3209.01, Marion County, Indiana",2019,61.94115950389386
18097320901,"Census Tract 3209.01, Marion County, Indiana",2020,64.34085061298623
18097320901,"Census Tract 3209.01, Marion County, Indiana",2021,57.73227383863081
18097320901,Census Tract 3209.01; Marion County; Indiana,2022,54.175484291063
18097320901,Census Tract 3209.01; Marion County; Indiana,2023,52.15475024485798
18097320902,"Census Tract 3209.02, Marion County, Indiana",2015,32.275953859804794
18097320902,"Census Tract 3209.02, Marion County, Indiana",2016,28.894927536231883
18097320902,"Census Tract 3209.02, Marion County, Indiana",2017,27.29824561403509
18097320902,"Census Tract 3209.02, Marion County, Indiana",2018,29.032258064516128
18097320902,"Census Tract 3209.02, Marion County, Indiana",2019,26.24146858084255
18097320902,"Census Tract 3209.02, Marion County, Indiana",2020,29.036458333333332
18097320902,"Census Tract 3209.02, Marion County, Indiana",2021,28.059847927397595
18097320902,Census Tract 3209.02; Marion County; Indiana,2022,29.350649350649352
18097320902,Census Tract 3209.02; Marion County; Indiana,2023,28.069756330625896
18097320903,"Census Tract 3209.03, Marion County, Indiana",2015,10.736885078587466
18097320903,"Census Tract 3209.03, Marion County, Indiana",2016,7.772550623849458
18097320903,"Census Tract 3209.03, Marion County, Indiana",2017,12.385410571484298
18097320903,"Census Tract 3209.03, Marion County, Indiana",2018,12.017746913580249
18097320903,"Census Tract 3209.03, Marion County, Indiana",2019,12.897491605767332
18097320903,"Census Tract 3209.03, Marion County, Indiana",2020,14.437299035369774
18097320903,"Census Tract 3209.03, Marion County, Indiana",2021,18.660869565217393
18097320903,Census Tract 3209.03; Marion County; Indiana,2022,17.954298150163222
18097320903,Census Tract 3209.03; Marion County; Indiana,2023,24.064885496183205
18097321001,"Census Tract 3210.01, Marion County, Indiana",2015,42.18583125667497
18097321001,"Census Tract 3210.01, Marion County, Indiana",2016,44.237526352775824
18097321001,"Census Tract 3210.01, Marion County, Indiana",2017,43.475250951886466
18097321001,"Census Tract 3210.01, Marion County, Indiana",2018,34.72077696843566
18097321001,"Census Tract 3210.01, Marion County, Indiana",2019,39.27964661909616
18097321001,"Census Tract 3210.01, Marion County, Indiana",2020,43.505021056041464
18097321001,"Census Tract 3210.01, Marion County, Indiana",2021,36.578769438810006
18097321001,Census Tract 3210.01; Marion County; Indiana,2022,35.030549898167
18097321001,Census Tract 3210.01; Marion County; Indiana,2023,34.43643512450852
18097321002,"Census Tract 3210.02, Marion County, Indiana",2015,44.45525291828794
18097321002,"Census Tract 3210.02, Marion County, Indiana",2016,44.235350166746066
18097321002,"Census Tract 3210.02, Marion County, Indiana",2017,41.29654553611485
18097321002,"Census Tract 3210.02, Marion County, Indiana",2018,38.91996557659208
18097321002,"Census Tract 3210.02, Marion County, Indiana",2019,38.046587658357176
18097321002,"Census Tract 3210.02, Marion County, Indiana",2020,53.94333843797856
18097321002,"Census Tract 3210.02, Marion County, Indiana",2021,53.77769361863283
18097321002,Census Tract 3210.02; Marion County; Indiana,2022,54.799697656840515
18097321002,Census Tract 3210.02; Marion County; Indiana,2023,62.69151138716356
18097321100,"Census Tract 3211, Marion County, Indiana",2015,50.60532687651332
18097321100,"Census Tract 3211, Marion County, Indiana",2016,49.40508382909681
18097321100,"Census Tract 3211, Marion County, Indiana",2017,50.46210720887246
18097321100,"Census Tract 3211, Marion County, Indiana",2018,54.480593607305934
18097321100,"Census Tract 3211, Marion County, Indiana",2019,58.49701110162255
18097321100,"Census Tract 3211, Marion County, Indiana",2020,57.89326627549595
18097321100,"Census Tract 3211, Marion County, Indiana",2021,55.687012637805864
18097321100,Census Tract 3211; Marion County; Indiana,2022,55.97095212479828
18097321100,Census Tract 3211; Marion County; Indiana,2023,59.894459102902374
18097321200,"Census Tract 3212, Marion County, Indiana",2015,93.25548620897926
18097321200,"Census Tract 3212, Marion County, Indiana",2016,91.2881022615536
18097321200,"Census Tract 3212, Marion County, Indiana",2017,90.74217240046386
18097321200,"Census Tract 3212, Marion County, Indiana",2018,91.38728323699422
18097321200,"Census Tract 3212, Marion County, Indiana",2019,90.52527254707633
18097321200,"Census Tract 3212, Marion County, Indiana",2020,92.7210747944656
18097321200,"Census Tract 3212, Marion County, Indiana",2021,90.04985044865404
18097321200,Census Tract 3212; Marion County; Indiana,2022,88.10717039321511
18097321200,Census Tract 3212; Marion County; Indiana,2023,87.6753507014028
18097321300,"Census Tract 3213, Marion County, Indiana",2015,96.2280325760823
18097321300,"Census Tract 3213, Marion County, Indiana",2016,92.90136194799835
18097321300,"Census Tract 3213, Marion County, Indiana",2017,90.26476578411403
18097321300,"Census Tract 3213, Marion County, Indiana",2018,86.40507332540626
18097321300,"Census Tract 3213, Marion County, Indiana",2019,86.72154617036507
18097321300,"Census Tract 3213, Marion County, Indiana",2020,84.7653429602888
18097321300,"Census Tract 3213, Marion County, Indiana",2021,84.72171698799563
18097321300,Census Tract 3213; Marion County; Indiana,2022,85.69282763800226
18097321300,Census Tract 3213; Marion County; Indiana,2023,86.9785575048733
18097321400,"Census Tract 3214, Marion County, Indiana",2015,68.53377265238879
18097321400,"Census Tract 3214, Marion County, Indiana",2016,70.08196721311475
18097321400,"Census Tract 3214, Marion County, Indiana",2017,72.09055535903785
18097321400,"Census Tract 3214, Marion County, Indiana",2018,72.90879654614139
18097321400,"Census Tract 3214, Marion County, Indiana",2019,72.1108821876756
18097321400,"Census Tract 3214, Marion County, Indiana",2020,78.17551963048498
18097321400,"Census Tract 3214, Marion County, Indiana",2021,74.58
18097321400,Census Tract 3214; Marion County; Indiana,2022,73.1126362535325
18097321400,Census Tract 3214; Marion County; Indiana,2023,68.57305719171575
18097321600,"Census Tract 3216, Marion County, Indiana",2015,43.55580069865784
18097321600,"Census Tract 3216, Marion County, Indiana",2016,46.45555955379633
18097321600,"Census Tract 3216, Marion County, Indiana",2017,39.41061601278182
18097321600,"Census Tract 3216, Marion County, Indiana",2018,42.369618480924046
18097321600,"Census Tract 3216, Marion County, Indiana",2019,45.35886818495514
18097321600,"Census Tract 3216, Marion County, Indiana",2020,43.87397899649942
18097321600,"Census Tract 3216, Marion County, Indiana",2021,44.65815702045812
18097321600,Census Tract 3216; Marion County; Indiana,2022,47.50399715757683
18097321600,Census Tract 3216; Marion County; Indiana,2023,45.50337896378444
18097321700,"Census Tract 3217, Marion County, Indiana",2015,77.6093864580787
18097321700,"Census Tract 3217, Marion County, Indiana",2016,81.84747583243823
18097321700,"Census Tract 3217, Marion County, Indiana",2017,86.77277716794731
18097321700,"Census Tract 3217, Marion County, Indiana",2018,81.20396240792482
18097321700,"Census Tract 3217, Marion County, Indiana",2019,81.8655303030303
18097321700,"Census Tract 3217, Marion County, Indiana",2020,82.73623467179611
18097321700,"Census Tract 3217, Marion County, Indiana",2021,80.86914299587278
18097321700,Census Tract 3217; Marion County; Indiana,2022,79.68713518561756
18097321700,Census Tract 3217; Marion County; Indiana,2023,80.49792531120332
18097321800,"Census Tract 3218, Marion County, Indiana",2015,90.675057208238
18097321800,"Census Tract 3218, Marion County, Indiana",2016,87.39542665923034
18097321800,"Census Tract 3218, Marion County, Indiana",2017,87.10285406569736
18097321800,"Census Tract 3218, Marion County, Indiana",2018,85.71428571428571
18097321800,"Census Tract 3218, Marion County, Indiana",2019,86.0570138300875
18097321800,"Census Tract 3218, Marion County, Indiana",2020,86.76427525622255
18097321800,"Census Tract 3218, Marion County, Indiana",2021,90.53892215568862
18097321800,Census Tract 3218; Marion County; Indiana,2022,92.33363998773382
18097321800,Census Tract 3218; Marion County; Indiana,2023,92.45339747444378
18097321900,"Census Tract 3219, Marion County, Indiana",2015,79.54545454545455
18097321900,"Census Tract 3219, Marion County, Indiana",2016,80.48582995951416
18097321900,"Census Tract 3219, Marion County, Indiana",2017,81.1564837905237
18097321900,"Census Tract 3219, Marion County, Indiana",2018,79.25938226502824
18097321900,"Census Tract 3219, Marion County, Indiana",2019,79.92152848857046
18097321900,"Census Tract 3219, Marion County, Indiana",2020,80.50118895189318
18097321900,"Census Tract 3219, Marion County, Indiana",2021,81.30289313127336
18097321900,Census Tract 3219; Marion County; Indiana,2022,81.53554502369668
18097321900,Census Tract 3219; Marion County; Indiana,2023,80.74522413466994
18097322000,"Census Tract 3220, Marion County, Indiana",2015,37.66605886949726
18097322000,"Census Tract 3220, Marion County, Indiana",2016,40.35996727570221
18097322000,"Census Tract 3220, Marion County, Indiana",2017,38.0730167444414
18097322000,"Census Tract 3220, Marion County, Indiana",2018,41.995073891625616
18097322000,"Census Tract 3220, Marion County, Indiana",2019,39.83124818155368
18097322000,"Census Tract 3220, Marion County, Indiana",2020,36.09271523178808
18097322000,"Census Tract 3220, Marion County, Indiana",2021,41.56570363466915
18097322000,Census Tract 3220; Marion County; Indiana,2022,42.14753123140987
18097322000,Census Tract 3220; Marion County; Indiana,2023,44.46601941747573
18097322100,"Census Tract 3221, Marion County, Indiana",2015,44.35677530017153
18097322100,"Census Tract 3221, Marion County, Indiana",2016,45.355932203389834
18097322100,"Census Tract 3221, Marion County, Indiana",2017,51.111111111111114
18097322100,"Census Tract 3221, Marion County, Indiana",2018,56.058971592952176
18097322100,"Census Tract 3221, Marion County, Indiana",2019,50
18097322100,"Census Tract 3221, Marion County, Indiana",2020,47.48768472906404
18097322100,"Census Tract 3221, Marion County, Indiana",2021,44.89858635525507
18097322100,Census Tract 3221; Marion County; Indiana,2022,48.2154445165477
18097322100,Census Tract 3221; Marion County; Indiana,2023,50.53693459160429
18097322200,"Census Tract 3222, Marion County, Indiana",2015,61.26442548921224
18097322200,"Census Tract 3222, Marion County, Indiana",2016,65.45454545454545
18097322200,"Census Tract 3222, Marion County, Indiana",2017,68.27524575513851
18097322200,"Census Tract 3222, Marion County, Indiana",2018,75
18097322200,"Census Tract 3222, Marion County, Indiana",2019,74.18924922256775
18097322200,"Census Tract 3222, Marion County, Indiana",2020,73.1283422459893
18097322200,"Census Tract 3222, Marion County, Indiana",2021,77.15575620767494
18097322200,Census Tract 3222; Marion County; Indiana,2022,77.367941712204
18097322200,Census Tract 3222; Marion County; Indiana,2023,70.24432809773124
18097322300,"Census Tract 3223, Marion County, Indiana",2015,80.13883532587737
18097322300,"Census Tract 3223, Marion County, Indiana",2016,82.51300520208083
18097322300,"Census Tract 3223, Marion County, Indiana",2017,84.04133180252583
18097322300,"Census Tract 3223, Marion County, Indiana",2018,85.2156862745098
18097322300,"Census Tract 3223, Marion County, Indiana",2019,84.1717791411043
18097322300,"Census Tract 3223, Marion County, Indiana",2020,77.32726520479933
18097322300,"Census Tract 3223, Marion County, Indiana",2021,78.88753552578157
18097322300,Census Tract 3223; Marion County; Indiana,2022,79.54447786850021
18097322300,Census Tract 3223; Marion County; Indiana,2023,78.88146911519199
18097322400,"Census Tract 3224, Marion County, Indiana",2015,47.3138548539114
18097322400,"Census Tract 3224, Marion County, Indiana",2016,53.152
18097322400,"Census Tract 3224, Marion County, Indiana",2017,55.45878693623639
18097322400,"Census Tract 3224, Marion County, Indiana",2018,58.32515538109257
18097322400,"Census Tract 3224, Marion County, Indiana",2019,63.97536777283613
18097322400,"Census Tract 3224, Marion County, Indiana",2020,67.85332858668565
18097322400,"Census Tract 3224, Marion County, Indiana",2021,64.29640718562874
18097322400,Census Tract 3224; Marion County; Indiana,2022,59.54645208485735
18097322400,Census Tract 3224; Marion County; Indiana,2023,59.19025438910785
18097322500,"Census Tract 3225, Marion County, Indiana",2015,27.37570799244808
18097322500,"Census Tract 3225, Marion County, Indiana",2016,29.187634795111432
18097322500,"Census Tract 3225, Marion County, Indiana",2017,25.740479548660083
18097322500,"Census Tract 3225, Marion County, Indiana",2018,25.84269662921348
18097322500,"Census Tract 3225, Marion County, Indiana",2019,29.44194996792816
18097322500,"Census Tract 3225, Marion County, Indiana",2020,30.72482360487492
18097322500,"Census Tract 3225, Marion County, Indiana",2021,23.667905824039657
18097322500,Census Tract 3225; Marion County; Indiana,2022,25.52275522755227
18097322500,Census Tract 3225; Marion County; Indiana,2023,32.67716535433071
18097322600,"Census Tract 3226, Marion County, Indiana",2015,6.693507800704579
18097322600,"Census Tract 3226, Marion County, Indiana",2016,7.379705809025181
18097322600,"Census Tract 3226, Marion County, Indiana",2017,4.6412443552433515
18097322600,"Census Tract 3226, Marion County, Indiana",2018,6.494872469103339
18097322600,"Census Tract 3226, Marion County, Indiana",2019,8.746130030959753
18097322600,"Census Tract 3226, Marion County, Indiana",2023,10.798752261214926
18097322601,"Census Tract 3226.01, Marion County, Indiana",2020,2.7669693039342844
18097322601,"Census Tract 3226.01, Marion County, Indiana",2021,3.872889771598808
18097322601,Census Tract 3226.01; Marion County; Indiana,2022,4.144578313253012
18097322601,Census Tract 3226.01; Marion County; Indiana,2023,6.041666666666667
18097322602,"Census Tract 3226.02, Marion County, Indiana",2020,25.55040556199305
18097322602,"Census Tract 3226.02, Marion County, Indiana",2021,26.1795166858458
18097322602,Census Tract 3226.02; Marion County; Indiana,2022,26.551145891559532
18097322602,Census Tract 3226.02; Marion County; Indiana,2023,30.14991671293726
18097322700,"Census Tract 3227, Marion County, Indiana",2015,16.880037932669513
18097322700,"Census Tract 3227, Marion County, Indiana",2016,13.340020060180542
18097322700,"Census Tract 3227, Marion County, Indiana",2017,11.573849878934626
18097322700,"Census Tract 3227, Marion County, Indiana",2018,14.195121951219512
18097322700,"Census Tract 3227, Marion County, Indiana",2019,19.27330173775671
18097322700,"Census Tract 3227, Marion County, Indiana",2020,25.216387766878245
18097322700,"Census Tract 3227, Marion County, Indiana",2021,28.923225494929987
18097322700,Census Tract 3227; Marion County; Indiana,2022,28.834688346883468
18097322700,Census Tract 3227; Marion County; Indiana,2023,31.55365723438334
18097330103,"Census Tract 3301.03, Marion County, Indiana",2015,78.30777967064168
18097330103,"Census Tract 3301.03, Marion County, Indiana",2016,75.49155908639523
18097330103,"Census Tract 3301.03, Marion County, Indiana",2017,77.76280323450135
18097330103,"Census Tract 3301.03, Marion County, Indiana",2018,82.34466117031972
18097330103,"Census Tract 3301.03, Marion County, Indiana",2019,73.67976341360372
18097330103,"Census Tract 3301.03, Marion County, Indiana",2020,71.60549425804999
18097330103,"Census Tract 3301.03, Marion County, Indiana",2021,64.78740897345548
18097330103,Census Tract 3301.03; Marion County; Indiana,2022,63.82389937106918
18097330103,Census Tract 3301.03; Marion County; Indiana,2023,65.2892561983471
18097330105,"Census Tract 3301.05, Marion County, Indiana",2015,69.96855345911949
18097330105,"Census Tract 3301.05, Marion County, Indiana",2016,69.71011634786038
18097330105,"Census Tract 3301.05, Marion County, Indiana",2017,63.890541344437835
18097330105,"Census Tract 3301.05, Marion County, Indiana",2018,65.07608491452189
18097330105,"Census Tract 3301.05, Marion County, Indiana",2019,67.31726747659829
18097330105,"Census Tract 3301.05, Marion County, Indiana",2020,72.59431962696058
18097330105,"Census Tract 3301.05, Marion County, Indiana",2021,76.70266696054662
18097330105,Census Tract 3301.05; Marion County; Indiana,2022,74.15024897163889
18097330105,Census Tract 3301.05; Marion County; Indiana,2023,66.57272924344244
18097330106,"Census Tract 3301.06, Marion County, Indiana",2015,61.310592459605026
18097330106,"Census Tract 3301.06, Marion County, Indiana",2016,61.35265700483092
18097330106,"Census Tract 3301.06, Marion County, Indiana",2017,65.65217391304348
18097330106,"Census Tract 3301.06, Marion County, Indiana",2018,59.87978963185575
18097330106,"Census Tract 3301.06, Marion County, Indiana",2019,68.87530562347189
18097330106,"Census Tract 3301.06, Marion County, Indiana",2020,41.688708036622586
18097330106,"Census Tract 3301.06, Marion County, Indiana",2021,41.740226986128626
18097330106,Census Tract 3301.06; Marion County; Indiana,2022,42.16744754532491
18097330106,Census Tract 3301.06; Marion County; Indiana,2023,34.53679825431462
18097330107,"Census Tract 3301.07, Marion County, Indiana",2015,87.02720637027207
18097330107,"Census Tract 3301.07, Marion County, Indiana",2016,83.30494037478705
18097330107,"Census Tract 3301.07, Marion County, Indiana",2017,81.70656844689994
18097330107,"Census Tract 3301.07, Marion County, Indiana",2018,82.3029113509977
18097330107,"Census Tract 3301.07, Marion County, Indiana",2019,82.06001622060016
18097330107,"Census Tract 3301.07, Marion County, Indiana",2020,84.76979742173113
18097330107,"Census Tract 3301.07, Marion County, Indiana",2021,82.21690590111643
18097330107,Census Tract 3301.07; Marion County; Indiana,2022,83.12167144612863
18097330107,Census Tract 3301.07; Marion County; Indiana,2023,84.13765017308084
18097330108,"Census Tract 3301.08, Marion County, Indiana",2015,87.46666666666667
18097330108,"Census Tract 3301.08, Marion County, Indiana",2016,87.32320586694604
18097330108,"Census Tract 3301.08, Marion County, Indiana",2017,86.05705145294588
18097330108,"Census Tract 3301.08, Marion County, Indiana",2018,86.62685016878733
18097330108,"Census Tract 3301.08, Marion County, Indiana",2019,87.36462093862816
18097330108,"Census Tract 3301.08, Marion County, Indiana",2020,89.40737284181054
18097330108,"Census Tract 3301.08, Marion County, Indiana",2021,88.69077941925624
18097330108,Census Tract 3301.08; Marion County; Indiana,2022,92.31337767923134
18097330108,Census Tract 3301.08; Marion County; Indiana,2023,89.8825413774693
18097330109,"Census Tract 3301.09, Marion County, Indiana",2015,80.38500506585613
18097330109,"Census Tract 3301.09, Marion County, Indiana",2016,84.32387657900186
18097330109,"Census Tract 3301.09, Marion County, Indiana",2017,87.57408975444538
18097330109,"Census Tract 3301.09, Marion County, Indiana",2018,89.47575877020103
18097330109,"Census Tract 3301.09, Marion County, Indiana",2019,86.76561533704391
18097330109,"Census Tract 3301.09, Marion County, Indiana",2020,88.41046277665995
18097330109,"Census Tract 3301.09, Marion County, Indiana",2021,87.25224285416232
18097330109,Census Tract 3301.09; Marion County; Indiana,2022,81.78104575163398
18097330109,Census Tract 3301.09; Marion County; Indiana,2023,74.22159320663162
18097330202,"Census Tract 3302.02, Marion County, Indiana",2015,25.938598113556505
18097330202,"Census Tract 3302.02, Marion County, Indiana",2016,27.11424995530127
18097330202,"Census Tract 3302.02, Marion County, Indiana",2017,26.738684046067316
18097330202,"Census Tract 3302.02, Marion County, Indiana",2018,25.98835157077303
18097330202,"Census Tract 3302.02, Marion County, Indiana",2019,23.82862507467782
18097330202,"Census Tract 3302.02, Marion County, Indiana",2023,21.718652035799135
18097330203,"Census Tract 3302.03, Marion County, Indiana",2015,86.21317444554784
18097330203,"Census Tract 3302.03, Marion County, Indiana",2016,87.40464485506018
18097330203,"Census Tract 3302.03, Marion County, Indiana",2017,88.64456842796193
18097330203,"Census Tract 3302.03, Marion County, Indiana",2018,85.16345347862531
18097330203,"Census Tract 3302.03, Marion County, Indiana",2019,84.8990488903721
18097330203,"Census Tract 3302.03, Marion County, Indiana",2020,84.32195656141631
18097330203,"Census Tract 3302.03, Marion County, Indiana",2021,91.24532756246312
18097330203,Census Tract 3302.03; Marion County; Indiana,2022,89.31750741839762
18097330203,Census Tract 3302.03; Marion County; Indiana,2023,89.04682274247492
18097330204,"Census Tract 3302.04, Marion County, Indiana",2015,64.24784625579854
18097330204,"Census Tract 3302.04, Marion County, Indiana",2016,63.95524644693075
18097330204,"Census Tract 3302.04, Marion County, Indiana",2017,58.09257075471698
18097330204,"Census Tract 3302.04, Marion County, Indiana",2018,59.213685474189674
18097330204,"Census Tract 3302.04, Marion County, Indiana",2019,59.28895612708018
18097330204,"Census Tract 3302.04, Marion County, Indiana",2020,62.23199560197911
18097330204,"Census Tract 3302.04, Marion County, Indiana",2021,62.33049511195207
18097330204,Census Tract 3302.04; Marion County; Indiana,2022,61.46591661151555
18097330204,Census Tract 3302.04; Marion County; Indiana,2023,56.6290665358836
18097330206,"Census Tract 3302.06, Marion County, Indiana",2015,76.7795883361921
18097330206,"Census Tract 3302.06, Marion County, Indiana",2016,74.89837398373983
18097330206,"Census Tract 3302.06, Marion County, Indiana",2017,73.2597120883455
18097330206,"Census Tract 3302.06, Marion County, Indiana",2018,71.54407414711102
18097330206,"Census Tract 3302.06, Marion County, Indiana",2019,71.75009701202949
18097330206,"Census Tract 3302.06, Marion County, Indiana",2020,60.44327573253193
18097330206,"Census Tract 3302.06, Marion County, Indiana",2021,58.21605173069608
18097330206,Census Tract 3302.06; Marion County; Indiana,2022,56.232741617357
18097330206,Census Tract 3302.06; Marion County; Indiana,2023,55.16676897892368
18097330208,"Census Tract 3302.08, Marion County, Indiana",2015,82.80492353599404
18097330208,"Census Tract 3302.08, Marion County, Indiana",2016,79.20792079207921
18097330208,"Census Tract 3302.08, Marion County, Indiana",2017,74.97425334706489
18097330208,"Census Tract 3302.08, Marion County, Indiana",2018,78.56392294220666
18097330208,"Census Tract 3302.08, Marion County, Indiana",2019,78.82231404958678
18097330208,"Census Tract 3302.08, Marion County, Indiana",2020,75.31172069825436
18097330208,"Census Tract 3302.08, Marion County, Indiana",2021,75.66068515497552
18097330208,Census Tract 3302.08; Marion County; Indiana,2022,68.22118587608261
18097330208,Census Tract 3302.08; Marion County; Indiana,2023,71.88973521944142
18097330209,"Census Tract 3302.09, Marion County, Indiana",2015,70.10039284155391
18097330209,"Census Tract 3302.09, Marion County, Indiana",2016,62.77834294110998
18097330209,"Census Tract 3302.09, Marion County, Indiana",2017,61.09301103520757
18097330209,"Census Tract 3302.09, Marion County, Indiana",2018,58.9086127547666
18097330209,"Census Tract 3302.09, Marion County, Indiana",2019,57.820203503619005
18097330209,"Census Tract 3302.09, Marion County, Indiana",2023,45.5400141656841
18097330210,"Census Tract 3302.10, Marion County, Indiana",2020,15.857796135123175
18097330210,"Census Tract 3302.10, Marion County, Indiana",2021,11.722835560720512
18097330210,Census Tract 3302.10; Marion County; Indiana,2022,15.09492205587282
18097330210,Census Tract 3302.10; Marion County; Indiana,2023,11.454802259887003
18097330211,"Census Tract 3302.11, Marion County, Indiana",2020,24.9338489721148
18097330211,"Census Tract 3302.11, Marion County, Indiana",2021,24.696673189823876
18097330211,Census Tract 3302.11; Marion County; Indiana,2022,21.308134148601074
18097330211,Census Tract 3302.11; Marion County; Indiana,2023,18.661971830985916
18097330212,"Census Tract 3302.12, Marion County, Indiana",2020,45.75281803542673
18097330212,"Census Tract 3302.12, Marion County, Indiana",2021,42.04283944060896
18097330212,Census Tract 3302.12; Marion County; Indiana,2022,37.80487804878049
18097330212,Census Tract 3302.12; Marion County; Indiana,2023,34.5910780669145
18097330213,"Census Tract 3302.13, Marion County, Indiana",2020,73.3184855233853
18097330213,"Census Tract 3302.13, Marion County, Indiana",2021,80.4332129963899
18097330213,Census Tract 3302.13; Marion County; Indiana,2022,80.9158352519826
18097330213,Census Tract 3302.13; Marion County; Indiana,2023,79.62723272068341
18097330401,"Census Tract 3304.01, Marion County, Indiana",2015,74.0317775571003
18097330401,"Census Tract 3304.01, Marion County, Indiana",2016,72.61460101867573
18097330401,"Census Tract 3304.01, Marion County, Indiana",2017,75.30258423290807
18097330401,"Census Tract 3304.01, Marion County, Indiana",2018,71.97472865705491
18097330401,"Census Tract 3304.01, Marion County, Indiana",2019,65.27196652719665
18097330401,"Census Tract 3304.01, Marion County, Indiana",2020,79.61711711711712
18097330401,"Census Tract 3304.01, Marion County, Indiana",2021,74.21888636760342
18097330401,Census Tract 3304.01; Marion County; Indiana,2022,72.61035801181787
18097330401,Census Tract 3304.01; Marion County; Indiana,2023,70.13386396526772
18097330500,"Census Tract 3305, Marion County, Indiana",2015,24.955223880597018
18097330500,"Census Tract 3305, Marion County, Indiana",2016,25.98946576373213
18097330500,"Census Tract 3305, Marion County, Indiana",2017,23.5044080604534
18097330500,"Census Tract 3305, Marion County, Indiana",2018,22.92388847023361
18097330500,"Census Tract 3305, Marion County, Indiana",2019,25.49659057219093
18097330500,"Census Tract 3305, Marion County, Indiana",2020,32.10795718939041
18097330500,"Census Tract 3305, Marion County, Indiana",2021,32.13708373747171
18097330500,Census Tract 3305; Marion County; Indiana,2022,39.798733971757834
18097330500,Census Tract 3305; Marion County; Indiana,2023,42.781719188252765
18097330600,"Census Tract 3306, Marion County, Indiana",2015,55
18097330600,"Census Tract 3306, Marion County, Indiana",2016,52.4306202272304
18097330600,"Census Tract 3306, Marion County, Indiana",2017,51.811984212414785
18097330600,"Census Tract 3306, Marion County, Indiana",2018,53.84615384615385
18097330600,"Census Tract 3306, Marion County, Indiana",2019,53.892586286952486
18097330600,"Census Tract 3306, Marion County, Indiana",2020,37.96074000847338
18097330600,"Census Tract 3306, Marion County, Indiana",2021,50.100401606425706
18097330600,Census Tract 3306; Marion County; Indiana,2022,42.23475944209372
18097330600,Census Tract 3306; Marion County; Indiana,2023,37.18801996672213
18097330700,"Census Tract 3307, Marion County, Indiana",2015,53.87471746851792
18097330700,"Census Tract 3307, Marion County, Indiana",2016,57.24815724815725
18097330700,"Census Tract 3307, Marion County, Indiana",2017,59.38914027149321
18097330700,"Census Tract 3307, Marion County, Indiana",2018,51.56918687589158
18097330700,"Census Tract 3307, Marion County, Indiana",2019,50.66009505368773
18097330700,"Census Tract 3307, Marion County, Indiana",2023,47.445472638857545
18097330701,"Census Tract 3307.01, Marion County, Indiana",2020,41.418983700862896
18097330701,"Census Tract 3307.01, Marion County, Indiana",2021,28.707052441229656
18097330701,Census Tract 3307.01; Marion County; Indiana,2022,22.727272727272727
18097330701,Census Tract 3307.01; Marion County; Indiana,2023,24.11764705882353
18097330702,"Census Tract 3307.02, Marion County, Indiana",2020,44.74110032362459
18097330702,"Census Tract 3307.02, Marion County, Indiana",2021,42.65250679180044
18097330702,Census Tract 3307.02; Marion County; Indiana,2022,41.82361047312816
18097330702,Census Tract 3307.02; Marion County; Indiana,2023,44.641638225255974
18097330803,"Census Tract 3308.03, Marion County, Indiana",2015,16.551887912609832
18097330803,"Census Tract 3308.03, Marion County, Indiana",2016,15.802469135802468
18097330803,"Census Tract 3308.03, Marion County, Indiana",2017,23.983442902361823
18097330803,"Census Tract 3308.03, Marion County, Indiana",2018,23.470437017994858
18097330803,"Census Tract 3308.03, Marion County, Indiana",2019,23.87316561844864
18097330803,"Census Tract 3308.03, Marion County, Indiana",2020,20.021557531662623
18097330803,"Census Tract 3308.03, Marion County, Indiana",2021,20.142309797482213
18097330803,Census Tract 3308.03; Marion County; Indiana,2022,9.67128497690845
18097330803,Census Tract 3308.03; Marion County; Indiana,2023,7.459152261425527
18097330804,"Census Tract 3308.04, Marion County, Indiana",2015,9.857849196538936
18097330804,"Census Tract 3308.04, Marion County, Indiana",2016,12.411556603773583
18097330804,"Census Tract 3308.04, Marion County, Indiana",2017,13.195500152021893
18097330804,"Census Tract 3308.04, Marion County, Indiana",2018,15.82360570687419
18097330804,"Census Tract 3308.04, Marion County, Indiana",2019,21.614583333333332
18097330804,"Census Tract 3308.04, Marion County, Indiana",2020,31.475207884200803
18097330804,"Census Tract 3308.04, Marion County, Indiana",2021,33.05529811553908
18097330804,Census Tract 3308.04; Marion County; Indiana,2022,32.79445727482679
18097330804,Census Tract 3308.04; Marion County; Indiana,2023,33.99184697397303
18097330805,"Census Tract 3308.05, Marion County, Indiana",2015,22.90242386575513
18097330805,"Census Tract 3308.05, Marion County, Indiana",2016,27.04889201547661
18097330805,"Census Tract 3308.05, Marion County, Indiana",2017,30.622710622710624
18097330805,"Census Tract 3308.05, Marion County, Indiana",2018,30.960715674834695
18097330805,"Census Tract 3308.05, Marion County, Indiana",2019,32.89209787404733
18097330805,"Census Tract 3308.05, Marion County, Indiana",2020,32.8216704288939
18097330805,"Census Tract 3308.05, Marion County, Indiana",2021,27.943760984182777
18097330805,Census Tract 3308.05; Marion County; Indiana,2022,23.87243735763098
18097330805,Census Tract 3308.05; Marion County; Indiana,2023,19.549477071600965
18097330806,"Census Tract 3308.06, Marion County, Indiana",2015,17.082130674363682
18097330806,"Census Tract 3308.06, Marion County, Indiana",2016,19.133385539023752
18097330806,"Census Tract 3308.06, Marion County, Indiana",2017,18.775707718364384
18097330806,"Census Tract 3308.06, Marion County, Indiana",2018,21.758680989258057
18097330806,"Census Tract 3308.06, Marion County, Indiana",2019,22.300242130750604
18097330806,"Census Tract 3308.06, Marion County, Indiana",2020,18.268015170670036
18097330806,"Census Tract 3308.06, Marion County, Indiana",2021,14.665866346538616
18097330806,Census Tract 3308.06; Marion County; Indiana,2022,14.596949891067538
18097330806,Census Tract 3308.06; Marion County; Indiana,2023,16.984924623115578
18097330900,"Census Tract 3309, Marion County, Indiana",2015,14.90990990990991
18097330900,"Census Tract 3309, Marion County, Indiana",2016,7.868661356129785
18097330900,"Census Tract 3309, Marion County, Indiana",2017,11.81217901687454
18097330900,"Census Tract 3309, Marion County, Indiana",2018,13.204672422549518
18097330900,"Census Tract 3309, Marion County, Indiana",2019,9.876743431722348
18097330900,"Census Tract 3309, Marion County, Indiana",2020,11.855586274190925
18097330900,"Census Tract 3309, Marion County, Indiana",2021,12.968157069790465
18097330900,Census Tract 3309; Marion County; Indiana,2022,12.876884422110551
18097330900,Census Tract 3309; Marion County; Indiana,2023,10.528020732102364
18097331000,"Census Tract 3310, Marion County, Indiana",2015,4.526935264825713
18097331000,"Census Tract 3310, Marion County, Indiana",2016,6.041620049228015
18097331000,"Census Tract 3310, Marion County, Indiana",2017,5.871212121212121
18097331000,"Census Tract 3310, Marion County, Indiana",2018,8.15450643776824
18097331000,"Census Tract 3310, Marion County, Indiana",2019,5.055455248903791
18097331000,"Census Tract 3310, Marion County, Indiana",2020,3.95655546935609
18097331000,"Census Tract 3310, Marion County, Indiana",2021,2.632271650434325
18097331000,Census Tract 3310; Marion County; Indiana,2022,3.838725253500724
18097331000,Census Tract 3310; Marion County; Indiana,2023,4.213221601489758
18097340101,"Census Tract 3401.01, Marion County, Indiana",2015,86.22047244094489
18097340101,"Census Tract 3401.01, Marion County, Indiana",2016,86.08193277310924
18097340101,"Census Tract 3401.01, Marion County, Indiana",2017,81.92896033186415
18097340101,"Census Tract 3401.01, Marion County, Indiana",2018,84.76943346508564
18097340101,"Census Tract 3401.01, Marion County, Indiana",2019,73.6
18097340101,"Census Tract 3401.01, Marion County, Indiana",2020,73.3346511168215
18097340101,"Census Tract 3401.01, Marion County, Indiana",2021,76.29916445893622
18097340101,Census Tract 3401.01; Marion County; Indiana,2022,70.57761732851985
18097340101,Census Tract 3401.01; Marion County; Indiana,2023,68.46464217455936
18097340102,"Census Tract 3401.02, Marion County, Indiana",2015,40.08438818565401
18097340102,"Census Tract 3401.02, Marion County, Indiana",2016,36.74832962138085
18097340102,"Census Tract 3401.02, Marion County, Indiana",2017,35.63061836011986
18097340102,"Census Tract 3401.02, Marion County, Indiana",2018,41.12303881090008
18097340102,"Census Tract 3401.02, Marion County, Indiana",2019,45.91836734693877
18097340102,"Census Tract 3401.02, Marion County, Indiana",2020,45.758426966292134
18097340102,"Census Tract 3401.02, Marion County, Indiana",2021,45.60931899641577
18097340102,Census Tract 3401.02; Marion County; Indiana,2022,47.859154929577464
18097340102,Census Tract 3401.02; Marion County; Indiana,2023,38.2646420824295
18097340108,"Census Tract 3401.08, Marion County, Indiana",2015,17.644298451431254
18097340108,"Census Tract 3401.08, Marion County, Indiana",2016,16.541019955654104
18097340108,"Census Tract 3401.08, Marion County, Indiana",2017,15.978306216103462
18097340108,"Census Tract 3401.08, Marion County, Indiana",2018,19.073684210526316
18097340108,"Census Tract 3401.08, Marion County, Indiana",2019,19.435351882160393
18097340108,"Census Tract 3401.08, Marion County, Indiana",2020,21.225649350649352
18097340108,"Census Tract 3401.08, Marion County, Indiana",2021,18.73854052071874
18097340108,Census Tract 3401.08; Marion County; Indiana,2022,23.036988968202465
18097340108,Census Tract 3401.08; Marion County; Indiana,2023,12.3948401570387
18097340109,"Census Tract 3401.09, Marion County, Indiana",2015,34.39265536723164
18097340109,"Census Tract 3401.09, Marion County, Indiana",2016,33.236574746008706
18097340109,"Census Tract 3401.09, Marion County, Indiana",2017,31.980115990057996
18097340109,"Census Tract 3401.09, Marion County, Indiana",2018,30.526315789473685
18097340109,"Census Tract 3401.09, Marion County, Indiana",2019,31.270903010033443
18097340109,"Census Tract 3401.09, Marion County, Indiana",2023,28.149150652835246
18097340110,"Census Tract 3401.10, Marion County, Indiana",2015,32.34455219623503
18097340110,"Census Tract 3401.10, Marion County, Indiana",2016,28.13247470101196
18097340110,"Census Tract 3401.10, Marion County, Indiana",2017,18.556906517839348
18097340110,"Census Tract 3401.10, Marion County, Indiana",2018,21.31420253690996
18097340110,"Census Tract 3401.10, Marion County, Indiana",2019,20.556478405315616
18097340110,"Census Tract 3401.10, Marion County, Indiana",2023,8.768404614396204
18097340111,"Census Tract 3401.11, Marion County, Indiana",2015,59.579762233895494
18097340111,"Census Tract 3401.11, Marion County, Indiana",2016,54.55293472298409
18097340111,"Census Tract 3401.11, Marion County, Indiana",2017,55.89425411383869
18097340111,"Census Tract 3401.11, Marion County, Indiana",2018,54.43639090227443
18097340111,"Census Tract 3401.11, Marion County, Indiana",2019,54.46544136681336
18097340111,"Census Tract 3401.11, Marion County, Indiana",2020,55.122950819672134
18097340111,"Census Tract 3401.11, Marion County, Indiana",2021,46.81677018633541
18097340111,Census Tract 3401.11; Marion County; Indiana,2022,44.822961373390555
18097340111,Census Tract 3401.11; Marion County; Indiana,2023,42.57695450830836
18097340112,"Census Tract 3401.12, Marion County, Indiana",2015,59.39756550443573
18097340112,"Census Tract 3401.12, Marion County, Indiana",2016,51.24670585850395
18097340112,"Census Tract 3401.12, Marion County, Indiana",2017,48.78326996197718
18097340112,"Census Tract 3401.12, Marion County, Indiana",2018,47.31328806983511
18097340112,"Census Tract 3401.12, Marion County, Indiana",2019,49.22836491502247
18097340112,"Census Tract 3401.12, Marion County, Indiana",2020,51.67970547630004
18097340112,"Census Tract 3401.12, Marion County, Indiana",2021,50.613128155806685
18097340112,Census Tract 3401.12; Marion County; Indiana,2022,49.70273483947681
18097340112,Census Tract 3401.12; Marion County; Indiana,2023,48.76051853536502
18097340113,"Census Tract 3401.13, Marion County, Indiana",2015,82.5100806451613
18097340113,"Census Tract 3401.13, Marion County, Indiana",2016,77.01785265275333
18097340113,"Census Tract 3401.13, Marion County, Indiana",2017,73.71345735684947
18097340113,"Census Tract 3401.13, Marion County, Indiana",2018,71.7464114832536
18097340113,"Census Tract 3401.13, Marion County, Indiana",2019,70.54826616682287
18097340113,"Census Tract 3401.13, Marion County, Indiana",2020,58.33919774806474
18097340113,"Census Tract 3401.13, Marion County, Indiana",2021,62.292785430772824
18097340113,Census Tract 3401.13; Marion County; Indiana,2022,58.500232883092686
18097340113,Census Tract 3401.13; Marion County; Indiana,2023,57.730496453900706
18097340114,"Census Tract 3401.14, Marion County, Indiana",2015,78.94123134328358
18097340114,"Census Tract 3401.14, Marion County, Indiana",2016,77.93382527969531
18097340114,"Census Tract 3401.14, Marion County, Indiana",2017,75.97968069666183
18097340114,"Census Tract 3401.14, Marion County, Indiana",2018,74.72887767969735
18097340114,"Census Tract 3401.14, Marion County, Indiana",2019,73.28575070099414
18097340114,"Census Tract 3401.14, Marion County, Indiana",2020,66.99456381050997
18097340114,"Census Tract 3401.14, Marion County, Indiana",2021,63.69061828598711
18097340114,Census Tract 3401.14; Marion County; Indiana,2022,58.85275519421861
18097340114,Census Tract 3401.14; Marion County; Indiana,2023,57.10933833880807
18097340115,"Census Tract 3401.15, Marion County, Indiana",2020,27.15321085454239
18097340115,"Census Tract 3401.15, Marion County, Indiana",2021,30.215827338129497
18097340115,Census Tract 3401.15; Marion County; Indiana,2022,34.56357261487359
18097340115,Census Tract 3401.15; Marion County; Indiana,2023,36.279323513366066
18097340201,"Census Tract 3402.01, Marion County, Indiana",2015,36.329386437029065
18097340201,"Census Tract 3402.01, Marion County, Indiana",2016,36.30837247858524
18097340201,"Census Tract 3402.01, Marion County, Indiana",2017,36.3921568627451
18097340201,"Census Tract 3402.01, Marion County, Indiana",2018,33.01724137931034
18097340201,"Census Tract 3402.01, Marion County, Indiana",2019,30.453257790368273
18097340201,"Census Tract 3402.01, Marion County, Indiana",2020,28.199942213233168
18097340201,"Census Tract 3402.01, Marion County, Indiana",2021,25.6824807845216
18097340201,Census Tract 3402.01; Marion County; Indiana,2022,23.549585595884537
18097340201,Census Tract 3402.01; Marion County; Indiana,2023,18.956773726153106
18097340202,"Census Tract 3402.02, Marion County, Indiana",2015,46.48780487804878
18097340202,"Census Tract 3402.02, Marion County, Indiana",2016,43.92456433516352
18097340202,"Census Tract 3402.02, Marion County, Indiana",2017,45.40803897685749
18097340202,"Census Tract 3402.02, Marion County, Indiana",2018,41.52678776730283
18097340202,"Census Tract 3402.02, Marion County, Indiana",2019,39.053254437869825
18097340202,"Census Tract 3402.02, Marion County, Indiana",2020,38.326493388052896
18097340202,"Census Tract 3402.02, Marion County, Indiana",2021,41.78403755868545
18097340202,Census Tract 3402.02; Marion County; Indiana,2022,40.92671973872219
18097340202,Census Tract 3402.02; Marion County; Indiana,2023,43.05070827345514
18097340300,"Census Tract 3403, Marion County, Indiana",2015,16.848182653195117
18097340300,"Census Tract 3403, Marion County, Indiana",2016,13.8527084601339
18097340300,"Census Tract 3403, Marion County, Indiana",2017,10.043827611395178
18097340300,"Census Tract 3403, Marion County, Indiana",2018,8.30568584830111
18097340300,"Census Tract 3403, Marion County, Indiana",2019,10.74074074074074
18097340300,"Census Tract 3403, Marion County, Indiana",2023,4.633298828286364
18097340301,"Census Tract 3403.01, Marion County, Indiana",2020,21.277719112988382
18097340301,"Census Tract 3403.01, Marion County, Indiana",2021,19.391065635138503
18097340301,Census Tract 3403.01; Marion County; Indiana,2022,20.309931908898804
18097340301,Census Tract 3403.01; Marion County; Indiana,2023,23.82191384793293
18097340302,"Census Tract 3403.02, Marion County, Indiana",2020,13.679245283018869
18097340302,"Census Tract 3403.02, Marion County, Indiana",2021,14.715989488578936
18097340302,Census Tract 3403.02; Marion County; Indiana,2022,22.287668630058903
18097340302,Census Tract 3403.02; Marion County; Indiana,2023,23.49775784753363
18097340400,"Census Tract 3404, Marion County, Indiana",2015,32.64604810996563
18097340400,"Census Tract 3404, Marion County, Indiana",2016,33.67178924259056
18097340400,"Census Tract 3404, Marion County, Indiana",2017,30.841878035617917
18097340400,"Census Tract 3404, Marion County, Indiana",2018,24.834699814863793
18097340400,"Census Tract 3404, Marion County, Indiana",2019,21.545603495357728
18097340400,"Census Tract 3404, Marion County, Indiana",2020,19.543010752688172
18097340400,"Census Tract 3404, Marion County, Indiana",2021,21.833084947839048
18097340400,Census Tract 3404; Marion County; Indiana,2022,22.500614099729795
18097340400,Census Tract 3404; Marion County; Indiana,2023,21.218123297846
18097340500,"Census Tract 3405, Marion County, Indiana",2015,30.00230255583698
18097340500,"Census Tract 3405, Marion County, Indiana",2016,28.735135135135135
18097340500,"Census Tract 3405, Marion County, Indiana",2017,21.93806193806194
18097340500,"Census Tract 3405, Marion County, Indiana",2018,22.003968253968253
18097340500,"Census Tract 3405, Marion County, Indiana",2019,19.495652173913044
18097340500,"Census Tract 3405, Marion County, Indiana",2020,16.617790811339198
18097340500,"Census Tract 3405, Marion County, Indiana",2021,17.792971855620927
18097340500,Census Tract 3405; Marion County; Indiana,2022,32.08087615838247
18097340500,Census Tract 3405; Marion County; Indiana,2023,34.843834627189025
18097340600,"Census Tract 3406, Marion County, Indiana",2015,20.938298649142023
18097340600,"Census Tract 3406, Marion County, Indiana",2016,21.972850678733032
18097340600,"Census Tract 3406, Marion County, Indiana",2017,17.111913357400724
18097340600,"Census Tract 3406, Marion County, Indiana",2018,16.29589437511304
18097340600,"Census Tract 3406, Marion County, Indiana",2019,16.29590395480226
18097340600,"Census Tract 3406, Marion County, Indiana",2020,27.835807220084295
18097340600,"Census Tract 3406, Marion County, Indiana",2021,26.88383747986397
18097340600,Census Tract 3406; Marion County; Indiana,2022,26.18844777645255
18097340600,Census Tract 3406; Marion County; Indiana,2023,31.840626596288097
18097340700,"Census Tract 3407, Marion County, Indiana",2015,32.531555132174326
18097340700,"Census Tract 3407, Marion County, Indiana",2016,30.270906949352177
18097340700,"Census Tract 3407, Marion County, Indiana",2017,29.42624969219404
18097340700,"Census Tract 3407, Marion County, Indiana",2018,30.12652184292194
18097340700,"Census Tract 3407, Marion County, Indiana",2019,30.993745656706047
18097340700,"Census Tract 3407, Marion County, Indiana",2020,27.38436348751535
18097340700,"Census Tract 3407, Marion County, Indiana",2021,30.909873090987308
18097340700,Census Tract 3407; Marion County; Indiana,2022,25.713672461901695
18097340700,Census Tract 3407; Marion County; Indiana,2023,34.52048417132216
18097340800,"Census Tract 3408, Marion County, Indiana",2015,88.45265588914549
18097340800,"Census Tract 3408, Marion County, Indiana",2016,87.12446351931331
18097340800,"Census Tract 3408, Marion County, Indiana",2017,80.87063151440834
18097340800,"Census Tract 3408, Marion County, Indiana",2018,84.29951690821257
18097340800,"Census Tract 3408, Marion County, Indiana",2019,84.87106017191977
18097340800,"Census Tract 3408, Marion County, Indiana",2020,87.630128597672993
18097340800,"Census Tract 3408, Marion County, Indiana",2021,85.38461538461539
18097340800,Census Tract 3408; Marion County; Indiana,2022,82.30039084310441
18097340800,Census Tract 3408; Marion County; Indiana,2023,76.39484978540773
18097340901,"Census Tract 3409.01, Marion County, Indiana",2015,63.96004098360656
18097340901,"Census Tract 3409.01, Marion County, Indiana",2016,61.969532100108815
18097340901,"Census Tract 3409.01, Marion County, Indiana",2017,64.16458159577425
18097340901,"Census Tract 3409.01, Marion County, Indiana",2018,58.37116154873164
18097340901,"Census Tract 3409.01, Marion County, Indiana",2019,53.90218522372528
18097340901,"Census Tract 3409.01, Marion County, Indiana",2020,56.25156602355299
18097340901,"Census Tract 3409.01, Marion County, Indiana",2021,49.11694510739857
18097340901,Census Tract 3409.01; Marion County; Indiana,2022,47.89976133651551
18097340901,Census Tract 3409.01; Marion County; Indiana,2023,44.13296948647978
18097340902,"Census Tract 3409.02, Marion County, Indiana",2015,42.96619411123228
18097340902,"Census Tract 3409.02, Marion County, Indiana",2016,41.79285281647486
18097340902,"Census Tract 3409.02, Marion County, Indiana",2017,45.34606205250597
18097340902,"Census Tract 3409.02, Marion County, Indiana",2018,43.59321015472435
18097340902,"Census Tract 3409.02, Marion County, Indiana",2019,48.4393063583815
18097340902,"Census Tract 3409.02, Marion County, Indiana",2023,53.912418605530725
18097340903,"Census Tract 3409.03, Marion County, Indiana",2020,62.11221122112211
18097340903,"Census Tract 3409.03, Marion County, Indiana",2021,59.445178335535005
18097340903,Census Tract 3409.03; Marion County; Indiana,2022,34.33984606275903
18097340903,Census Tract 3409.03; Marion County; Indiana,2023,35.16785910842047
18097340904,"Census Tract 3409.04, Marion County, Indiana",2020,53.39519190215099
18097340904,"Census Tract 3409.04, Marion County, Indiana",2021,65.68712186689714
18097340904,Census Tract 3409.04; Marion County; Indiana,2022,54.77214101461737
18097340904,Census Tract 3409.04; Marion County; Indiana,2023,49.66144731273805
18097341000,"Census Tract 3410, Marion County, Indiana",2015,94.51612903225806
18097341000,"Census Tract 3410, Marion County, Indiana",2016,88.88888888888889
18097341000,"Census Tract 3410, Marion County, Indiana",2017,84.84848484848484
18097341000,"Census Tract 3410, Marion County, Indiana",2018,85.86894586894587
18097341000,"Census Tract 3410, Marion County, Indiana",2019,83.46409173204587
18097341000,"Census Tract 3410, Marion County, Indiana",2020,85.73185731857319
18097341000,"Census Tract 3410, Marion County, Indiana",2021,91.34125636672326
18097341000,Census Tract 3410; Marion County; Indiana,2022,93.62662154540328
18097341000,Census Tract 3410; Marion County; Indiana,2023,93.54640442532268
18097341100,"Census Tract 3411, Marion County, Indiana",2015,48.14638783269962
18097341100,"Census Tract 3411, Marion County, Indiana",2016,47.73662551440329
18097341100,"Census Tract 3411, Marion County, Indiana",2017,48.779342723004696
18097341100,"Census Tract 3411, Marion County, Indiana",2018,43.57466063348416
18097341100,"Census Tract 3411, Marion County, Indiana",2019,43.03579128934886
18097341100,"Census Tract 3411, Marion County, Indiana",2020,36.01809954751131
18097341100,"Census Tract 3411, Marion County, Indiana",2021,36.80679785330948
18097341100,Census Tract 3411; Marion County; Indiana,2022,40.009866798223975
18097341100,Census Tract 3411; Marion County; Indiana,2023,39.8841139546113
18097341200,"Census Tract 3412, Marion County, Indiana",2015,11.399787910922589
18097341200,"Census Tract 3412, Marion County, Indiana",2016,8.49056603773585
18097341200,"Census Tract 3412, Marion County, Indiana",2017,7.88135593220339
18097341200,"Census Tract 3412, Marion County, Indiana",2018,4.6530284797432815
18097341200,"Census Tract 3412, Marion County, Indiana",2019,4.500818330605565
18097341200,"Census Tract 3412, Marion County, Indiana",2020,7.232584697373429
18097341200,"Census Tract 3412, Marion County, Indiana",2021,8.554319931565441
18097341200,Census Tract 3412; Marion County; Indiana,2022,8.200562324273664
18097341200,Census Tract 3412; Marion County; Indiana,2023,13.600395647873391
18097341600,"Census Tract 3416, Marion County, Indiana",2015,15.36444677503933
18097341600,"Census Tract 3416, Marion County, Indiana",2016,11.400651465798044
18097341600,"Census Tract 3416, Marion County, Indiana",2017,8.890968647636875
18097341600,"Census Tract 3416, Marion County, Indiana",2018,11.030126336248784
18097341600,"Census Tract 3416, Marion County, Indiana",2019,13.45646437994723
18097341600,"Census Tract 3416, Marion County, Indiana",2020,7.112526539278131
18097341600,"Census Tract 3416, Marion County, Indiana",2021,13.800313643491895
18097341600,Census Tract 3416; Marion County; Indiana,2022,17.433155080213904
18097341600,Census Tract 3416; Marion County; Indiana,2023,16.550615961435458
18097341700,"Census Tract 3417, Marion County, Indiana",2015,58.06726266496381
18097341700,"Census Tract 3417, Marion County, Indiana",2016,54.79366402667778
18097341700,"Census Tract 3417, Marion County, Indiana",2017,54.07495538370018
18097341700,"Census Tract 3417, Marion County, Indiana",2018,54.14273995077933
18097341700,"Census Tract 3417, Marion County, Indiana",2019,51.6533169028548
18097341700,"Census Tract 3417, Marion County, Indiana",2023,45.23937114074578
18097341701,"Census Tract 3417.01, Marion County, Indiana",2020,41.38053097345133
18097341701,"Census Tract 3417.01, Marion County, Indiana",2021,35.83938487825716
18097341701,Census Tract 3417.01; Marion County; Indiana,2022,42.2360248447205
18097341701,Census Tract 3417.01; Marion County; Indiana,2023,33.612774451097806
18097341702,"Census Tract 3417.02, Marion County, Indiana",2020,73.17286652078775
18097341702,"Census Tract 3417.02, Marion County, Indiana",2021,82.78546712802768
18097341702,Census Tract 3417.02; Marion County; Indiana,2022,70.6140350877193
18097341702,Census Tract 3417.02; Marion County; Indiana,2023,63.69515011547344
18097341902,"Census Tract 3419.02, Marion County, Indiana",2015,80.53150194087787
18097341902,"Census Tract 3419.02, Marion County, Indiana",2016,78.36552748885588
18097341902,"Census Tract 3419.02, Marion County, Indiana",2017,71.8685223571217
18097341902,"Census Tract 3419.02, Marion County, Indiana",2018,67.97583081570997
18097341902,"Census Tract 3419.02, Marion County, Indiana",2019,69.69032611674432
18097341902,"Census Tract 3419.02, Marion County, Indiana",2020,57.58498224251649
18097341902,"Census Tract 3419.02, Marion County, Indiana",2021,60.83544303797469
18097341902,Census Tract 3419.02; Marion County; Indiana,2022,58.91712182379482
18097341902,Census Tract 3419.02; Marion County; Indiana,2023,55.09478672985782
18097341903,"Census Tract 3419.03, Marion County, Indiana",2015,34.942119323241315
18097341903,"Census Tract 3419.03, Marion County, Indiana",2016,28.057835091832747
18097341903,"Census Tract 3419.03, Marion County, Indiana",2017,21.834625322997415
18097341903,"Census Tract 3419.03, Marion County, Indiana",2018,19.919340697878308
18097341903,"Census Tract 3419.03, Marion County, Indiana",2019,18.001693480101608
18097341903,"Census Tract 3419.03, Marion County, Indiana",2020,12.567750677506774
18097341903,"Census Tract 3419.03, Marion County, Indiana",2021,17.8749397203022
18097341903,Census Tract 3419.03; Marion County; Indiana,2022,25.250501002004007
18097341903,Census Tract 3419.03; Marion County; Indiana,2023,24.461456293395052
18097341904,"Census Tract 3419.04, Marion County, Indiana",2015,22.283901665344963
18097341904,"Census Tract 3419.04, Marion County, Indiana",2016,23.71847030105777
18097341904,"Census Tract 3419.04, Marion County, Indiana",2017,24.176260420801903
18097341904,"Census Tract 3419.04, Marion County, Indiana",2018,20.97989949748744
18097341904,"Census Tract 3419.04, Marion County, Indiana",2019,23.594080338266384
18097341904,"Census Tract 3419.04, Marion County, Indiana",2020,23.172550969666833
18097341904,"Census Tract 3419.04, Marion County, Indiana",2021,22.14101461736887
18097341904,Census Tract 3419.04; Marion County; Indiana,2022,28.10834813499112
18097341904,Census Tract 3419.04; Marion County; Indiana,2023,26.48482182138143
18097342000,"Census Tract 3420, Marion County, Indiana",2015,46.079561833381376
18097342000,"Census Tract 3420, Marion County, Indiana",2016,46.78978502380609
18097342000,"Census Tract 3420, Marion County, Indiana",2017,47.26511762159042
18097342000,"Census Tract 3420, Marion County, Indiana",2018,43.61233480176212
18097342000,"Census Tract 3420, Marion County, Indiana",2019,45.5842997323818
18097342000,"Census Tract 3420, Marion County, Indiana",2020,38.30233953209358
18097342000,"Census Tract 3420, Marion County, Indiana",2021,35.12307470850727
18097342000,Census Tract 3420; Marion County; Indiana,2022,46.810983582740086
18097342000,Census Tract 3420; Marion County; Indiana,2023,42.94774992449411
18097342101,"Census Tract 3421.01, Marion County, Indiana",2015,54.07313540912382
18097342101,"Census Tract 3421.01, Marion County, Indiana",2016,55.47299746284886
18097342101,"Census Tract 3421.01, Marion County, Indiana",2017,50.63159716213878
18097342101,"Census Tract 3421.01, Marion County, Indiana",2018,54.52305526223161
18097342101,"Census Tract 3421.01, Marion County, Indiana",2019,47.66305313666252
18097342101,"Census Tract 3421.01, Marion County, Indiana",2020,53.07665260196906
18097342101,"Census Tract 3421.01, Marion County, Indiana",2021,50.11139674378749
18097342101,Census Tract 3421.01; Marion County; Indiana,2022,51.96284612688398
18097342101,Census Tract 3421.01; Marion County; Indiana,2023,37.63385146804836
18097342200,"Census Tract 3422, Marion County, Indiana",2015,63.90964069726076
18097342200,"Census Tract 3422, Marion County, Indiana",2016,60.458793542905696
18097342200,"Census Tract 3422, Marion County, Indiana",2017,57.60027543467034
18097342200,"Census Tract 3422, Marion County, Indiana",2018,57.24991286162426
18097342200,"Census Tract 3422, Marion County, Indiana",2019,52.90108353722475
18097342200,"Census Tract 3422, Marion County, Indiana",2020,57.53112396984043
18097342200,"Census Tract 3422, Marion County, Indiana",2021,52.73198740507502
18097342200,Census Tract 3422; Marion County; Indiana,2022,48.36589698046181
18097342200,Census Tract 3422; Marion County; Indiana,2023,37.321830457614404
18097342300,"Census Tract 3423, Marion County, Indiana",2015,73.17851959361393
18097342300,"Census Tract 3423, Marion County, Indiana",2016,70.8963745361119
18097342300,"Census Tract 3423, Marion County, Indiana",2017,77.97482837528604
18097342300,"Census Tract 3423, Marion County, Indiana",2018,77.8646217372069
18097342300,"Census Tract 3423, Marion County, Indiana",2019,81.98377468238175
18097342300,"Census Tract 3423, Marion County, Indiana",2020,70.84456424079066
18097342300,"Census Tract 3423, Marion County, Indiana",2021,67.96702487855146
18097342300,Census Tract 3423; Marion County; Indiana,2022,68.87903349135954
18097342300,Census Tract 3423; Marion County; Indiana,2023,61.393003466750706
18097342400,"Census Tract 3424, Marion County, Indiana",2015,90.71510957324108
18097342400,"Census Tract 3424, Marion County, Indiana",2016,92.02621518296012
18097342400,"Census Tract 3424, Marion County, Indiana",2017,97.54601226993866
18097342400,"Census Tract 3424, Marion County, Indiana",2018,88.71080139372822
18097342400,"Census Tract 3424, Marion County, Indiana",2019,86.67091836734694
18097342400,"Census Tract 3424, Marion County, Indiana",2020,82.98835705045278
18097342400,"Census Tract 3424, Marion County, Indiana",2021,76.95473251028807
18097342400,Census Tract 3424; Marion County; Indiana,2022,70.94386181369525
18097342400,Census Tract 3424; Marion County; Indiana,2023,70.06410256410257
18097342500,"Census Tract 3425, Marion County, Indiana",2015,71.66354361857172
18097342500,"Census Tract 3425, Marion County, Indiana",2016,70.76146403029028
18097342500,"Census Tract 3425, Marion County, Indiana",2017,67.40591397849462
18097342500,"Census Tract 3425, Marion County, Indiana",2018,61.71758171330912
18097342500,"Census Tract 3425, Marion County, Indiana",2019,57.31958762886598
18097342500,"Census Tract 3425, Marion County, Indiana",2020,62.14811606756171
18097342500,"Census Tract 3425, Marion County, Indiana",2021,59.93647012110383
18097342500,Census Tract 3425; Marion County; Indiana,2022,65.3702612453349
18097342500,Census Tract 3425; Marion County; Indiana,2023,57.32421875
18097342600,"Census Tract 3426, Marion County, Indiana",2015,49.59417856143297
18097342600,"Census Tract 3426, Marion County, Indiana",2016,51.16417910447761
18097342600,"Census Tract 3426, Marion County, Indiana",2017,52.333136444181925
18097342600,"Census Tract 3426, Marion County, Indiana",2018,49.18454935622318
18097342600,"Census Tract 3426, Marion County, Indiana",2019,47.68370607028754
18097342600,"Census Tract 3426, Marion County, Indiana",2020,53.888888888888886
18097342600,"Census Tract 3426, Marion County, Indiana",2021,55.46897546897547
18097342600,Census Tract 3426; Marion County; Indiana,2022,57.13878597891137
18097342600,Census Tract 3426; Marion County; Indiana,2023,57.58377425044092
18097350100,"Census Tract 3501, Marion County, Indiana",2015,17.024539877300615
18097350100,"Census Tract 3501, Marion County, Indiana",2016,14.454976303317537
18097350100,"Census Tract 3501, Marion County, Indiana",2017,14.636209813874787
18097350100,"Census Tract 3501, Marion County, Indiana",2018,14.737654320987655
18097350100,"Census Tract 3501, Marion County, Indiana",2019,13.206046141607
18097350100,"Census Tract 3501, Marion County, Indiana",2020,10.16679904686259
18097350100,"Census Tract 3501, Marion County, Indiana",2021,16.06749816581071
18097350100,Census Tract 3501; Marion County; Indiana,2022,24.65753424657534
18097350100,Census Tract 3501; Marion County; Indiana,2023,25
18097350300,"Census Tract 3503, Marion County, Indiana",2015,22.128712871287128
18097350300,"Census Tract 3503, Marion County, Indiana",2016,19.677419354838708
18097350300,"Census Tract 3503, Marion County, Indiana",2017,23.769457299116535
18097350300,"Census Tract 3503, Marion County, Indiana",2018,25.18811881188119
18097350300,"Census Tract 3503, Marion County, Indiana",2019,27.784245246410556
18097350300,"Census Tract 3503, Marion County, Indiana",2020,20.349344978165934
18097350300,"Census Tract 3503, Marion County, Indiana",2021,36.44752018454441
18097350300,Census Tract 3503; Marion County; Indiana,2022,23.10149041873669
18097350300,Census Tract 3503; Marion County; Indiana,2023,23.65290412876137
18097350400,"Census Tract 3504, Marion County, Indiana",2015,25.676176361615415
18097350400,"Census Tract 3504, Marion County, Indiana",2016,27.56598240469208
18097350400,"Census Tract 3504, Marion County, Indiana",2017,27.059235892043464
18097350400,"Census Tract 3504, Marion County, Indiana",2018,26.112656467315716
18097350400,"Census Tract 3504, Marion County, Indiana",2019,32.04704152884969
18097350400,"Census Tract 3504, Marion County, Indiana",2020,34.395393474088294
18097350400,"Census Tract 3504, Marion County, Indiana",2021,42.56214149139579
18097350400,Census Tract 3504; Marion County; Indiana,2022,42.55832662912309
18097350400,Census Tract 3504; Marion County; Indiana,2023,46.51898734177215
18097350500,"Census Tract 3505, Marion County, Indiana",2015,1.0402532790592491
18097350500,"Census Tract 3505, Marion County, Indiana",2016,0.8907641819034224
18097350500,"Census Tract 3505, Marion County, Indiana",2017,1.5938069216757742
18097350500,"Census Tract 3505, Marion County, Indiana",2018,4.951370468611848
18097350500,"Census Tract 3505, Marion County, Indiana",2019,7.155963302752293
18097350500,"Census Tract 3505, Marion County, Indiana",2020,6.431273644388399
18097350500,"Census Tract 3505, Marion County, Indiana",2021,10.459183673469388
18097350500,Census Tract 3505; Marion County; Indiana,2022,11.786912751677852
18097350500,Census Tract 3505; Marion County; Indiana,2023,16.290480863591757
18097350600,"Census Tract 3506, Marion County, Indiana",2015,5.612963832785345
18097350600,"Census Tract 3506, Marion County, Indiana",2016,6.160531697341513
18097350600,"Census Tract 3506, Marion County, Indiana",2017,6.1462205700123915
18097350600,"Census Tract 3506, Marion County, Indiana",2018,3.6802030456852792
18097350600,"Census Tract 3506, Marion County, Indiana",2019,7.889805097451275
18097350600,"Census Tract 3506, Marion County, Indiana",2020,5.9263311451495255
18097350600,"Census Tract 3506, Marion County, Indiana",2021,5.173062452972159
18097350600,Census Tract 3506; Marion County; Indiana,2022,4.615100609193281
18097350600,Census Tract 3506; Marion County; Indiana,2023,4.400880176035207
18097350700,"Census Tract 3507, Marion County, Indiana",2015,1.9457956914523975
18097350700,"Census Tract 3507, Marion County, Indiana",2016,1.5037593984962403
18097350700,"Census Tract 3507, Marion County, Indiana",2017,1.4989293361884368
18097350700,"Census Tract 3507, Marion County, Indiana",2018,3.513909224011713
18097350700,"Census Tract 3507, Marion County, Indiana",2019,7.774968394437421
18097350700,"Census Tract 3507, Marion County, Indiana",2020,6.190172303765157
18097350700,"Census Tract 3507, Marion County, Indiana",2021,5.600933488914819
18097350700,Census Tract 3507; Marion County; Indiana,2022,8.526645768025078
18097350700,Census Tract 3507; Marion County; Indiana,2023,8.188446438586652
18097350800,"Census Tract 3508, Marion County, Indiana",2015,3.7153088630259625
18097350800,"Census Tract 3508, Marion County, Indiana",2016,3.4692920768870135
18097350800,"Census Tract 3508, Marion County, Indiana",2017,2.4757281553398056
18097350800,"Census Tract 3508, Marion County, Indiana",2018,2.1638330757341575
18097350800,"Census Tract 3508, Marion County, Indiana",2019,2.818489289740699
18097350800,"Census Tract 3508, Marion County, Indiana",2020,11.691542288557214
18097350800,"Census Tract 3508, Marion County, Indiana",2021,11.403018446059251
18097350800,Census Tract 3508; Marion County; Indiana,2022,9.61904761904762
18097350800,Census Tract 3508; Marion County; Indiana,2023,9.21280276816609
18097350900,"Census Tract 3509, Marion County, Indiana",2015,17.7891654465593
18097350900,"Census Tract 3509, Marion County, Indiana",2016,25.40381791483113
18097350900,"Census Tract 3509, Marion County, Indiana",2017,29.900990099009903
18097350900,"Census Tract 3509, Marion County, Indiana",2018,27.937158469945356
18097350900,"Census Tract 3509, Marion County, Indiana",2019,30.2504816955684
18097350900,"Census Tract 3509, Marion County, Indiana",2020,40.26354319180088
18097350900,"Census Tract 3509, Marion County, Indiana",2021,34.465086483023704
18097350900,Census Tract 3509; Marion County; Indiana,2022,42.65895953757225
18097350900,Census Tract 3509; Marion County; Indiana,2023,44.61028192371476
18097351000,"Census Tract 3510, Marion County, Indiana",2015,28.1640625
18097351000,"Census Tract 3510, Marion County, Indiana",2016,28.189220628150444
18097351000,"Census Tract 3510, Marion County, Indiana",2017,27.876682587928787
18097351000,"Census Tract 3510, Marion County, Indiana",2018,21.53484729835552
18097351000,"Census Tract 3510, Marion County, Indiana",2019,24.083969465648856
18097351000,"Census Tract 3510, Marion County, Indiana",2020,33.49942506707551
18097351000,"Census Tract 3510, Marion County, Indiana",2021,41.48089171974522
18097351000,Census Tract 3510; Marion County; Indiana,2022,52.298136645962735
18097351000,Census Tract 3510; Marion County; Indiana,2023,48.72173058013766
18097351200,"Census Tract 3512, Marion County, Indiana",2015,6.172328086164043
18097351200,"Census Tract 3512, Marion County, Indiana",2016,4.3070362473347545
18097351200,"Census Tract 3512, Marion County, Indiana",2017,2.921535893155258
18097351200,"Census Tract 3512, Marion County, Indiana",2018,1.6646848989298455
18097351200,"Census Tract 3512, Marion County, Indiana",2019,2.490706319702602
18097351200,"Census Tract 3512, Marion County, Indiana",2020,4.705459770114943
18097351200,"Census Tract 3512, Marion County, Indiana",2021,5.927112535042051
18097351200,Census Tract 3512; Marion County; Indiana,2022,7.957462412907957
18097351200,Census Tract 3512; Marion County; Indiana,2023,12.364512244078684
18097351500,"Census Tract 3515, Marion County, Indiana",2015,24.529316837009144
18097351500,"Census Tract 3515, Marion County, Indiana",2016,23.87669801462905
18097351500,"Census Tract 3515, Marion County, Indiana",2017,25.564334085778786
18097351500,"Census Tract 3515, Marion County, Indiana",2018,25.567010309278352
18097351500,"Census Tract 3515, Marion County, Indiana",2019,30.344827586206897
18097351500,"Census Tract 3515, Marion County, Indiana",2020,43.37568058076225
18097351500,"Census Tract 3515, Marion County, Indiana",2021,38.95870736086176
18097351500,Census Tract 3515; Marion County; Indiana,2022,41.02175012645422
18097351500,Census Tract 3515; Marion County; Indiana,2023,47.26952436876101
18097351600,"Census Tract 3516, Marion County, Indiana",2015,58.30373001776199
18097351600,"Census Tract 3516, Marion County, Indiana",2016,61.36054421768708
18097351600,"Census Tract 3516, Marion County, Indiana",2017,61.70303808301241
18097351600,"Census Tract 3516, Marion County, Indiana",2018,60.59829059829059
18097351600,"Census Tract 3516, Marion County, Indiana",2019,63.0062630480167
18097351600,"Census Tract 3516, Marion County, Indiana",2020,70.50528789659225
18097351600,"Census Tract 3516, Marion County, Indiana",2021,68.88804265041888
18097351600,Census Tract 3516; Marion County; Indiana,2022,71.95828505214368
18097351600,Census Tract 3516; Marion County; Indiana,2023,78.84979190314037
18097351700,"Census Tract 3517, Marion County, Indiana",2015,27.77777777777778
18097351700,"Census Tract 3517, Marion County, Indiana",2016,33.71603520857252
18097351700,"Census Tract 3517, Marion County, Indiana",2017,31.599081866870694
18097351700,"Census Tract 3517, Marion County, Indiana",2018,35.33163265306123
18097351700,"Census Tract 3517, Marion County, Indiana",2019,37.18723037100949
18097351700,"Census Tract 3517, Marion County, Indiana",2020,50.96827358879275
18097351700,"Census Tract 3517, Marion County, Indiana",2021,41.600995437577765
18097351700,Census Tract 3517; Marion County; Indiana,2022,45.60669456066945
18097351700,Census Tract 3517; Marion County; Indiana,2023,45.8302852962692
18097351900,"Census Tract 3519, Marion County, Indiana",2015,1.8908465835840136
18097351900,"Census Tract 3519, Marion County, Indiana",2016,3.3003300330033003
18097351900,"Census Tract 3519, Marion County, Indiana",2017,3.2206119162640903
18097351900,"Census Tract 3519, Marion County, Indiana",2018,4.909240924092409
18097351900,"Census Tract 3519, Marion County, Indiana",2019,4.2958535674262235
18097351900,"Census Tract 3519, Marion County, Indiana",2020,5.399239543726236
18097351900,"Census Tract 3519, Marion County, Indiana",2021,2.1669341894060996
18097351900,Census Tract 3519; Marion County; Indiana,2022,3.579519710013593
18097351900,Census Tract 3519; Marion County; Indiana,2023,4.681724845995893
18097352100,"Census Tract 3521, Marion County, Indiana",2015,7.789580171977744
18097352100,"Census Tract 3521, Marion County, Indiana",2016,6.095143706640238
18097352100,"Census Tract 3521, Marion County, Indiana",2017,9.378036929057338
18097352100,"Census Tract 3521, Marion County, Indiana",2018,9.88593155893536
18097352100,"Census Tract 3521, Marion County, Indiana",2019,15.292897874546398
18097352100,"Census Tract 3521, Marion County, Indiana",2020,16.22002820874471
18097352100,"Census Tract 3521, Marion County, Indiana",2021,24.195121951219512
18097352100,Census Tract 3521; Marion County; Indiana,2022,18.522372528616025
18097352100,Census Tract 3521; Marion County; Indiana,2023,18.391393442622952
18097352300,"Census Tract 3523, Marion County, Indiana",2015,8.04248861911988
18097352300,"Census Tract 3523, Marion County, Indiana",2016,9.150865622423742
18097352300,"Census Tract 3523, Marion County, Indiana",2017,13.379073756432248
18097352300,"Census Tract 3523, Marion County, Indiana",2018,12.320143884892088
18097352300,"Census Tract 3523, Marion County, Indiana",2019,13.394495412844035
18097352300,"Census Tract 3523, Marion County, Indiana",2020,11.071428571428571
18097352300,"Census Tract 3523, Marion County, Indiana",2021,9.857978279030911
18097352300,Census Tract 3523; Marion County; Indiana,2022,5.902192242833053
18097352300,Census Tract 3523; Marion County; Indiana,2023,3.8616251005631534
18097352400,"Census Tract 3524, Marion County, Indiana",2015,52.47305009511731
18097352400,"Census Tract 3524, Marion County, Indiana",2016,49.34333958724203
18097352400,"Census Tract 3524, Marion County, Indiana",2017,56.25
18097352400,"Census Tract 3524, Marion County, Indiana",2018,45.97774244833068
18097352400,"Census Tract 3524, Marion County, Indiana",2019,40.13328396890041
18097352400,"Census Tract 3524, Marion County, Indiana",2020,36.635384080639554
18097352400,"Census Tract 3524, Marion County, Indiana",2021,33.102826217678896
18097352400,Census Tract 3524; Marion County; Indiana,2022,28.36495031616983
18097352400,Census Tract 3524; Marion County; Indiana,2023,27.88376871147637
18097352500,"Census Tract 3525, Marion County, Indiana",2015,72.52396166134186
18097352500,"Census Tract 3525, Marion County, Indiana",2016,78.03030303030303
18097352500,"Census Tract 3525, Marion County, Indiana",2017,72.29129662522203
18097352500,"Census Tract 3525, Marion County, Indiana",2018,71.80633147113593
18097352500,"Census Tract 3525, Marion County, Indiana",2019,72.3261560183551
18097352500,"Census Tract 3525, Marion County, Indiana",2020,79.04091213950369
18097352500,"Census Tract 3525, Marion County, Indiana",2021,75.08394895903291
18097352500,Census Tract 3525; Marion County; Indiana,2022,64.91669286387928
18097352500,Census Tract 3525; Marion County; Indiana,2023,59.46624803767661
18097352600,"Census Tract 3526, Marion County, Indiana",2015,51.81992337164751
18097352600,"Census Tract 3526, Marion County, Indiana",2016,42.95405488744989
18097352600,"Census Tract 3526, Marion County, Indiana",2017,40.80257762155829
18097352600,"Census Tract 3526, Marion County, Indiana",2018,41.64726426076834
18097352600,"Census Tract 3526, Marion County, Indiana",2019,39.3080904385726
18097352600,"Census Tract 3526, Marion County, Indiana",2020,40.296052631578945
18097352600,"Census Tract 3526, Marion County, Indiana",2021,48.35654596100279
18097352600,Census Tract 3526; Marion County; Indiana,2022,45.20231213872832
18097352600,Census Tract 3526; Marion County; Indiana,2023,41.21168582375479
18097352700,"Census Tract 3527, Marion County, Indiana",2015,55.173775671406005
18097352700,"Census Tract 3527, Marion County, Indiana",2016,56.377759607522485
18097352700,"Census Tract 3527, Marion County, Indiana",2017,61.08257605689451
18097352700,"Census Tract 3527, Marion County, Indiana",2018,57.21021611001965
18097352700,"Census Tract 3527, Marion County, Indiana",2019,50.92295345104334
18097352700,"Census Tract 3527, Marion County, Indiana",2020,42.40331491712707
18097352700,"Census Tract 3527, Marion County, Indiana",2021,45.1145958986731
18097352700,Census Tract 3527; Marion County; Indiana,2022,60.38461538461539
18097352700,Census Tract 3527; Marion County; Indiana,2023,67.90994623655914
18097352800,"Census Tract 3528, Marion County, Indiana",2015,10.45751633986928
18097352800,"Census Tract 3528, Marion County, Indiana",2016,15.634218289085544
18097352800,"Census Tract 3528, Marion County, Indiana",2017,12.97709923664122
18097352800,"Census Tract 3528, Marion County, Indiana",2018,14.014014014014014
18097352800,"Census Tract 3528, Marion County, Indiana",2019,12.452830188679243
18097352800,"Census Tract 3528, Marion County, Indiana",2020,15.019762845849804
18097352800,"Census Tract 3528, Marion County, Indiana",2021,15.281076801266826
18097352800,Census Tract 3528; Marion County; Indiana,2022,19.370294318959616
18097352800,Census Tract 3528; Marion County; Indiana,2023,18.64520456069752
18097353300,"Census Tract 3533, Marion County, Indiana",2015,67.16577540106952
18097353300,"Census Tract 3533, Marion County, Indiana",2016,67.19353705655075
18097353300,"Census Tract 3533, Marion County, Indiana",2017,68.0225988700565
18097353300,"Census Tract 3533, Marion County, Indiana",2018,73.50249584026622
18097353300,"Census Tract 3533, Marion County, Indiana",2019,73.19289549772822
18097353300,"Census Tract 3533, Marion County, Indiana",2020,72.9895104895105
18097353300,"Census Tract 3533, Marion County, Indiana",2021,74.59119496855345
18097353300,Census Tract 3533; Marion County; Indiana,2022,75.98858540562577
18097353300,Census Tract 3533; Marion County; Indiana,2023,76.89471528062269
18097353500,"Census Tract 3535, Marion County, Indiana",2015,37.09126403123475
18097353500,"Census Tract 3535, Marion County, Indiana",2016,38.04670912951168
18097353500,"Census Tract 3535, Marion County, Indiana",2017,43.3969769291965
18097353500,"Census Tract 3535, Marion County, Indiana",2018,41.713147410358566
18097353500,"Census Tract 3535, Marion County, Indiana",2019,45.09884678747941
18097353500,"Census Tract 3535, Marion County, Indiana",2020,49.85287936107608
18097353500,"Census Tract 3535, Marion County, Indiana",2021,48.57667584940312
18097353500,Census Tract 3535; Marion County; Indiana,2022,50.815850815850816
18097353500,Census Tract 3535; Marion County; Indiana,2023,46.18789965568126
18097353600,"Census Tract 3536, Marion County, Indiana",2015,26.052188552188554
18097353600,"Census Tract 3536, Marion County, Indiana",2016,24.279661016949152
18097353600,"Census Tract 3536, Marion County, Indiana",2017,23.75946173254836
18097353600,"Census Tract 3536, Marion County, Indiana",2018,27.10997442455243
18097353600,"Census Tract 3536, Marion County, Indiana",2019,24.631646380525304
18097353600,"Census Tract 3536, Marion County, Indiana",2020,23.5
18097353600,"Census Tract 3536, Marion County, Indiana",2021,26.540993417115494
18097353600,Census Tract 3536; Marion County; Indiana,2022,30.162013098931403
18097353600,Census Tract 3536; Marion County; Indiana,2023,27.54863813229572
18097354200,"Census Tract 3542, Marion County, Indiana",2015,64.44339325134027
18097354200,"Census Tract 3542, Marion County, Indiana",2016,62.62656343061346
18097354200,"Census Tract 3542, Marion County, Indiana",2017,64.87474610697359
18097354200,"Census Tract 3542, Marion County, Indiana",2018,62.295081967213115
18097354200,"Census Tract 3542, Marion County, Indiana",2019,61.87515858919056
18097354200,"Census Tract 3542, Marion County, Indiana",2023,59.306923927040856
18097354201,"Census Tract 3542.01, Marion County, Indiana",2020,65.20338300443012
18097354201,"Census Tract 3542.01, Marion County, Indiana",2021,63.20425766195632
18097354201,Census Tract 3542.01; Marion County; Indiana,2022,65.68172224567328
18097354201,Census Tract 3542.01; Marion County; Indiana,2023,64.49422946367956
18097354202,"Census Tract 3542.02, Marion County, Indiana",2020,63.530812741887466
18097354202,"Census Tract 3542.02, Marion County, Indiana",2021,68.92888757745648
18097354202,Census Tract 3542.02; Marion County; Indiana,2022,69.07126168224299
18097354202,Census Tract 3542.02; Marion County; Indiana,2023,68.77384196185287
18097354400,"Census Tract 3544, Marion County, Indiana",2015,70.00736919675755
18097354400,"Census Tract 3544, Marion County, Indiana",2016,68.39945280437756
18097354400,"Census Tract 3544, Marion County, Indiana",2017,73.35664335664336
18097354400,"Census Tract 3544, Marion County, Indiana",2018,69.87951807228916
18097354400,"Census Tract 3544, Marion County, Indiana",2019,72.84595300261097
18097354400,"Census Tract 3544, Marion County, Indiana",2020,79.06675307841867
18097354400,"Census Tract 3544, Marion County, Indiana",2021,83.15935977731385
18097354400,Census Tract 3544; Marion County; Indiana,2022,82.48226950354609
18097354400,Census Tract 3544; Marion County; Indiana,2023,86.6943866943867
18097354500,"Census Tract 3545, Marion County, Indiana",2015,71.63947163947164
18097354500,"Census Tract 3545, Marion County, Indiana",2016,72.75565964090555
18097354500,"Census Tract 3545, Marion County, Indiana",2017,71.96414017929911
18097354500,"Census Tract 3545, Marion County, Indiana",2018,70.12302284710017
18097354500,"Census Tract 3545, Marion County, Indiana",2019,72.36276849642005
18097354500,"Census Tract 3545, Marion County, Indiana",2020,68.17988969028426
18097354500,"Census Tract 3545, Marion County, Indiana",2021,63.80395683453237
18097354500,Census Tract 3545; Marion County; Indiana,2022,60.80231996133398
18097354500,Census Tract 3545; Marion County; Indiana,2023,67.4015748031496
18097354700,"Census Tract 3547, Marion County, Indiana",2015,45.154343144292895
18097354700,"Census Tract 3547, Marion County, Indiana",2016,40.14598540145985
18097354700,"Census Tract 3547, Marion County, Indiana",2017,34.893048128342244
18097354700,"Census Tract 3547, Marion County, Indiana",2018,34.88215488215488
18097354700,"Census Tract 3547, Marion County, Indiana",2019,34.92670490758445
18097354700,"Census Tract 3547, Marion County, Indiana",2020,42.73615635179153
18097354700,"Census Tract 3547, Marion County, Indiana",2021,39.27576601671309
18097354700,Census Tract 3547; Marion County; Indiana,2022,38.14016172506739
18097354700,Census Tract 3547; Marion County; Indiana,2023,45.04041146216018
18097354800,"Census Tract 3548, Marion County, Indiana",2015,43.97905759162304
18097354800,"Census Tract 3548, Marion County, Indiana",2016,34.922680412371136
18097354800,"Census Tract 3548, Marion County, Indiana",2017,35.77732518669382
18097354800,"Census Tract 3548, Marion County, Indiana",2018,35.2901934623082
18097354800,"Census Tract 3548, Marion County, Indiana",2019,34.888888888888886
18097354800,"Census Tract 3548, Marion County, Indiana",2020,27.44991878722252
18097354800,"Census Tract 3548, Marion County, Indiana",2021,39.15915915915916
18097354800,Census Tract 3548; Marion County; Indiana,2022,34.32754880694143
18097354800,Census Tract 3548; Marion County; Indiana,2023,36.55502392344498
18097354900,"Census Tract 3549, Marion County, Indiana",2015,38.45029239766082
18097354900,"Census Tract 3549, Marion County, Indiana",2016,44.06654343807764
18097354900,"Census Tract 3549, Marion County, Indiana",2017,43.21120689655172
18097354900,"Census Tract 3549, Marion County, Indiana",2018,39.49238578680203
18097354900,"Census Tract 3549, Marion County, Indiana",2019,39.37232524964337
18097354900,"Census Tract 3549, Marion County, Indiana",2020,43.81720430107527
18097354900,"Census Tract 3549, Marion County, Indiana",2021,40.3282532239156
18097354900,Census Tract 3549; Marion County; Indiana,2022,37.17693836978131
18097354900,Census Tract 3549; Marion County; Indiana,2023,34.21480878763222
18097355000,"Census Tract 3550, Marion County, Indiana",2015,52.72727272727273
18097355000,"Census Tract 3550, Marion County, Indiana",2016,43.00402324541797
18097355000,"Census Tract 3550, Marion County, Indiana",2017,48.17232375979112
18097355000,"Census Tract 3550, Marion County, Indiana",2018,47.224709042076995
18097355000,"Census Tract 3550, Marion County, Indiana",2019,53.87403715450838
18097355000,"Census Tract 3550, Marion County, Indiana",2020,44.327639071397286
18097355000,"Census Tract 3550, Marion County, Indiana",2021,53.2302092811647
18097355000,Census Tract 3550; Marion County; Indiana,2022,47.612612612612615
18097355000,Census Tract 3550; Marion County; Indiana,2023,43.05293005671078
18097355100,"Census Tract 3551, Marion County, Indiana",2015,58.77053524112347
18097355100,"Census Tract 3551, Marion County, Indiana",2016,52.55102040816327
18097355100,"Census Tract 3551, Marion County, Indiana",2017,41.80602006688963
18097355100,"Census Tract 3551, Marion County, Indiana",2018,38.397328881469114
18097355100,"Census Tract 3551, Marion County, Indiana",2019,34.14763674986723
18097355100,"Census Tract 3551, Marion County, Indiana",2020,39.22796035472092
18097355100,"Census Tract 3551, Marion County, Indiana",2021,41.129411764705885
18097355100,Census Tract 3551; Marion County; Indiana,2022,49.30388862217955
18097355100,Census Tract 3551; Marion County; Indiana,2023,53.24873096446701
18097355300,"Census Tract 3553, Marion County, Indiana",2015,72.30586370839937
18097355300,"Census Tract 3553, Marion County, Indiana",2016,71.02473498233215
18097355300,"Census Tract 3553, Marion County, Indiana",2017,74.26308842938847
18097355300,"Census Tract 3553, Marion County, Indiana",2018,69.99575010624734
18097355300,"Census Tract 3553, Marion County, Indiana",2019,62.91995022812111
18097355300,"Census Tract 3553, Marion County, Indiana",2020,61.25101543460601
18097355300,"Census Tract 3553, Marion County, Indiana",2021,60.20942408376963
18097355300,Census Tract 3553; Marion County; Indiana,2022,57.018584420719655
18097355300,Census Tract 3553; Marion County; Indiana,2023,61.56599552572707
18097355400,"Census Tract 3554, Marion County, Indiana",2015,51.41479099678457
18097355400,"Census Tract 3554, Marion County, Indiana",2016,54.027303754266214
18097355400,"Census Tract 3554, Marion County, Indiana",2017,57.516802263883974
18097355400,"Census Tract 3554, Marion County, Indiana",2018,61.58450704225352
18097355400,"Census Tract 3554, Marion County, Indiana",2019,61.300813008130085
18097355400,"Census Tract 3554, Marion County, Indiana",2020,57.62657207352467
18097355400,"Census Tract 3554, Marion County, Indiana",2021,56.98005698005698
18097355400,Census Tract 3554; Marion County; Indiana,2022,55.12820512820513
18097355400,Census Tract 3554; Marion County; Indiana,2023,50.11047282368537
18097355500,"Census Tract 3555, Marion County, Indiana",2015,73.57995921934169
18097355500,"Census Tract 3555, Marion County, Indiana",2016,75.71152252003316
18097355500,"Census Tract 3555, Marion County, Indiana",2017,76.67864050842775
18097355500,"Census Tract 3555, Marion County, Indiana",2018,75.0402576489533
18097355500,"Census Tract 3555, Marion County, Indiana",2019,74.41220610305153
18097355500,"Census Tract 3555, Marion County, Indiana",2020,74.3862134088763
18097355500,"Census Tract 3555, Marion County, Indiana",2021,71.91747572815534
18097355500,Census Tract 3555; Marion County; Indiana,2022,72.73587136438874
18097355500,Census Tract 3555; Marion County; Indiana,2023,80.24285352896534
18097355600,"Census Tract 3556, Marion County, Indiana",2015,60.7361963190184
18097355600,"Census Tract 3556, Marion County, Indiana",2016,54.83351235230934
18097355600,"Census Tract 3556, Marion County, Indiana",2017,54.79744136460555
18097355600,"Census Tract 3556, Marion County, Indiana",2018,51.07913669064748
18097355600,"Census Tract 3556, Marion County, Indiana",2019,56.24096385542169
18097355600,"Census Tract 3556, Marion County, Indiana",2020,47.868396663577386
18097355600,"Census Tract 3556, Marion County, Indiana",2021,46.000903750564845
18097355600,Census Tract 3556; Marion County; Indiana,2022,41.23901987979658
18097355600,Census Tract 3556; Marion County; Indiana,2023,41.05747126436781
18097355700,"Census Tract 3557, Marion County, Indiana",2015,67.54627806222922
18097355700,"Census Tract 3557, Marion County, Indiana",2016,64.87747957992998
18097355700,"Census Tract 3557, Marion County, Indiana",2017,70.33450704225352
18097355700,"Census Tract 3557, Marion County, Indiana",2018,68.80400181900865
18097355700,"Census Tract 3557, Marion County, Indiana",2019,75.08196721311475
18097355700,"Census Tract 3557, Marion County, Indiana",2020,77.59651984774334
18097355700,"Census Tract 3557, Marion County, Indiana",2021,69.25777331995988
18097355700,Census Tract 3557; Marion County; Indiana,2022,71.77862272919307
18097355700,Census Tract 3557; Marion County; Indiana,2023,73.26869806094183
18097355900,"Census Tract 3559, Marion County, Indiana",2015,78.62397230636088
18097355900,"Census Tract 3559, Marion County, Indiana",2016,81.78603006189213
18097355900,"Census Tract 3559, Marion County, Indiana",2017,79.82022471910112
18097355900,"Census Tract 3559, Marion County, Indiana",2018,84.12037037037037
18097355900,"Census Tract 3559, Marion County, Indiana",2019,82.73838630806846
18097355900,"Census Tract 3559, Marion County, Indiana",2020,83.40184994861254
18097355900,"Census Tract 3559, Marion County, Indiana",2021,85.41048466864491
18097355900,Census Tract 3559; Marion County; Indiana,2022,86.4463601532567
18097355900,Census Tract 3559; Marion County; Indiana,2023,81.21873578899499
18097356200,"Census Tract 3562, Marion County, Indiana",2015,54.52517527087317
18097356200,"Census Tract 3562, Marion County, Indiana",2016,52.175141242937855
18097356200,"Census Tract 3562, Marion County, Indiana",2017,53.210293735378215
18097356200,"Census Tract 3562, Marion County, Indiana",2018,53.72432566196486
18097356200,"Census Tract 3562, Marion County, Indiana",2019,54.618768328445746
18097356200,"Census Tract 3562, Marion County, Indiana",2020,51.79292329612919
18097356200,"Census Tract 3562, Marion County, Indiana",2021,51.87935034802784
18097356200,Census Tract 3562; Marion County; Indiana,2022,53.11355311355312
18097356200,Census Tract 3562; Marion County; Indiana,2023,51.48157070585401
18097356400,"Census Tract 3564, Marion County, Indiana",2015,62.744090441932165
18097356400,"Census Tract 3564, Marion County, Indiana",2016,59.79254136823907
18097356400,"Census Tract 3564, Marion County, Indiana",2017,58.02285146547442
18097356400,"Census Tract 3564, Marion County, Indiana",2018,51.065054691997695
18097356400,"Census Tract 3564, Marion County, Indiana",2019,45.32563025210085
18097356400,"Census Tract 3564, Marion County, Indiana",2020,47.34299516908212
18097356400,"Census Tract 3564, Marion County, Indiana",2021,48.45335911068149
18097356400,Census Tract 3564; Marion County; Indiana,2022,47.59660697455231
18097356400,Census Tract 3564; Marion County; Indiana,2023,41.83764495985727
18097356900,"Census Tract 3569, Marion County, Indiana",2015,75.1275944198707
18097356900,"Census Tract 3569, Marion County, Indiana",2016,75.16756032171581
18097356900,"Census Tract 3569, Marion County, Indiana",2017,75.09184423218223
18097356900,"Census Tract 3569, Marion County, Indiana",2018,72.52475247524752
18097356900,"Census Tract 3569, Marion County, Indiana",2019,77.63097949886105
18097356900,"Census Tract 3569, Marion County, Indiana",2020,68.62348178137651
18097356900,"Census Tract 3569, Marion County, Indiana",2021,74.304068522483945
18097356900,Census Tract 3569; Marion County; Indiana,2022,71.45790554414785
18097356900,Census Tract 3569; Marion County; Indiana,2023,69.99054820415878
18097357000,"Census Tract 3570, Marion County, Indiana",2015,81.38234119057131
18097357000,"Census Tract 3570, Marion County, Indiana",2016,81.55642023346303
18097357000,"Census Tract 3570, Marion County, Indiana",2017,81.35320177204994
18097357000,"Census Tract 3570, Marion County, Indiana",2018,87.2078198045049
18097357000,"Census Tract 3570, Marion County, Indiana",2019,88.05834092980857
18097357000,"Census Tract 3570, Marion County, Indiana",2020,88.60882210373242
18097357000,"Census Tract 3570, Marion County, Indiana",2021,92.40506329113924
18097357000,Census Tract 3570; Marion County; Indiana,2022,91.89754312598014
18097357000,Census Tract 3570; Marion County; Indiana,2023,91.12820512820512
18097357100,"Census Tract 3571, Marion County, Indiana",2015,68.79828326180258
18097357100,"Census Tract 3571, Marion County, Indiana",2016,63.946519133241125
18097357100,"Census Tract 3571, Marion County, Indiana",2017,70.21379980563654
18097357100,"Census Tract 3571, Marion County, Indiana",2018,73.3862959285005
18097357100,"Census Tract 3571, Marion County, Indiana",2019,74.27637721755369
18097357100,"Census Tract 3571, Marion County, Indiana",2020,74.84248424842484
18097357100,"Census Tract 3571, Marion County, Indiana",2021,78.38354854136777
18097357100,Census Tract 3571; Marion County; Indiana,2022,77.7722027094832
18097357100,Census Tract 3571; Marion County; Indiana,2023,74.29543245869776
18097357200,"Census Tract 3572, Marion County, Indiana",2015,73.85600976205004
18097357200,"Census Tract 3572, Marion County, Indiana",2016,81.8983768525053
18097357200,"Census Tract 3572, Marion County, Indiana",2017,86.147859922179
18097357200,"Census Tract 3572, Marion County, Indiana",2018,84.48559670781893
18097357200,"Census Tract 3572, Marion County, Indiana",2019,78.51380042462846
18097357200,"Census Tract 3572, Marion County, Indiana",2020,65.11848341232228
18097357200,"Census Tract 3572, Marion County, Indiana",2021,63.88772517804776
18097357200,Census Tract 3572; Marion County; Indiana,2022,61.0673665791776
18097357200,Census Tract 3572; Marion County; Indiana,2023,64.98422712933754
18097357300,"Census Tract 3573, Marion County, Indiana",2015,63.67326230339929
18097357300,"Census Tract 3573, Marion County, Indiana",2016,62.35521235521235
18097357300,"Census Tract 3573, Marion County, Indiana",2017,57.48415407118479
18097357300,"Census Tract 3573, Marion County, Indiana",2018,55.7006092254134
18097357300,"Census Tract 3573, Marion County, Indiana",2019,57.37014506317267
18097357300,"Census Tract 3573, Marion County, Indiana",2020,63.92694063926941
18097357300,"Census Tract 3573, Marion County, Indiana",2021,55.73044761436301
18097357300,Census Tract 3573; Marion County; Indiana,2022,55.48418972332016
18097357300,Census Tract 3573; Marion County; Indiana,2023,45.9215863001352
18097357400,"Census Tract 3574, Marion County, Indiana",2015,67.25087631447171
18097357400,"Census Tract 3574, Marion County, Indiana",2016,69.13705583756345
18097357400,"Census Tract 3574, Marion County, Indiana",2017,64.2920946851273
18097357400,"Census Tract 3574, Marion County, Indiana",2018,60.00833159758383
18097357400,"Census Tract 3574, Marion County, Indiana",2019,57.02169625246548
18097357400,"Census Tract 3574, Marion County, Indiana",2020,45.0749063670412
18097357400,"Census Tract 3574, Marion County, Indiana",2021,42.3599782490484
18097357400,Census Tract 3574; Marion County; Indiana,2022,39.79150275373721
18097357400,Census Tract 3574; Marion County; Indiana,2023,44.4206519152986
18097357500,"Census Tract 3575, Marion County, Indiana",2015,90.17644253695757
18097357500,"Census Tract 3575, Marion County, Indiana",2016,87.91363529687867
18097357500,"Census Tract 3575, Marion County, Indiana",2017,89.3299678751721
18097357500,"Census Tract 3575, Marion County, Indiana",2018,88.77477907809887
18097357500,"Census Tract 3575, Marion County, Indiana",2019,87.72625836846021
18097357500,"Census Tract 3575, Marion County, Indiana",2020,88.09464508094645
18097357500,"Census Tract 3575, Marion County, Indiana",2021,87.71838331160365
18097357500,Census Tract 3575; Marion County; Indiana,2022,87.12162905888827
18097357500,Census Tract 3575; Marion County; Indiana,2023,87.36059479553903
18097357600,"Census Tract 3576, Marion County, Indiana",2015,66.43244575936883
18097357600,"Census Tract 3576, Marion County, Indiana",2016,64.93934599156118
18097357600,"Census Tract 3576, Marion County, Indiana",2017,61.29032258064516
18097357600,"Census Tract 3576, Marion County, Indiana",2018,60.40085028849074
18097357600,"Census Tract 3576, Marion County, Indiana",2019,65.80976863753213
18097357600,"Census Tract 3576, Marion County, Indiana",2023,65.18709151569543
18097357601,"Census Tract 3576.01, Marion County, Indiana",2020,78.03767335955288
18097357601,"Census Tract 3576.01, Marion County, Indiana",2021,73.5460027232056
18097357601,Census Tract 3576.01; Marion County; Indiana,2022,68.76624675064987
18097357601,Census Tract 3576.01; Marion County; Indiana,2023,64.52851930094104
18097357602,"Census Tract 3576.02, Marion County, Indiana",2020,49.73045822102426
18097357602,"Census Tract 3576.02, Marion County, Indiana",2021,41.807147673634525
18097357602,Census Tract 3576.02; Marion County; Indiana,2022,45.65217391304348
18097357602,Census Tract 3576.02; Marion County; Indiana,2023,43.693421846710926
18097357800,"Census Tract 3578, Marion County, Indiana",2015,79.64391691394658
18097357800,"Census Tract 3578, Marion County, Indiana",2016,86.65242925787507
18097357800,"Census Tract 3578, Marion County, Indiana",2017,87.5736160188457
18097357800,"Census Tract 3578, Marion County, Indiana",2018,87.68718801996673
18097357800,"Census Tract 3578, Marion County, Indiana",2019,87.54080522306856
18097357800,"Census Tract 3578, Marion County, Indiana",2020,88.73162765378335
18097357800,"Census Tract 3578, Marion County, Indiana",2021,81.74247277386291
18097357800,Census Tract 3578; Marion County; Indiana,2022,80.83273510409188
18097357800,Census Tract 3578; Marion County; Indiana,2023,78.58136300417246
18097357900,"Census Tract 3579, Marion County, Indiana",2015,75.97807126837778
18097357900,"Census Tract 3579, Marion County, Indiana",2016,69.34058463630184
18097357900,"Census Tract 3579, Marion County, Indiana",2017,74.1229161482956
18097357900,"Census Tract 3579, Marion County, Indiana",2018,75.04984334947308
18097357900,"Census Tract 3579, Marion County, Indiana",2019,71.41190198366394
18097357900,"Census Tract 3579, Marion County, Indiana",2020,69.9203187250996
18097357900,"Census Tract 3579, Marion County, Indiana",2021,69.09200240529164
18097357900,Census Tract 3579; Marion County; Indiana,2022,71.17801812335574
18097357900,Census Tract 3579; Marion County; Indiana,2023,70.55495689655173
18097358000,"Census Tract 3580, Marion County, Indiana",2015,71.1282410651717
18097358000,"Census Tract 3580, Marion County, Indiana",2016,70.44649184975195
18097358000,"Census Tract 3580, Marion County, Indiana",2017,66.31773399014779
18097358000,"Census Tract 3580, Marion County, Indiana",2018,69.20943134535368
18097358000,"Census Tract 3580, Marion County, Indiana",2019,73.78097521982414
18097358000,"Census Tract 3580, Marion County, Indiana",2020,81.06995884773663
18097358000,"Census Tract 3580, Marion County, Indiana",2021,80.74866310160428
18097358000,Census Tract 3580; Marion County; Indiana,2022,90.7122905027933
18097358000,Census Tract 3580; Marion County; Indiana,2023,85.76835730507192
18097358100,"Census Tract 3581, Marion County, Indiana",2015,80.4630969609262
18097358100,"Census Tract 3581, Marion County, Indiana",2016,74.77256822953115
18097358100,"Census Tract 3581, Marion County, Indiana",2017,74.41077441077441
18097358100,"Census Tract 3581, Marion County, Indiana",2018,70.51806407634629
18097358100,"Census Tract 3581, Marion County, Indiana",2019,73.39482085846045
18097358100,"Census Tract 3581, Marion County, Indiana",2020,67.76246023329799
18097358100,"Census Tract 3581, Marion County, Indiana",2021,65.51724137931035
18097358100,Census Tract 3581; Marion County; Indiana,2022,71.49434910004186
18097358100,Census Tract 3581; Marion County; Indiana,2023,68.36909871244636
18097360101,"Census Tract 3601.01, Marion County, Indiana",2015,32.645403377110696
18097360101,"Census Tract 3601.01, Marion County, Indiana",2016,27.96934865900383
18097360101,"Census Tract 3601.01, Marion County, Indiana",2017,31.428571428571427
18097360101,"Census Tract 3601.01, Marion County, Indiana",2018,28.767693588676103
18097360101,"Census Tract 3601.01, Marion County, Indiana",2019,29.67462039045553
18097360101,"Census Tract 3601.01, Marion County, Indiana",2020,48.84696016771488
18097360101,"Census Tract 3601.01, Marion County, Indiana",2021,49.13831197525409
18097360101,Census Tract 3601.01; Marion County; Indiana,2022,45.42048293089093
18097360101,Census Tract 3601.01; Marion County; Indiana,2023,41.98152812762385
18097360102,"Census Tract 3601.02, Marion County, Indiana",2015,15.417558886509635
18097360102,"Census Tract 3601.02, Marion County, Indiana",2016,11.266511266511266
18097360102,"Census Tract 3601.02, Marion County, Indiana",2017,9.849119865884326
18097360102,"Census Tract 3601.02, Marion County, Indiana",2018,13.181818181818182
18097360102,"Census Tract 3601.02, Marion County, Indiana",2019,10.511363636363637
18097360102,"Census Tract 3601.02, Marion County, Indiana",2020,15.004703668861712
18097360102,"Census Tract 3601.02, Marion County, Indiana",2021,11.871508379888269
18097360102,Census Tract 3601.02; Marion County; Indiana,2022,17.85166240409207
18097360102,Census Tract 3601.02; Marion County; Indiana,2023,18.20245120290513
18097360201,"Census Tract 3602.01, Marion County, Indiana",2015,34.980793854033294
18097360201,"Census Tract 3602.01, Marion County, Indiana",2016,31.427015250544663
18097360201,"Census Tract 3602.01, Marion County, Indiana",2017,29.383248047401025
18097360201,"Census Tract 3602.01, Marion County, Indiana",2018,28.2466684086752
18097360201,"Census Tract 3602.01, Marion County, Indiana",2019,27.607361963190183
18097360201,"Census Tract 3602.01, Marion County, Indiana",2020,23.166534286470743
18097360201,"Census Tract 3602.01, Marion County, Indiana",2021,19.976019184652277
18097360201,Census Tract 3602.01; Marion County; Indiana,2022,20.219945013746564
18097360201,Census Tract 3602.01; Marion County; Indiana,2023,17.33198585144012
18097360202,"Census Tract 3602.02, Marion County, Indiana",2015,19.36459909228442
18097360202,"Census Tract 3602.02, Marion County, Indiana",2016,26.741573033707866
18097360202,"Census Tract 3602.02, Marion County, Indiana",2017,27.31598096837391
18097360202,"Census Tract 3602.02, Marion County, Indiana",2018,20.665229442562364
18097360202,"Census Tract 3602.02, Marion County, Indiana",2019,32.243276283618584
18097360202,"Census Tract 3602.02, Marion County, Indiana",2020,28.896728672225787
18097360202,"Census Tract 3602.02, Marion County, Indiana",2021,31.731843575418996
18097360202,Census Tract 3602.02; Marion County; Indiana,2022,29.919825072886297
18097360202,Census Tract 3602.02; Marion County; Indiana,2023,23.16417910447761
18097360301,"Census Tract 3603.01, Marion County, Indiana",2015,54.79286362261869
18097360301,"Census Tract 3603.01, Marion County, Indiana",2016,54.30359937402191
18097360301,"Census Tract 3603.01, Marion County, Indiana",2017,47.03254626675176
18097360301,"Census Tract 3603.01, Marion County, Indiana",2018,49.20772111783348
18097360301,"Census Tract 3603.01, Marion County, Indiana",2019,45.88136069721675
18097360301,"Census Tract 3603.01, Marion County, Indiana",2020,38.720634022077554
18097360301,"Census Tract 3603.01, Marion County, Indiana",2021,34.8876404494382
18097360301,Census Tract 3603.01; Marion County; Indiana,2022,30.0109829763866
18097360301,Census Tract 3603.01; Marion County; Indiana,2023,22.339093413473577
18097360302,"Census Tract 3603.02, Marion County, Indiana",2015,20.447135537959944
18097360302,"Census Tract 3603.02, Marion County, Indiana",2016,20.510741791649775
18097360302,"Census Tract 3603.02, Marion County, Indiana",2017,24.348502528199145
18097360302,"Census Tract 3603.02, Marion County, Indiana",2018,25.74730968513352
18097360302,"Census Tract 3603.02, Marion County, Indiana",2019,22.12618841832325
18097360302,"Census Tract 3603.02, Marion County, Indiana",2020,13.657407407407408
18097360302,"Census Tract 3603.02, Marion County, Indiana",2021,12.879834254143647
18097360302,Census Tract 3603.02; Marion County; Indiana,2022,13.078541374474051
18097360302,Census Tract 3603.02; Marion County; Indiana,2023,16.660953033938977
18097360401,"Census Tract 3604.01, Marion County, Indiana",2015,35.247181266261926
18097360401,"Census Tract 3604.01, Marion County, Indiana",2016,24.753559693318728
18097360401,"Census Tract 3604.01, Marion County, Indiana",2017,22.062156037552604
18097360401,"Census Tract 3604.01, Marion County, Indiana",2018,18.526315789473685
18097360401,"Census Tract 3604.01, Marion County, Indiana",2019,17.66025641025641
18097360401,"Census Tract 3604.01, Marion County, Indiana",2020,19.457687723480333
18097360401,"Census Tract 3604.01, Marion County, Indiana",2021,20.109416445623346
18097360401,Census Tract 3604.01; Marion County; Indiana,2022,18.68603499504787
18097360401,Census Tract 3604.01; Marion County; Indiana,2023,16.31650288037953
18097360402,"Census Tract 3604.02, Marion County, Indiana",2015,17.016089712335447
18097360402,"Census Tract 3604.02, Marion County, Indiana",2016,18.204488778054863
18097360402,"Census Tract 3604.02, Marion County, Indiana",2017,23.385866802236908
18097360402,"Census Tract 3604.02, Marion County, Indiana",2018,21.78669097538742
18097360402,"Census Tract 3604.02, Marion County, Indiana",2019,25.9
18097360402,"Census Tract 3604.02, Marion County, Indiana",2020,15.336322869955158
18097360402,"Census Tract 3604.02, Marion County, Indiana",2021,11.31452581032413
18097360402,Census Tract 3604.02; Marion County; Indiana,2022,8.578507277794984
18097360402,Census Tract 3604.02; Marion County; Indiana,2023,5.63687324820928
18097360404,"Census Tract 3604.04, Marion County, Indiana",2015,22.006047061916657
18097360404,"Census Tract 3604.04, Marion County, Indiana",2016,18.44871794871795
18097360404,"Census Tract 3604.04, Marion County, Indiana",2017,21.123534958911492
18097360404,"Census Tract 3604.04, Marion County, Indiana",2018,20.72135785007072
18097360404,"Census Tract 3604.04, Marion County, Indiana",2019,18.527475480317076
18097360404,"Census Tract 3604.04, Marion County, Indiana",2023,15.048903898717494
18097360405,"Census Tract 3604.05, Marion County, Indiana",2015,33.16190813974109
18097360405,"Census Tract 3604.05, Marion County, Indiana",2016,30.90277777777778
18097360405,"Census Tract 3604.05, Marion County, Indiana",2017,33.45008756567425
18097360405,"Census Tract 3604.05, Marion County, Indiana",2018,30.416951469583047
18097360405,"Census Tract 3604.05, Marion County, Indiana",2019,26.763951250801796
18097360405,"Census Tract 3604.05, Marion County, Indiana",2020,25.685823754789272
18097360405,"Census Tract 3604.05, Marion County, Indiana",2021,26.405683192261183
18097360405,Census Tract 3604.05; Marion County; Indiana,2022,23.278051695801583
18097360405,Census Tract 3604.05; Marion County; Indiana,2023,25.222288085358624
18097360406,"Census Tract 3604.06, Marion County, Indiana",2020,12.167577413479052
18097360406,"Census Tract 3604.06, Marion County, Indiana",2021,12.458471760797345
18097360406,Census Tract 3604.06; Marion County; Indiana,2022,6.851549755301795
18097360406,Census Tract 3604.06; Marion County; Indiana,2023,3.8451049904554138
18097360407,"Census Tract 3604.07, Marion County, Indiana",2020,29.657228017883757
18097360407,"Census Tract 3604.07, Marion County, Indiana",2021,34.906527735213
18097360407,Census Tract 3604.07; Marion County; Indiana,2022,29.47761194029851
18097360407,Census Tract 3604.07; Marion County; Indiana,2023,26.41729982466394
18097360501,"Census Tract 3605.01, Marion County, Indiana",2015,54.75535168195719
18097360501,"Census Tract 3605.01, Marion County, Indiana",2016,51.73153034300792
18097360501,"Census Tract 3605.01, Marion County, Indiana",2017,46.668704156479215
18097360501,"Census Tract 3605.01, Marion County, Indiana",2018,61.27075351213282
18097360501,"Census Tract 3605.01, Marion County, Indiana",2019,60.593362386858864
18097360501,"Census Tract 3605.01, Marion County, Indiana",2020,49.59987195902689
18097360501,"Census Tract 3605.01, Marion County, Indiana",2021,49.726091720144
18097360501,Census Tract 3605.01; Marion County; Indiana,2022,49.660413971539455
18097360501,Census Tract 3605.01; Marion County; Indiana,2023,40.70447006791976
18097360502,"Census Tract 3605.02, Marion County, Indiana",2015,52.39030779305829
18097360502,"Census Tract 3605.02, Marion County, Indiana",2016,54.50379266750948
18097360502,"Census Tract 3605.02, Marion County, Indiana",2017,51.962826470116966
18097360502,"Census Tract 3605.02, Marion County, Indiana",2018,47.48201438848921
18097360502,"Census Tract 3605.02, Marion County, Indiana",2019,48.85605338417541
18097360502,"Census Tract 3605.02, Marion County, Indiana",2020,55.16337232755143
18097360502,"Census Tract 3605.02, Marion County, Indiana",2021,53.888888888888886
18097360502,Census Tract 3605.02; Marion County; Indiana,2022,38.37429111531191
18097360502,Census Tract 3605.02; Marion County; Indiana,2023,30.856445142159423
18097360601,"Census Tract 3606.01, Marion County, Indiana",2015,73.87598551033454
18097360601,"Census Tract 3606.01, Marion County, Indiana",2016,72.83638660770688
18097360601,"Census Tract 3606.01, Marion County, Indiana",2017,73.50555081127241
18097360601,"Census Tract 3606.01, Marion County, Indiana",2018,71.57590759075907
18097360601,"Census Tract 3606.01, Marion County, Indiana",2019,71.32602193419741
18097360601,"Census Tract 3606.01, Marion County, Indiana",2020,82.40877452014342
18097360601,"Census Tract 3606.01, Marion County, Indiana",2021,72.98492462311557
18097360601,Census Tract 3606.01; Marion County; Indiana,2022,60.361399461745485
18097360601,Census Tract 3606.01; Marion County; Indiana,2023,56.688298095038725
18097360602,"Census Tract 3606.02, Marion County, Indiana",2015,66.7685870614741
18097360602,"Census Tract 3606.02, Marion County, Indiana",2016,58.22976150487067
18097360602,"Census Tract 3606.02, Marion County, Indiana",2017,57.080755726467146
18097360602,"Census Tract 3606.02, Marion County, Indiana",2018,57.20954356846473
18097360602,"Census Tract 3606.02, Marion County, Indiana",2019,56.411098341815794
18097360602,"Census Tract 3606.02, Marion County, Indiana",2020,53.48550277606416
18097360602,"Census Tract 3606.02, Marion County, Indiana",2021,54.879751745539174
18097360602,Census Tract 3606.02; Marion County; Indiana,2022,48.71205151793928
18097360602,Census Tract 3606.02; Marion County; Indiana,2023,47.355511267821555
18097360700,"Census Tract 3607, Marion County, Indiana",2015,82.06583427922816
18097360700,"Census Tract 3607, Marion County, Indiana",2016,82.91376539903588
18097360700,"Census Tract 3607, Marion County, Indiana",2017,81.92148760330579
18097360700,"Census Tract 3607, Marion County, Indiana",2018,85.09615384615384
18097360700,"Census Tract 3607, Marion County, Indiana",2019,85.75757575757575
18097360700,"Census Tract 3607, Marion County, Indiana",2020,85.3228962818004
18097360700,"Census Tract 3607, Marion County, Indiana",2021,80.64663023679417
18097360700,Census Tract 3607; Marion County; Indiana,2022,83.07086614173228
18097360700,Census Tract 3607; Marion County; Indiana,2023,76.71232876712328
18097360800,"Census Tract 3608, Marion County, Indiana",2015,60.89638157894737
18097360800,"Census Tract 3608, Marion County, Indiana",2016,55.34431770173215
18097360800,"Census Tract 3608, Marion County, Indiana",2017,60.96929337772845
18097360800,"Census Tract 3608, Marion County, Indiana",2018,56.01012231126107
18097360800,"Census Tract 3608, Marion County, Indiana",2019,53.21770880876312
18097360800,"Census Tract 3608, Marion County, Indiana",2020,58.00395256916996
18097360800,"Census Tract 3608, Marion County, Indiana",2021,41.78082191780822
18097360800,Census Tract 3608; Marion County; Indiana,2022,36.607142857142854
18097360800,Census Tract 3608; Marion County; Indiana,2023,31.752254018032144
18097360900,"Census Tract 3609, Marion County, Indiana",2015,54.07117570337246
18097360900,"Census Tract 3609, Marion County, Indiana",2016,61.36991709435452
18097360900,"Census Tract 3609, Marion County, Indiana",2017,60.628430815824345
18097360900,"Census Tract 3609, Marion County, Indiana",2018,63.77482166955851
18097360900,"Census Tract 3609, Marion County, Indiana",2019,48.70152970473141
18097360900,"Census Tract 3609, Marion County, Indiana",2020,68.16350028785261
18097360900,"Census Tract 3609, Marion County, Indiana",2021,59.43528586460891
18097360900,Census Tract 3609; Marion County; Indiana,2022,53.11912493590839
18097360900,Census Tract 3609; Marion County; Indiana,2023,56.64335664335665
18097361000,"Census Tract 3610, Marion County, Indiana",2015,94.59172852598093
18097361000,"Census Tract 3610, Marion County, Indiana",2016,94.78859390363814
18097361000,"Census Tract 3610, Marion County, Indiana",2017,94.35336976320583
18097361000,"Census Tract 3610, Marion County, Indiana",2018,95.9092930191196
18097361000,"Census Tract 3610, Marion County, Indiana",2019,93.01274147143444
18097361000,"Census Tract 3610, Marion County, Indiana",2020,93.92446633825944
18097361000,"Census Tract 3610, Marion County, Indiana",2021,93.95581492288454
18097361000,Census Tract 3610; Marion County; Indiana,2022,89.29364726788094
18097361000,Census Tract 3610; Marion County; Indiana,2023,87.61682242990655
18097361100,"Census Tract 3611, Marion County, Indiana",2015,78.74650946323301
18097361100,"Census Tract 3611, Marion County, Indiana",2016,77.98192771084338
18097361100,"Census Tract 3611, Marion County, Indiana",2017,80.70426567420556
18097361100,"Census Tract 3611, Marion County, Indiana",2018,81.13755078351713
18097361100,"Census Tract 3611, Marion County, Indiana",2019,85.2882703777336
18097361100,"Census Tract 3611, Marion County, Indiana",2020,90.77234596470927
18097361100,"Census Tract 3611, Marion County, Indiana",2021,90.47619047619048
18097361100,Census Tract 3611; Marion County; Indiana,2022,88.24456350456981
18097361100,Census Tract 3611; Marion County; Indiana,2023,86.12147947064811
18097361200,"Census Tract 3612, Marion County, Indiana",2015,86.98475437605872
18097361200,"Census Tract 3612, Marion County, Indiana",2016,84.77886272257324
18097361200,"Census Tract 3612, Marion County, Indiana",2017,77.71644392794887
18097361200,"Census Tract 3612, Marion County, Indiana",2018,77.66874814154029
18097361200,"Census Tract 3612, Marion County, Indiana",2019,76.45869439630272
18097361200,"Census Tract 3612, Marion County, Indiana",2020,80.83850014762326
18097361200,"Census Tract 3612, Marion County, Indiana",2021,77.65545968461767
18097361200,Census Tract 3612; Marion County; Indiana,2022,83.15368032029566
18097361200,Census Tract 3612; Marion County; Indiana,2023,78.6503433860854
18097361300,"Census Tract 3613, Marion County, Indiana",2015,88.69891576313594
18097361300,"Census Tract 3613, Marion County, Indiana",2016,87.19253604749788
18097361300,"Census Tract 3613, Marion County, Indiana",2017,85.74338085539715
18097361300,"Census Tract 3613, Marion County, Indiana",2018,86.44200626959248
18097361300,"Census Tract 3613, Marion County, Indiana",2019,85.39638386648123
18097361300,"Census Tract 3613, Marion County, Indiana",2020,79.44055944055944
18097361300,"Census Tract 3613, Marion County, Indiana",2021,81.78217821782178
18097361300,Census Tract 3613; Marion County; Indiana,2022,76.696832579185525
18097361300,Census Tract 3613; Marion County; Indiana,2023,71.36752136752136
18097361400,"Census Tract 3614, Marion County, Indiana",2015,69.34510798286264
18097361400,"Census Tract 3614, Marion County, Indiana",2016,68.21097647897363
18097361400,"Census Tract 3614, Marion County, Indiana",2017,67.17447799982077
18097361400,"Census Tract 3614, Marion County, Indiana",2018,72.09120860065892
18097361400,"Census Tract 3614, Marion County, Indiana",2019,71.67940320232897
18097361400,"Census Tract 3614, Marion County, Indiana",2023,74.0136984217953
18097361401,"Census Tract 3614.01, Marion County, Indiana",2020,42.16039842005839
18097361401,"Census Tract 3614.01, Marion County, Indiana",2021,35.623193334466926
18097361401,Census Tract 3614.01; Marion County; Indiana,2022,32.75831087151842
18097361401,Census Tract 3614.01; Marion County; Indiana,2023,27.604166666666668
18097361402,"Census Tract 3614.02, Marion County, Indiana",2020,79.43298969072166
18097361402,"Census Tract 3614.02, Marion County, Indiana",2021,71.45475754040993
18097361402,Census Tract 3614.02; Marion County; Indiana,2022,76.13082811412666
18097361402,Census Tract 3614.02; Marion County; Indiana,2023,71.87663355985363
18097361600,"Census Tract 3616, Marion County, Indiana",2015,68.13887866519445
18097361600,"Census Tract 3616, Marion County, Indiana",2016,67.37053202784004
18097361600,"Census Tract 3616, Marion County, Indiana",2017,64.19208908479295
18097361600,"Census Tract 3616, Marion County, Indiana",2018,61.69940222032451
18097361600,"Census Tract 3616, Marion County, Indiana",2019,61.338177414471694
18097361600,"Census Tract 3616, Marion County, Indiana",2023,54.537476163748934
18097361601,"Census Tract 3616.01, Marion County, Indiana",2020,43.515415549597854
18097361601,"Census Tract 3616.01, Marion County, Indiana",2021,44.557942937654104
18097361601,Census Tract 3616.01; Marion County; Indiana,2022,45.35986609633625
18097361601,Census Tract 3616.01; Marion County; Indiana,2023,36.17398149970478
18097361602,"Census Tract 3616.02, Marion County, Indiana",2020,65.1456560969322
18097361602,"Census Tract 3616.02, Marion County, Indiana",2021,52.36609464378575
18097361602,Census Tract 3616.02; Marion County; Indiana,2022,56.803017116333045
18097361602,Census Tract 3616.02; Marion County; Indiana,2023,42.24583572659391
18097370201,"Census Tract 3702.01, Marion County, Indiana",2015,92.37927565392354
18097370201,"Census Tract 3702.01, Marion County, Indiana",2016,93.74239103968834
18097370201,"Census Tract 3702.01, Marion County, Indiana",2017,93.20201777564256
18097370201,"Census Tract 3702.01, Marion County, Indiana",2018,88.03667262969589
18097370201,"Census Tract 3702.01, Marion County, Indiana",2019,86.3526834611172
18097370201,"Census Tract 3702.01, Marion County, Indiana",2020,84.76727785613541
18097370201,"Census Tract 3702.01, Marion County, Indiana",2021,76.22905027932961
18097370201,Census Tract 3702.01; Marion County; Indiana,2022,78.2051282051282
18097370201,Census Tract 3702.01; Marion County; Indiana,2023,73.5399284862932
18097370202,"Census Tract 3702.02, Marion County, Indiana",2015,79.74302030456853
18097370202,"Census Tract 3702.02, Marion County, Indiana",2016,78.54698195395146
18097370202,"Census Tract 3702.02, Marion County, Indiana",2017,77.27626459143968
18097370202,"Census Tract 3702.02, Marion County, Indiana",2018,80.0453514739229
18097370202,"Census Tract 3702.02, Marion County, Indiana",2019,77.10121457489879
18097370202,"Census Tract 3702.02, Marion County, Indiana",2023,74.45940884522905
18097370203,"Census Tract 3702.03, Marion County, Indiana",2020,60.094899169632264
18097370203,"Census Tract 3702.03, Marion County, Indiana",2021,57.23149336756526
18097370203,Census Tract 3702.03; Marion County; Indiana,2022,54.698209153216894
18097370203,Census Tract 3702.03; Marion County; Indiana,2023,48.19738167170191
18097370204,"Census Tract 3702.04, Marion County, Indiana",2020,95.60697518443996
18097370204,"Census Tract 3702.04, Marion County, Indiana",2021,94.25182481751824
18097370204,Census Tract 3702.04; Marion County; Indiana,2022,95.221027479092
18097370204,Census Tract 3702.04; Marion County; Indiana,2023,88.42406876790831
18097370301,"Census Tract 3703.01, Marion County, Indiana",2015,76.82533279548205
18097370301,"Census Tract 3703.01, Marion County, Indiana",2016,82.7729812087354
18097370301,"Census Tract 3703.01, Marion County, Indiana",2017,82.75725854236619
18097370301,"Census Tract 3703.01, Marion County, Indiana",2018,77.80781060676671
18097370301,"Census Tract 3703.01, Marion County, Indiana",2019,77.92094555318737
18097370301,"Census Tract 3703.01, Marion County, Indiana",2023,79.01655831089268
18097370302,"Census Tract 3703.02, Marion County, Indiana",2015,87.8774222622803
18097370302,"Census Tract 3703.02, Marion County, Indiana",2016,90.01861330851558
18097370302,"Census Tract 3703.02, Marion County, Indiana",2017,88.06206818439234
18097370302,"Census Tract 3703.02, Marion County, Indiana",2018,83.65848060592151
18097370302,"Census Tract 3703.02, Marion County, Indiana",2019,80.42704626334519
18097370302,"Census Tract 3703.02, Marion County, Indiana",2023,72.97667026441007
18097370303,"Census Tract 3703.03, Marion County, Indiana",2020,71.89298043728424
18097370303,"Census Tract 3703.03, Marion County, Indiana",2021,67.53954539412469
18097370303,Census Tract 3703.03; Marion County; Indiana,2022,62.41584671154842
18097370303,Census Tract 3703.03; Marion County; Indiana,2023,60.25964204688682
18097370304,"Census Tract 3703.04, Marion County, Indiana",2020,68.5215140731155
18097370304,"Census Tract 3703.04, Marion County, Indiana",2021,76.15933412604043
18097370304,Census Tract 3703.04; Marion County; Indiana,2022,68.75
18097370304,Census Tract 3703.04; Marion County; Indiana,2023,67.96619411123228
18097370305,"Census Tract 3703.05, Marion County, Indiana",2020,53.89160030824557
18097370305,"Census Tract 3703.05, Marion County, Indiana",2021,48.89178617992177
18097370305,Census Tract 3703.05; Marion County; Indiana,2022,53.76262626262626
18097370305,Census Tract 3703.05; Marion County; Indiana,2023,49.020113460546675
18097370306,"Census Tract 3703.06, Marion County, Indiana",2020,90.26165309305146
18097370306,"Census Tract 3703.06, Marion County, Indiana",2021,86.50109815847271
18097370306,Census Tract 3703.06; Marion County; Indiana,2022,80.805226911531
18097370306,Census Tract 3703.06; Marion County; Indiana,2023,80.64874884151993
18097380100,"Census Tract 3801, Marion County, Indiana",2015,85.36722528399505
18097380100,"Census Tract 3801, Marion County, Indiana",2016,79.99013211994956
18097380100,"Census Tract 3801, Marion County, Indiana",2017,79.77998140687946
18097380100,"Census Tract 3801, Marion County, Indiana",2018,77.4825104434043
18097380100,"Census Tract 3801, Marion County, Indiana",2019,74.19643277330698
18097380100,"Census Tract 3801, Marion County, Indiana",2023,63.02564026261891
18097380101,"Census Tract 3801.01, Marion County, Indiana",2020,86.24748335140158
18097380101,"Census Tract 3801.01, Marion County, Indiana",2021,85.15176374077113
18097380101,Census Tract 3801.01; Marion County; Indiana,2022,77.14553487749365
18097380101,Census Tract 3801.01; Marion County; Indiana,2023,74.27566807313643
18097380102,"Census Tract 3801.02, Marion County, Indiana",2020,52.29978986691572
18097380102,"Census Tract 3801.02, Marion County, Indiana",2021,49.641243688546375
18097380102,Census Tract 3801.02; Marion County; Indiana,2022,43.54382657869934
18097380102,Census Tract 3801.02; Marion County; Indiana,2023,41.958256599140576
18097380103,"Census Tract 3801.03, Marion County, Indiana",2020,69.878075332027
18097380103,"Census Tract 3801.03, Marion County, Indiana",2021,65.31093427645152
18097380103,Census Tract 3801.03; Marion County; Indiana,2022,68.10867293625914
18097380103,Census Tract 3801.03; Marion County; Indiana,2023,56.38342402678945
18097380200,"Census Tract 3802, Marion County, Indiana",2015,78.80258899676376
18097380200,"Census Tract 3802, Marion County, Indiana",2016,79.96908809891808
18097380200,"Census Tract 3802, Marion County, Indiana",2017,79.99382525470824
18097380200,"Census Tract 3802, Marion County, Indiana",2018,84.05422853453841
18097380200,"Census Tract 3802, Marion County, Indiana",2019,86.98481561822126
18097380200,"Census Tract 3802, Marion County, Indiana",2020,78.01574803149606
18097380200,"Census Tract 3802, Marion County, Indiana",2021,76.17719950433705
18097380200,Census Tract 3802; Marion County; Indiana,2022,71.9360568383659
18097380200,Census Tract 3802; Marion County; Indiana,2023,69.60542540073983
18097380300,"Census Tract 3803, Marion County, Indiana",2015,75.18512423893368
18097380300,"Census Tract 3803, Marion County, Indiana",2016,79.04590459045905
18097380300,"Census Tract 3803, Marion County, Indiana",2017,79.57479119210326
18097380300,"Census Tract 3803, Marion County, Indiana",2018,74.97435897435898
18097380300,"Census Tract 3803, Marion County, Indiana",2019,67.97740603953943
18097380300,"Census Tract 3803, Marion County, Indiana",2023,60.76968784014518
18097380301,"Census Tract 3803.01, Marion County, Indiana",2020,68.63370547581074
18097380301,"Census Tract 3803.01, Marion County, Indiana",2021,69.98570747975226
18097380301,Census Tract 3803.01; Marion County; Indiana,2022,72.81736668239736
18097380301,Census Tract 3803.01; Marion County; Indiana,2023,71.79711412330565
18097380302,"Census Tract 3803.02, Marion County, Indiana",2020,68.40966462315183
18097380302,"Census Tract 3803.02, Marion County, Indiana",2021,72.53569000679809
18097380302,Census Tract 3803.02; Marion County; Indiana,2022,70.76872319366545
18097380302,Census Tract 3803.02; Marion County; Indiana,2023,64.69455145844799
18097380402,"Census Tract 3804.02, Marion County, Indiana",2015,76.28262826282628
18097380402,"Census Tract 3804.02, Marion County, Indiana",2016,82.54660848869496
18097380402,"Census Tract 3804.02, Marion County, Indiana",2017,83.10797570056829
18097380402,"Census Tract 3804.02, Marion County, Indiana",2018,86.63455749548464
18097380402,"Census Tract 3804.02, Marion County, Indiana",2019,87.69035532994924
18097380402,"Census Tract 3804.02, Marion County, Indiana",2020,88.8107791446983
18097380402,"Census Tract 3804.02, Marion County, Indiana",2021,84.38654082888797
18097380402,Census Tract 3804.02; Marion County; Indiana,2022,83.09946347503096
18097380402,Census Tract 3804.02; Marion County; Indiana,2023,75.33489262173082
18097380403,"Census Tract 3804.03, Marion County, Indiana",2015,97.56161510225483
18097380403,"Census Tract 3804.03, Marion County, Indiana",2016,96.5012205044752
18097380403,"Census Tract 3804.03, Marion County, Indiana",2017,93.58878036563986
18097380403,"Census Tract 3804.03, Marion County, Indiana",2018,91.4230490456632
18097380403,"Census Tract 3804.03, Marion County, Indiana",2019,89.12647861692447
18097380403,"Census Tract 3804.03, Marion County, Indiana",2020,88.12940255674407
18097380403,"Census Tract 3804.03, Marion County, Indiana",2021,85.06113769271664
18097380403,Census Tract 3804.03; Marion County; Indiana,2022,85.96491228070175
18097380403,Census Tract 3804.03; Marion County; Indiana,2023,83.84279475982532
18097380404,"Census Tract 3804.04, Marion County, Indiana",2015,90.03036437246963
18097380404,"Census Tract 3804.04, Marion County, Indiana",2016,82.52573437107708
18097380404,"Census Tract 3804.04, Marion County, Indiana",2017,79.3103448275862
18097380404,"Census Tract 3804.04, Marion County, Indiana",2018,81.32985658409387
18097380404,"Census Tract 3804.04, Marion County, Indiana",2019,82.9070981210856
18097380404,"Census Tract 3804.04, Marion County, Indiana",2020,84.23724285332621
18097380404,"Census Tract 3804.04, Marion County, Indiana",2021,90.23739663910376
18097380404,Census Tract 3804.04; Marion County; Indiana,2022,91.2179164569703
18097380404,Census Tract 3804.04; Marion County; Indiana,2023,88.91108891108891
18097380501,"Census Tract 3805.01, Marion County, Indiana",2015,87.95811518324608
18097380501,"Census Tract 3805.01, Marion County, Indiana",2016,91.52263374485597
18097380501,"Census Tract 3805.01, Marion County, Indiana",2017,86.32183908045977
18097380501,"Census Tract 3805.01, Marion County, Indiana",2018,86.68844426296448
18097380501,"Census Tract 3805.01, Marion County, Indiana",2019,92.00554528650648
18097380501,"Census Tract 3805.01, Marion County, Indiana",2020,89.36359590565198
18097380501,"Census Tract 3805.01, Marion County, Indiana",2021,77.4818401937046
18097380501,Census Tract 3805.01; Marion County; Indiana,2022,80.29935275080906
18097380501,Census Tract 3805.01; Marion County; Indiana,2023,72.86274509803921
18097380502,"Census Tract 3805.02, Marion County, Indiana",2015,75.52571573346846
18097380502,"Census Tract 3805.02, Marion County, Indiana",2016,77.96610169491525
18097380502,"Census Tract 3805.02, Marion County, Indiana",2017,75.93071354705275
18097380502,"Census Tract 3805.02, Marion County, Indiana",2018,76.60818713450293
18097380502,"Census Tract 3805.02, Marion County, Indiana",2019,67.63157894736842
18097380502,"Census Tract 3805.02, Marion County, Indiana",2020,70.8029197080292
18097380502,"Census Tract 3805.02, Marion County, Indiana",2021,66.05342741935483
18097380502,Census Tract 3805.02; Marion County; Indiana,2022,59.270440251572325
18097380502,Census Tract 3805.02; Marion County; Indiana,2023,58.01587301587302
18097380600,"Census Tract 3806, Marion County, Indiana",2015,62.72526664214785
18097380600,"Census Tract 3806, Marion County, Indiana",2016,67.76892430278885
18097380600,"Census Tract 3806, Marion County, Indiana",2017,69.17782026768643
18097380600,"Census Tract 3806, Marion County, Indiana",2018,68.60888565185725
18097380600,"Census Tract 3806, Marion County, Indiana",2019,60.29701198783325
18097380600,"Census Tract 3806, Marion County, Indiana",2020,60.55327868852459
18097380600,"Census Tract 3806, Marion County, Indiana",2021,51.663045295002505
18097380600,Census Tract 3806; Marion County; Indiana,2022,47.681232211618955
18097380600,Census Tract 3806; Marion County; Indiana,2023,45.96938775510204
18097380700,"Census Tract 3807, Marion County, Indiana",2015,65.4485049833887
18097380700,"Census Tract 3807, Marion County, Indiana",2016,60.42061713497673
18097380700,"Census Tract 3807, Marion County, Indiana",2017,47.797439759036145
18097380700,"Census Tract 3807, Marion County, Indiana",2018,46.95934403826443
18097380700,"Census Tract 3807, Marion County, Indiana",2019,55.009168194699114
18097380700,"Census Tract 3807, Marion County, Indiana",2020,58.53199498117942
18097380700,"Census Tract 3807, Marion County, Indiana",2021,59.997066158134075
18097380700,Census Tract 3807; Marion County; Indiana,2022,58.94840433009982
18097380700,Census Tract 3807; Marion County; Indiana,2023,54.6141996919199
18097380800,"Census Tract 3808, Marion County, Indiana",2015,95.85798816568048
18097380800,"Census Tract 3808, Marion County, Indiana",2016,96.5952080706179
18097380800,"Census Tract 3808, Marion County, Indiana",2017,95.89251439539348
18097380800,"Census Tract 3808, Marion County, Indiana",2018,92.30497705612424
18097380800,"Census Tract 3808, Marion County, Indiana",2019,90.95255608679662
18097380800,"Census Tract 3808, Marion County, Indiana",2020,92.88441513363416
18097380800,"Census Tract 3808, Marion County, Indiana",2021,89.53763077961526
18097380800,Census Tract 3808; Marion County; Indiana,2022,81.9290068124776
18097380800,Census Tract 3808; Marion County; Indiana,2023,79.52243125904486
18097380901,"Census Tract 3809.01, Marion County, Indiana",2015,89.46540880503144
18097380901,"Census Tract 3809.01, Marion County, Indiana",2016,89.23350454365864
18097380901,"Census Tract 3809.01, Marion County, Indiana",2017,88.13798668549526
18097380901,"Census Tract 3809.01, Marion County, Indiana",2018,87.43760399334442
18097380901,"Census Tract 3809.01, Marion County, Indiana",2019,83.55663824604142
18097380901,"Census Tract 3809.01, Marion County, Indiana",2020,73.36073997944501
18097380901,"Census Tract 3809.01, Marion County, Indiana",2021,73.40365417216049
18097380901,Census Tract 3809.01; Marion County; Indiana,2022,72.99391256225789
18097380901,Census Tract 3809.01; Marion County; Indiana,2023,66.57077100115075
18097380902,"Census Tract 3809.02, Marion County, Indiana",2015,92.43697478991596
18097380902,"Census Tract 3809.02, Marion County, Indiana",2016,93.62710674157304
18097380902,"Census Tract 3809.02, Marion County, Indiana",2017,91.11225717723912
18097380902,"Census Tract 3809.02, Marion County, Indiana",2018,86.38670166229221
18097380902,"Census Tract 3809.02, Marion County, Indiana",2019,84.38687392055267
18097380902,"Census Tract 3809.02, Marion County, Indiana",2020,82.4586372531578
18097380902,"Census Tract 3809.02, Marion County, Indiana",2021,78.30740926576351
18097380902,Census Tract 3809.02; Marion County; Indiana,2022,79.80785158191155
18097380902,Census Tract 3809.02; Marion County; Indiana,2023,78.24561403508773
18097381001,"Census Tract 3810.01, Marion County, Indiana",2015,58.70326284834057
18097381001,"Census Tract 3810.01, Marion County, Indiana",2016,50.439367311072054
18097381001,"Census Tract 3810.01, Marion County, Indiana",2017,54.25167912812064
18097381001,"Census Tract 3810.01, Marion County, Indiana",2018,53.46687211093991
18097381001,"Census Tract 3810.01, Marion County, Indiana",2019,50.6497341996456
18097381001,"Census Tract 3810.01, Marion County, Indiana",2023,42.59620555095063
18097381002,"Census Tract 3810.02, Marion County, Indiana",2015,87.35059760956176
18097381002,"Census Tract 3810.02, Marion County, Indiana",2016,86.46690813302601
18097381002,"Census Tract 3810.02, Marion County, Indiana",2017,86.50977792509116
18097381002,"Census Tract 3810.02, Marion County, Indiana",2018,85.23869346733669
18097381002,"Census Tract 3810.02, Marion County, Indiana",2019,86.37110016420361
18097381002,"Census Tract 3810.02, Marion County, Indiana",2020,91.4343786295006
18097381002,"Census Tract 3810.02, Marion County, Indiana",2021,93.58426005132593
18097381002,Census Tract 3810.02; Marion County; Indiana,2022,92.15308370044052
18097381002,Census Tract 3810.02; Marion County; Indiana,2023,89.42541138386835
18097381003,"Census Tract 3810.03, Marion County, Indiana",2020,52.70465721724038
18097381003,"Census Tract 3810.03, Marion County, Indiana",2021,56.75022651766838
18097381003,Census Tract 3810.03; Marion County; Indiana,2022,56.84600056931398
18097381003,Census Tract 3810.03; Marion County; Indiana,2023,54.58057395143488
18097381004,"Census Tract 3810.04, Marion County, Indiana",2020,50.76656060167775
18097381004,"Census Tract 3810.04, Marion County, Indiana",2021,57.7319587628866
18097381004,Census Tract 3810.04; Marion County; Indiana,2022,52.98793052693553
18097381004,Census Tract 3810.04; Marion County; Indiana,2023,42.091224326487065
18097381101,"Census Tract 3811.01, Marion County, Indiana",2015,94.19378033435196
18097381101,"Census Tract 3811.01, Marion County, Indiana",2016,93.77831997211572
18097381101,"Census Tract 3811.01, Marion County, Indiana",2017,86.37879585746884
18097381101,"Census Tract 3811.01, Marion County, Indiana",2018,85.05864354920959
18097381101,"Census Tract 3811.01, Marion County, Indiana",2019,79.18527782740755
18097381101,"Census Tract 3811.01, Marion County, Indiana",2020,77.58901138622808
18097381101,"Census Tract 3811.01, Marion County, Indiana",2021,73.66591343646793
18097381101,Census Tract 3811.01; Marion County; Indiana,2022,76.49602213766863
18097381101,Census Tract 3811.01; Marion County; Indiana,2023,68.22381930184805
18097381102,"Census Tract 3811.02, Marion County, Indiana",2015,82.47744621790423
18097381102,"Census Tract 3811.02, Marion County, Indiana",2016,76.07531525306617
18097381102,"Census Tract 3811.02, Marion County, Indiana",2017,81.1461218836565
18097381102,"Census Tract 3811.02, Marion County, Indiana",2018,78.4263085399449
18097381102,"Census Tract 3811.02, Marion County, Indiana",2019,68.37180286961946
18097381102,"Census Tract 3811.02, Marion County, Indiana",2020,60.986612339930154
18097381102,"Census Tract 3811.02, Marion County, Indiana",2021,62.34199194332546
18097381102,Census Tract 3811.02; Marion County; Indiana,2022,59.80861244019139
18097381102,Census Tract 3811.02; Marion County; Indiana,2023,57.96263943018411
18097381201,"Census Tract 3812.01, Marion County, Indiana",2015,90.15029913906318
18097381201,"Census Tract 3812.01, Marion County, Indiana",2016,88.11623536215122
18097381201,"Census Tract 3812.01, Marion County, Indiana",2017,83.29358956375368
18097381201,"Census Tract 3812.01, Marion County, Indiana",2018,79.19651636465795
18097381201,"Census Tract 3812.01, Marion County, Indiana",2019,79.27057805967998
18097381201,"Census Tract 3812.01, Marion County, Indiana",2023,68.39085698029677
18097381203,"Census Tract 3812.03, Marion County, Indiana",2015,65.47509929728078
18097381203,"Census Tract 3812.03, Marion County, Indiana",2016,55.11416953393807
18097381203,"Census Tract 3812.03, Marion County, Indiana",2017,54.542606516290725
18097381203,"Census Tract 3812.03, Marion County, Indiana",2018,52.48515160987809
18097381203,"Census Tract 3812.03, Marion County, Indiana",2019,43.92106938255888
18097381203,"Census Tract 3812.03, Marion County, Indiana",2020,43.067846607669615
18097381203,"Census Tract 3812.03, Marion County, Indiana",2021,43.763473975977824
18097381203,Census Tract 3812.03; Marion County; Indiana,2022,41.21325828642902
18097381203,Census Tract 3812.03; Marion County; Indiana,2023,41.70514004309018
18097381204,"Census Tract 3812.04, Marion County, Indiana",2015,71.25125796712513
18097381204,"Census Tract 3812.04, Marion County, Indiana",2016,68.41584158415841
18097381204,"Census Tract 3812.04, Marion County, Indiana",2017,76.05298913043478
18097381204,"Census Tract 3812.04, Marion County, Indiana",2018,71.82425978987584
18097381204,"Census Tract 3812.04, Marion County, Indiana",2019,71.56602521566025
18097381204,"Census Tract 3812.04, Marion County, Indiana",2020,61.45867098865478
18097381204,"Census Tract 3812.04, Marion County, Indiana",2021,59.82294858699353
18097381204,Census Tract 3812.04; Marion County; Indiana,2022,56.368821292775664
18097381204,Census Tract 3812.04; Marion County; Indiana,2023,63.5626102292769
18097381205,"Census Tract 3812.05, Marion County, Indiana",2015,60.99760462167113
18097381205,"Census Tract 3812.05, Marion County, Indiana",2016,66.0923921329471
18097381205,"Census Tract 3812.05, Marion County, Indiana",2017,58.808658555854
18097381205,"Census Tract 3812.05, Marion County, Indiana",2018,55.15394912985274
18097381205,"Census Tract 3812.05, Marion County, Indiana",2019,65.64931178934769
18097381205,"Census Tract 3812.05, Marion County, Indiana",2020,63.27837361933728
18097381205,"Census Tract 3812.05, Marion County, Indiana",2021,59.67072297780959
18097381205,Census Tract 3812.05; Marion County; Indiana,2022,58.59276839313137
18097381205,Census Tract 3812.05; Marion County; Indiana,2023,53.670227334976715
18097381206,"Census Tract 3812.06, Marion County, Indiana",2020,67.91063098453229
18097381206,"Census Tract 3812.06, Marion County, Indiana",2021,56.052514463729416
18097381206,Census Tract 3812.06; Marion County; Indiana,2022,54.815289344437325
18097381206,Census Tract 3812.06; Marion County; Indiana,2023,56.66744785563627
18097381207,"Census Tract 3812.07, Marion County, Indiana",2020,61.298254241455616
18097381207,"Census Tract 3812.07, Marion County, Indiana",2021,58.96535580524345
18097381207,Census Tract 3812.07; Marion County; Indiana,2022,62.88634704307617
18097381207,Census Tract 3812.07; Marion County; Indiana,2023,58.01144492131617
18097390101,"Census Tract 3901.01, Marion County, Indiana",2015,86.07996375580474
18097390101,"Census Tract 3901.01, Marion County, Indiana",2016,84.33257918552036
18097390101,"Census Tract 3901.01, Marion County, Indiana",2017,82.49970852279351
18097390101,"Census Tract 3901.01, Marion County, Indiana",2018,82.55735492577598
18097390101,"Census Tract 3901.01, Marion County, Indiana",2019,80.90889084507042
18097390101,"Census Tract 3901.01, Marion County, Indiana",2023,75.73781793433609
18097390102,"Census Tract 3901.02, Marion County, Indiana",2015,77.00060471679097
18097390102,"Census Tract 3901.02, Marion County, Indiana",2016,71.88059701492537
18097390102,"Census Tract 3901.02, Marion County, Indiana",2017,70.33066860465117
18097390102,"Census Tract 3901.02, Marion County, Indiana",2018,63.2279534109817
18097390102,"Census Tract 3901.02, Marion County, Indiana",2019,57.375657783058905
18097390102,"Census Tract 3901.02, Marion County, Indiana",2020,56.008839027706955
18097390102,"Census Tract 3901.02, Marion County, Indiana",2021,52.00732712562967
18097390102,Census Tract 3901.02; Marion County; Indiana,2022,60.83572999492472
18097390102,Census Tract 3901.02; Marion County; Indiana,2023,73.76693766937669
18097390103,"Census Tract 3901.03, Marion County, Indiana",2020,86.29392971246007
18097390103,"Census Tract 3901.03, Marion County, Indiana",2021,89.33671850206284
18097390103,Census Tract 3901.03; Marion County; Indiana,2022,89.96894409937889
18097390103,Census Tract 3901.03; Marion County; Indiana,2023,90.40635502597006
18097390104,"Census Tract 3901.04, Marion County, Indiana",2020,71.92953841135214
18097390104,"Census Tract 3901.04, Marion County, Indiana",2021,69.29622151716181
18097390104,Census Tract 3901.04; Marion County; Indiana,2022,68.95731280615816
18097390104,Census Tract 3901.04; Marion County; Indiana,2023,65.15646258503402
18097390200,"Census Tract 3902, Marion County, Indiana",2015,85.73903002309468
18097390200,"Census Tract 3902, Marion County, Indiana",2016,85.80699774266365
18097390200,"Census Tract 3902, Marion County, Indiana",2017,83.39504414696668
18097390200,"Census Tract 3902, Marion County, Indiana",2018,84.20264537060145
18097390200,"Census Tract 3902, Marion County, Indiana",2019,76.35522256500661
18097390200,"Census Tract 3902, Marion County, Indiana",2020,83.8682784493539
18097390200,"Census Tract 3902, Marion County, Indiana",2021,75.05503810330228
18097390200,Census Tract 3902; Marion County; Indiana,2022,74.54064154469013
18097390200,Census Tract 3902; Marion County; Indiana,2023,74.41035917989826
18097390300,"Census Tract 3903, Marion County, Indiana",2015,91.82879377431908
18097390300,"Census Tract 3903, Marion County, Indiana",2016,91.05775922059848
18097390300,"Census Tract 3903, Marion County, Indiana",2017,93.27874445581712
18097390300,"Census Tract 3903, Marion County, Indiana",2018,94.09644757164922
18097390300,"Census Tract 3903, Marion County, Indiana",2019,93.74893253629376
18097390300,"Census Tract 3903, Marion County, Indiana",2020,89.78367282488551
18097390300,"Census Tract 3903, Marion County, Indiana",2021,83.2747510251904
18097390300,Census Tract 3903; Marion County; Indiana,2022,84.3763936375799
18097390300,Census Tract 3903; Marion County; Indiana,2023,79.95977589426806
18097390402,"Census Tract 3904.02, Marion County, Indiana",2015,82.67345836227521
18097390402,"Census Tract 3904.02, Marion County, Indiana",2016,84.85673123099087
18097390402,"Census Tract 3904.02, Marion County, Indiana",2017,81.15424307374772
18097390402,"Census Tract 3904.02, Marion County, Indiana",2018,91.73594945128036
18097390402,"Census Tract 3904.02, Marion County, Indiana",2019,81.96218278321446
18097390402,"Census Tract 3904.02, Marion County, Indiana",2023,81.2509072041537
18097390403,"Census Tract 3904.03, Marion County, Indiana",2015,88.01161374918048
18097390403,"Census Tract 3904.03, Marion County, Indiana",2016,88.91995154226073
18097390403,"Census Tract 3904.03, Marion County, Indiana",2017,89.58809023655128
18097390403,"Census Tract 3904.03, Marion County, Indiana",2018,87.49535143175902
18097390403,"Census Tract 3904.03, Marion County, Indiana",2019,86.89417837682822
18097390403,"Census Tract 3904.03, Marion County, Indiana",2023,85.77674300447596
18097390404,"Census Tract 3904.04, Marion County, Indiana",2015,85.09065305403978
18097390404,"Census Tract 3904.04, Marion County, Indiana",2016,84.06731676627871
18097390404,"Census Tract 3904.04, Marion County, Indiana",2017,86.49376894577298
18097390404,"Census Tract 3904.04, Marion County, Indiana",2018,85.03078276165347
18097390404,"Census Tract 3904.04, Marion County, Indiana",2019,86.574495179188645
18097390404,"Census Tract 3904.04, Marion County, Indiana",2023,88.05833730433751
18097390405,"Census Tract 3904.05, Marion County, Indiana",2015,75.73643410852713
18097390405,"Census Tract 3904.05, Marion County, Indiana",2016,75.06716818914562
18097390405,"Census Tract 3904.05, Marion County, Indiana",2017,67.85014691478942
18097390405,"Census Tract 3904.05, Marion County, Indiana",2018,67.82319391634981
18097390405,"Census Tract 3904.05, Marion County, Indiana",2019,78.58604228233689
18097390405,"Census Tract 3904.05, Marion County, Indiana",2020,67.53381893860562
18097390405,"Census Tract 3904.05, Marion County, Indiana",2021,62.988396874260005
18097390405,Census Tract 3904.05; Marion County; Indiana,2022,61.58699344819219
18097390405,Census Tract 3904.05; Marion County; Indiana,2023,57.99200799200799
18097390406,"Census Tract 3904.06, Marion County, Indiana",2020,77.14006195988912
18097390406,"Census Tract 3904.06, Marion County, Indiana",2021,71.29442357700087
18097390406,Census Tract 3904.06; Marion County; Indiana,2022,67.9281122150789
18097390406,Census Tract 3904.06; Marion County; Indiana,2023,66.03633114949375
18097390407,"Census Tract 3904.07, Marion County, Indiana",2020,91.41853462696554
18097390407,"Census Tract 3904.07, Marion County, Indiana",2021,92.7956147220047
18097390407,Census Tract 3904.07; Marion County; Indiana,2022,90.09477224090492
18097390407,Census Tract 3904.07; Marion County; Indiana,2023,84.33681073025335
18097390408,"Census Tract 3904.08, Marion County, Indiana",2020,84.47884416924664
18097390408,"Census Tract 3904.08, Marion County, Indiana",2021,83.73031117940837
18097390408,Census Tract 3904.08; Marion County; Indiana,2022,77.15355805243446
18097390408,Census Tract 3904.08; Marion County; Indiana,2023,78.87915297553852
18097390409,"Census Tract 3904.09, Marion County, Indiana",2020,86.4403917595407
18097390409,"Census Tract 3904.09, Marion County, Indiana",2021,78.88252148997135
18097390409,Census Tract 3904.09; Marion County; Indiana,2022,76.40496444010599
18097390409,Census Tract 3904.09; Marion County; Indiana,2023,68.85817791493358
18097390410,"Census Tract 3904.10, Marion County, Indiana",2020,98.33035181872393
18097390410,"Census Tract 3904.10, Marion County, Indiana",2021,97.51792608935466
18097390410,Census Tract 3904.10; Marion County; Indiana,2022,91.95402298850574
18097390410,Census Tract 3904.10; Marion County; Indiana,2023,90.24514811031663
18097390411,"Census Tract 3904.11, Marion County, Indiana",2020,77.7205040091638
18097390411,"Census Tract 3904.11, Marion County, Indiana",2021,75.0125313283208
18097390411,Census Tract 3904.11; Marion County; Indiana,2022,66.00846262341325
18097390411,Census Tract 3904.11; Marion County; Indiana,2023,65.29032258064517
18097390500,"Census Tract 3905, Marion County, Indiana",2015,8.47913862718708
18097390500,"Census Tract 3905, Marion County, Indiana",2016,13.768718801996672
18097390500,"Census Tract 3905, Marion County, Indiana",2017,16.21380846325167
18097390500,"Census Tract 3905, Marion County, Indiana",2018,17.397521448999047
18097390500,"Census Tract 3905, Marion County, Indiana",2019,21.951219512195124
18097390500,"Census Tract 3905, Marion County, Indiana",2020,19.352124526714345
18097390500,"Census Tract 3905, Marion County, Indiana",2021,13.142408787759909
18097390500,Census Tract 3905; Marion County; Indiana,2022,13.264627659574469
18097390500,Census Tract 3905; Marion County; Indiana,2023,21.802120141342755
18097390600,"Census Tract 3906, Marion County, Indiana",2015,41.35680379746835
18097390600,"Census Tract 3906, Marion County, Indiana",2016,40.1513786267796
18097390600,"Census Tract 3906, Marion County, Indiana",2017,37.11158192090395
18097390600,"Census Tract 3906, Marion County, Indiana",2018,37.80614004829251
18097390600,"Census Tract 3906, Marion County, Indiana",2019,41.27433628318584
18097390600,"Census Tract 3906, Marion County, Indiana",2023,41.191868768903326
18097390601,"Census Tract 3906.01, Marion County, Indiana",2020,37.296478606588416
18097390601,"Census Tract 3906.01, Marion County, Indiana",2021,47.85276073619632
18097390601,Census Tract 3906.01; Marion County; Indiana,2022,59.80046948356807
18097390601,Census Tract 3906.01; Marion County; Indiana,2023,67.60482481332568
18097390602,"Census Tract 3906.02, Marion County, Indiana",2020,45.25666016894087
18097390602,"Census Tract 3906.02, Marion County, Indiana",2021,44.38113327002216
18097390602,Census Tract 3906.02; Marion County; Indiana,2022,43.5625
18097390602,Census Tract 3906.02; Marion County; Indiana,2023,41.181930693069305
18097390700,"Census Tract 3907, Marion County, Indiana",2015,41.68050481567585
18097390700,"Census Tract 3907, Marion County, Indiana",2016,44.17009602194788
18097390700,"Census Tract 3907, Marion County, Indiana",2017,44.770177343467246
18097390700,"Census Tract 3907, Marion County, Indiana",2018,42.28888164329964
18097390700,"Census Tract 3907, Marion County, Indiana",2019,35.57600761662964
18097390700,"Census Tract 3907, Marion County, Indiana",2020,26.814386640976235
18097390700,"Census Tract 3907, Marion County, Indiana",2021,22.088589029040776
18097390700,Census Tract 3907; Marion County; Indiana,2022,24.928036845135292
18097390700,Census Tract 3907; Marion County; Indiana,2023,16.947520462205105
18097390800,"Census Tract 3908, Marion County, Indiana",2015,85.13218530196458
18097390800,"Census Tract 3908, Marion County, Indiana",2016,81.78921010698839
18097390800,"Census Tract 3908, Marion County, Indiana",2017,77.21872816212439
18097390800,"Census Tract 3908, Marion County, Indiana",2018,78.03106212424849
18097390800,"Census Tract 3908, Marion County, Indiana",2019,69.86899563318778
18097390800,"Census Tract 3908, Marion County, Indiana",2023,54.605805964410976
18097390801,"Census Tract 3908.01, Marion County, Indiana",2020,NA
18097390801,"Census Tract 3908.01, Marion County, Indiana",2021,NA
18097390801,Census Tract 3908.01; Marion County; Indiana,2022,NA
18097390801,Census Tract 3908.01; Marion County; Indiana,2023,NA
18097390802,"Census Tract 3908.02, Marion County, Indiana",2020,70.98873591989988
18097390802,"Census Tract 3908.02, Marion County, Indiana",2021,73.00541303836197
18097390802,Census Tract 3908.02; Marion County; Indiana,2022,66.63740122914838
18097390802,Census Tract 3908.02; Marion County; Indiana,2023,66.3214990138067
18097390900,"Census Tract 3909, Marion County, Indiana",2015,50.15277171540812
18097390900,"Census Tract 3909, Marion County, Indiana",2016,52.58259655653792
18097390900,"Census Tract 3909, Marion County, Indiana",2017,51.60046278441959
18097390900,"Census Tract 3909, Marion County, Indiana",2018,48.65059373875495
18097390900,"Census Tract 3909, Marion County, Indiana",2019,55.79322638146168
18097390900,"Census Tract 3909, Marion County, Indiana",2020,60.86637298091043
18097390900,"Census Tract 3909, Marion County, Indiana",2021,62.556938961433346
18097390900,Census Tract 3909; Marion County; Indiana,2022,60.694006309148264
18097390900,Census Tract 3909; Marion County; Indiana,2023,62.38881829733164
18097391000,"Census Tract 3910, Marion County, Indiana",2015,71.00544025790852
18097391000,"Census Tract 3910, Marion County, Indiana",2016,71.4047751249306
18097391000,"Census Tract 3910, Marion County, Indiana",2017,69.27856403175699
18097391000,"Census Tract 3910, Marion County, Indiana",2018,69.7709413141615
18097391000,"Census Tract 3910, Marion County, Indiana",2019,68.70156571247826
18097391000,"Census Tract 3910, Marion County, Indiana",2023,66.397691167048
18097391001,"Census Tract 3910.01, Marion County, Indiana",2020,72.56267409470752
18097391001,"Census Tract 3910.01, Marion County, Indiana",2021,71.107544141252
18097391001,Census Tract 3910.01; Marion County; Indiana,2022,58.259325044404974
18097391001,Census Tract 3910.01; Marion County; Indiana,2023,61.627322953289806
18097391002,"Census Tract 3910.02, Marion County, Indiana",2020,71.46149414250048
18097391002,"Census Tract 3910.02, Marion County, Indiana",2021,67.90349113507585
18097391002,Census Tract 3910.02; Marion County; Indiana,2022,70.39232781168265
18097391002,Census Tract 3910.02; Marion County; Indiana,2023,75.12506468863205
