GEOID,NAME,year,value
18097320800,"Census Tract 3208, Marion County, Indiana",2015,73.11475409836065
18097321200,"Census Tract 3212, Marion County, Indiana",2015,77.80138077535847
18097330401,"Census Tract 3304.01, Marion County, Indiana",2015,54.642166344294
18097330900,"Census Tract 3309, Marion County, Indiana",2015,13.687821612349914
18097340101,"Census Tract 3401.01, Marion County, Indiana",2015,27.938931297709924
18097340600,"Census Tract 3406, Marion County, Indiana",2015,13.8787023977433
18097341100,"Census Tract 3411, Marion County, Indiana",2015,6.757679180887372
18097342000,"Census Tract 3420, Marion County, Indiana",2015,27.319830428638717
18097350800,"Census Tract 3508, Marion County, Indiana",2015,3.657587548638132
18097351200,"Census Tract 3512, Marion County, Indiana",2015,6.31653655074521
18097352100,"Census Tract 3521, Marion County, Indiana",2015,8.221343873517787
18097356200,"Census Tract 3562, Marion County, Indiana",2015,30.36356372353176
18097357900,"Census Tract 3579, Marion County, Indiana",2015,18.841544607190414
18097360101,"Census Tract 3601.01, Marion County, Indiana",2015,4.918032786885246
18097360402,"Census Tract 3604.02, Marion County, Indiana",2015,8.927038626609441
18097360700,"Census Tract 3607, Marion County, Indiana",2015,40.481565086531226
18097360900,"Census Tract 3609, Marion County, Indiana",2015,19.433306602512697
18097361000,"Census Tract 3610, Marion County, Indiana",2015,56.12391930835735
18097310201,"Census Tract 3102.01, Marion County, Indiana",2015,41.488020176544765
18097352400,"Census Tract 3524, Marion County, Indiana",2015,10.399636693914625
18097352700,"Census Tract 3527, Marion County, Indiana",2015,18.62745098039216
18097330700,"Census Tract 3307, Marion County, Indiana",2015,2.7711984841307435
18097350100,"Census Tract 3501, Marion County, Indiana",2015,12.544378698224852
18097340400,"Census Tract 3404, Marion County, Indiana",2015,5.128205128205129
18097342400,"Census Tract 3424, Marion County, Indiana",2015,4.978165938864628
18097342500,"Census Tract 3425, Marion County, Indiana",2015,6.071313845165435
18097350500,"Census Tract 3505, Marion County, Indiana",2015,7.328891580860085
18097350600,"Census Tract 3506, Marion County, Indiana",2015,5.890052356020942
18097351600,"Census Tract 3516, Marion County, Indiana",2015,44.21182266009852
18097352500,"Census Tract 3525, Marion County, Indiana",2015,28.773125608568648
18097352800,"Census Tract 3528, Marion County, Indiana",2015,11.965811965811966
18097353600,"Census Tract 3536, Marion County, Indiana",2015,7.189542483660131
18097354900,"Census Tract 3549, Marion County, Indiana",2015,4.917127071823204
18097355900,"Census Tract 3559, Marion County, Indiana",2015,27.814569536423843
18097357000,"Census Tract 3570, Marion County, Indiana",2015,6.950532247964934
18097360102,"Census Tract 3601.02, Marion County, Indiana",2015,10.462471569370736
18097380700,"Census Tract 3807, Marion County, Indiana",2015,12.24712957900492
18097361400,"Census Tract 3614, Marion County, Indiana",2015,18.855172413793102
18097361600,"Census Tract 3616, Marion County, Indiana",2015,30.698865715331134
18097380300,"Census Tract 3803, Marion County, Indiana",2015,6.7092651757188495
18097381001,"Census Tract 3810.01, Marion County, Indiana",2015,19.528479031921552
18097380100,"Census Tract 3801, Marion County, Indiana",2015,36.77873896370284
18097381201,"Census Tract 3812.01, Marion County, Indiana",2015,35.68556493767591
18097381205,"Census Tract 3812.05, Marion County, Indiana",2015,18.62745098039216
18097321400,"Census Tract 3214, Marion County, Indiana",2015,53.84242424242424
18097322300,"Census Tract 3223, Marion County, Indiana",2015,66.1874334398296
18097330105,"Census Tract 3301.05, Marion County, Indiana",2015,45.497630331753555
18097340108,"Census Tract 3401.08, Marion County, Indiana",2015,8.993399339933994
18097350400,"Census Tract 3504, Marion County, Indiana",2015,25.145272054939248
18097350700,"Census Tract 3507, Marion County, Indiana",2015,6.420021762785637
18097350900,"Census Tract 3509, Marion County, Indiana",2015,18.007202881152462
18097351700,"Census Tract 3517, Marion County, Indiana",2015,19.976635514018692
18097361100,"Census Tract 3611, Marion County, Indiana",2015,41.93836534167039
18097370201,"Census Tract 3702.01, Marion County, Indiana",2015,11.11111111111111
18097381002,"Census Tract 3810.02, Marion County, Indiana",2015,30.737134909596666
18097390200,"Census Tract 3902, Marion County, Indiana",2015,30.46448087431694
18097390403,"Census Tract 3904.03, Marion County, Indiana",2015,44.596698847711
18097310103,"Census Tract 3101.03, Marion County, Indiana",2015,62.75440976933514
18097310105,"Census Tract 3101.05, Marion County, Indiana",2015,46.08
18097310108,"Census Tract 3101.08, Marion County, Indiana",2015,61.5
18097320203,"Census Tract 3202.03, Marion County, Indiana",2015,50.21696252465483
18097320500,"Census Tract 3205, Marion County, Indiana",2015,56.74350171652771
18097320901,"Census Tract 3209.01, Marion County, Indiana",2015,52.01310861423221
18097360301,"Census Tract 3603.01, Marion County, Indiana",2015,14.794007490636703
18097360401,"Census Tract 3604.01, Marion County, Indiana",2015,9.166666666666666
18097380501,"Census Tract 3805.01, Marion County, Indiana",2015,19.15144372421921
18097390402,"Census Tract 3904.02, Marion County, Indiana",2015,38.87697160883281
18097321300,"Census Tract 3213, Marion County, Indiana",2015,77.55757900374932
18097330103,"Census Tract 3301.03, Marion County, Indiana",2015,52.7361963190184
18097330600,"Census Tract 3306, Marion County, Indiana",2015,19.312169312169313
18097322600,"Census Tract 3226, Marion County, Indiana",2015,13.23404255319149
18097321100,"Census Tract 3211, Marion County, Indiana",2015,50.24593265228906
18097320400,"Census Tract 3204, Marion County, Indiana",2015,39.60573476702509
18097321002,"Census Tract 3210.02, Marion County, Indiana",2015,47.90479383171304
18097380600,"Census Tract 3806, Marion County, Indiana",2015,17.060518731988473
18097321800,"Census Tract 3218, Marion County, Indiana",2015,78.98042113040266
18097322200,"Census Tract 3222, Marion County, Indiana",2015,45.05021520803443
18097330203,"Census Tract 3302.03, Marion County, Indiana",2015,67.33349597462797
18097341902,"Census Tract 3419.02, Marion County, Indiana",2015,27.421875
18097330204,"Census Tract 3302.04, Marion County, Indiana",2015,49.18689016762572
18097330500,"Census Tract 3305, Marion County, Indiana",2015,27.65812740875085
18097352300,"Census Tract 3523, Marion County, Indiana",2015,3.703703703703704
18097355100,"Census Tract 3551, Marion County, Indiana",2015,5.190311418685121
18097355300,"Census Tract 3553, Marion County, Indiana",2015,18.70748299319728
18097360602,"Census Tract 3606.02, Marion County, Indiana",2015,18.130247333787157
18097340800,"Census Tract 3408, Marion County, Indiana",2015,24
18097351500,"Census Tract 3515, Marion County, Indiana",2015,20.40983606557377
18097320903,"Census Tract 3209.03, Marion County, Indiana",2015,12.098230408089565
18097360601,"Census Tract 3606.01, Marion County, Indiana",2015,19.228538283062644
18097320106,"Census Tract 3201.06, Marion County, Indiana",2015,52.5735294117647
18097322500,"Census Tract 3225, Marion County, Indiana",2015,17.40740740740741
18097342200,"Census Tract 3422, Marion County, Indiana",2015,6.758373205741627
18097355600,"Census Tract 3556, Marion County, Indiana",2015,2.0729684908789388
18097310305,"Census Tract 3103.05, Marion County, Indiana",2015,21.896829661472328
18097322100,"Census Tract 3221, Marion County, Indiana",2015,37.65711412770237
18097342300,"Census Tract 3423, Marion County, Indiana",2015,5.889092575618698
18097353300,"Census Tract 3533, Marion County, Indiana",2015,38.92716535433071
18097357100,"Census Tract 3571, Marion County, Indiana",2015,15.684976836532098
18097352600,"Census Tract 3526, Marion County, Indiana",2015,6.532416502946955
18097353500,"Census Tract 3535, Marion County, Indiana",2015,35.8974358974359
18097354800,"Census Tract 3548, Marion County, Indiana",2015,10.4066985645933
18097355000,"Census Tract 3550, Marion County, Indiana",2015,8.31255195344971
18097357500,"Census Tract 3575, Marion County, Indiana",2015,18.37837837837838
18097357600,"Census Tract 3576, Marion County, Indiana",2015,6.806176351076798
18097360202,"Census Tract 3602.02, Marion County, Indiana",2015,16.858429214607305
18097310306,"Census Tract 3103.06, Marion County, Indiana",2015,10.022333891680626
18097320304,"Census Tract 3203.04, Marion County, Indiana",2015,68.13211336755188
18097321001,"Census Tract 3210.01, Marion County, Indiana",2015,18.70310825294748
18097356400,"Census Tract 3564, Marion County, Indiana",2015,9.842041312272174
18097354400,"Census Tract 3544, Marion County, Indiana",2015,44.77157360406091
18097331000,"Census Tract 3310, Marion County, Indiana",2015,7.371900826446281
18097340500,"Census Tract 3405, Marion County, Indiana",2015,15.712440809298322
18097340700,"Census Tract 3407, Marion County, Indiana",2015,6.156338598622924
18097341700,"Census Tract 3417, Marion County, Indiana",2015,6.18860510805501
18097350300,"Census Tract 3503, Marion County, Indiana",2015,16.537467700258397
18097351900,"Census Tract 3519, Marion County, Indiana",2015,7.011494252873563
18097355400,"Census Tract 3554, Marion County, Indiana",2015,14.979338842975206
18097355500,"Census Tract 3555, Marion County, Indiana",2015,3.5240464344941955
18097356900,"Census Tract 3569, Marion County, Indiana",2015,4.689092762487258
18097357200,"Census Tract 3572, Marion County, Indiana",2015,6.479357798165138
18097358000,"Census Tract 3580, Marion County, Indiana",2015,7.234886025768088
18097370202,"Census Tract 3702.02, Marion County, Indiana",2015,9.14826498422713
18097360302,"Census Tract 3603.02, Marion County, Indiana",2015,4.243394715772618
18097361200,"Census Tract 3612, Marion County, Indiana",2015,19.8141106886354
18097361300,"Census Tract 3613, Marion County, Indiana",2015,7.6
18097380402,"Census Tract 3804.02, Marion County, Indiana",2015,9.92018244013683
18097360201,"Census Tract 3602.01, Marion County, Indiana",2015,9.54248366013072
18097322400,"Census Tract 3224, Marion County, Indiana",2015,28.36456558773424
18097330106,"Census Tract 3301.06, Marion County, Indiana",2015,35.74797843665768
18097330107,"Census Tract 3301.07, Marion County, Indiana",2015,61.88000866363439
18097320105,"Census Tract 3201.05, Marion County, Indiana",2015,45.15093127809891
18097320204,"Census Tract 3202.04, Marion County, Indiana",2015,39.52948010455998
18097320600,"Census Tract 3206, Marion County, Indiana",2015,40.97533632286996
18097321700,"Census Tract 3217, Marion County, Indiana",2015,57.75724753106085
18097330202,"Census Tract 3302.02, Marion County, Indiana",2015,20.275557067528492
18097340111,"Census Tract 3401.11, Marion County, Indiana",2015,33.37995337995338
18097340112,"Census Tract 3401.12, Marion County, Indiana",2015,33.21364452423698
18097340113,"Census Tract 3401.13, Marion County, Indiana",2015,25.785244704163624
18097340114,"Census Tract 3401.14, Marion County, Indiana",2015,30.285714285714285
18097340201,"Census Tract 3402.01, Marion County, Indiana",2015,11.781206171107996
18097340202,"Census Tract 3402.02, Marion County, Indiana",2015,20.015729453401494
18097340902,"Census Tract 3409.02, Marion County, Indiana",2015,22.62915352898375
18097341904,"Census Tract 3419.04, Marion County, Indiana",2015,23.21792260692464
18097370301,"Census Tract 3703.01, Marion County, Indiana",2015,17.032577903682718
18097340901,"Census Tract 3409.01, Marion County, Indiana",2015,20.356853203568537
18097341903,"Census Tract 3419.03, Marion County, Indiana",2015,14.70295386657816
18097370302,"Census Tract 3703.02, Marion County, Indiana",2015,15.300546448087433
18097380403,"Census Tract 3804.03, Marion County, Indiana",2015,12.120031176929071
18097360501,"Census Tract 3605.01, Marion County, Indiana",2015,15.197083618136247
18097320303,"Census Tract 3203.03, Marion County, Indiana",2015,61.11632270168855
18097320902,"Census Tract 3209.02, Marion County, Indiana",2015,29.816147082334133
18097321600,"Census Tract 3216, Marion County, Indiana",2015,46.41684901531729
18097380404,"Census Tract 3804.04, Marion County, Indiana",2015,17.59393063583815
18097390101,"Census Tract 3901.01, Marion County, Indiana",2015,32.93856402664693
18097390102,"Census Tract 3901.02, Marion County, Indiana",2015,17.41160773849233
18097390404,"Census Tract 3904.04, Marion County, Indiana",2015,24.160316116285635
18097390405,"Census Tract 3904.05, Marion County, Indiana",2015,38.083090379008745
18097390500,"Census Tract 3905, Marion County, Indiana",2015,10.296010296010296
18097390600,"Census Tract 3906, Marion County, Indiana",2015,29.47591638897304
18097390700,"Census Tract 3907, Marion County, Indiana",2015,8.58085808580858
18097390800,"Census Tract 3908, Marion County, Indiana",2015,12.771285475792988
18097390900,"Census Tract 3909, Marion County, Indiana",2015,60.20573903627504
18097391000,"Census Tract 3910, Marion County, Indiana",2015,68.43281200127673
18097321900,"Census Tract 3219, Marion County, Indiana",2015,76.58314350797266
18097322000,"Census Tract 3220, Marion County, Indiana",2015,34.10681399631676
18097322700,"Census Tract 3227, Marion County, Indiana",2015,25.03045066991474
18097340102,"Census Tract 3401.02, Marion County, Indiana",2015,15.326251896813352
18097341000,"Census Tract 3410, Marion County, Indiana",2015,36.09295570079884
18097351000,"Census Tract 3510, Marion County, Indiana",2015,21.683827983040583
18097340300,"Census Tract 3403, Marion County, Indiana",2015,8.75848478213269
18097341200,"Census Tract 3412, Marion County, Indiana",2015,4.256965944272446
18097341600,"Census Tract 3416, Marion County, Indiana",2015,7.639484978540772
18097342101,"Census Tract 3421.01, Marion County, Indiana",2015,13.130162346909712
18097310110,"Census Tract 3101.10, Marion County, Indiana",2015,44.572627163083375
18097310111,"Census Tract 3101.11, Marion County, Indiana",2015,41.77524429967427
18097310204,"Census Tract 3102.04, Marion County, Indiana",2015,27.87550744248985
18097310310,"Census Tract 3103.10, Marion County, Indiana",2015,35.704742818971276
18097310203,"Census Tract 3102.03, Marion County, Indiana",2015,38.02142051860203
18097310309,"Census Tract 3103.09, Marion County, Indiana",2015,17.091836734693878
18097310311,"Census Tract 3103.11, Marion County, Indiana",2015,29.651162790697676
18097310312,"Census Tract 3103.12, Marion County, Indiana",2015,23.14556609035137
18097330108,"Census Tract 3301.08, Marion County, Indiana",2015,65.7914478619655
18097330109,"Census Tract 3301.09, Marion County, Indiana",2015,53.060124022647614
18097330206,"Census Tract 3302.06, Marion County, Indiana",2015,45.82645991421973
18097330209,"Census Tract 3302.09, Marion County, Indiana",2015,45.99366983175079
18097330208,"Census Tract 3302.08, Marion County, Indiana",2015,50.532184490623415
18097330803,"Census Tract 3308.03, Marion County, Indiana",2015,13.159191720059145
18097330804,"Census Tract 3308.04, Marion County, Indiana",2015,11.904761904761903
18097354700,"Census Tract 3547, Marion County, Indiana",2015,9.718969555035128
18097355700,"Census Tract 3557, Marion County, Indiana",2015,5.402087170042972
18097357400,"Census Tract 3574, Marion County, Indiana",2015,7.544378698224852
18097357800,"Census Tract 3578, Marion County, Indiana",2015,17.37649063032368
18097358100,"Census Tract 3581, Marion County, Indiana",2015,13.858165256994145
18097360404,"Census Tract 3604.04, Marion County, Indiana",2015,12.718316166592029
18097380502,"Census Tract 3805.02, Marion County, Indiana",2015,11.069767441860463
18097380800,"Census Tract 3808, Marion County, Indiana",2015,14.27777777777778
18097380901,"Census Tract 3809.01, Marion County, Indiana",2015,27.92188866219761
18097381101,"Census Tract 3811.01, Marion County, Indiana",2015,38.318720990201136
18097381102,"Census Tract 3811.02, Marion County, Indiana",2015,29.85629335976214
18097381204,"Census Tract 3812.04, Marion County, Indiana",2015,23.511248345831497
18097390300,"Census Tract 3903, Marion County, Indiana",2015,27.78975741239892
18097310106,"Census Tract 3101.06, Marion County, Indiana",2015,28.10098792535675
18097320108,"Census Tract 3201.08, Marion County, Indiana",2015,20.659488559892328
18097320202,"Census Tract 3202.02, Marion County, Indiana",2015,72.12121212121212
18097320301,"Census Tract 3203.01, Marion County, Indiana",2015,61.86675919500347
18097320700,"Census Tract 3207, Marion County, Indiana",2015,63.793103448275865
18097330805,"Census Tract 3308.05, Marion County, Indiana",2015,5.027027027027027
18097330806,"Census Tract 3308.06, Marion County, Indiana",2015,6.2558356676003735
18097340109,"Census Tract 3401.09, Marion County, Indiana",2015,22.099447513812155
18097340110,"Census Tract 3401.10, Marion County, Indiana",2015,14.343246592317223
18097342600,"Census Tract 3426, Marion County, Indiana",2015,3.3777354900095147
18097354200,"Census Tract 3542, Marion County, Indiana",2015,50.66614420062696
18097354500,"Census Tract 3545, Marion County, Indiana",2015,28.4985835694051
18097357300,"Census Tract 3573, Marion County, Indiana",2015,2.3138105567606653
18097360405,"Census Tract 3604.05, Marion County, Indiana",2015,22.968793927466965
18097360502,"Census Tract 3605.02, Marion County, Indiana",2015,10.94147582697201
18097360800,"Census Tract 3608, Marion County, Indiana",2015,11.412103746397694
18097380200,"Census Tract 3802, Marion County, Indiana",2015,11.45413870246085
18097380902,"Census Tract 3809.02, Marion County, Indiana",2015,37.01602959309494
18097381203,"Census Tract 3812.03, Marion County, Indiana",2015,13.44364012409514
18097320109,"Census Tract 3201.09, Marion County, Indiana",2015,57.51161590087764
18097310104,"Census Tract 3101.04, Marion County, Indiana",2015,48.66102889358703
18097310308,"Census Tract 3103.08, Marion County, Indiana",2015,36.96883852691218
18097320107,"Census Tract 3201.07, Marion County, Indiana",2015,51.97588747488279
18097340300,"Census Tract 3403, Marion County, Indiana",2016,8.012684989429175
18097341200,"Census Tract 3412, Marion County, Indiana",2016,6.856702619414484
18097341600,"Census Tract 3416, Marion County, Indiana",2016,7.772435897435898
18097342101,"Census Tract 3421.01, Marion County, Indiana",2016,12.065555241593673
18097340400,"Census Tract 3404, Marion County, Indiana",2016,7.753386268099019
18097342400,"Census Tract 3424, Marion County, Indiana",2016,5.76
18097342500,"Census Tract 3425, Marion County, Indiana",2016,6.535303776683087
18097350500,"Census Tract 3505, Marion County, Indiana",2016,7.2528883183568675
18097350600,"Census Tract 3506, Marion County, Indiana",2016,7.220708446866485
18097351600,"Census Tract 3516, Marion County, Indiana",2016,48.96844660194175
18097354700,"Census Tract 3547, Marion County, Indiana",2016,12.866817155756207
18097355700,"Census Tract 3557, Marion County, Indiana",2016,3.948967193195626
18097357400,"Census Tract 3574, Marion County, Indiana",2016,7.668474051123161
18097357800,"Census Tract 3578, Marion County, Indiana",2016,17.98507462686567
18097358100,"Census Tract 3581, Marion County, Indiana",2016,9.005847953216374
18097360404,"Census Tract 3604.04, Marion County, Indiana",2016,12.340139107022662
18097380502,"Census Tract 3805.02, Marion County, Indiana",2016,14.580335731414868
18097380800,"Census Tract 3808, Marion County, Indiana",2016,11.869918699186991
18097380901,"Census Tract 3809.01, Marion County, Indiana",2016,30.954428202923474
18097381101,"Census Tract 3811.01, Marion County, Indiana",2016,42.27789256198347
18097381102,"Census Tract 3811.02, Marion County, Indiana",2016,31.778492647058822
18097381204,"Census Tract 3812.04, Marion County, Indiana",2016,25.23206751054852
18097390300,"Census Tract 3903, Marion County, Indiana",2016,27.44411527067062
18097310106,"Census Tract 3101.06, Marion County, Indiana",2016,32.52738949754439
18097320108,"Census Tract 3201.08, Marion County, Indiana",2016,22.203893104585944
18097320202,"Census Tract 3202.02, Marion County, Indiana",2016,71.56767283349562
18097320301,"Census Tract 3203.01, Marion County, Indiana",2016,62.0545073375262
18097320700,"Census Tract 3207, Marion County, Indiana",2016,64.69807564698075
18097354200,"Census Tract 3542, Marion County, Indiana",2016,51.78041543026706
18097354500,"Census Tract 3545, Marion County, Indiana",2016,30.005704506560186
18097357300,"Census Tract 3573, Marion County, Indiana",2016,3.4231609613983975
18097360405,"Census Tract 3604.05, Marion County, Indiana",2016,22.14076246334311
18097360502,"Census Tract 3605.02, Marion County, Indiana",2016,11.621164532495772
18097360800,"Census Tract 3608, Marion County, Indiana",2016,9.971014492753625
18097380200,"Census Tract 3802, Marion County, Indiana",2016,10.849453322119428
18097380902,"Census Tract 3809.02, Marion County, Indiana",2016,39.02317468228258
18097381203,"Census Tract 3812.03, Marion County, Indiana",2016,13.146779303062305
18097320109,"Census Tract 3201.09, Marion County, Indiana",2016,55.30376084860173
18097310104,"Census Tract 3101.04, Marion County, Indiana",2016,47.69176136363637
18097310308,"Census Tract 3103.08, Marion County, Indiana",2016,39.01446654611212
18097320107,"Census Tract 3201.07, Marion County, Indiana",2016,57.49318801089918
18097361100,"Census Tract 3611, Marion County, Indiana",2016,45.35446939674152
18097370201,"Census Tract 3702.01, Marion County, Indiana",2016,13.6279242480505
18097381002,"Census Tract 3810.02, Marion County, Indiana",2016,28.047619047619047
18097390200,"Census Tract 3902, Marion County, Indiana",2016,29.659037832788417
18097390403,"Census Tract 3904.03, Marion County, Indiana",2016,44.43917101724411
18097310103,"Census Tract 3101.03, Marion County, Indiana",2016,60.786397449521786
18097310105,"Census Tract 3101.05, Marion County, Indiana",2016,44.10112359550562
18097310108,"Census Tract 3101.08, Marion County, Indiana",2016,67.90076335877863
18097320203,"Census Tract 3202.03, Marion County, Indiana",2016,50.74862096138692
18097320500,"Census Tract 3205, Marion County, Indiana",2016,60.70935052970981
18097320901,"Census Tract 3209.01, Marion County, Indiana",2016,50.98218364550023
18097320800,"Census Tract 3208, Marion County, Indiana",2016,69.95327102803738
18097321200,"Census Tract 3212, Marion County, Indiana",2016,75.81536760641238
18097330401,"Census Tract 3304.01, Marion County, Indiana",2016,53.49011758819114
18097330900,"Census Tract 3309, Marion County, Indiana",2016,14.71480582524272
18097340101,"Census Tract 3401.01, Marion County, Indiana",2016,29.3897416697866
18097340600,"Census Tract 3406, Marion County, Indiana",2016,13.302620213072272
18097341100,"Census Tract 3411, Marion County, Indiana",2016,9.029345372460496
18097342000,"Census Tract 3420, Marion County, Indiana",2016,26.79570895522388
18097350800,"Census Tract 3508, Marion County, Indiana",2016,3.6206896551724137
18097351200,"Census Tract 3512, Marion County, Indiana",2016,7.255936675461742
18097352100,"Census Tract 3521, Marion County, Indiana",2016,8.339594290007513
18097356200,"Census Tract 3562, Marion County, Indiana",2016,28.541001064962725
18097357900,"Census Tract 3579, Marion County, Indiana",2016,21.558270056124133
18097360101,"Census Tract 3601.01, Marion County, Indiana",2016,3.5629453681710213
18097360402,"Census Tract 3604.02, Marion County, Indiana",2016,8.312128922815946
18097360700,"Census Tract 3607, Marion County, Indiana",2016,44.31654676258993
18097360900,"Census Tract 3609, Marion County, Indiana",2016,20.435141834205453
18097361000,"Census Tract 3610, Marion County, Indiana",2016,52.44618395303327
18097310201,"Census Tract 3102.01, Marion County, Indiana",2016,46.57293497363796
18097352500,"Census Tract 3525, Marion County, Indiana",2016,29.203956665096563
18097352800,"Census Tract 3528, Marion County, Indiana",2016,15.982404692082111
18097353600,"Census Tract 3536, Marion County, Indiana",2016,9.340252038547073
18097354900,"Census Tract 3549, Marion County, Indiana",2016,6.1145080600333515
18097355900,"Census Tract 3559, Marion County, Indiana",2016,29.81283422459893
18097357000,"Census Tract 3570, Marion County, Indiana",2016,9.18790752815649
18097360102,"Census Tract 3601.02, Marion County, Indiana",2016,10.349854227405247
18097380700,"Census Tract 3807, Marion County, Indiana",2016,13.474025974025974
18097361400,"Census Tract 3614, Marion County, Indiana",2016,18.569232918820735
18097361600,"Census Tract 3616, Marion County, Indiana",2016,32.819383259911895
18097310110,"Census Tract 3101.10, Marion County, Indiana",2016,48.660235798499464
18097310111,"Census Tract 3101.11, Marion County, Indiana",2016,41.178766588602656
18097310204,"Census Tract 3102.04, Marion County, Indiana",2016,26.03174603174603
18097310310,"Census Tract 3103.10, Marion County, Indiana",2016,33.56329768885823
18097310203,"Census Tract 3102.03, Marion County, Indiana",2016,42.58373205741627
18097310309,"Census Tract 3103.09, Marion County, Indiana",2016,19.483870967741936
18097310311,"Census Tract 3103.11, Marion County, Indiana",2016,32.54455156295647
18097310312,"Census Tract 3103.12, Marion County, Indiana",2016,23.91423859263331
18097330108,"Census Tract 3301.08, Marion County, Indiana",2016,64.91482421167089
18097330109,"Census Tract 3301.09, Marion County, Indiana",2016,55.12048192771084
18097330206,"Census Tract 3302.06, Marion County, Indiana",2016,46.93118412895226
18097330209,"Census Tract 3302.09, Marion County, Indiana",2016,38.99090441050283
18097330208,"Census Tract 3302.08, Marion County, Indiana",2016,50.342465753424655
18097330803,"Census Tract 3308.03, Marion County, Indiana",2016,13.063763608087092
18097330804,"Census Tract 3308.04, Marion County, Indiana",2016,11.548064918851436
18097330805,"Census Tract 3308.05, Marion County, Indiana",2016,4.969325153374233
18097330806,"Census Tract 3308.06, Marion County, Indiana",2016,7.538330494037479
18097340109,"Census Tract 3401.09, Marion County, Indiana",2016,26.31578947368421
18097340110,"Census Tract 3401.10, Marion County, Indiana",2016,16.333233801134668
18097342600,"Census Tract 3426, Marion County, Indiana",2016,4.4184865413915695
18097380300,"Census Tract 3803, Marion County, Indiana",2016,7.435197817189632
18097381001,"Census Tract 3810.01, Marion County, Indiana",2016,18.088531187122737
18097380100,"Census Tract 3801, Marion County, Indiana",2016,35.457015160809746
18097381201,"Census Tract 3812.01, Marion County, Indiana",2016,35.55774925962488
18097381205,"Census Tract 3812.05, Marion County, Indiana",2016,14.804102024717327
18097321400,"Census Tract 3214, Marion County, Indiana",2016,52.48390064397424
18097322300,"Census Tract 3223, Marion County, Indiana",2016,70.65934065934066
18097330105,"Census Tract 3301.05, Marion County, Indiana",2016,47.9933110367893
18097340108,"Census Tract 3401.08, Marion County, Indiana",2016,8.588957055214724
18097350400,"Census Tract 3504, Marion County, Indiana",2016,29.936305732484076
18097350700,"Census Tract 3507, Marion County, Indiana",2016,4.046858359957401
18097350900,"Census Tract 3509, Marion County, Indiana",2016,24.68827930174563
18097351700,"Census Tract 3517, Marion County, Indiana",2016,31.514084507042252
18097322400,"Census Tract 3224, Marion County, Indiana",2016,33.18243549117248
18097330106,"Census Tract 3301.06, Marion County, Indiana",2016,36.575133485888635
18097330107,"Census Tract 3301.07, Marion County, Indiana",2016,62.52162629757785
18097320105,"Census Tract 3201.05, Marion County, Indiana",2016,43.938442211055275
18097320204,"Census Tract 3202.04, Marion County, Indiana",2016,46.08834486428952
18097320600,"Census Tract 3206, Marion County, Indiana",2016,45.152198421646
18097321700,"Census Tract 3217, Marion County, Indiana",2016,53.27313769751693
18097330202,"Census Tract 3302.02, Marion County, Indiana",2016,20.14516129032258
18097340111,"Census Tract 3401.11, Marion County, Indiana",2016,34.35897435897436
18097340112,"Census Tract 3401.12, Marion County, Indiana",2016,30.845157310302284
18097340113,"Census Tract 3401.13, Marion County, Indiana",2016,25.708215297450423
18097340114,"Census Tract 3401.14, Marion County, Indiana",2016,30.601276452804836
18097340201,"Census Tract 3402.01, Marion County, Indiana",2016,10.99476439790576
18097340202,"Census Tract 3402.02, Marion County, Indiana",2016,21.705710102489014
18097340902,"Census Tract 3409.02, Marion County, Indiana",2016,29.757785467128027
18097341904,"Census Tract 3419.04, Marion County, Indiana",2016,21.730103806228374
18097370301,"Census Tract 3703.01, Marion County, Indiana",2016,19.33097458990029
18097340901,"Census Tract 3409.01, Marion County, Indiana",2016,22.255834053586863
18097341903,"Census Tract 3419.03, Marion County, Indiana",2016,16.370106761565836
18097370302,"Census Tract 3703.02, Marion County, Indiana",2016,16.486054361343044
18097380403,"Census Tract 3804.03, Marion County, Indiana",2016,15.62624254473161
18097321002,"Census Tract 3210.02, Marion County, Indiana",2016,50.01709401709402
18097380600,"Census Tract 3806, Marion County, Indiana",2016,19.182200841852076
18097321800,"Census Tract 3218, Marion County, Indiana",2016,78.44332855093256
18097322200,"Census Tract 3222, Marion County, Indiana",2016,48.215488215488215
18097330203,"Census Tract 3302.03, Marion County, Indiana",2016,65.42331288343559
18097341902,"Census Tract 3419.02, Marion County, Indiana",2016,24.3687374749499
18097330204,"Census Tract 3302.04, Marion County, Indiana",2016,47.873831775700936
18097330500,"Census Tract 3305, Marion County, Indiana",2016,28.56492027334852
18097352300,"Census Tract 3523, Marion County, Indiana",2016,5.804111245465538
18097355100,"Census Tract 3551, Marion County, Indiana",2016,5.436893203883495
18097355300,"Census Tract 3553, Marion County, Indiana",2016,21.568627450980394
18097360602,"Census Tract 3606.02, Marion County, Indiana",2016,16.622372553756946
18097352600,"Census Tract 3526, Marion County, Indiana",2016,9.31738913801694
18097353500,"Census Tract 3535, Marion County, Indiana",2016,42.678868552412645
18097354800,"Census Tract 3548, Marion County, Indiana",2016,10.188261351052049
18097355000,"Census Tract 3550, Marion County, Indiana",2016,7.159533073929961
18097357500,"Census Tract 3575, Marion County, Indiana",2016,15.88256101874779
18097357600,"Census Tract 3576, Marion County, Indiana",2016,6.161825726141079
18097360202,"Census Tract 3602.02, Marion County, Indiana",2016,16.44674835061263
18097310306,"Census Tract 3103.06, Marion County, Indiana",2016,10.342873335222444
18097320304,"Census Tract 3203.04, Marion County, Indiana",2016,65.85781183482332
18097321001,"Census Tract 3210.01, Marion County, Indiana",2016,19.758909853249477
18097356400,"Census Tract 3564, Marion County, Indiana",2016,9.942481511914544
18097354400,"Census Tract 3544, Marion County, Indiana",2016,45.95782073813708
18097331000,"Census Tract 3310, Marion County, Indiana",2016,8.100289296046288
18097340500,"Census Tract 3405, Marion County, Indiana",2016,15.470297029702971
18097340700,"Census Tract 3407, Marion County, Indiana",2016,4.4310927525347354
18097341700,"Census Tract 3417, Marion County, Indiana",2016,6.133514063029481
18097350300,"Census Tract 3503, Marion County, Indiana",2016,16.962645437844458
18097351900,"Census Tract 3519, Marion County, Indiana",2016,8.291316526610645
18097355400,"Census Tract 3554, Marion County, Indiana",2016,14.555669050051073
18097355500,"Census Tract 3555, Marion County, Indiana",2016,3.703703703703704
18097356900,"Census Tract 3569, Marion County, Indiana",2016,6.320081549439347
18097357200,"Census Tract 3572, Marion County, Indiana",2016,7.738095238095238
18097358000,"Census Tract 3580, Marion County, Indiana",2016,9.921414538310412
18097360301,"Census Tract 3603.01, Marion County, Indiana",2016,13.320825515947469
18097360401,"Census Tract 3604.01, Marion County, Indiana",2016,9.192128430864836
18097380501,"Census Tract 3805.01, Marion County, Indiana",2016,15.8252977878616
18097390402,"Census Tract 3904.02, Marion County, Indiana",2016,39.372640895483535
18097321300,"Census Tract 3213, Marion County, Indiana",2016,75.71815718157181
18097330103,"Census Tract 3301.03, Marion County, Indiana",2016,55.001279099513944
18097330600,"Census Tract 3306, Marion County, Indiana",2016,23.553459119496857
18097322600,"Census Tract 3226, Marion County, Indiana",2016,13.616838487972508
18097321100,"Census Tract 3211, Marion County, Indiana",2016,54.18450759050214
18097320400,"Census Tract 3204, Marion County, Indiana",2016,39.47939262472885
18097340800,"Census Tract 3408, Marion County, Indiana",2016,29.259896729776248
18097351500,"Census Tract 3515, Marion County, Indiana",2016,15.996784565916398
18097320903,"Census Tract 3209.03, Marion County, Indiana",2016,10.026789131266744
18097360601,"Census Tract 3606.01, Marion County, Indiana",2016,21.40221402214022
18097320106,"Census Tract 3201.06, Marion County, Indiana",2016,56.24235006119951
18097322500,"Census Tract 3225, Marion County, Indiana",2016,19.901477832512317
18097342200,"Census Tract 3422, Marion County, Indiana",2016,8.78278809313292
18097355600,"Census Tract 3556, Marion County, Indiana",2016,2.2672064777327936
18097310305,"Census Tract 3103.05, Marion County, Indiana",2016,23.26811210999471
18097322100,"Census Tract 3221, Marion County, Indiana",2016,39.37048503611971
18097342300,"Census Tract 3423, Marion County, Indiana",2016,4.876915931258709
18097353300,"Census Tract 3533, Marion County, Indiana",2016,41.46114471847371
18097357100,"Census Tract 3571, Marion County, Indiana",2016,22.22222222222222
18097370202,"Census Tract 3702.02, Marion County, Indiana",2016,9.800583657587548
18097360302,"Census Tract 3603.02, Marion County, Indiana",2016,5.031446540880503
18097361200,"Census Tract 3612, Marion County, Indiana",2016,26.336041043180845
18097361300,"Census Tract 3613, Marion County, Indiana",2016,10.755813953488373
18097380402,"Census Tract 3804.02, Marion County, Indiana",2016,10.471729675476748
18097360201,"Census Tract 3602.01, Marion County, Indiana",2016,7.28476821192053
18097360501,"Census Tract 3605.01, Marion County, Indiana",2016,16.005946481665013
18097320303,"Census Tract 3203.03, Marion County, Indiana",2016,60.65436241610738
18097320902,"Census Tract 3209.02, Marion County, Indiana",2016,28.172043010752688
18097321600,"Census Tract 3216, Marion County, Indiana",2016,46.60096032347738
18097380404,"Census Tract 3804.04, Marion County, Indiana",2016,20.15005359056806
18097390101,"Census Tract 3901.01, Marion County, Indiana",2016,32.210834553440705
18097390102,"Census Tract 3901.02, Marion County, Indiana",2016,21.59365298378751
18097390404,"Census Tract 3904.04, Marion County, Indiana",2016,23.02749935749165
18097390405,"Census Tract 3904.05, Marion County, Indiana",2016,43.987938183188845
18097390500,"Census Tract 3905, Marion County, Indiana",2016,12.822014051522247
18097390600,"Census Tract 3906, Marion County, Indiana",2016,33.407696597880644
18097390700,"Census Tract 3907, Marion County, Indiana",2016,11.470588235294118
18097390800,"Census Tract 3908, Marion County, Indiana",2016,12.105473431881745
18097390900,"Census Tract 3909, Marion County, Indiana",2016,57.581227436823106
18097391000,"Census Tract 3910, Marion County, Indiana",2016,71.54518950437318
18097321900,"Census Tract 3219, Marion County, Indiana",2016,76.90917306823317
18097322000,"Census Tract 3220, Marion County, Indiana",2016,38.9797507788162
18097322700,"Census Tract 3227, Marion County, Indiana",2016,25.56929082628497
18097340102,"Census Tract 3401.02, Marion County, Indiana",2016,17.189514396218307
18097341000,"Census Tract 3410, Marion County, Indiana",2016,34.166666666666664
18097351000,"Census Tract 3510, Marion County, Indiana",2016,22.8110599078341
18097352400,"Census Tract 3524, Marion County, Indiana",2016,11.54025127966496
18097352700,"Census Tract 3527, Marion County, Indiana",2016,14.875
18097330700,"Census Tract 3307, Marion County, Indiana",2016,5.774155995343422
18097350100,"Census Tract 3501, Marion County, Indiana",2016,10.538373424971365
18097354200,"Census Tract 3542, Marion County, Indiana",2017,55.846774193548384
18097354500,"Census Tract 3545, Marion County, Indiana",2017,29.178632969557725
18097357300,"Census Tract 3573, Marion County, Indiana",2017,2.9545454545454546
18097360405,"Census Tract 3604.05, Marion County, Indiana",2017,23.22635135135135
18097360502,"Census Tract 3605.02, Marion County, Indiana",2017,13.952380952380953
18097360800,"Census Tract 3608, Marion County, Indiana",2017,10.838978634705576
18097380300,"Census Tract 3803, Marion County, Indiana",2017,8.501742160278745
18097381001,"Census Tract 3810.01, Marion County, Indiana",2017,20.18059638807224
18097380100,"Census Tract 3801, Marion County, Indiana",2017,34.20027109454422
18097381201,"Census Tract 3812.01, Marion County, Indiana",2017,35.558228101824014
18097381205,"Census Tract 3812.05, Marion County, Indiana",2017,14.705150534958944
18097321400,"Census Tract 3214, Marion County, Indiana",2017,58.29289810322012
18097322300,"Census Tract 3223, Marion County, Indiana",2017,73.64620938628158
18097330105,"Census Tract 3301.05, Marion County, Indiana",2017,44.64
18097340108,"Census Tract 3401.08, Marion County, Indiana",2017,9.354604786076868
18097350400,"Census Tract 3504, Marion County, Indiana",2017,32.853470437018
18097350700,"Census Tract 3507, Marion County, Indiana",2017,6.585612968591692
18097350900,"Census Tract 3509, Marion County, Indiana",2017,27.19298245614035
18097351700,"Census Tract 3517, Marion County, Indiana",2017,35.2343308865048
18097352600,"Census Tract 3526, Marion County, Indiana",2017,8.486562942008486
18097353500,"Census Tract 3535, Marion County, Indiana",2017,48.31697054698457
18097354800,"Census Tract 3548, Marion County, Indiana",2017,16.144018583042975
18097355000,"Census Tract 3550, Marion County, Indiana",2017,8.979885057471265
18097357500,"Census Tract 3575, Marion County, Indiana",2017,15.56970983722576
18097357600,"Census Tract 3576, Marion County, Indiana",2017,7.05233033524121
18097310110,"Census Tract 3101.10, Marion County, Indiana",2017,51.653543307086615
18097310111,"Census Tract 3101.11, Marion County, Indiana",2017,35.451638689048764
18097310203,"Census Tract 3102.03, Marion County, Indiana",2017,41.12903225806452
18097310204,"Census Tract 3102.04, Marion County, Indiana",2017,31.562229280970257
18097310309,"Census Tract 3103.09, Marion County, Indiana",2017,18.847945785684033
18097310310,"Census Tract 3103.10, Marion County, Indiana",2017,31.61546085232904
18097310311,"Census Tract 3103.11, Marion County, Indiana",2017,33.75456332490873
18097310312,"Census Tract 3103.12, Marion County, Indiana",2017,21.949199337382662
18097330108,"Census Tract 3301.08, Marion County, Indiana",2017,65.77402787967718
18097330109,"Census Tract 3301.09, Marion County, Indiana",2017,56.97200326175591
18097330206,"Census Tract 3302.06, Marion County, Indiana",2017,50.10615711252654
18097330208,"Census Tract 3302.08, Marion County, Indiana",2017,55.04716981132076
18097330209,"Census Tract 3302.09, Marion County, Indiana",2017,37.055195318677846
18097330803,"Census Tract 3308.03, Marion County, Indiana",2017,12.711430035879037
18097330804,"Census Tract 3308.04, Marion County, Indiana",2017,9.708121827411167
18097330805,"Census Tract 3308.05, Marion County, Indiana",2017,6.151142355008787
18097330806,"Census Tract 3308.06, Marion County, Indiana",2017,7.925596441568945
18097340109,"Census Tract 3401.09, Marion County, Indiana",2017,25.2858958068615
18097340110,"Census Tract 3401.10, Marion County, Indiana",2017,8.130841121495328
18097340111,"Census Tract 3401.11, Marion County, Indiana",2017,32.15271389144434
18097340112,"Census Tract 3401.12, Marion County, Indiana",2017,26.550218340611355
18097340113,"Census Tract 3401.13, Marion County, Indiana",2017,20.74805928016937
18097340114,"Census Tract 3401.14, Marion County, Indiana",2017,26.6051912568306
18097340201,"Census Tract 3402.01, Marion County, Indiana",2017,12.556053811659194
18097340202,"Census Tract 3402.02, Marion County, Indiana",2017,22.57100149476831
18097340901,"Census Tract 3409.01, Marion County, Indiana",2017,23.801369863013697
18097340902,"Census Tract 3409.02, Marion County, Indiana",2017,26.8174885612608
18097341903,"Census Tract 3419.03, Marion County, Indiana",2017,19.08742598397771
18097341904,"Census Tract 3419.04, Marion County, Indiana",2017,24.60087082728592
18097370301,"Census Tract 3703.01, Marion County, Indiana",2017,17.79381766828809
18097370302,"Census Tract 3703.02, Marion County, Indiana",2017,14.551137350234416
18097380403,"Census Tract 3804.03, Marion County, Indiana",2017,14.918497519489724
18097380404,"Census Tract 3804.04, Marion County, Indiana",2017,20.320466132556447
18097390101,"Census Tract 3901.01, Marion County, Indiana",2017,32.11870773854245
18097390102,"Census Tract 3901.02, Marion County, Indiana",2017,22.310377657886384
18097390404,"Census Tract 3904.04, Marion County, Indiana",2017,26.470588235294116
18097390405,"Census Tract 3904.05, Marion County, Indiana",2017,44.20677361853832
18097390500,"Census Tract 3905, Marion County, Indiana",2017,14.496314496314495
18097390600,"Census Tract 3906, Marion County, Indiana",2017,36.613942589338016
18097390700,"Census Tract 3907, Marion County, Indiana",2017,13.817586018569088
18097390800,"Census Tract 3908, Marion County, Indiana",2017,10.843864655523848
18097390900,"Census Tract 3909, Marion County, Indiana",2017,57.73624091381101
18097391000,"Census Tract 3910, Marion County, Indiana",2017,75.86114101184069
18097380200,"Census Tract 3802, Marion County, Indiana",2017,11.962537249893572
18097380902,"Census Tract 3809.02, Marion County, Indiana",2017,40.947843530591776
18097381203,"Census Tract 3812.03, Marion County, Indiana",2017,12.47323340471092
18097360202,"Census Tract 3602.02, Marion County, Indiana",2017,17.33775461866414
18097360301,"Census Tract 3603.01, Marion County, Indiana",2017,11.551312649164675
18097360401,"Census Tract 3604.01, Marion County, Indiana",2017,12.44337863042899
18097380501,"Census Tract 3805.01, Marion County, Indiana",2017,16.93548387096774
18097390402,"Census Tract 3904.02, Marion County, Indiana",2017,38.92706131078224
18097321300,"Census Tract 3213, Marion County, Indiana",2017,76.5089722675367
18097330103,"Census Tract 3301.03, Marion County, Indiana",2017,53.7959822593269
18097330600,"Census Tract 3306, Marion County, Indiana",2017,21.2003583159152
18097322600,"Census Tract 3226, Marion County, Indiana",2017,11.88997338065661
18097321100,"Census Tract 3211, Marion County, Indiana",2017,52.977571539056456
18097320400,"Census Tract 3204, Marion County, Indiana",2017,35.946872322193656
18097340800,"Census Tract 3408, Marion County, Indiana",2017,26.85025817555938
18097354700,"Census Tract 3547, Marion County, Indiana",2017,13.577586206896552
18097355700,"Census Tract 3557, Marion County, Indiana",2017,5.710491367861886
18097357400,"Census Tract 3574, Marion County, Indiana",2017,6.985956067698956
18097357800,"Census Tract 3578, Marion County, Indiana",2017,23.028391167192428
18097358100,"Census Tract 3581, Marion County, Indiana",2017,10.856838744012771
18097360404,"Census Tract 3604.04, Marion County, Indiana",2017,12.567187100076785
18097380502,"Census Tract 3805.02, Marion County, Indiana",2017,14.541062801932368
18097380800,"Census Tract 3808, Marion County, Indiana",2017,13.19082377476538
18097380901,"Census Tract 3809.01, Marion County, Indiana",2017,30.302174526969782
18097381101,"Census Tract 3811.01, Marion County, Indiana",2017,48.584047804624575
18097381102,"Census Tract 3811.02, Marion County, Indiana",2017,28.145771258308503
18097381204,"Census Tract 3812.04, Marion County, Indiana",2017,23.036006546644845
18097390300,"Census Tract 3903, Marion County, Indiana",2017,28.68831500894912
18097310106,"Census Tract 3101.06, Marion County, Indiana",2017,31.475287997027127
18097320108,"Census Tract 3201.08, Marion County, Indiana",2017,27.31291443005999
18097320202,"Census Tract 3202.02, Marion County, Indiana",2017,72.23427331887201
18097320301,"Census Tract 3203.01, Marion County, Indiana",2017,63.366336633663366
18097320700,"Census Tract 3207, Marion County, Indiana",2017,71.0827168796234
18097321002,"Census Tract 3210.02, Marion County, Indiana",2017,57.07656612529002
18097380600,"Census Tract 3806, Marion County, Indiana",2017,19.946729801716483
18097321800,"Census Tract 3218, Marion County, Indiana",2017,74.78139209513816
18097322200,"Census Tract 3222, Marion County, Indiana",2017,51.03092783505155
18097330203,"Census Tract 3302.03, Marion County, Indiana",2017,70.19607843137256
18097341902,"Census Tract 3419.02, Marion County, Indiana",2017,23.226317875544986
18097330204,"Census Tract 3302.04, Marion County, Indiana",2017,50.982163016482275
18097330500,"Census Tract 3305, Marion County, Indiana",2017,27.83053323593864
18097352300,"Census Tract 3523, Marion County, Indiana",2017,6.343283582089552
18097355100,"Census Tract 3551, Marion County, Indiana",2017,9.480401093892434
18097355300,"Census Tract 3553, Marion County, Indiana",2017,25.25741974560872
18097320109,"Census Tract 3201.09, Marion County, Indiana",2017,58.96338563956253
18097310104,"Census Tract 3101.04, Marion County, Indiana",2017,55.23300229182582
18097310308,"Census Tract 3103.08, Marion County, Indiana",2017,34.515366430260045
18097320107,"Census Tract 3201.07, Marion County, Indiana",2017,59.33774834437086
18097320800,"Census Tract 3208, Marion County, Indiana",2017,72.85579641847313
18097321200,"Census Tract 3212, Marion County, Indiana",2017,79.46931117662825
18097330401,"Census Tract 3304.01, Marion County, Indiana",2017,58.84724857685009
18097330900,"Census Tract 3309, Marion County, Indiana",2017,13.811499703615889
18097340101,"Census Tract 3401.01, Marion County, Indiana",2017,29.799318439984855
18097340600,"Census Tract 3406, Marion County, Indiana",2017,10.605170387779085
18097341100,"Census Tract 3411, Marion County, Indiana",2017,7.945205479452055
18097342000,"Census Tract 3420, Marion County, Indiana",2017,29.50708980418636
18097350800,"Census Tract 3508, Marion County, Indiana",2017,4.745762711864407
18097351200,"Census Tract 3512, Marion County, Indiana",2017,6.328279499011206
18097352100,"Census Tract 3521, Marion County, Indiana",2017,7.278241091736164
18097356200,"Census Tract 3562, Marion County, Indiana",2017,30.540454109370003
18097357900,"Census Tract 3579, Marion County, Indiana",2017,24.686192468619247
18097360101,"Census Tract 3601.01, Marion County, Indiana",2017,4.115853658536586
18097360402,"Census Tract 3604.02, Marion County, Indiana",2017,10.429936305732484
18097360700,"Census Tract 3607, Marion County, Indiana",2017,45.4484153742414
18097351500,"Census Tract 3515, Marion County, Indiana",2017,14.06810035842294
18097320903,"Census Tract 3209.03, Marion County, Indiana",2017,10.427087341285109
18097360601,"Census Tract 3606.01, Marion County, Indiana",2017,19.45945945945946
18097320106,"Census Tract 3201.06, Marion County, Indiana",2017,61.508452535760725
18097322500,"Census Tract 3225, Marion County, Indiana",2017,19.880715705765407
18097342200,"Census Tract 3422, Marion County, Indiana",2017,8.033077377436504
18097355600,"Census Tract 3556, Marion County, Indiana",2017,2.2831050228310503
18097310305,"Census Tract 3103.05, Marion County, Indiana",2017,24.275646045418952
18097322100,"Census Tract 3221, Marion County, Indiana",2017,45.60408394781622
18097342300,"Census Tract 3423, Marion County, Indiana",2017,3.9618138424821
18097353300,"Census Tract 3533, Marion County, Indiana",2017,43.67541766109785
18097357100,"Census Tract 3571, Marion County, Indiana",2017,31.571428571428573
18097360602,"Census Tract 3606.02, Marion County, Indiana",2017,15.810556079170594
18097361100,"Census Tract 3611, Marion County, Indiana",2017,47.24052718286656
18097370201,"Census Tract 3702.01, Marion County, Indiana",2017,13.368185212845408
18097381002,"Census Tract 3810.02, Marion County, Indiana",2017,27.17948717948718
18097390200,"Census Tract 3902, Marion County, Indiana",2017,29.985855728429986
18097390403,"Census Tract 3904.03, Marion County, Indiana",2017,45.26921879863056
18097310103,"Census Tract 3101.03, Marion County, Indiana",2017,62.757367783609205
18097310105,"Census Tract 3101.05, Marion County, Indiana",2017,42.41803278688525
18097310108,"Census Tract 3101.08, Marion County, Indiana",2017,67.29629629629629
18097320203,"Census Tract 3202.03, Marion County, Indiana",2017,53.20844958150658
18097320500,"Census Tract 3205, Marion County, Indiana",2017,63.30071174377224
18097320901,"Census Tract 3209.01, Marion County, Indiana",2017,51.824155903013825
18097322400,"Census Tract 3224, Marion County, Indiana",2017,36.24014022787029
18097330106,"Census Tract 3301.06, Marion County, Indiana",2017,33.90672782874618
18097330107,"Census Tract 3301.07, Marion County, Indiana",2017,61.25856164383562
18097320105,"Census Tract 3201.05, Marion County, Indiana",2017,45.911949685534594
18097320204,"Census Tract 3202.04, Marion County, Indiana",2017,44.54697986577181
18097320600,"Census Tract 3206, Marion County, Indiana",2017,48.90710382513661
18097321700,"Census Tract 3217, Marion County, Indiana",2017,57.93080939947781
18097330202,"Census Tract 3302.02, Marion County, Indiana",2017,17.896195903280457
18097340300,"Census Tract 3403, Marion County, Indiana",2017,8.269746339451434
18097341200,"Census Tract 3412, Marion County, Indiana",2017,8.389012620638455
18097341600,"Census Tract 3416, Marion County, Indiana",2017,6.907894736842105
18097342101,"Census Tract 3421.01, Marion County, Indiana",2017,13.943355119825709
18097342600,"Census Tract 3426, Marion County, Indiana",2017,4.087736789631107
18097352400,"Census Tract 3524, Marion County, Indiana",2017,8.803501945525293
18097352700,"Census Tract 3527, Marion County, Indiana",2017,20.259128386336865
18097330700,"Census Tract 3307, Marion County, Indiana",2017,6.357142857142857
18097350100,"Census Tract 3501, Marion County, Indiana",2017,13.110846245530391
18097360900,"Census Tract 3609, Marion County, Indiana",2017,18.531920392866375
18097361000,"Census Tract 3610, Marion County, Indiana",2017,52.61860751694393
18097340400,"Census Tract 3404, Marion County, Indiana",2017,7.576470588235294
18097342400,"Census Tract 3424, Marion County, Indiana",2017,4.491525423728813
18097342500,"Census Tract 3425, Marion County, Indiana",2017,9.057486631016042
18097350500,"Census Tract 3505, Marion County, Indiana",2017,5.276381909547739
18097350600,"Census Tract 3506, Marion County, Indiana",2017,6.751054852320675
18097351600,"Census Tract 3516, Marion County, Indiana",2017,52.89730349971314
18097351000,"Census Tract 3510, Marion County, Indiana",2017,25.509533201840895
18097352500,"Census Tract 3525, Marion County, Indiana",2017,22.60061919504644
18097352800,"Census Tract 3528, Marion County, Indiana",2017,16.091954022988507
18097353600,"Census Tract 3536, Marion County, Indiana",2017,9.425625920471282
18097354900,"Census Tract 3549, Marion County, Indiana",2017,6.3965884861407245
18097355900,"Census Tract 3559, Marion County, Indiana",2017,29.653821032005222
18097357000,"Census Tract 3570, Marion County, Indiana",2017,12.439024390243905
18097360102,"Census Tract 3601.02, Marion County, Indiana",2017,10.23564064801178
18097380700,"Census Tract 3807, Marion County, Indiana",2017,14.391988555078685
18097361400,"Census Tract 3614, Marion County, Indiana",2017,18.451025056947607
18097361600,"Census Tract 3616, Marion County, Indiana",2017,31.98086463501063
18097310201,"Census Tract 3102.01, Marion County, Indiana",2017,41.8796015591165
18097310306,"Census Tract 3103.06, Marion County, Indiana",2017,13.621557595498963
18097320304,"Census Tract 3203.04, Marion County, Indiana",2017,68.52716468590832
18097321001,"Census Tract 3210.01, Marion County, Indiana",2017,25.518262586377094
18097356400,"Census Tract 3564, Marion County, Indiana",2017,12.865497076023392
18097354400,"Census Tract 3544, Marion County, Indiana",2017,49.130434782608695
18097331000,"Census Tract 3310, Marion County, Indiana",2017,7.788161993769471
18097340500,"Census Tract 3405, Marion County, Indiana",2017,16.628352490421456
18097340700,"Census Tract 3407, Marion County, Indiana",2017,3.048780487804878
18097341700,"Census Tract 3417, Marion County, Indiana",2017,5.615763546798029
18097350300,"Census Tract 3503, Marion County, Indiana",2017,17.459429210968104
18097351900,"Census Tract 3519, Marion County, Indiana",2017,10.082191780821915
18097355400,"Census Tract 3554, Marion County, Indiana",2017,14.829080404429464
18097355500,"Census Tract 3555, Marion County, Indiana",2017,4.520222045995242
18097356900,"Census Tract 3569, Marion County, Indiana",2017,9.666080843585238
18097357200,"Census Tract 3572, Marion County, Indiana",2017,6.385869565217392
18097358000,"Census Tract 3580, Marion County, Indiana",2017,8.443271767810026
18097370202,"Census Tract 3702.02, Marion County, Indiana",2017,11.310507674144038
18097360302,"Census Tract 3603.02, Marion County, Indiana",2017,5.201560468140442
18097361200,"Census Tract 3612, Marion County, Indiana",2017,25.530992631122672
18097361300,"Census Tract 3613, Marion County, Indiana",2017,9.52637244348762
18097380402,"Census Tract 3804.02, Marion County, Indiana",2017,12.212738017071567
18097360201,"Census Tract 3602.01, Marion County, Indiana",2017,9.656372335798173
18097360501,"Census Tract 3605.01, Marion County, Indiana",2017,13.659605551497444
18097320303,"Census Tract 3203.03, Marion County, Indiana",2017,60.478547854785475
18097320902,"Census Tract 3209.02, Marion County, Indiana",2017,29.545454545454547
18097321600,"Census Tract 3216, Marion County, Indiana",2017,42.69049391908662
18097321900,"Census Tract 3219, Marion County, Indiana",2017,80.76241134751773
18097322000,"Census Tract 3220, Marion County, Indiana",2017,37.480438184663534
18097322700,"Census Tract 3227, Marion County, Indiana",2017,26.182965299684543
18097340102,"Census Tract 3401.02, Marion County, Indiana",2017,21.158487530168944
18097341000,"Census Tract 3410, Marion County, Indiana",2017,35.378787878787875
18097381205,"Census Tract 3812.05, Marion County, Indiana",2018,15.929411764705884
18097321400,"Census Tract 3214, Marion County, Indiana",2018,59.35672514619883
18097322300,"Census Tract 3223, Marion County, Indiana",2018,72.7699530516432
18097330105,"Census Tract 3301.05, Marion County, Indiana",2018,39.761178861788615
18097340108,"Census Tract 3401.08, Marion County, Indiana",2018,11.016949152542374
18097350400,"Census Tract 3504, Marion County, Indiana",2018,33.87755102040816
18097350700,"Census Tract 3507, Marion County, Indiana",2018,5.337361530715005
18097350900,"Census Tract 3509, Marion County, Indiana",2018,28.62029646522235
18097351700,"Census Tract 3517, Marion County, Indiana",2018,44.3472829481574
18097310110,"Census Tract 3101.10, Marion County, Indiana",2018,52.994923857868024
18097310111,"Census Tract 3101.11, Marion County, Indiana",2018,33.26959847036329
18097310204,"Census Tract 3102.04, Marion County, Indiana",2018,28.96778042959427
18097310310,"Census Tract 3103.10, Marion County, Indiana",2018,33.07418205377389
18097310203,"Census Tract 3102.03, Marion County, Indiana",2018,40.50632911392405
18097310309,"Census Tract 3103.09, Marion County, Indiana",2018,17.327150084317033
18097310311,"Census Tract 3103.11, Marion County, Indiana",2018,37.31739707835325
18097310312,"Census Tract 3103.12, Marion County, Indiana",2018,24.98706673564408
18097330108,"Census Tract 3301.08, Marion County, Indiana",2018,65.35378180550714
18097330109,"Census Tract 3301.09, Marion County, Indiana",2018,60.36262906069
18097340300,"Census Tract 3403, Marion County, Indiana",2018,8.863545418167266
18097341200,"Census Tract 3412, Marion County, Indiana",2018,8.447653429602887
18097341600,"Census Tract 3416, Marion County, Indiana",2018,4.864864864864865
18097342101,"Census Tract 3421.01, Marion County, Indiana",2018,12.167191525908962
18097352600,"Census Tract 3526, Marion County, Indiana",2018,9.39437291368622
18097353500,"Census Tract 3535, Marion County, Indiana",2018,55.10204081632653
18097354800,"Census Tract 3548, Marion County, Indiana",2018,14.346895074946469
18097355000,"Census Tract 3550, Marion County, Indiana",2018,8.957528957528957
18097357500,"Census Tract 3575, Marion County, Indiana",2018,19.580178940123883
18097357600,"Census Tract 3576, Marion County, Indiana",2018,7.160329108294419
18097360202,"Census Tract 3602.02, Marion County, Indiana",2018,16.16411270390509
18097354200,"Census Tract 3542, Marion County, Indiana",2018,57.19407638347623
18097354500,"Census Tract 3545, Marion County, Indiana",2018,32.57861635220126
18097357300,"Census Tract 3573, Marion County, Indiana",2018,3.65764447695684
18097360405,"Census Tract 3604.05, Marion County, Indiana",2018,24.130190796857462
18097360502,"Census Tract 3605.02, Marion County, Indiana",2018,14.341892204487625
18097360800,"Census Tract 3608, Marion County, Indiana",2018,15.809839690436704
18097380200,"Census Tract 3802, Marion County, Indiana",2018,12.791208791208792
18097380902,"Census Tract 3809.02, Marion County, Indiana",2018,43.343802850930174
18097381203,"Census Tract 3812.03, Marion County, Indiana",2018,13.913496612819175
18097320109,"Census Tract 3201.09, Marion County, Indiana",2018,61.111111111111114
18097310104,"Census Tract 3101.04, Marion County, Indiana",2018,54.86792452830189
18097310308,"Census Tract 3103.08, Marion County, Indiana",2018,35.86374695863747
18097320107,"Census Tract 3201.07, Marion County, Indiana",2018,59.72762645914397
18097320800,"Census Tract 3208, Marion County, Indiana",2018,72.42339832869081
18097310306,"Census Tract 3103.06, Marion County, Indiana",2018,16.860090264345583
18097320304,"Census Tract 3203.04, Marion County, Indiana",2018,70.0547138047138
18097321001,"Census Tract 3210.01, Marion County, Indiana",2018,28.45993756503642
18097356400,"Census Tract 3564, Marion County, Indiana",2018,10.601719197707736
18097354400,"Census Tract 3544, Marion County, Indiana",2018,54.51505016722408
18097331000,"Census Tract 3310, Marion County, Indiana",2018,8.628608923884514
18097340500,"Census Tract 3405, Marion County, Indiana",2018,17.67328739359546
18097330206,"Census Tract 3302.06, Marion County, Indiana",2018,48.134443416589576
18097330209,"Census Tract 3302.09, Marion County, Indiana",2018,38.79807692307692
18097330208,"Census Tract 3302.08, Marion County, Indiana",2018,53.23809523809524
18097330803,"Census Tract 3308.03, Marion County, Indiana",2018,12.186978297161936
18097330804,"Census Tract 3308.04, Marion County, Indiana",2018,5.586942875078468
18097330805,"Census Tract 3308.05, Marion County, Indiana",2018,6.623681125439625
18097330806,"Census Tract 3308.06, Marion County, Indiana",2018,7.575133799917662
18097340109,"Census Tract 3401.09, Marion County, Indiana",2018,26.65745856353591
18097340110,"Census Tract 3401.10, Marion County, Indiana",2018,13.059330460722572
18097342600,"Census Tract 3426, Marion County, Indiana",2018,2.862882973380211
18097340700,"Census Tract 3407, Marion County, Indiana",2018,4.047151277013753
18097341700,"Census Tract 3417, Marion County, Indiana",2018,6.628532974427995
18097350300,"Census Tract 3503, Marion County, Indiana",2018,16.15673644659152
18097351900,"Census Tract 3519, Marion County, Indiana",2018,8.483439860546195
18097355400,"Census Tract 3554, Marion County, Indiana",2018,21.348314606741575
18097355500,"Census Tract 3555, Marion County, Indiana",2018,6.8645640074211505
18097356900,"Census Tract 3569, Marion County, Indiana",2018,14.512040557667934
18097357200,"Census Tract 3572, Marion County, Indiana",2018,9.741144414168938
18097358000,"Census Tract 3580, Marion County, Indiana",2018,10.562685093780848
18097370202,"Census Tract 3702.02, Marion County, Indiana",2018,10.662204159694
18097360302,"Census Tract 3603.02, Marion County, Indiana",2018,4.58254865034526
18097361200,"Census Tract 3612, Marion County, Indiana",2018,29.153605015673985
18097361300,"Census Tract 3613, Marion County, Indiana",2018,9.003215434083602
18097380402,"Census Tract 3804.02, Marion County, Indiana",2018,14.5712443584784
18097360201,"Census Tract 3602.01, Marion County, Indiana",2018,9.294741133306156
18097360501,"Census Tract 3605.01, Marion County, Indiana",2018,16.27727856225931
18097320303,"Census Tract 3203.03, Marion County, Indiana",2018,60.049019607843135
18097320902,"Census Tract 3209.02, Marion County, Indiana",2018,30.095403295750216
18097321600,"Census Tract 3216, Marion County, Indiana",2018,44.60746460746461
18097340111,"Census Tract 3401.11, Marion County, Indiana",2018,29.51417004048583
18097340112,"Census Tract 3401.12, Marion County, Indiana",2018,24.059492563429572
18097340113,"Census Tract 3401.13, Marion County, Indiana",2018,20.744865993734773
18097340114,"Census Tract 3401.14, Marion County, Indiana",2018,29.817158931082982
18097340201,"Census Tract 3402.01, Marion County, Indiana",2018,16.25248508946322
18097340202,"Census Tract 3402.02, Marion County, Indiana",2018,24.34376123696512
18097340902,"Census Tract 3409.02, Marion County, Indiana",2018,30.4
18097341904,"Census Tract 3419.04, Marion County, Indiana",2018,21.51624548736462
18097370301,"Census Tract 3703.01, Marion County, Indiana",2018,19.68999386126458
18097340901,"Census Tract 3409.01, Marion County, Indiana",2018,25.847808105872623
18097341903,"Census Tract 3419.03, Marion County, Indiana",2018,15.0706940874036
18097370302,"Census Tract 3703.02, Marion County, Indiana",2018,18.168761220825857
18097380403,"Census Tract 3804.03, Marion County, Indiana",2018,14.868509777478083
18097321200,"Census Tract 3212, Marion County, Indiana",2018,81.58678581099377
18097330401,"Census Tract 3304.01, Marion County, Indiana",2018,59.27073403241182
18097330900,"Census Tract 3309, Marion County, Indiana",2018,9.903244166192373
18097340101,"Census Tract 3401.01, Marion County, Indiana",2018,28.91278375149343
18097340600,"Census Tract 3406, Marion County, Indiana",2018,10.186005314437557
18097341100,"Census Tract 3411, Marion County, Indiana",2018,9.046961325966851
18097342000,"Census Tract 3420, Marion County, Indiana",2018,22.349297116988325
18097350800,"Census Tract 3508, Marion County, Indiana",2018,5.85544373284538
18097351200,"Census Tract 3512, Marion County, Indiana",2018,8.140350877192983
18097352100,"Census Tract 3521, Marion County, Indiana",2018,10.052122114668652
18097356200,"Census Tract 3562, Marion County, Indiana",2018,34.229007633587784
18097357900,"Census Tract 3579, Marion County, Indiana",2018,24.7626582278481
18097360101,"Census Tract 3601.01, Marion County, Indiana",2018,5.324232081911263
18097360402,"Census Tract 3604.02, Marion County, Indiana",2018,9.010989010989013
18097360700,"Census Tract 3607, Marion County, Indiana",2018,47.85809906291834
18097360900,"Census Tract 3609, Marion County, Indiana",2018,21.585334366124453
18097361000,"Census Tract 3610, Marion County, Indiana",2018,53.5377358490566
18097310201,"Census Tract 3102.01, Marion County, Indiana",2018,41.1764705882353
18097360301,"Census Tract 3603.01, Marion County, Indiana",2018,8.638625056535504
18097360401,"Census Tract 3604.01, Marion County, Indiana",2018,9.974811083123424
18097380501,"Census Tract 3805.01, Marion County, Indiana",2018,14.646754738655943
18097321900,"Census Tract 3219, Marion County, Indiana",2018,73.85071675729115
18097322000,"Census Tract 3220, Marion County, Indiana",2018,39.01996370235935
18097322700,"Census Tract 3227, Marion County, Indiana",2018,27.464352138871668
18097340102,"Census Tract 3401.02, Marion County, Indiana",2018,20.617696160267112
18097341000,"Census Tract 3410, Marion County, Indiana",2018,37.226827430293895
18097351000,"Census Tract 3510, Marion County, Indiana",2018,26.405228758169933
18097380404,"Census Tract 3804.04, Marion County, Indiana",2018,23.3060312732688
18097390101,"Census Tract 3901.01, Marion County, Indiana",2018,29.966765140324963
18097390102,"Census Tract 3901.02, Marion County, Indiana",2018,21.48708254568368
18097390404,"Census Tract 3904.04, Marion County, Indiana",2018,27.995894277649473
18097390405,"Census Tract 3904.05, Marion County, Indiana",2018,47.07724425887265
18097390500,"Census Tract 3905, Marion County, Indiana",2018,11.73076923076923
18097390600,"Census Tract 3906, Marion County, Indiana",2018,38.02889576883385
18097390700,"Census Tract 3907, Marion County, Indiana",2018,10.70049641478213
18097390800,"Census Tract 3908, Marion County, Indiana",2018,12.348769294952024
18097390900,"Census Tract 3909, Marion County, Indiana",2018,51.48221343873518
18097391000,"Census Tract 3910, Marion County, Indiana",2018,77.0112016293279
18097390402,"Census Tract 3904.02, Marion County, Indiana",2018,39.803664921465966
18097321300,"Census Tract 3213, Marion County, Indiana",2018,74.3576017130621
18097330103,"Census Tract 3301.03, Marion County, Indiana",2018,63.320363164721144
18097330600,"Census Tract 3306, Marion County, Indiana",2018,23.42841318194406
18097322600,"Census Tract 3226, Marion County, Indiana",2018,14.962702939885917
18097321100,"Census Tract 3211, Marion County, Indiana",2018,55.96
18097320400,"Census Tract 3204, Marion County, Indiana",2018,40.245971162001695
18097340800,"Census Tract 3408, Marion County, Indiana",2018,25.81726739312657
18097351500,"Census Tract 3515, Marion County, Indiana",2018,20.330578512396695
18097320903,"Census Tract 3209.03, Marion County, Indiana",2018,14.077124672407338
18097360601,"Census Tract 3606.01, Marion County, Indiana",2018,20.952380952380953
18097320106,"Census Tract 3201.06, Marion County, Indiana",2018,60.21947873799726
18097322500,"Census Tract 3225, Marion County, Indiana",2018,19.81900452488688
18097342200,"Census Tract 3422, Marion County, Indiana",2018,7.437765634486946
18097355600,"Census Tract 3556, Marion County, Indiana",2018,3.2544378698224854
18097310305,"Census Tract 3103.05, Marion County, Indiana",2018,26.35841170323929
18097322100,"Census Tract 3221, Marion County, Indiana",2018,50.97112860892389
18097342300,"Census Tract 3423, Marion County, Indiana",2018,6.340624231998034
18097353300,"Census Tract 3533, Marion County, Indiana",2018,47.719298245614034
18097357100,"Census Tract 3571, Marion County, Indiana",2018,34.46531791907515
18097361100,"Census Tract 3611, Marion County, Indiana",2018,51.15416323165705
18097370201,"Census Tract 3702.01, Marion County, Indiana",2018,11.74646916982432
18097381002,"Census Tract 3810.02, Marion County, Indiana",2018,29.75609756097561
18097390200,"Census Tract 3902, Marion County, Indiana",2018,30.574806359559723
18097390403,"Census Tract 3904.03, Marion County, Indiana",2018,41.55251141552512
18097310103,"Census Tract 3101.03, Marion County, Indiana",2018,60.183737294761535
18097310105,"Census Tract 3101.05, Marion County, Indiana",2018,38.87147335423197
18097310108,"Census Tract 3101.08, Marion County, Indiana",2018,65.68181818181819
18097320203,"Census Tract 3202.03, Marion County, Indiana",2018,54.943729903536976
18097320500,"Census Tract 3205, Marion County, Indiana",2018,59.36507936507937
18097320901,"Census Tract 3209.01, Marion County, Indiana",2018,53.73303167420814
18097322400,"Census Tract 3224, Marion County, Indiana",2018,42.22846441947566
18097352400,"Census Tract 3524, Marion County, Indiana",2018,11.047889995258416
18097352700,"Census Tract 3527, Marion County, Indiana",2018,19.28406466512702
18097330700,"Census Tract 3307, Marion County, Indiana",2018,6.254458977407848
18097350100,"Census Tract 3501, Marion County, Indiana",2018,15.254237288135592
18097340400,"Census Tract 3404, Marion County, Indiana",2018,10.859301227573182
18097342400,"Census Tract 3424, Marion County, Indiana",2018,3.291384317521781
18097342500,"Census Tract 3425, Marion County, Indiana",2018,8.26044703595724
18097350500,"Census Tract 3505, Marion County, Indiana",2018,4.508453350031309
18097350600,"Census Tract 3506, Marion County, Indiana",2018,7.211828605914303
18097351600,"Census Tract 3516, Marion County, Indiana",2018,57.809798270893374
18097354700,"Census Tract 3547, Marion County, Indiana",2018,14.177489177489177
18097355700,"Census Tract 3557, Marion County, Indiana",2018,4.644808743169399
18097357400,"Census Tract 3574, Marion County, Indiana",2018,5.876358695652174
18097357800,"Census Tract 3578, Marion County, Indiana",2018,25.35211267605634
18097358100,"Census Tract 3581, Marion County, Indiana",2018,10.471464019851116
18097360404,"Census Tract 3604.04, Marion County, Indiana",2018,11.255296610169491
18097380502,"Census Tract 3805.02, Marion County, Indiana",2018,15.994236311239192
18097380800,"Census Tract 3808, Marion County, Indiana",2018,10.271317829457365
18097380901,"Census Tract 3809.01, Marion County, Indiana",2018,27.309703660662407
18097381101,"Census Tract 3811.01, Marion County, Indiana",2018,51.344430217669654
18097381102,"Census Tract 3811.02, Marion County, Indiana",2018,27.600459242250288
18097381204,"Census Tract 3812.04, Marion County, Indiana",2018,25.16402933230413
18097390300,"Census Tract 3903, Marion County, Indiana",2018,30.093312597200622
18097310106,"Census Tract 3101.06, Marion County, Indiana",2018,38.218923933209645
18097320108,"Census Tract 3201.08, Marion County, Indiana",2018,36.411203447214525
18097320202,"Census Tract 3202.02, Marion County, Indiana",2018,70.70649052268811
18097320301,"Census Tract 3203.01, Marion County, Indiana",2018,63.64937388193202
18097320700,"Census Tract 3207, Marion County, Indiana",2018,69.7869593285991
18097321002,"Census Tract 3210.02, Marion County, Indiana",2018,49.632470437839565
18097380600,"Census Tract 3806, Marion County, Indiana",2018,17.888402625820568
18097321800,"Census Tract 3218, Marion County, Indiana",2018,76.56873413130214
18097322200,"Census Tract 3222, Marion County, Indiana",2018,54.78484264611432
18097330203,"Census Tract 3302.03, Marion County, Indiana",2018,69.31603773584905
18097341902,"Census Tract 3419.02, Marion County, Indiana",2018,22.465753424657535
18097330204,"Census Tract 3302.04, Marion County, Indiana",2018,57.84531751914999
18097330500,"Census Tract 3305, Marion County, Indiana",2018,30.362502886169477
18097352300,"Census Tract 3523, Marion County, Indiana",2018,9.37896070975919
18097355100,"Census Tract 3551, Marion County, Indiana",2018,10.195035460992909
18097355300,"Census Tract 3553, Marion County, Indiana",2018,22.684085510688835
18097360602,"Census Tract 3606.02, Marion County, Indiana",2018,14.418715683934114
18097330106,"Census Tract 3301.06, Marion County, Indiana",2018,32.46935201401051
18097330107,"Census Tract 3301.07, Marion County, Indiana",2018,58.31542758917061
18097320105,"Census Tract 3201.05, Marion County, Indiana",2018,46.17131732641142
18097320204,"Census Tract 3202.04, Marion County, Indiana",2018,38.27870903177383
18097320600,"Census Tract 3206, Marion County, Indiana",2018,47.77415852334419
18097321700,"Census Tract 3217, Marion County, Indiana",2018,60.93366093366093
18097330202,"Census Tract 3302.02, Marion County, Indiana",2018,15.567448449551392
18097352500,"Census Tract 3525, Marion County, Indiana",2018,25.39608574091333
18097352800,"Census Tract 3528, Marion County, Indiana",2018,23.916083916083917
18097353600,"Census Tract 3536, Marion County, Indiana",2018,19.39209726443769
18097354900,"Census Tract 3549, Marion County, Indiana",2018,5.348133198789102
18097355900,"Census Tract 3559, Marion County, Indiana",2018,35.508637236084454
18097357000,"Census Tract 3570, Marion County, Indiana",2018,18.625678119349004
18097360102,"Census Tract 3601.02, Marion County, Indiana",2018,11.39240506329114
18097380700,"Census Tract 3807, Marion County, Indiana",2018,19.32750136686714
18097361400,"Census Tract 3614, Marion County, Indiana",2018,20.208655332302936
18097361600,"Census Tract 3616, Marion County, Indiana",2018,30.97632176451508
18097380300,"Census Tract 3803, Marion County, Indiana",2018,7.847996695580338
18097381001,"Census Tract 3810.01, Marion County, Indiana",2018,17.305609703270523
18097380100,"Census Tract 3801, Marion County, Indiana",2018,34.40195280716029
18097381201,"Census Tract 3812.01, Marion County, Indiana",2018,34.185625125830484
18097342500,"Census Tract 3425, Marion County, Indiana",2019,8.777740973832396
18097350500,"Census Tract 3505, Marion County, Indiana",2019,4.765291607396871
18097350600,"Census Tract 3506, Marion County, Indiana",2019,6.831767719897523
18097351600,"Census Tract 3516, Marion County, Indiana",2019,63.470066518847005
18097352500,"Census Tract 3525, Marion County, Indiana",2019,24.725274725274726
18097352800,"Census Tract 3528, Marion County, Indiana",2019,18.43971631205674
18097353600,"Census Tract 3536, Marion County, Indiana",2019,22.468714448236632
18097354900,"Census Tract 3549, Marion County, Indiana",2019,3.9742212674543502
18097355900,"Census Tract 3559, Marion County, Indiana",2019,40.78947368421053
18097357000,"Census Tract 3570, Marion County, Indiana",2019,19.537431527693244
18097360102,"Census Tract 3601.02, Marion County, Indiana",2019,8.49802371541502
18097380700,"Census Tract 3807, Marion County, Indiana",2019,23.41822000525072
18097361400,"Census Tract 3614, Marion County, Indiana",2019,19.832797427652732
18097361600,"Census Tract 3616, Marion County, Indiana",2019,31.97584391452462
18097380300,"Census Tract 3803, Marion County, Indiana",2019,8.144796380090497
18097381001,"Census Tract 3810.01, Marion County, Indiana",2019,18.74709976798144
18097380100,"Census Tract 3801, Marion County, Indiana",2019,32.475007573462584
18097381201,"Census Tract 3812.01, Marion County, Indiana",2019,37.20688939614028
18097360301,"Census Tract 3603.01, Marion County, Indiana",2019,11.241319444444445
18097360401,"Census Tract 3604.01, Marion County, Indiana",2019,10.211011399466408
18097380501,"Census Tract 3805.01, Marion County, Indiana",2019,15.012106537530268
18097390402,"Census Tract 3904.02, Marion County, Indiana",2019,42.00622891253569
18097321300,"Census Tract 3213, Marion County, Indiana",2019,75.2431906614786
18097330103,"Census Tract 3301.03, Marion County, Indiana",2019,60.43419267299864
18097330600,"Census Tract 3306, Marion County, Indiana",2019,17.7349885989359
18097322600,"Census Tract 3226, Marion County, Indiana",2019,18.48739495798319
18097321100,"Census Tract 3211, Marion County, Indiana",2019,57.57931844888367
18097320400,"Census Tract 3204, Marion County, Indiana",2019,41.627906976744185
18097340800,"Census Tract 3408, Marion County, Indiana",2019,22.73476112026359
18097351500,"Census Tract 3515, Marion County, Indiana",2019,27.264808362369337
18097320903,"Census Tract 3209.03, Marion County, Indiana",2019,14.988198269079463
18097360601,"Census Tract 3606.01, Marion County, Indiana",2019,24.030142338822216
18097320106,"Census Tract 3201.06, Marion County, Indiana",2019,56.6167290886392
18097322500,"Census Tract 3225, Marion County, Indiana",2019,18.804920913884008
18097342200,"Census Tract 3422, Marion County, Indiana",2019,9.45384861066752
18097355600,"Census Tract 3556, Marion County, Indiana",2019,5.726256983240224
18097310305,"Census Tract 3103.05, Marion County, Indiana",2019,23.224261771747805
18097322100,"Census Tract 3221, Marion County, Indiana",2019,46.754675467546754
18097342300,"Census Tract 3423, Marion County, Indiana",2019,6.444444444444445
18097353300,"Census Tract 3533, Marion County, Indiana",2019,46.87174139728885
18097357100,"Census Tract 3571, Marion County, Indiana",2019,37.45774171737661
18097321002,"Census Tract 3210.02, Marion County, Indiana",2019,50.78728002469898
18097380600,"Census Tract 3806, Marion County, Indiana",2019,21.54882154882155
18097321800,"Census Tract 3218, Marion County, Indiana",2019,76.16236162361623
18097322200,"Census Tract 3222, Marion County, Indiana",2019,58.63192182410423
18097330203,"Census Tract 3302.03, Marion County, Indiana",2019,71.8735362997658
18097341902,"Census Tract 3419.02, Marion County, Indiana",2019,22.81177381874516
18097330204,"Census Tract 3302.04, Marion County, Indiana",2019,53.80847416115601
18097330500,"Census Tract 3305, Marion County, Indiana",2019,31.71971706454465
18097352300,"Census Tract 3523, Marion County, Indiana",2019,10.285006195786863
18097355100,"Census Tract 3551, Marion County, Indiana",2019,11.27886323268206
18097355300,"Census Tract 3553, Marion County, Indiana",2019,23.24141812042769
18097360602,"Census Tract 3606.02, Marion County, Indiana",2019,12.693284098776829
18097360502,"Census Tract 3605.02, Marion County, Indiana",2019,12.467654669489532
18097360800,"Census Tract 3608, Marion County, Indiana",2019,13.865546218487395
18097380200,"Census Tract 3802, Marion County, Indiana",2019,16.01027397260274
18097380902,"Census Tract 3809.02, Marion County, Indiana",2019,44.1147859922179
18097381203,"Census Tract 3812.03, Marion County, Indiana",2019,14.094707520891363
18097320109,"Census Tract 3201.09, Marion County, Indiana",2019,61.0923151280812
18097310104,"Census Tract 3101.04, Marion County, Indiana",2019,55.74229691876751
18097310308,"Census Tract 3103.08, Marion County, Indiana",2019,35.66073102155576
18097320107,"Census Tract 3201.07, Marion County, Indiana",2019,61.61812297734628
18097320800,"Census Tract 3208, Marion County, Indiana",2019,75.76614804337576
18097321200,"Census Tract 3212, Marion County, Indiana",2019,79.03682719546742
18097330401,"Census Tract 3304.01, Marion County, Indiana",2019,56.80501930501931
18097330900,"Census Tract 3309, Marion County, Indiana",2019,10.164758447361072
18097340101,"Census Tract 3401.01, Marion County, Indiana",2019,27.867560110366576
18097340600,"Census Tract 3406, Marion County, Indiana",2019,9.52240566037736
18097341100,"Census Tract 3411, Marion County, Indiana",2019,9.311475409836063
18097342000,"Census Tract 3420, Marion County, Indiana",2019,18.47596717467761
18097350800,"Census Tract 3508, Marion County, Indiana",2019,8.39231547017189
18097351200,"Census Tract 3512, Marion County, Indiana",2019,7.147962830593281
18097352100,"Census Tract 3521, Marion County, Indiana",2019,7.534246575342466
18097356200,"Census Tract 3562, Marion County, Indiana",2019,34.89851560133293
18097361100,"Census Tract 3611, Marion County, Indiana",2019,53.36538461538461
18097370201,"Census Tract 3702.01, Marion County, Indiana",2019,9.45855614973262
18097357900,"Census Tract 3579, Marion County, Indiana",2019,25.42997542997543
18097360101,"Census Tract 3601.01, Marion County, Indiana",2019,8.465244322092223
18097360402,"Census Tract 3604.02, Marion County, Indiana",2019,11.978704525288377
18097360700,"Census Tract 3607, Marion County, Indiana",2019,46.83622828784119
18097360900,"Census Tract 3609, Marion County, Indiana",2019,16.764548852108916
18097361000,"Census Tract 3610, Marion County, Indiana",2019,55.95628415300546
18097310201,"Census Tract 3102.01, Marion County, Indiana",2019,39.25479864508844
18097381205,"Census Tract 3812.05, Marion County, Indiana",2019,15.806451612903226
18097321400,"Census Tract 3214, Marion County, Indiana",2019,57.417102966841185
18097322300,"Census Tract 3223, Marion County, Indiana",2019,71.98924731182795
18097330105,"Census Tract 3301.05, Marion County, Indiana",2019,40.26583268178264
18097340108,"Census Tract 3401.08, Marion County, Indiana",2019,12.45136186770428
18097350400,"Census Tract 3504, Marion County, Indiana",2019,36.30984400215169
18097350700,"Census Tract 3507, Marion County, Indiana",2019,5.5993000874890635
18097350900,"Census Tract 3509, Marion County, Indiana",2019,32.30277185501066
18097351700,"Census Tract 3517, Marion County, Indiana",2019,44.271145770845834
18097352600,"Census Tract 3526, Marion County, Indiana",2019,10.974456007568593
18097353500,"Census Tract 3535, Marion County, Indiana",2019,57.36434108527132
18097354800,"Census Tract 3548, Marion County, Indiana",2019,11.607910576096304
18097355000,"Census Tract 3550, Marion County, Indiana",2019,7.951289398280802
18097357500,"Census Tract 3575, Marion County, Indiana",2019,21.365960555149744
18097357600,"Census Tract 3576, Marion County, Indiana",2019,6.370114446123948
18097360202,"Census Tract 3602.02, Marion County, Indiana",2019,14.79465611083622
18097310306,"Census Tract 3103.06, Marion County, Indiana",2019,18.307210031347964
18097320304,"Census Tract 3203.04, Marion County, Indiana",2019,69.22916231460205
18097321001,"Census Tract 3210.01, Marion County, Indiana",2019,27.76294714361986
18097356400,"Census Tract 3564, Marion County, Indiana",2019,12.386850881372082
18097354400,"Census Tract 3544, Marion County, Indiana",2019,56.72698662470496
18097331000,"Census Tract 3310, Marion County, Indiana",2019,7.952286282306163
18097340500,"Census Tract 3405, Marion County, Indiana",2019,16.438356164383563
18097340700,"Census Tract 3407, Marion County, Indiana",2019,2.76789244760775
18097340300,"Census Tract 3403, Marion County, Indiana",2019,8.5225086571758375
18097341200,"Census Tract 3412, Marion County, Indiana",2019,8.128834355828221
18097341600,"Census Tract 3416, Marion County, Indiana",2019,3.739837398373984
18097342101,"Census Tract 3421.01, Marion County, Indiana",2019,10.113027959547887
18097340111,"Census Tract 3401.11, Marion County, Indiana",2019,29.66804979253112
18097340112,"Census Tract 3401.12, Marion County, Indiana",2019,26.133019423190113
18097340113,"Census Tract 3401.13, Marion County, Indiana",2019,18.668545262416345
18097340114,"Census Tract 3401.14, Marion County, Indiana",2019,29.94413407821229
18097341700,"Census Tract 3417, Marion County, Indiana",2019,4.511533242876526
18097350300,"Census Tract 3503, Marion County, Indiana",2019,15.331412103746398
18097351900,"Census Tract 3519, Marion County, Indiana",2019,9.865229110512129
18097355400,"Census Tract 3554, Marion County, Indiana",2019,17.89371038517796
18097355500,"Census Tract 3555, Marion County, Indiana",2019,10.07695126419934
18097356900,"Census Tract 3569, Marion County, Indiana",2019,19.350563286944997
18097357200,"Census Tract 3572, Marion County, Indiana",2019,14.249525015832806
18097358000,"Census Tract 3580, Marion County, Indiana",2019,14.17910447761194
18097370202,"Census Tract 3702.02, Marion County, Indiana",2019,10.021892483580638
18097381002,"Census Tract 3810.02, Marion County, Indiana",2019,30.41136141038198
18097390200,"Census Tract 3902, Marion County, Indiana",2019,35.42045868219876
18097390403,"Census Tract 3904.03, Marion County, Indiana",2019,44.56975127452495
18097310103,"Census Tract 3101.03, Marion County, Indiana",2019,61.317183951551854
18097310105,"Census Tract 3101.05, Marion County, Indiana",2019,38.243626062322946
18097310108,"Census Tract 3101.08, Marion County, Indiana",2019,63.2262996941896
18097320203,"Census Tract 3202.03, Marion County, Indiana",2019,52.68207588312255
18097320500,"Census Tract 3205, Marion County, Indiana",2019,64.15425065731814
18097320901,"Census Tract 3209.01, Marion County, Indiana",2019,56.73940949935815
18097322400,"Census Tract 3224, Marion County, Indiana",2019,45.36945812807882
18097330106,"Census Tract 3301.06, Marion County, Indiana",2019,36.86030428769018
18097330107,"Census Tract 3301.07, Marion County, Indiana",2019,57.82761653474054
18097320105,"Census Tract 3201.05, Marion County, Indiana",2019,49.2802450229709
18097320204,"Census Tract 3202.04, Marion County, Indiana",2019,42.44428116580946
18097320600,"Census Tract 3206, Marion County, Indiana",2019,45.70974576271186
18097321700,"Census Tract 3217, Marion County, Indiana",2019,62.69035532994924
18097330202,"Census Tract 3302.02, Marion County, Indiana",2019,13.15905419297988
18097352400,"Census Tract 3524, Marion County, Indiana",2019,10.841507485802788
18097352700,"Census Tract 3527, Marion County, Indiana",2019,23.730886850152903
18097330700,"Census Tract 3307, Marion County, Indiana",2019,7.363136504900789
18097350100,"Census Tract 3501, Marion County, Indiana",2019,21.010332950631454
18097340400,"Census Tract 3404, Marion County, Indiana",2019,10.29193468579911
18097342400,"Census Tract 3424, Marion County, Indiana",2019,2.695871946082561
18097340201,"Census Tract 3402.01, Marion County, Indiana",2019,14.047151277013752
18097340202,"Census Tract 3402.02, Marion County, Indiana",2019,25.80398162327718
18097340902,"Census Tract 3409.02, Marion County, Indiana",2019,36.01637107776262
18097341904,"Census Tract 3419.04, Marion County, Indiana",2019,22.622478386167145
18097370301,"Census Tract 3703.01, Marion County, Indiana",2019,19.493049877350774
18097340901,"Census Tract 3409.01, Marion County, Indiana",2019,31.31782945736434
18097341903,"Census Tract 3419.03, Marion County, Indiana",2019,17.41659014386287
18097370302,"Census Tract 3703.02, Marion County, Indiana",2019,14.863013698630136
18097380403,"Census Tract 3804.03, Marion County, Indiana",2019,13.827323850479656
18097380404,"Census Tract 3804.04, Marion County, Indiana",2019,20.401459854014597
18097390101,"Census Tract 3901.01, Marion County, Indiana",2019,30.930822165881928
18097390102,"Census Tract 3901.02, Marion County, Indiana",2019,21.55844155844156
18097390404,"Census Tract 3904.04, Marion County, Indiana",2019,29.308076821888974
18097390405,"Census Tract 3904.05, Marion County, Indiana",2019,48.530394121576485
18097390500,"Census Tract 3905, Marion County, Indiana",2019,11.602564102564102
18097390600,"Census Tract 3906, Marion County, Indiana",2019,42.92176689728579
18097390700,"Census Tract 3907, Marion County, Indiana",2019,10.098906819364917
18097390800,"Census Tract 3908, Marion County, Indiana",2019,12.37704918032787
18097390900,"Census Tract 3909, Marion County, Indiana",2019,50.66300868770004
18097391000,"Census Tract 3910, Marion County, Indiana",2019,76.80438028870084
18097310110,"Census Tract 3101.10, Marion County, Indiana",2019,49.80295566502463
18097360302,"Census Tract 3603.02, Marion County, Indiana",2019,3.60592401802962
18097361200,"Census Tract 3612, Marion County, Indiana",2019,25.89245368278355
18097361300,"Census Tract 3613, Marion County, Indiana",2019,11.294261294261297
18097380402,"Census Tract 3804.02, Marion County, Indiana",2019,15.336617405582922
18097360201,"Census Tract 3602.01, Marion County, Indiana",2019,6.438299628559637
18097360501,"Census Tract 3605.01, Marion County, Indiana",2019,14.62460896767466
18097320303,"Census Tract 3203.03, Marion County, Indiana",2019,56.68889760690467
18097320902,"Census Tract 3209.02, Marion County, Indiana",2019,32.2658126501201
18097321600,"Census Tract 3216, Marion County, Indiana",2019,45.744680851063826
18097321900,"Census Tract 3219, Marion County, Indiana",2019,77.1733604473818
18097322000,"Census Tract 3220, Marion County, Indiana",2019,41.27358490566038
18097322700,"Census Tract 3227, Marion County, Indiana",2019,29.38110749185668
18097340102,"Census Tract 3401.02, Marion County, Indiana",2019,22.653061224489797
18097341000,"Census Tract 3410, Marion County, Indiana",2019,37.35909822866345
18097351000,"Census Tract 3510, Marion County, Indiana",2019,28.919631093544137
18097354700,"Census Tract 3547, Marion County, Indiana",2019,18.510858324715617
18097355700,"Census Tract 3557, Marion County, Indiana",2019,4.514824797843666
18097357400,"Census Tract 3574, Marion County, Indiana",2019,2.2742701968771217
18097357800,"Census Tract 3578, Marion County, Indiana",2019,23.979591836734695
18097358100,"Census Tract 3581, Marion County, Indiana",2019,10.10376843255052
18097360404,"Census Tract 3604.04, Marion County, Indiana",2019,8.194343727338651
18097380502,"Census Tract 3805.02, Marion County, Indiana",2019,14.19158641662443
18097380800,"Census Tract 3808, Marion County, Indiana",2019,8.003904343582235
18097380901,"Census Tract 3809.01, Marion County, Indiana",2019,25.844346549192363
18097381101,"Census Tract 3811.01, Marion County, Indiana",2019,47.952917093142275
18097381102,"Census Tract 3811.02, Marion County, Indiana",2019,32.52534156015866
18097381204,"Census Tract 3812.04, Marion County, Indiana",2019,22.945484133441823
18097390300,"Census Tract 3903, Marion County, Indiana",2019,34.38213651357523
18097310106,"Census Tract 3101.06, Marion County, Indiana",2019,36.873259052924794
18097320108,"Census Tract 3201.08, Marion County, Indiana",2019,34.65600913502712
18097320202,"Census Tract 3202.02, Marion County, Indiana",2019,69.06373378454597
18097320301,"Census Tract 3203.01, Marion County, Indiana",2019,65.26772793053546
18097320700,"Census Tract 3207, Marion County, Indiana",2019,70.48312375909994
18097310111,"Census Tract 3101.11, Marion County, Indiana",2019,34.10572049239681
18097310204,"Census Tract 3102.04, Marion County, Indiana",2019,31.57894736842105
18097310310,"Census Tract 3103.10, Marion County, Indiana",2019,33.72686662412253
18097310203,"Census Tract 3102.03, Marion County, Indiana",2019,32.36336032388664
18097310309,"Census Tract 3103.09, Marion County, Indiana",2019,22.985889849795175
18097310311,"Census Tract 3103.11, Marion County, Indiana",2019,40.229885057471265
18097310312,"Census Tract 3103.12, Marion County, Indiana",2019,28.395343528874687
18097330108,"Census Tract 3301.08, Marion County, Indiana",2019,67.07530647985989
18097330109,"Census Tract 3301.09, Marion County, Indiana",2019,64.19686316928069
18097330206,"Census Tract 3302.06, Marion County, Indiana",2019,53.28511151295962
18097330209,"Census Tract 3302.09, Marion County, Indiana",2019,38.599695585996955
18097330208,"Census Tract 3302.08, Marion County, Indiana",2019,57.034938621340885
18097330803,"Census Tract 3308.03, Marion County, Indiana",2019,9.260304912478826
18097330804,"Census Tract 3308.04, Marion County, Indiana",2019,10.526315789473683
18097330805,"Census Tract 3308.05, Marion County, Indiana",2019,8.67665418227216
18097330806,"Census Tract 3308.06, Marion County, Indiana",2019,11.39750302053967
18097340109,"Census Tract 3401.09, Marion County, Indiana",2019,28.95086321381142
18097340110,"Census Tract 3401.10, Marion County, Indiana",2019,17.809554761130972
18097342600,"Census Tract 3426, Marion County, Indiana",2019,2.0046620046620047
18097354200,"Census Tract 3542, Marion County, Indiana",2019,60.36379639137451
18097354500,"Census Tract 3545, Marion County, Indiana",2019,32.41830065359477
18097357300,"Census Tract 3573, Marion County, Indiana",2019,6.492537313432836
18097360405,"Census Tract 3604.05, Marion County, Indiana",2019,27.73237997957099
18097310104,"Census Tract 3101.04, Marion County, Indiana",2020,61.40350877192982
18097310105,"Census Tract 3101.05, Marion County, Indiana",2020,36.795252225519285
18097310106,"Census Tract 3101.06, Marion County, Indiana",2020,44.989775051124745
18097310108,"Census Tract 3101.08, Marion County, Indiana",2020,69.73818429105746
18097310110,"Census Tract 3101.10, Marion County, Indiana",2020,51.18066996155958
18097310111,"Census Tract 3101.11, Marion County, Indiana",2020,32.341851696690405
18097310112,"Census Tract 3101.12, Marion County, Indiana",2020,63.73107922154512
18097310113,"Census Tract 3101.13, Marion County, Indiana",2020,55.742725880551305
18097310201,"Census Tract 3102.01, Marion County, Indiana",2020,40.41044776119403
18097310203,"Census Tract 3102.03, Marion County, Indiana",2020,31.779072994726615
18097310204,"Census Tract 3102.04, Marion County, Indiana",2020,29.05011655011655
18097310305,"Census Tract 3103.05, Marion County, Indiana",2020,26.716604244694132
18097310306,"Census Tract 3103.06, Marion County, Indiana",2020,17.74031202818319
18097310308,"Census Tract 3103.08, Marion County, Indiana",2020,35.01234567901235
18097310309,"Census Tract 3103.09, Marion County, Indiana",2020,20.79160705770148
18097310310,"Census Tract 3103.10, Marion County, Indiana",2020,35.08279539713725
18097310311,"Census Tract 3103.11, Marion County, Indiana",2020,49.61333977767037
18097310312,"Census Tract 3103.12, Marion County, Indiana",2020,29.605263157894736
18097320105,"Census Tract 3201.05, Marion County, Indiana",2020,53.880494505494504
18097320106,"Census Tract 3201.06, Marion County, Indiana",2020,39.6260017809439
18097320107,"Census Tract 3201.07, Marion County, Indiana",2020,68.95261845386534
18097320108,"Census Tract 3201.08, Marion County, Indiana",2020,41.085506367495455
18097320109,"Census Tract 3201.09, Marion County, Indiana",2020,57.48283752860412
18097320202,"Census Tract 3202.02, Marion County, Indiana",2020,75.25572333170969
18097320203,"Census Tract 3202.03, Marion County, Indiana",2020,50.41360294117647
18097320205,"Census Tract 3202.05, Marion County, Indiana",2020,62.1824480369515
18097320206,"Census Tract 3202.06, Marion County, Indiana",2020,16.240875912408757
18097320301,"Census Tract 3203.01, Marion County, Indiana",2020,64.10530060476698
18097320303,"Census Tract 3203.03, Marion County, Indiana",2020,53.58539765319426
18097320305,"Census Tract 3203.05, Marion County, Indiana",2020,69.2429022082019
18097320306,"Census Tract 3203.06, Marion County, Indiana",2020,70.11308562197092
18097320400,"Census Tract 3204, Marion County, Indiana",2020,42.206342117016526
18097320500,"Census Tract 3205, Marion County, Indiana",2020,59.21343349536014
18097320600,"Census Tract 3206, Marion County, Indiana",2020,48.225806451612904
18097320700,"Census Tract 3207, Marion County, Indiana",2020,79.76424361493123
18097320800,"Census Tract 3208, Marion County, Indiana",2020,75.71297148114076
18097320901,"Census Tract 3209.01, Marion County, Indiana",2020,58.41605524384981
18097320902,"Census Tract 3209.02, Marion County, Indiana",2020,32.890499194847024
18097320903,"Census Tract 3209.03, Marion County, Indiana",2020,20.11776251226693
18097321001,"Census Tract 3210.01, Marion County, Indiana",2020,26.272493573264786
18097321002,"Census Tract 3210.02, Marion County, Indiana",2020,57.45465723947126
18097321100,"Census Tract 3211, Marion County, Indiana",2020,49.45175438596491
18097321200,"Census Tract 3212, Marion County, Indiana",2020,76.24043096115679
18097321300,"Census Tract 3213, Marion County, Indiana",2020,74.91508976225134
18097321400,"Census Tract 3214, Marion County, Indiana",2020,60.55678738605568
18097321600,"Census Tract 3216, Marion County, Indiana",2020,40.92071611253197
18097321700,"Census Tract 3217, Marion County, Indiana",2020,63.45465393794749
18097321800,"Census Tract 3218, Marion County, Indiana",2020,77.95655671761867
18097321900,"Census Tract 3219, Marion County, Indiana",2020,81.23406425293217
18097322000,"Census Tract 3220, Marion County, Indiana",2020,40.11627906976744
18097322100,"Census Tract 3221, Marion County, Indiana",2020,47.23109691160809
18097322200,"Census Tract 3222, Marion County, Indiana",2020,55.87096774193548
18097322300,"Census Tract 3223, Marion County, Indiana",2020,72.51019219569015
18097322400,"Census Tract 3224, Marion County, Indiana",2020,53.428863868986696
18097322500,"Census Tract 3225, Marion County, Indiana",2020,21.20658135283364
18097322601,"Census Tract 3226.01, Marion County, Indiana",2020,3.302752293577982
18097322602,"Census Tract 3226.02, Marion County, Indiana",2020,37.52635277582572
18097322700,"Census Tract 3227, Marion County, Indiana",2020,25.09064539521392
18097330103,"Census Tract 3301.03, Marion County, Indiana",2020,54.45285215366705
18097330105,"Census Tract 3301.05, Marion County, Indiana",2020,37.05146036161335
18097330106,"Census Tract 3301.06, Marion County, Indiana",2020,30.337443218689163
18097330107,"Census Tract 3301.07, Marion County, Indiana",2020,56.91325927676672
18097330108,"Census Tract 3301.08, Marion County, Indiana",2020,72.43035542747359
18097330109,"Census Tract 3301.09, Marion County, Indiana",2020,57.88336933045356
18097330203,"Census Tract 3302.03, Marion County, Indiana",2020,75.73114417650076
18097330204,"Census Tract 3302.04, Marion County, Indiana",2020,56.58751838621559
18097330206,"Census Tract 3302.06, Marion County, Indiana",2020,50.57091346153846
18097330208,"Census Tract 3302.08, Marion County, Indiana",2020,57.465194431108976
18097330210,"Census Tract 3302.10, Marion County, Indiana",2020,27.969649398220827
18097330211,"Census Tract 3302.11, Marion County, Indiana",2020,5.574673090158293
18097330212,"Census Tract 3302.12, Marion County, Indiana",2020,27.859897172236504
18097330213,"Census Tract 3302.13, Marion County, Indiana",2020,46.31441617742988
18097330401,"Census Tract 3304.01, Marion County, Indiana",2020,59.21642671701676
18097330500,"Census Tract 3305, Marion County, Indiana",2020,34.4066237350506
18097330600,"Census Tract 3306, Marion County, Indiana",2020,14.76023976023976
18097330701,"Census Tract 3307.01, Marion County, Indiana",2020,17.445054945054945
18097330702,"Census Tract 3307.02, Marion County, Indiana",2020,4.9307253463732685
18097330803,"Census Tract 3308.03, Marion County, Indiana",2020,6.440162271805274
18097330804,"Census Tract 3308.04, Marion County, Indiana",2020,10.22408963585434
18097330805,"Census Tract 3308.05, Marion County, Indiana",2020,13.596193065941536
18097330806,"Census Tract 3308.06, Marion County, Indiana",2020,11.017964071856287
18097330900,"Census Tract 3309, Marion County, Indiana",2020,14.7932131495228
18097331000,"Census Tract 3310, Marion County, Indiana",2020,10.79295154185022
18097340101,"Census Tract 3401.01, Marion County, Indiana",2020,20.82965578111209
18097340102,"Census Tract 3401.02, Marion County, Indiana",2020,26.16086235489221
18097340108,"Census Tract 3401.08, Marion County, Indiana",2020,15.450928381962864
18097340111,"Census Tract 3401.11, Marion County, Indiana",2020,26.073483842408145
18097340112,"Census Tract 3401.12, Marion County, Indiana",2020,28.753351206434317
18097340113,"Census Tract 3401.13, Marion County, Indiana",2020,14.724803431022158
18097340114,"Census Tract 3401.14, Marion County, Indiana",2020,31.143281365998515
18097340115,"Census Tract 3401.15, Marion County, Indiana",2020,17.750126968004064
18097340201,"Census Tract 3402.01, Marion County, Indiana",2020,14.285714285714286
18097340202,"Census Tract 3402.02, Marion County, Indiana",2020,27.617657789128057
18097340301,"Census Tract 3403.01, Marion County, Indiana",2020,11.073253833049405
18097340302,"Census Tract 3403.02, Marion County, Indiana",2020,5.966503838101884
18097340400,"Census Tract 3404, Marion County, Indiana",2020,9.745194456861867
18097340500,"Census Tract 3405, Marion County, Indiana",2020,16.106254203093478
18097340600,"Census Tract 3406, Marion County, Indiana",2020,10.892270963891376
18097340700,"Census Tract 3407, Marion County, Indiana",2020,2.73109243697479
18097340800,"Census Tract 3408, Marion County, Indiana",2020,25.555555555555557
18097340901,"Census Tract 3409.01, Marion County, Indiana",2020,31.13320079522863
18097340903,"Census Tract 3409.03, Marion County, Indiana",2020,37.68755516328332
18097340904,"Census Tract 3409.04, Marion County, Indiana",2020,37.65853658536585
18097341000,"Census Tract 3410, Marion County, Indiana",2020,38.57264231096007
18097341100,"Census Tract 3411, Marion County, Indiana",2020,7.326732673267327
18097341200,"Census Tract 3412, Marion County, Indiana",2020,11.533420707732637
18097341600,"Census Tract 3416, Marion County, Indiana",2020,2.8699551569506725
18097341701,"Census Tract 3417.01, Marion County, Indiana",2020,2.0367936925098555
18097341702,"Census Tract 3417.02, Marion County, Indiana",2020,14.576271186440678
18097341902,"Census Tract 3419.02, Marion County, Indiana",2020,21.68492633169626
18097341903,"Census Tract 3419.03, Marion County, Indiana",2020,16.03650586701434
18097341904,"Census Tract 3419.04, Marion County, Indiana",2020,24.95755517826825
18097342000,"Census Tract 3420, Marion County, Indiana",2020,22.86995515695067
18097342101,"Census Tract 3421.01, Marion County, Indiana",2020,15.04424778761062
18097342200,"Census Tract 3422, Marion County, Indiana",2020,12.274809160305344
18097342300,"Census Tract 3423, Marion County, Indiana",2020,5.604938271604938
18097342400,"Census Tract 3424, Marion County, Indiana",2020,5.655737704918033
18097342500,"Census Tract 3425, Marion County, Indiana",2020,7.249466950959488
18097342600,"Census Tract 3426, Marion County, Indiana",2020,1.6701461377870563
18097350100,"Census Tract 3501, Marion County, Indiana",2020,22.07792207792208
18097350300,"Census Tract 3503, Marion County, Indiana",2020,14.2018779342723
18097350400,"Census Tract 3504, Marion County, Indiana",2020,30.50367855121675
18097350500,"Census Tract 3505, Marion County, Indiana",2020,6.009453072248481
18097350600,"Census Tract 3506, Marion County, Indiana",2020,6.170598911070781
18097350700,"Census Tract 3507, Marion County, Indiana",2020,6.747404844290657
18097350800,"Census Tract 3508, Marion County, Indiana",2020,10.466321243523316
18097350900,"Census Tract 3509, Marion County, Indiana",2020,48.03229061553986
18097351000,"Census Tract 3510, Marion County, Indiana",2020,31.22229259024699
18097351200,"Census Tract 3512, Marion County, Indiana",2020,9.186840471756671
18097351500,"Census Tract 3515, Marion County, Indiana",2020,36.618589743589745
18097351600,"Census Tract 3516, Marion County, Indiana",2020,69.18829376035339
18097351700,"Census Tract 3517, Marion County, Indiana",2020,56.09893198426082
18097351900,"Census Tract 3519, Marion County, Indiana",2020,9.809417040358744
18097352100,"Census Tract 3521, Marion County, Indiana",2020,6.952303961196443
18097352300,"Census Tract 3523, Marion County, Indiana",2020,11.3561190738699
18097352400,"Census Tract 3524, Marion County, Indiana",2020,14.53083109919571
18097352500,"Census Tract 3525, Marion County, Indiana",2020,25.455333911535124
18097352600,"Census Tract 3526, Marion County, Indiana",2020,12.73972602739726
18097352700,"Census Tract 3527, Marion County, Indiana",2020,22.46879334257975
18097352800,"Census Tract 3528, Marion County, Indiana",2020,17.89709172259508
18097353300,"Census Tract 3533, Marion County, Indiana",2020,52.3590333716916
18097353500,"Census Tract 3535, Marion County, Indiana",2020,59.1044776119403
18097353600,"Census Tract 3536, Marion County, Indiana",2020,25.41371158392435
18097354201,"Census Tract 3542.01, Marion County, Indiana",2020,54.3115438108484
18097354202,"Census Tract 3542.02, Marion County, Indiana",2020,66.90573770491804
18097354400,"Census Tract 3544, Marion County, Indiana",2020,53.13681027966742
18097354500,"Census Tract 3545, Marion County, Indiana",2020,31.443600233781417
18097354700,"Census Tract 3547, Marion County, Indiana",2020,22.98507462686567
18097354800,"Census Tract 3548, Marion County, Indiana",2020,11.882046834345186
18097354900,"Census Tract 3549, Marion County, Indiana",2020,7.210031347962382
18097355000,"Census Tract 3550, Marion County, Indiana",2020,9.744298548721492
18097355100,"Census Tract 3551, Marion County, Indiana",2020,9.984152139461171
18097355300,"Census Tract 3553, Marion County, Indiana",2020,20.91997479521109
18097355400,"Census Tract 3554, Marion County, Indiana",2020,17.166589755422244
18097355500,"Census Tract 3555, Marion County, Indiana",2020,12.703691386764216
18097355600,"Census Tract 3556, Marion County, Indiana",2020,9.679715302491104
18097355700,"Census Tract 3557, Marion County, Indiana",2020,2.5974025974025974
18097355900,"Census Tract 3559, Marion County, Indiana",2020,46.13297150610583
18097356200,"Census Tract 3562, Marion County, Indiana",2020,31.327433628318584
18097356400,"Census Tract 3564, Marion County, Indiana",2020,16.94764862466726
18097356900,"Census Tract 3569, Marion County, Indiana",2020,28.88111888111888
18097357000,"Census Tract 3570, Marion County, Indiana",2020,19.402985074626866
18097357100,"Census Tract 3571, Marion County, Indiana",2020,39.38080495356037
18097357200,"Census Tract 3572, Marion County, Indiana",2020,18.848167539267017
18097357300,"Census Tract 3573, Marion County, Indiana",2020,5.023547880690738
18097357400,"Census Tract 3574, Marion County, Indiana",2020,5.270604881499823
18097357500,"Census Tract 3575, Marion County, Indiana",2020,24.326465927099843
18097357601,"Census Tract 3576.01, Marion County, Indiana",2020,3.0864197530864197
18097357602,"Census Tract 3576.02, Marion County, Indiana",2020,28.45804988662131
18097357800,"Census Tract 3578, Marion County, Indiana",2020,23.79495026778883
18097357900,"Census Tract 3579, Marion County, Indiana",2020,26.375866286180187
18097358000,"Census Tract 3580, Marion County, Indiana",2020,16.584766584766584
18097358100,"Census Tract 3581, Marion County, Indiana",2020,16.06217616580311
18097360101,"Census Tract 3601.01, Marion County, Indiana",2020,9.197651663405088
18097360102,"Census Tract 3601.02, Marion County, Indiana",2020,4.664536741214057
18097360201,"Census Tract 3602.01, Marion County, Indiana",2020,6.899109792284866
18097360202,"Census Tract 3602.02, Marion County, Indiana",2020,9.747899159663865
18097360301,"Census Tract 3603.01, Marion County, Indiana",2020,10.00461041954818
18097360302,"Census Tract 3603.02, Marion County, Indiana",2020,4.002223457476376
18097360401,"Census Tract 3604.01, Marion County, Indiana",2020,19.07937190793719
18097360402,"Census Tract 3604.02, Marion County, Indiana",2020,14.46111869031378
18097360405,"Census Tract 3604.05, Marion County, Indiana",2020,28.637582256885207
18097360406,"Census Tract 3604.06, Marion County, Indiana",2020,11.132717549829849
18097360407,"Census Tract 3604.07, Marion County, Indiana",2020,6.119162640901771
18097360501,"Census Tract 3605.01, Marion County, Indiana",2020,19.6
18097360502,"Census Tract 3605.02, Marion County, Indiana",2020,17.161075686165788
18097360601,"Census Tract 3606.01, Marion County, Indiana",2020,25.81382067390063
18097360602,"Census Tract 3606.02, Marion County, Indiana",2020,11.86641402179062
18097360700,"Census Tract 3607, Marion County, Indiana",2020,48.721071863580995
18097360800,"Census Tract 3608, Marion County, Indiana",2020,16.848174247277385
18097360900,"Census Tract 3609, Marion County, Indiana",2020,21.93877551020408
18097361000,"Census Tract 3610, Marion County, Indiana",2020,61.51315789473684
18097361100,"Census Tract 3611, Marion County, Indiana",2020,49.75589910496338
18097361200,"Census Tract 3612, Marion County, Indiana",2020,24.36123348017621
18097361300,"Census Tract 3613, Marion County, Indiana",2020,9.729064039408868
18097361401,"Census Tract 3614.01, Marion County, Indiana",2020,26.856504745951984
18097361402,"Census Tract 3614.02, Marion County, Indiana",2020,12.965722801788376
18097361601,"Census Tract 3616.01, Marion County, Indiana",2020,36.45379777455249
18097361602,"Census Tract 3616.02, Marion County, Indiana",2020,37.08386009270965
18097370201,"Census Tract 3702.01, Marion County, Indiana",2020,11.536787113626469
18097370203,"Census Tract 3702.03, Marion County, Indiana",2020,20.586820586820583
18097370204,"Census Tract 3702.04, Marion County, Indiana",2020,6.338652482269503
18097370303,"Census Tract 3703.03, Marion County, Indiana",2020,22.399814686124625
18097370304,"Census Tract 3703.04, Marion County, Indiana",2020,37.95454545454545
18097370305,"Census Tract 3703.05, Marion County, Indiana",2020,15.741145605596852
18097370306,"Census Tract 3703.06, Marion County, Indiana",2020,17.221297836938437
18097380101,"Census Tract 3801.01, Marion County, Indiana",2020,36.94908001711596
18097380102,"Census Tract 3801.02, Marion County, Indiana",2020,24.642857142857142
18097380103,"Census Tract 3801.03, Marion County, Indiana",2020,40.885049365303246
18097380200,"Census Tract 3802, Marion County, Indiana",2020,16.227272727272727
18097380301,"Census Tract 3803.01, Marion County, Indiana",2020,9.283387622149837
18097380302,"Census Tract 3803.02, Marion County, Indiana",2020,3.4545454545454546
18097380402,"Census Tract 3804.02, Marion County, Indiana",2020,18.990911939830777
18097380403,"Census Tract 3804.03, Marion County, Indiana",2020,14.511494252873565
18097380404,"Census Tract 3804.04, Marion County, Indiana",2020,18.8558524651863
18097380501,"Census Tract 3805.01, Marion County, Indiana",2020,11.87335092348285
18097380502,"Census Tract 3805.02, Marion County, Indiana",2020,20.899335717935617
18097380600,"Census Tract 3806, Marion County, Indiana",2020,17.41169977924945
18097380700,"Census Tract 3807, Marion County, Indiana",2020,25.18368381048898
18097380800,"Census Tract 3808, Marion County, Indiana",2020,6.750675067506751
18097380901,"Census Tract 3809.01, Marion County, Indiana",2020,22.40469208211144
18097380902,"Census Tract 3809.02, Marion County, Indiana",2020,48.3803794539565
18097381002,"Census Tract 3810.02, Marion County, Indiana",2020,42.9170549860205
18097381003,"Census Tract 3810.03, Marion County, Indiana",2020,20.525830258302584
18097381004,"Census Tract 3810.04, Marion County, Indiana",2020,15.687226809130646
18097381101,"Census Tract 3811.01, Marion County, Indiana",2020,48.65419123301717
18097381102,"Census Tract 3811.02, Marion County, Indiana",2020,31.302295644711435
18097381203,"Census Tract 3812.03, Marion County, Indiana",2020,9.831613253666486
18097381204,"Census Tract 3812.04, Marion County, Indiana",2020,22.49289484368656
18097381205,"Census Tract 3812.05, Marion County, Indiana",2020,14.05
18097381206,"Census Tract 3812.06, Marion County, Indiana",2020,36.0256843528219
18097381207,"Census Tract 3812.07, Marion County, Indiana",2020,35.99513579246048
18097390102,"Census Tract 3901.02, Marion County, Indiana",2020,19.02257964738633
18097390103,"Census Tract 3901.03, Marion County, Indiana",2020,34.0941512125535
18097390104,"Census Tract 3901.04, Marion County, Indiana",2020,29.233654876741692
18097390200,"Census Tract 3902, Marion County, Indiana",2020,34.245682632779406
18097390300,"Census Tract 3903, Marion County, Indiana",2020,32.209930537689736
18097390405,"Census Tract 3904.05, Marion County, Indiana",2020,50.95564370717634
18097390406,"Census Tract 3904.06, Marion County, Indiana",2020,43.39054501656128
18097390407,"Census Tract 3904.07, Marion County, Indiana",2020,56.20950323974082
18097390408,"Census Tract 3904.08, Marion County, Indiana",2020,42.80467445742905
18097390409,"Census Tract 3904.09, Marion County, Indiana",2020,52.6856051563619
18097390410,"Census Tract 3904.10, Marion County, Indiana",2020,46.96569920844327
18097390411,"Census Tract 3904.11, Marion County, Indiana",2020,18.983851910200865
18097390500,"Census Tract 3905, Marion County, Indiana",2020,11.76079734219269
18097390601,"Census Tract 3906.01, Marion County, Indiana",2020,67.39622641509433
18097390602,"Census Tract 3906.02, Marion County, Indiana",2020,46.58585858585859
18097390700,"Census Tract 3907, Marion County, Indiana",2020,10.197544046983449
18097390801,"Census Tract 3908.01, Marion County, Indiana",2020,NA
18097390802,"Census Tract 3908.02, Marion County, Indiana",2020,12.18925421010425
18097390900,"Census Tract 3909, Marion County, Indiana",2020,58.9676290463692
18097391001,"Census Tract 3910.01, Marion County, Indiana",2020,85.97475455820476
18097391002,"Census Tract 3910.02, Marion County, Indiana",2020,85.01059322033899
18097310104,"Census Tract 3101.04, Marion County, Indiana",2021,58.655043586550434
18097310105,"Census Tract 3101.05, Marion County, Indiana",2021,35.29195739992655
18097310106,"Census Tract 3101.06, Marion County, Indiana",2021,41.77044766072029
18097310108,"Census Tract 3101.08, Marion County, Indiana",2021,71.00811907983761
18097310110,"Census Tract 3101.10, Marion County, Indiana",2021,56.200676437429536
18097310111,"Census Tract 3101.11, Marion County, Indiana",2021,33.306930693069305
18097310112,"Census Tract 3101.12, Marion County, Indiana",2021,61.90374787052811
18097310113,"Census Tract 3101.13, Marion County, Indiana",2021,72.68211920529801
18097310201,"Census Tract 3102.01, Marion County, Indiana",2021,37.48164464023495
18097310203,"Census Tract 3102.03, Marion County, Indiana",2021,30.28364849833148
18097310204,"Census Tract 3102.04, Marion County, Indiana",2021,35.15466897947384
18097310305,"Census Tract 3103.05, Marion County, Indiana",2021,23.549920760697304
18097310306,"Census Tract 3103.06, Marion County, Indiana",2021,18.37577426015141
18097310308,"Census Tract 3103.08, Marion County, Indiana",2021,34.80243161094225
18097310309,"Census Tract 3103.09, Marion County, Indiana",2021,20.10362694300518
18097310310,"Census Tract 3103.10, Marion County, Indiana",2021,32.05471305382099
18097310311,"Census Tract 3103.11, Marion County, Indiana",2021,48.91461649782923
18097310312,"Census Tract 3103.12, Marion County, Indiana",2021,27.758362456315528
18097320105,"Census Tract 3201.05, Marion County, Indiana",2021,52.320534223706176
18097320106,"Census Tract 3201.06, Marion County, Indiana",2021,38.653483992467045
18097320107,"Census Tract 3201.07, Marion County, Indiana",2021,67.58409785932722
18097320108,"Census Tract 3201.08, Marion County, Indiana",2021,37.39400791407575
18097320109,"Census Tract 3201.09, Marion County, Indiana",2021,63.18031235210601
18097320202,"Census Tract 3202.02, Marion County, Indiana",2021,75.02477700693757
18097320203,"Census Tract 3202.03, Marion County, Indiana",2021,48.87791741472172
18097320205,"Census Tract 3202.05, Marion County, Indiana",2021,54.518736223365174
18097320206,"Census Tract 3202.06, Marion County, Indiana",2021,16.150670794633644
18097320301,"Census Tract 3203.01, Marion County, Indiana",2021,65.0716032134125
18097320303,"Census Tract 3203.03, Marion County, Indiana",2021,48.0550284629981
18097320305,"Census Tract 3203.05, Marion County, Indiana",2021,72.25433526011561
18097320306,"Census Tract 3203.06, Marion County, Indiana",2021,69.72187104930468
18097320400,"Census Tract 3204, Marion County, Indiana",2021,52.344454463480616
18097320500,"Census Tract 3205, Marion County, Indiana",2021,60.84452975047984
18097320600,"Census Tract 3206, Marion County, Indiana",2021,42.92901062045836
18097320700,"Census Tract 3207, Marion County, Indiana",2021,76.43979057591623
18097320800,"Census Tract 3208, Marion County, Indiana",2021,79.87946221604079
18097320901,"Census Tract 3209.01, Marion County, Indiana",2021,57.14904679376083
18097320902,"Census Tract 3209.02, Marion County, Indiana",2021,31.362075543685616
18097320903,"Census Tract 3209.03, Marion County, Indiana",2021,20.732445520581113
18097321001,"Census Tract 3210.01, Marion County, Indiana",2021,25.831353919239906
18097321002,"Census Tract 3210.02, Marion County, Indiana",2021,59.17625681405209
18097321100,"Census Tract 3211, Marion County, Indiana",2021,48.75656742556918
18097321200,"Census Tract 3212, Marion County, Indiana",2021,78.52813852813853
18097321300,"Census Tract 3213, Marion County, Indiana",2021,77.37403100775194
18097321400,"Census Tract 3214, Marion County, Indiana",2021,65.44704972945117
18097321600,"Census Tract 3216, Marion County, Indiana",2021,39.90775908844276
18097321700,"Census Tract 3217, Marion County, Indiana",2021,64.52713178294573
18097321800,"Census Tract 3218, Marion County, Indiana",2021,78.21413807358412
18097321900,"Census Tract 3219, Marion County, Indiana",2021,84.38202247191012
18097322000,"Census Tract 3220, Marion County, Indiana",2021,44.87678339818417
18097322100,"Census Tract 3221, Marion County, Indiana",2021,48.31460674157304
18097322200,"Census Tract 3222, Marion County, Indiana",2021,60.90909090909091
18097322300,"Census Tract 3223, Marion County, Indiana",2021,72.05113306217315
18097322400,"Census Tract 3224, Marion County, Indiana",2021,49.44059669685669
18097322500,"Census Tract 3225, Marion County, Indiana",2021,21.062618595825427
18097322601,"Census Tract 3226.01, Marion County, Indiana",2021,7.817589576547231
18097322602,"Census Tract 3226.02, Marion County, Indiana",2021,39.44562899786781
18097322700,"Census Tract 3227, Marion County, Indiana",2021,32.65432098765432
18097330103,"Census Tract 3301.03, Marion County, Indiana",2021,52.27832512315271
18097330105,"Census Tract 3301.05, Marion County, Indiana",2021,45.09394572025053
18097330106,"Census Tract 3301.06, Marion County, Indiana",2021,38.79142300194932
18097330107,"Census Tract 3301.07, Marion County, Indiana",2021,55.40369526702101
18097330108,"Census Tract 3301.08, Marion County, Indiana",2021,74.85339772335288
18097330109,"Census Tract 3301.09, Marion County, Indiana",2021,59.07473309608541
18097330203,"Census Tract 3302.03, Marion County, Indiana",2021,77.73469952921629
18097330204,"Census Tract 3302.04, Marion County, Indiana",2021,55.2522544479649
18097330206,"Census Tract 3302.06, Marion County, Indiana",2021,52.2473604826546
18097330208,"Census Tract 3302.08, Marion County, Indiana",2021,58.705357142857146
18097330210,"Census Tract 3302.10, Marion County, Indiana",2021,36.85776095186587
18097330211,"Census Tract 3302.11, Marion County, Indiana",2021,4.125874125874126
18097330212,"Census Tract 3302.12, Marion County, Indiana",2021,24.96984318455971
18097330213,"Census Tract 3302.13, Marion County, Indiana",2021,46.25896822685343
18097330401,"Census Tract 3304.01, Marion County, Indiana",2021,55.44834078606731
18097330500,"Census Tract 3305, Marion County, Indiana",2021,36.92709570173355
18097330600,"Census Tract 3306, Marion County, Indiana",2021,14.350252458145096
18097330701,"Census Tract 3307.01, Marion County, Indiana",2021,7.850467289719626
18097330702,"Census Tract 3307.02, Marion County, Indiana",2021,6.704134885588117
18097330803,"Census Tract 3308.03, Marion County, Indiana",2021,4.550050556117291
18097330804,"Census Tract 3308.04, Marion County, Indiana",2021,12.112541726275632
18097330805,"Census Tract 3308.05, Marion County, Indiana",2021,14.11451398135819
18097330806,"Census Tract 3308.06, Marion County, Indiana",2021,12.191103789126853
18097330900,"Census Tract 3309, Marion County, Indiana",2021,20.88815789473684
18097331000,"Census Tract 3310, Marion County, Indiana",2021,10.130306851618329
18097340101,"Census Tract 3401.01, Marion County, Indiana",2021,22.61410788381743
18097340102,"Census Tract 3401.02, Marion County, Indiana",2021,23.84190395240119
18097340108,"Census Tract 3401.08, Marion County, Indiana",2021,21.61214953271028
18097340111,"Census Tract 3401.11, Marion County, Indiana",2021,27.2264631043257
18097340112,"Census Tract 3401.12, Marion County, Indiana",2021,35.16106922549692
18097340113,"Census Tract 3401.13, Marion County, Indiana",2021,13.57638888888889
18097340114,"Census Tract 3401.14, Marion County, Indiana",2021,36.46781260532524
18097340115,"Census Tract 3401.15, Marion County, Indiana",2021,20.17167381974249
18097340201,"Census Tract 3402.01, Marion County, Indiana",2021,14.809656453110492
18097340202,"Census Tract 3402.02, Marion County, Indiana",2021,27.82548952250086
18097340301,"Census Tract 3403.01, Marion County, Indiana",2021,8.828315703824247
18097340302,"Census Tract 3403.02, Marion County, Indiana",2021,5.154639175257732
18097340400,"Census Tract 3404, Marion County, Indiana",2021,6.331877729257642
18097340500,"Census Tract 3405, Marion County, Indiana",2021,17.036056897122066
18097340600,"Census Tract 3406, Marion County, Indiana",2021,17.018708509354255
18097340700,"Census Tract 3407, Marion County, Indiana",2021,5.333333333333333
18097340800,"Census Tract 3408, Marion County, Indiana",2021,26.131045241809673
18097340901,"Census Tract 3409.01, Marion County, Indiana",2021,32.82300224047797
18097340903,"Census Tract 3409.03, Marion County, Indiana",2021,42.808510638297875
18097340904,"Census Tract 3409.04, Marion County, Indiana",2021,36.255619781631346
18097341000,"Census Tract 3410, Marion County, Indiana",2021,43.54330708661417
18097341100,"Census Tract 3411, Marion County, Indiana",2021,5.476673427991886
18097341200,"Census Tract 3412, Marion County, Indiana",2021,12.585812356979403
18097341600,"Census Tract 3416, Marion County, Indiana",2021,6.069094304388422
18097341701,"Census Tract 3417.01, Marion County, Indiana",2021,3.9203484754200377
18097341702,"Census Tract 3417.02, Marion County, Indiana",2021,18.05736636245111
18097341902,"Census Tract 3419.02, Marion County, Indiana",2021,20.42772861356932
18097341903,"Census Tract 3419.03, Marion County, Indiana",2021,20.3537554473212
18097341904,"Census Tract 3419.04, Marion County, Indiana",2021,29.262844378257633
18097342000,"Census Tract 3420, Marion County, Indiana",2021,24.471582902771253
18097342101,"Census Tract 3421.01, Marion County, Indiana",2021,17.41791875347802
18097342200,"Census Tract 3422, Marion County, Indiana",2021,16.068642745709827
18097342300,"Census Tract 3423, Marion County, Indiana",2021,10.630202140309155
18097342400,"Census Tract 3424, Marion County, Indiana",2021,4.765886287625418
18097342500,"Census Tract 3425, Marion County, Indiana",2021,6.617647058823529
18097342600,"Census Tract 3426, Marion County, Indiana",2021,0.718816067653277
18097350100,"Census Tract 3501, Marion County, Indiana",2021,23.112659698025553
18097350300,"Census Tract 3503, Marion County, Indiana",2021,13.674732695554304
18097350400,"Census Tract 3504, Marion County, Indiana",2021,33.066361556064074
18097350500,"Census Tract 3505, Marion County, Indiana",2021,6.7064083457526085
18097350600,"Census Tract 3506, Marion County, Indiana",2021,10.655286343612335
18097350700,"Census Tract 3507, Marion County, Indiana",2021,6.21172353455818
18097350800,"Census Tract 3508, Marion County, Indiana",2021,11.368015414258188
18097350900,"Census Tract 3509, Marion County, Indiana",2021,51.543498596819454
18097351000,"Census Tract 3510, Marion County, Indiana",2021,32.88288288288288
18097351200,"Census Tract 3512, Marion County, Indiana",2021,10.861182519280206
18097351500,"Census Tract 3515, Marion County, Indiana",2021,34.02555910543131
18097351600,"Census Tract 3516, Marion County, Indiana",2021,71.11932418162618
18097351700,"Census Tract 3517, Marion County, Indiana",2021,43.70786516853933
18097351900,"Census Tract 3519, Marion County, Indiana",2021,10.60695344725987
18097352100,"Census Tract 3521, Marion County, Indiana",2021,7.724252491694352
18097352300,"Census Tract 3523, Marion County, Indiana",2021,8.926553672316384
18097352400,"Census Tract 3524, Marion County, Indiana",2021,11.717267552182165
18097352500,"Census Tract 3525, Marion County, Indiana",2021,29.107373868046572
18097352600,"Census Tract 3526, Marion County, Indiana",2021,14.650241970963483
18097352700,"Census Tract 3527, Marion County, Indiana",2021,32.289002557544755
18097352800,"Census Tract 3528, Marion County, Indiana",2021,15.427927927927929
18097353300,"Census Tract 3533, Marion County, Indiana",2021,59.61643835616438
18097353500,"Census Tract 3535, Marion County, Indiana",2021,58.563074352548036
18097353600,"Census Tract 3536, Marion County, Indiana",2021,28.941176470588236
18097354201,"Census Tract 3542.01, Marion County, Indiana",2021,55.82743077913715
18097354202,"Census Tract 3542.02, Marion County, Indiana",2021,66.26826029216467
18097354400,"Census Tract 3544, Marion County, Indiana",2021,57.7724358974359
18097354500,"Census Tract 3545, Marion County, Indiana",2021,33.02696078431372
18097354700,"Census Tract 3547, Marion County, Indiana",2021,23.65145228215768
18097354800,"Census Tract 3548, Marion County, Indiana",2021,21.62447257383966
18097354900,"Census Tract 3549, Marion County, Indiana",2021,6.625891946992865
18097355000,"Census Tract 3550, Marion County, Indiana",2021,13.431833445265278
18097355100,"Census Tract 3551, Marion County, Indiana",2021,10.19522776572668
18097355300,"Census Tract 3553, Marion County, Indiana",2021,24.38875305623472
18097355400,"Census Tract 3554, Marion County, Indiana",2021,19.95967741935484
18097355500,"Census Tract 3555, Marion County, Indiana",2021,12.981959674566678
18097355600,"Census Tract 3556, Marion County, Indiana",2021,14.910394265232975
18097355700,"Census Tract 3557, Marion County, Indiana",2021,5.403458213256484
18097355900,"Census Tract 3559, Marion County, Indiana",2021,55.204460966542754
18097356200,"Census Tract 3562, Marion County, Indiana",2021,35.39797395079595
18097356400,"Census Tract 3564, Marion County, Indiana",2021,22.34726688102894
18097356900,"Census Tract 3569, Marion County, Indiana",2021,33.79160636758321
18097357000,"Census Tract 3570, Marion County, Indiana",2021,30.204657727593503
18097357100,"Census Tract 3571, Marion County, Indiana",2021,48.75983061101029
18097357200,"Census Tract 3572, Marion County, Indiana",2021,23.574368018812464
18097357300,"Census Tract 3573, Marion County, Indiana",2021,9.037472446730346
18097357400,"Census Tract 3574, Marion County, Indiana",2021,6.165839829907867
18097357500,"Census Tract 3575, Marion County, Indiana",2021,21.8042071197411
18097357601,"Census Tract 3576.01, Marion County, Indiana",2021,5.105410210820422
18097357602,"Census Tract 3576.02, Marion County, Indiana",2021,26.009501187648457
18097357800,"Census Tract 3578, Marion County, Indiana",2021,29.696969696969695
18097357900,"Census Tract 3579, Marion County, Indiana",2021,25.208681135225376
18097358000,"Census Tract 3580, Marion County, Indiana",2021,16.826923076923077
18097358100,"Census Tract 3581, Marion County, Indiana",2021,17.56683033278778
18097360101,"Census Tract 3601.01, Marion County, Indiana",2021,13.48870056497175
18097360102,"Census Tract 3601.02, Marion County, Indiana",2021,11.279953243717124
18097360201,"Census Tract 3602.01, Marion County, Indiana",2021,8.61275476660092
18097360202,"Census Tract 3602.02, Marion County, Indiana",2021,11.160964666292765
18097360301,"Census Tract 3603.01, Marion County, Indiana",2021,10.456553755522828
18097360302,"Census Tract 3603.02, Marion County, Indiana",2021,5.3788316946211685
18097360401,"Census Tract 3604.01, Marion County, Indiana",2021,19.323326185370505
18097360402,"Census Tract 3604.02, Marion County, Indiana",2021,14.714494875549049
18097360405,"Census Tract 3604.05, Marion County, Indiana",2021,32.31877323420074
18097360406,"Census Tract 3604.06, Marion County, Indiana",2021,5.110173464603844
18097360407,"Census Tract 3604.07, Marion County, Indiana",2021,8.628211342704798
18097360501,"Census Tract 3605.01, Marion County, Indiana",2021,21.99648858791071
18097360502,"Census Tract 3605.02, Marion County, Indiana",2021,26.58522396742292
18097360601,"Census Tract 3606.01, Marion County, Indiana",2021,24.018610061064265
18097360602,"Census Tract 3606.02, Marion County, Indiana",2021,14.131218457101658
18097360700,"Census Tract 3607, Marion County, Indiana",2021,44.666666666666664
18097360800,"Census Tract 3608, Marion County, Indiana",2021,20.64516129032258
18097360900,"Census Tract 3609, Marion County, Indiana",2021,21.148755955532028
18097361000,"Census Tract 3610, Marion County, Indiana",2021,59.25122083559414
18097361100,"Census Tract 3611, Marion County, Indiana",2021,49.14958569559529
18097361200,"Census Tract 3612, Marion County, Indiana",2021,25.64214192424902
18097361300,"Census Tract 3613, Marion County, Indiana",2021,8.806636885768985
18097361401,"Census Tract 3614.01, Marion County, Indiana",2021,28.70229007633588
18097361402,"Census Tract 3614.02, Marion County, Indiana",2021,15.08433734939759
18097361601,"Census Tract 3616.01, Marion County, Indiana",2021,35.01822600243013
18097361602,"Census Tract 3616.02, Marion County, Indiana",2021,53.808151502676
18097370201,"Census Tract 3702.01, Marion County, Indiana",2021,10.276008492569002
18097370203,"Census Tract 3702.03, Marion County, Indiana",2021,22.048243757934827
18097370204,"Census Tract 3702.04, Marion County, Indiana",2021,7.625721352019785
18097370303,"Census Tract 3703.03, Marion County, Indiana",2021,19.56096500760704
18097370304,"Census Tract 3703.04, Marion County, Indiana",2021,33.38926174496644
18097370305,"Census Tract 3703.05, Marion County, Indiana",2021,19.28538708199725
18097370306,"Census Tract 3703.06, Marion County, Indiana",2021,18.33694474539545
18097380101,"Census Tract 3801.01, Marion County, Indiana",2021,32.299094237810756
18097380102,"Census Tract 3801.02, Marion County, Indiana",2021,18.13084112149533
18097380103,"Census Tract 3801.03, Marion County, Indiana",2021,38.28806584362139
18097380200,"Census Tract 3802, Marion County, Indiana",2021,22.37893747061589
18097380301,"Census Tract 3803.01, Marion County, Indiana",2021,6.770833333333333
18097380302,"Census Tract 3803.02, Marion County, Indiana",2021,5.60064935064935
18097380402,"Census Tract 3804.02, Marion County, Indiana",2021,19.731800766283524
18097380403,"Census Tract 3804.03, Marion County, Indiana",2021,14.709032488397002
18097380404,"Census Tract 3804.04, Marion County, Indiana",2021,20.8018154311649
18097380501,"Census Tract 3805.01, Marion County, Indiana",2021,13.554817275747508
18097380502,"Census Tract 3805.02, Marion County, Indiana",2021,19.747309312119793
18097380600,"Census Tract 3806, Marion County, Indiana",2021,15.278514588859416
18097380700,"Census Tract 3807, Marion County, Indiana",2021,24.24619985048592
18097380800,"Census Tract 3808, Marion County, Indiana",2021,7.61604326273096
18097380901,"Census Tract 3809.01, Marion County, Indiana",2021,24.59555799287085
18097380902,"Census Tract 3809.02, Marion County, Indiana",2021,46.702470461868955
18097381002,"Census Tract 3810.02, Marion County, Indiana",2021,44.18708240534521
18097381003,"Census Tract 3810.03, Marion County, Indiana",2021,23.014354066985646
18097381004,"Census Tract 3810.04, Marion County, Indiana",2021,19.402985074626866
18097381101,"Census Tract 3811.01, Marion County, Indiana",2021,43.110140708393985
18097381102,"Census Tract 3811.02, Marion County, Indiana",2021,26.81610626816106
18097381203,"Census Tract 3812.03, Marion County, Indiana",2021,9.273797841020608
18097381204,"Census Tract 3812.04, Marion County, Indiana",2021,22.261484098939928
18097381205,"Census Tract 3812.05, Marion County, Indiana",2021,14.503280224929709
18097381206,"Census Tract 3812.06, Marion County, Indiana",2021,32.955242182709995
18097381207,"Census Tract 3812.07, Marion County, Indiana",2021,39.14035755039939
18097390102,"Census Tract 3901.02, Marion County, Indiana",2021,14.0899689762151
18097390103,"Census Tract 3901.03, Marion County, Indiana",2021,34.43002780352178
18097390104,"Census Tract 3901.04, Marion County, Indiana",2021,31.14186851211073
18097390200,"Census Tract 3902, Marion County, Indiana",2021,32.9518855656697
18097390300,"Census Tract 3903, Marion County, Indiana",2021,30.89900623988907
18097390405,"Census Tract 3904.05, Marion County, Indiana",2021,48.73622812702528
18097390406,"Census Tract 3904.06, Marion County, Indiana",2021,45.18764360479959
18097390407,"Census Tract 3904.07, Marion County, Indiana",2021,57.893462469733656
18097390408,"Census Tract 3904.08, Marion County, Indiana",2021,39.5398773006135
18097390409,"Census Tract 3904.09, Marion County, Indiana",2021,48.42883548983364
18097390410,"Census Tract 3904.10, Marion County, Indiana",2021,51.51763740771124
18097390411,"Census Tract 3904.11, Marion County, Indiana",2021,17.45689655172414
18097390500,"Census Tract 3905, Marion County, Indiana",2021,10.647571606475717
18097390601,"Census Tract 3906.01, Marion County, Indiana",2021,81.71247357293869
18097390602,"Census Tract 3906.02, Marion County, Indiana",2021,44.16243654822335
18097390700,"Census Tract 3907, Marion County, Indiana",2021,9.251101321585905
18097390801,"Census Tract 3908.01, Marion County, Indiana",2021,NA
18097390802,"Census Tract 3908.02, Marion County, Indiana",2021,12.161115414407435
18097390900,"Census Tract 3909, Marion County, Indiana",2021,70.49792531120332
18097391001,"Census Tract 3910.01, Marion County, Indiana",2021,85.80931263858093
18097391002,"Census Tract 3910.02, Marion County, Indiana",2021,83.95155185465556
18097310104,Census Tract 3101.04; Marion County; Indiana,2022,55.08540372670807
18097310105,Census Tract 3101.05; Marion County; Indiana,2022,38.995726495726494
18097310106,Census Tract 3101.06; Marion County; Indiana,2022,44.52554744525548
18097310108,Census Tract 3101.08; Marion County; Indiana,2022,72.30464886251237
18097310110,Census Tract 3101.10; Marion County; Indiana,2022,51.85792349726776
18097310111,Census Tract 3101.11; Marion County; Indiana,2022,36.03636363636364
18097310112,Census Tract 3101.12; Marion County; Indiana,2022,63.330438558402086
18097310113,Census Tract 3101.13; Marion County; Indiana,2022,66.82170542635659
18097310201,Census Tract 3102.01; Marion County; Indiana,2022,38.557874762808346
18097310203,Census Tract 3102.03; Marion County; Indiana,2022,31.607551487414188
18097310204,Census Tract 3102.04; Marion County; Indiana,2022,33.197792622712754
18097310305,Census Tract 3103.05; Marion County; Indiana,2022,23.754904920012073
18097310306,Census Tract 3103.06; Marion County; Indiana,2022,18.904287570376788
18097310308,Census Tract 3103.08; Marion County; Indiana,2022,39.35207241543592
18097310309,Census Tract 3103.09; Marion County; Indiana,2022,17.41424802110818
18097310310,Census Tract 3103.10; Marion County; Indiana,2022,28.95694360218314
18097310311,Census Tract 3103.11; Marion County; Indiana,2022,45.90082232743583
18097310312,Census Tract 3103.12; Marion County; Indiana,2022,29.688705942886543
18097320105,Census Tract 3201.05; Marion County; Indiana,2022,53.40091563113146
18097320106,Census Tract 3201.06; Marion County; Indiana,2022,37.93565683646113
18097320107,Census Tract 3201.07; Marion County; Indiana,2022,65.6782334384858
18097320108,Census Tract 3201.08; Marion County; Indiana,2022,36.65565896127289
18097320109,Census Tract 3201.09; Marion County; Indiana,2022,64.93506493506493
18097320202,Census Tract 3202.02; Marion County; Indiana,2022,74.02629016553067
18097320203,Census Tract 3202.03; Marion County; Indiana,2022,47.896995708154506
18097320205,Census Tract 3202.05; Marion County; Indiana,2022,62.93614219881501
18097320206,Census Tract 3202.06; Marion County; Indiana,2022,19.207484865162357
18097320301,Census Tract 3203.01; Marion County; Indiana,2022,66.13902271163111
18097320303,Census Tract 3203.03; Marion County; Indiana,2022,40.31868662481893
18097320305,Census Tract 3203.05; Marion County; Indiana,2022,65.67085953878407
18097320306,Census Tract 3203.06; Marion County; Indiana,2022,68.25396825396825
18097320400,Census Tract 3204; Marion County; Indiana,2022,61.50278293135436
18097320500,Census Tract 3205; Marion County; Indiana,2022,58.01863658656204
18097320600,Census Tract 3206; Marion County; Indiana,2022,42.23638470451912
18097320700,Census Tract 3207; Marion County; Indiana,2022,75.97799511002445
18097320800,Census Tract 3208; Marion County; Indiana,2022,78.43313822602431
18097320901,Census Tract 3209.01; Marion County; Indiana,2022,55.368467089438006
18097320902,Census Tract 3209.02; Marion County; Indiana,2022,31.21951219512195
18097320903,Census Tract 3209.03; Marion County; Indiana,2022,25.51427694197114
18097321001,Census Tract 3210.01; Marion County; Indiana,2022,23.73949579831933
18097321002,Census Tract 3210.02; Marion County; Indiana,2022,50.65489749430524
18097321100,Census Tract 3211; Marion County; Indiana,2022,49.623029472241264
18097321200,Census Tract 3212; Marion County; Indiana,2022,77.04966206288569
18097321300,Census Tract 3213; Marion County; Indiana,2022,76.93467336683418
18097321400,Census Tract 3214; Marion County; Indiana,2022,63.43884120171674
18097321600,Census Tract 3216; Marion County; Indiana,2022,45.527522935779814
18097321700,Census Tract 3217; Marion County; Indiana,2022,62.34421364985163
18097321800,Census Tract 3218; Marion County; Indiana,2022,80.6276150627615
18097321900,Census Tract 3219; Marion County; Indiana,2022,82.47907949790795
18097322000,Census Tract 3220; Marion County; Indiana,2022,45.61709550806803
18097322100,Census Tract 3221; Marion County; Indiana,2022,53.79236148466918
18097322200,Census Tract 3222; Marion County; Indiana,2022,62.94820717131474
18097322300,Census Tract 3223; Marion County; Indiana,2022,70.90464547677261
18097322400,Census Tract 3224; Marion County; Indiana,2022,50.542635658914726
18097322500,Census Tract 3225; Marion County; Indiana,2022,24.06563354603464
18097322601,Census Tract 3226.01; Marion County; Indiana,2022,13.152400835073069
18097322602,Census Tract 3226.02; Marion County; Indiana,2022,37.68545994065282
18097322700,Census Tract 3227; Marion County; Indiana,2022,34.950773558368496
18097330103,Census Tract 3301.03; Marion County; Indiana,2022,45.016181229773466
18097330105,Census Tract 3301.05; Marion County; Indiana,2022,49.43037974683544
18097330106,Census Tract 3301.06; Marion County; Indiana,2022,36.9375
18097330107,Census Tract 3301.07; Marion County; Indiana,2022,58.1733264141152
18097330108,Census Tract 3301.08; Marion County; Indiana,2022,75.44262295081967
18097330109,Census Tract 3301.09; Marion County; Indiana,2022,57.96582138919515
18097330203,Census Tract 3302.03; Marion County; Indiana,2022,75.19803332422835
18097330204,Census Tract 3302.04; Marion County; Indiana,2022,47.51176033671701
18097330206,Census Tract 3302.06; Marion County; Indiana,2022,54.72621596818599
18097330208,Census Tract 3302.08; Marion County; Indiana,2022,53.770949720670394
18097330210,Census Tract 3302.10; Marion County; Indiana,2022,35.088707406364406
18097330211,Census Tract 3302.11; Marion County; Indiana,2022,9.34915498022294
18097330212,Census Tract 3302.12; Marion County; Indiana,2022,24.867559987535056
18097330213,Census Tract 3302.13; Marion County; Indiana,2022,49.87137081955163
18097330401,Census Tract 3304.01; Marion County; Indiana,2022,52.27863046044864
18097330500,Census Tract 3305; Marion County; Indiana,2022,39.44620971402633
18097330600,Census Tract 3306; Marion County; Indiana,2022,15.804749340369392
18097330701,Census Tract 3307.01; Marion County; Indiana,2022,8.698224852071005
18097330702,Census Tract 3307.02; Marion County; Indiana,2022,8.294930875576037
18097330803,Census Tract 3308.03; Marion County; Indiana,2022,5.92315901814301
18097330804,Census Tract 3308.04; Marion County; Indiana,2022,9.926131117266852
18097330805,Census Tract 3308.05; Marion County; Indiana,2022,15.04424778761062
18097330806,Census Tract 3308.06; Marion County; Indiana,2022,14.216120460584587
18097330900,Census Tract 3309; Marion County; Indiana,2022,20.36790189282858
18097331000,Census Tract 3310; Marion County; Indiana,2022,9.878479027832222
18097340101,Census Tract 3401.01; Marion County; Indiana,2022,21.714285714285715
18097340102,Census Tract 3401.02; Marion County; Indiana,2022,22.337662337662337
18097340108,Census Tract 3401.08; Marion County; Indiana,2022,23.890967397113844
18097340111,Census Tract 3401.11; Marion County; Indiana,2022,28.122415219189413
18097340112,Census Tract 3401.12; Marion County; Indiana,2022,31.69836503169837
18097340113,Census Tract 3401.13; Marion County; Indiana,2022,15.492957746478874
18097340114,Census Tract 3401.14; Marion County; Indiana,2022,40.44871794871795
18097340115,Census Tract 3401.15; Marion County; Indiana,2022,26.875165650675857
18097340201,Census Tract 3402.01; Marion County; Indiana,2022,9.93818354731336
18097340202,Census Tract 3402.02; Marion County; Indiana,2022,26.38282387190684
18097340301,Census Tract 3403.01; Marion County; Indiana,2022,9.73913043478261
18097340302,Census Tract 3403.02; Marion County; Indiana,2022,6.402439024390244
18097340400,Census Tract 3404; Marion County; Indiana,2022,7.069461570078093
18097340500,Census Tract 3405; Marion County; Indiana,2022,16.27511065713313
18097340600,Census Tract 3406; Marion County; Indiana,2022,15.403556771545828
18097340700,Census Tract 3407; Marion County; Indiana,2022,6.8493150684931505
18097340800,Census Tract 3408; Marion County; Indiana,2022,34.92063492063492
18097340901,Census Tract 3409.01; Marion County; Indiana,2022,39.886578449905485
18097340903,Census Tract 3409.03; Marion County; Indiana,2022,44.793261868300164
18097340904,Census Tract 3409.04; Marion County; Indiana,2022,36.18925831202046
18097341000,Census Tract 3410; Marion County; Indiana,2022,45.91291061879297
18097341100,Census Tract 3411; Marion County; Indiana,2022,9.509875640087785
18097341200,Census Tract 3412; Marion County; Indiana,2022,13.676588897827836
18097341600,Census Tract 3416; Marion County; Indiana,2022,10.076857386848848
18097341701,Census Tract 3417.01; Marion County; Indiana,2022,12.382234185733513
18097341702,Census Tract 3417.02; Marion County; Indiana,2022,13.5343618513324
18097341902,Census Tract 3419.02; Marion County; Indiana,2022,22.540381791483114
18097341903,Census Tract 3419.03; Marion County; Indiana,2022,20.131406044678055
18097341904,Census Tract 3419.04; Marion County; Indiana,2022,33.57452966714906
18097342000,Census Tract 3420; Marion County; Indiana,2022,11.790800840532338
18097342101,Census Tract 3421.01; Marion County; Indiana,2022,16.061884669479607
18097342200,Census Tract 3422; Marion County; Indiana,2022,18.256530672145583
18097342300,Census Tract 3423; Marion County; Indiana,2022,11.65747181578316
18097342400,Census Tract 3424; Marion County; Indiana,2022,5.4101221640488655
18097342500,Census Tract 3425; Marion County; Indiana,2022,4.659014179608373
18097342600,Census Tract 3426; Marion County; Indiana,2022,0.7777322963569382
18097350100,Census Tract 3501; Marion County; Indiana,2022,23.12925170068027
18097350300,Census Tract 3503; Marion County; Indiana,2022,22.532402791625124
18097350400,Census Tract 3504; Marion County; Indiana,2022,28.587015821058376
18097350500,Census Tract 3505; Marion County; Indiana,2022,7.003012048192771
18097350600,Census Tract 3506; Marion County; Indiana,2022,9.958620689655172
18097350700,Census Tract 3507; Marion County; Indiana,2022,5.8505850585058505
18097350800,Census Tract 3508; Marion County; Indiana,2022,8.333333333333334
18097350900,Census Tract 3509; Marion County; Indiana,2022,59.3128390596745
18097351000,Census Tract 3510; Marion County; Indiana,2022,38.53503184713376
18097351200,Census Tract 3512; Marion County; Indiana,2022,13.294117647058824
18097351500,Census Tract 3515; Marion County; Indiana,2022,41.3745704467354
18097351600,Census Tract 3516; Marion County; Indiana,2022,76.0702524698134
18097351700,Census Tract 3517; Marion County; Indiana,2022,45.37467700258398
18097351900,Census Tract 3519; Marion County; Indiana,2022,13.93979057591623
18097352100,Census Tract 3521; Marion County; Indiana,2022,4.573438874230431
18097352300,Census Tract 3523; Marion County; Indiana,2022,6.868451688009313
18097352400,Census Tract 3524; Marion County; Indiana,2022,13.025011798017934
18097352500,Census Tract 3525; Marion County; Indiana,2022,31.100082712985937
18097352600,Census Tract 3526; Marion County; Indiana,2022,12.430347192456065
18097352700,Census Tract 3527; Marion County; Indiana,2022,31.761517615176153
18097352800,Census Tract 3528; Marion County; Indiana,2022,25.509110396570204
18097353300,Census Tract 3533; Marion County; Indiana,2022,62.360178970917225
18097353500,Census Tract 3535; Marion County; Indiana,2022,67.71255060728745
18097353600,Census Tract 3536; Marion County; Indiana,2022,32.30283911671924
18097354201,Census Tract 3542.01; Marion County; Indiana,2022,61.874105865522175
18097354202,Census Tract 3542.02; Marion County; Indiana,2022,64.84529295589203
18097354400,Census Tract 3544; Marion County; Indiana,2022,58.95582329317269
18097354500,Census Tract 3545; Marion County; Indiana,2022,38.56295319709954
18097354700,Census Tract 3547; Marion County; Indiana,2022,28.02547770700637
18097354800,Census Tract 3548; Marion County; Indiana,2022,19.335347432024168
18097354900,Census Tract 3549; Marion County; Indiana,2022,10.637149028077754
18097355000,Census Tract 3550; Marion County; Indiana,2022,18.438661710037177
18097355100,Census Tract 3551; Marion County; Indiana,2022,8.895265423242467
18097355300,Census Tract 3553; Marion County; Indiana,2022,31.34777376654633
18097355400,Census Tract 3554; Marion County; Indiana,2022,20.833333333333332
18097355500,Census Tract 3555; Marion County; Indiana,2022,13.856729377713458
18097355600,Census Tract 3556; Marion County; Indiana,2022,16.212338593974174
18097355700,Census Tract 3557; Marion County; Indiana,2022,5.055849500293944
18097355900,Census Tract 3559; Marion County; Indiana,2022,63.592233009708735
18097356200,Census Tract 3562; Marion County; Indiana,2022,35.86891160553217
18097356400,Census Tract 3564; Marion County; Indiana,2022,27.12680577849117
18097356900,Census Tract 3569; Marion County; Indiana,2022,37.11566617862372
18097357000,Census Tract 3570; Marion County; Indiana,2022,33.62193362193362
18097357100,Census Tract 3571; Marion County; Indiana,2022,49.93573264781491
18097357200,Census Tract 3572; Marion County; Indiana,2022,30.32979976442874
18097357300,Census Tract 3573; Marion County; Indiana,2022,10.972762645914395
18097357400,Census Tract 3574; Marion County; Indiana,2022,6.068503350707371
18097357500,Census Tract 3575; Marion County; Indiana,2022,23.674321503131523
18097357601,Census Tract 3576.01; Marion County; Indiana,2022,5.017921146953405
18097357602,Census Tract 3576.02; Marion County; Indiana,2022,22.01834862385321
18097357800,Census Tract 3578; Marion County; Indiana,2022,29.09090909090909
18097357900,Census Tract 3579; Marion County; Indiana,2022,28.088962108731465
18097358000,Census Tract 3580; Marion County; Indiana,2022,26.5993265993266
18097358100,Census Tract 3581; Marion County; Indiana,2022,16.385135135135137
18097360101,Census Tract 3601.01; Marion County; Indiana,2022,11.538461538461538
18097360102,Census Tract 3601.02; Marion County; Indiana,2022,7.412309728656519
18097360201,Census Tract 3602.01; Marion County; Indiana,2022,9.88391376451078
18097360202,Census Tract 3602.02; Marion County; Indiana,2022,8.192389006342495
18097360301,Census Tract 3603.01; Marion County; Indiana,2022,12.73071462375769
18097360302,Census Tract 3603.02; Marion County; Indiana,2022,7.234539089848308
18097360401,Census Tract 3604.01; Marion County; Indiana,2022,17.339383807021733
18097360402,Census Tract 3604.02; Marion County; Indiana,2022,12.5
18097360405,Census Tract 3604.05; Marion County; Indiana,2022,33.792620270901445
18097360406,Census Tract 3604.06; Marion County; Indiana,2022,8.045977011494253
18097360407,Census Tract 3604.07; Marion County; Indiana,2022,9.615384615384617
18097360501,Census Tract 3605.01; Marion County; Indiana,2022,24.128486055776893
18097360502,Census Tract 3605.02; Marion County; Indiana,2022,23.52612461581447
18097360601,Census Tract 3606.01; Marion County; Indiana,2022,23.607122343480757
18097360602,Census Tract 3606.02; Marion County; Indiana,2022,15.217391304347826
18097360700,Census Tract 3607; Marion County; Indiana,2022,43.74590700720367
18097360800,Census Tract 3608; Marion County; Indiana,2022,17.793594306049823
18097360900,Census Tract 3609; Marion County; Indiana,2022,25.25118984664199
18097361000,Census Tract 3610; Marion County; Indiana,2022,64.38275251033669
18097361100,Census Tract 3611; Marion County; Indiana,2022,50.31702898550725
18097361200,Census Tract 3612; Marion County; Indiana,2022,36.5128660159716
18097361300,Census Tract 3613; Marion County; Indiana,2022,10.565568676196396
18097361401,Census Tract 3614.01; Marion County; Indiana,2022,30.44169049888783
18097361402,Census Tract 3614.02; Marion County; Indiana,2022,13.99948625738505
18097361601,Census Tract 3616.01; Marion County; Indiana,2022,34.38366523821528
18097361602,Census Tract 3616.02; Marion County; Indiana,2022,42.23107569721115
18097370201,Census Tract 3702.01; Marion County; Indiana,2022,6.237260497350183
18097370203,Census Tract 3702.03; Marion County; Indiana,2022,26.088777219430487
18097370204,Census Tract 3702.04; Marion County; Indiana,2022,6.271043771043771
18097370303,Census Tract 3703.03; Marion County; Indiana,2022,16.894880977459447
18097370304,Census Tract 3703.04; Marion County; Indiana,2022,37.7164056059357
18097370305,Census Tract 3703.05; Marion County; Indiana,2022,13.91138637446403
18097370306,Census Tract 3703.06; Marion County; Indiana,2022,21.31419105466593
18097380101,Census Tract 3801.01; Marion County; Indiana,2022,34.51194282490126
18097380102,Census Tract 3801.02; Marion County; Indiana,2022,32.88559518295507
18097380103,Census Tract 3801.03; Marion County; Indiana,2022,34.68653648509763
18097380200,Census Tract 3802; Marion County; Indiana,2022,21.68141592920354
18097380301,Census Tract 3803.01; Marion County; Indiana,2022,5.159332321699544
18097380302,Census Tract 3803.02; Marion County; Indiana,2022,9.700315457413248
18097380402,Census Tract 3804.02; Marion County; Indiana,2022,18.674314850223073
18097380403,Census Tract 3804.03; Marion County; Indiana,2022,16.468785905783225
18097380404,Census Tract 3804.04; Marion County; Indiana,2022,20.164168451106352
18097380501,Census Tract 3805.01; Marion County; Indiana,2022,13.818924438393465
18097380502,Census Tract 3805.02; Marion County; Indiana,2022,19.70466082141209
18097380600,Census Tract 3806; Marion County; Indiana,2022,15.527950310559008
18097380700,Census Tract 3807; Marion County; Indiana,2022,29.4677734375
18097380800,Census Tract 3808; Marion County; Indiana,2022,5.4484088717454195
18097380901,Census Tract 3809.01; Marion County; Indiana,2022,26.435536294691225
18097380902,Census Tract 3809.02; Marion County; Indiana,2022,42.29094076655052
18097381002,Census Tract 3810.02; Marion County; Indiana,2022,46.76171079429735
18097381003,Census Tract 3810.03; Marion County; Indiana,2022,18.44789356984479
18097381004,Census Tract 3810.04; Marion County; Indiana,2022,16.760563380281692
18097381101,Census Tract 3811.01; Marion County; Indiana,2022,39.76966429796619
18097381102,Census Tract 3811.02; Marion County; Indiana,2022,20.27145359019265
18097381203,Census Tract 3812.03; Marion County; Indiana,2022,11.84
18097381204,Census Tract 3812.04; Marion County; Indiana,2022,21.77352206494588
18097381205,Census Tract 3812.05; Marion County; Indiana,2022,18.105313777350325
18097381206,Census Tract 3812.06; Marion County; Indiana,2022,33.661645422943224
18097381207,Census Tract 3812.07; Marion County; Indiana,2022,37.207518220176446
18097390102,Census Tract 3901.02; Marion County; Indiana,2022,18.6028659160696
18097390103,Census Tract 3901.03; Marion County; Indiana,2022,32.62770363552692
18097390104,Census Tract 3901.04; Marion County; Indiana,2022,34.64140730717185
18097390200,Census Tract 3902; Marion County; Indiana,2022,30.59021113243762
18097390300,Census Tract 3903; Marion County; Indiana,2022,33.35729690869878
18097390405,Census Tract 3904.05; Marion County; Indiana,2022,51.68467895740623
18097390406,Census Tract 3904.06; Marion County; Indiana,2022,47.13600807469089
18097390407,Census Tract 3904.07; Marion County; Indiana,2022,55.67157095396298
18097390408,Census Tract 3904.08; Marion County; Indiana,2022,40.625
18097390409,Census Tract 3904.09; Marion County; Indiana,2022,48.06124478027441
18097390410,Census Tract 3904.10; Marion County; Indiana,2022,44.927536231884055
18097390411,Census Tract 3904.11; Marion County; Indiana,2022,19.00519673348181
18097390500,Census Tract 3905; Marion County; Indiana,2022,12.37785016286645
18097390601,Census Tract 3906.01; Marion County; Indiana,2022,74.2603550295858
18097390602,Census Tract 3906.02; Marion County; Indiana,2022,46.58103513411409
18097390700,Census Tract 3907; Marion County; Indiana,2022,13.18407960199005
18097390801,Census Tract 3908.01; Marion County; Indiana,2022,NA
18097390802,Census Tract 3908.02; Marion County; Indiana,2022,13.487881981032666
18097390900,Census Tract 3909; Marion County; Indiana,2022,71.1276332094176
18097391001,Census Tract 3910.01; Marion County; Indiana,2022,80.76923076923077
18097391002,Census Tract 3910.02; Marion County; Indiana,2022,84.68318246784183
18097310104,Census Tract 3101.04; Marion County; Indiana,2023,56.70142912321359
18097310105,Census Tract 3101.05; Marion County; Indiana,2023,46.06906686260103
18097310106,Census Tract 3101.06; Marion County; Indiana,2023,43.03719643406087
18097310108,Census Tract 3101.08; Marion County; Indiana,2023,72.79944770452192
18097310110,Census Tract 3101.10; Marion County; Indiana,2023,50.314465408805034
18097310111,Census Tract 3101.11; Marion County; Indiana,2023,36.3716814159292
18097310112,Census Tract 3101.12; Marion County; Indiana,2023,67.21201255042581
18097310113,Census Tract 3101.13; Marion County; Indiana,2023,70.27348394768133
18097310201,Census Tract 3102.01; Marion County; Indiana,2023,38.4922073214933
18097310203,Census Tract 3102.03; Marion County; Indiana,2023,33.78819341441709
18097310204,Census Tract 3102.04; Marion County; Indiana,2023,33.52017937219731
18097310305,Census Tract 3103.05; Marion County; Indiana,2023,21.856050619562353
18097310306,Census Tract 3103.06; Marion County; Indiana,2023,20.09510026876163
18097310308,Census Tract 3103.08; Marion County; Indiana,2023,39.88566402814424
18097310309,Census Tract 3103.09; Marion County; Indiana,2023,23.70644139387539
18097310310,Census Tract 3103.10; Marion County; Indiana,2023,29.473057457576655
18097310311,Census Tract 3103.11; Marion County; Indiana,2023,44.309866262932125
18097310312,Census Tract 3103.12; Marion County; Indiana,2023,29.984260230849948
18097320105,Census Tract 3201.05; Marion County; Indiana,2023,54.78484264611432
18097320106,Census Tract 3201.06; Marion County; Indiana,2023,39.84028393966282
18097320107,Census Tract 3201.07; Marion County; Indiana,2023,66.38436482084691
18097320108,Census Tract 3201.08; Marion County; Indiana,2023,33.245149911816576
18097320109,Census Tract 3201.09; Marion County; Indiana,2023,62.234042553191486
18097320202,Census Tract 3202.02; Marion County; Indiana,2023,72.41116751269035
18097320203,Census Tract 3202.03; Marion County; Indiana,2023,48.46153846153846
18097320205,Census Tract 3202.05; Marion County; Indiana,2023,66.62225183211193
18097320206,Census Tract 3202.06; Marion County; Indiana,2023,28.64385297845374
18097320301,Census Tract 3203.01; Marion County; Indiana,2023,64.5933014354067
18097320303,Census Tract 3203.03; Marion County; Indiana,2023,39.98387746876259
18097320305,Census Tract 3203.05; Marion County; Indiana,2023,66.37351267459907
18097320306,Census Tract 3203.06; Marion County; Indiana,2023,70.96876991714468
18097320400,Census Tract 3204; Marion County; Indiana,2023,58.8780487804878
18097320500,Census Tract 3205; Marion County; Indiana,2023,62.47563352826511
18097320600,Census Tract 3206; Marion County; Indiana,2023,45.05971769815418
18097320700,Census Tract 3207; Marion County; Indiana,2023,81.0281517747858
18097320800,Census Tract 3208; Marion County; Indiana,2023,81.82648401826484
18097320901,Census Tract 3209.01; Marion County; Indiana,2023,51.30855509126897
18097320902,Census Tract 3209.02; Marion County; Indiana,2023,28.478593272171253
18097320903,Census Tract 3209.03; Marion County; Indiana,2023,23.83595436324391
18097321001,Census Tract 3210.01; Marion County; Indiana,2023,20.297029702970296
18097321002,Census Tract 3210.02; Marion County; Indiana,2023,60.66433566433567
18097321100,Census Tract 3211; Marion County; Indiana,2023,54.08953214405924
18097321200,Census Tract 3212; Marion County; Indiana,2023,78.22800120955549
18097321300,Census Tract 3213; Marion County; Indiana,2023,80.56253139126068
18097321400,Census Tract 3214; Marion County; Indiana,2023,61.760806152214265
18097321600,Census Tract 3216; Marion County; Indiana,2023,43.74108925007128
18097321700,Census Tract 3217; Marion County; Indiana,2023,65.40780704538241
18097321800,Census Tract 3218; Marion County; Indiana,2023,82.08333333333333
18097321900,Census Tract 3219; Marion County; Indiana,2023,84.27377220480669
18097322000,Census Tract 3220; Marion County; Indiana,2023,45.43940024989587
18097322100,Census Tract 3221; Marion County; Indiana,2023,62.74403470715835
18097322200,Census Tract 3222; Marion County; Indiana,2023,57.2721396250808
18097322300,Census Tract 3223; Marion County; Indiana,2023,73.0635838150289
18097322400,Census Tract 3224; Marion County; Indiana,2023,51.93370165745856
18097322500,Census Tract 3225; Marion County; Indiana,2023,19.86499517839923
18097322601,Census Tract 3226.01; Marion County; Indiana,2023,21.11742424242424
18097322602,Census Tract 3226.02; Marion County; Indiana,2023,37.947122861586315
18097322700,Census Tract 3227; Marion County; Indiana,2023,34.60490463215259
18097330103,Census Tract 3301.03; Marion County; Indiana,2023,45.30679933665008
18097330105,Census Tract 3301.05; Marion County; Indiana,2023,44.13793103448276
18097330106,Census Tract 3301.06; Marion County; Indiana,2023,39.95666976168369
18097330107,Census Tract 3301.07; Marion County; Indiana,2023,61.487734107095754
18097330108,Census Tract 3301.08; Marion County; Indiana,2023,72.86683327383078
18097330109,Census Tract 3301.09; Marion County; Indiana,2023,57.28964176617606
18097330203,Census Tract 3302.03; Marion County; Indiana,2023,77.62315613693292
18097330204,Census Tract 3302.04; Marion County; Indiana,2023,46.80442095146565
18097330206,Census Tract 3302.06; Marion County; Indiana,2023,59.338946055503584
18097330208,Census Tract 3302.08; Marion County; Indiana,2023,53.82409177820268
18097330210,Census Tract 3302.10; Marion County; Indiana,2023,33.39290273168241
18097330211,Census Tract 3302.11; Marion County; Indiana,2023,17.7598385469223
18097330212,Census Tract 3302.12; Marion County; Indiana,2023,25.488997555012222
18097330213,Census Tract 3302.13; Marion County; Indiana,2023,53.87581951407636
18097330401,Census Tract 3304.01; Marion County; Indiana,2023,52.30807208096766
18097330500,Census Tract 3305; Marion County; Indiana,2023,35.188070331626975
18097330600,Census Tract 3306; Marion County; Indiana,2023,21.34544422367301
18097330701,Census Tract 3307.01; Marion County; Indiana,2023,8.135593220338983
18097330702,Census Tract 3307.02; Marion County; Indiana,2023,11.931119311193113
18097330803,Census Tract 3308.03; Marion County; Indiana,2023,9.74184120798831
18097330804,Census Tract 3308.04; Marion County; Indiana,2023,8.121827411167512
18097330805,Census Tract 3308.05; Marion County; Indiana,2023,14.061331338818247
18097330806,Census Tract 3308.06; Marion County; Indiana,2023,15.11528608027327
18097330900,Census Tract 3309; Marion County; Indiana,2023,26.019360516280432
18097331000,Census Tract 3310; Marion County; Indiana,2023,7.880434782608695
18097340101,Census Tract 3401.01; Marion County; Indiana,2023,22.738312082574375
18097340102,Census Tract 3401.02; Marion County; Indiana,2023,24.13427561837456
18097340108,Census Tract 3401.08; Marion County; Indiana,2023,27.971698113207548
18097340111,Census Tract 3401.11; Marion County; Indiana,2023,28.182616330114136
18097340112,Census Tract 3401.12; Marion County; Indiana,2023,31.64794007490637
18097340113,Census Tract 3401.13; Marion County; Indiana,2023,11.415525114155251
18097340114,Census Tract 3401.14; Marion County; Indiana,2023,40.75319435104237
18097340115,Census Tract 3401.15; Marion County; Indiana,2023,29.182582123758593
18097340201,Census Tract 3402.01; Marion County; Indiana,2023,8.293530178028659
18097340202,Census Tract 3402.02; Marion County; Indiana,2023,27.567383145684065
18097340301,Census Tract 3403.01; Marion County; Indiana,2023,9.884393063583817
18097340302,Census Tract 3403.02; Marion County; Indiana,2023,10.592519033432636
18097340400,Census Tract 3404; Marion County; Indiana,2023,11.203319502074688
18097340500,Census Tract 3405; Marion County; Indiana,2023,21.24137931034483
18097340600,Census Tract 3406; Marion County; Indiana,2023,21.824193992835493
18097340700,Census Tract 3407; Marion County; Indiana,2023,12.369135323768903
18097340800,Census Tract 3408; Marion County; Indiana,2023,32.36842105263158
18097340901,Census Tract 3409.01; Marion County; Indiana,2023,27.218463987266215
18097340903,Census Tract 3409.03; Marion County; Indiana,2023,37.49049429657795
18097340904,Census Tract 3409.04; Marion County; Indiana,2023,36.98260347930414
18097341000,Census Tract 3410; Marion County; Indiana,2023,46.00484261501211
18097341100,Census Tract 3411; Marion County; Indiana,2023,11.168258633357825
18097341200,Census Tract 3412; Marion County; Indiana,2023,16.666666666666668
18097341600,Census Tract 3416; Marion County; Indiana,2023,9.674861221252971
18097341701,Census Tract 3417.01; Marion County; Indiana,2023,13.473423980222496
18097341702,Census Tract 3417.02; Marion County; Indiana,2023,12.639664804469271
18097341902,Census Tract 3419.02; Marion County; Indiana,2023,19.64155084125823
18097341903,Census Tract 3419.03; Marion County; Indiana,2023,21.677495569994093
18097341904,Census Tract 3419.04; Marion County; Indiana,2023,29.767441860465116
18097342000,Census Tract 3420; Marion County; Indiana,2023,13.455069678039404
18097342101,Census Tract 3421.01; Marion County; Indiana,2023,18.961687951138256
18097342200,Census Tract 3422; Marion County; Indiana,2023,17.303822937625753
18097342300,Census Tract 3423; Marion County; Indiana,2023,9.82538441490748
18097342400,Census Tract 3424; Marion County; Indiana,2023,5.027932960893855
18097342500,Census Tract 3425; Marion County; Indiana,2023,6.869973190348525
18097342600,Census Tract 3426; Marion County; Indiana,2023,1.7387427552385195
18097350100,Census Tract 3501; Marion County; Indiana,2023,37.13956170703575
18097350300,Census Tract 3503; Marion County; Indiana,2023,20.39274924471299
18097350400,Census Tract 3504; Marion County; Indiana,2023,30.344827586206897
18097350500,Census Tract 3505; Marion County; Indiana,2023,12.01885310290652
18097350600,Census Tract 3506; Marion County; Indiana,2023,13.449564134495642
18097350700,Census Tract 3507; Marion County; Indiana,2023,5.991561181434599
18097350800,Census Tract 3508; Marion County; Indiana,2023,9.788566953797964
18097350900,Census Tract 3509; Marion County; Indiana,2023,62.981574539363486
18097351000,Census Tract 3510; Marion County; Indiana,2023,38.796992481203006
18097351200,Census Tract 3512; Marion County; Indiana,2023,9.252483010977524
18097351500,Census Tract 3515; Marion County; Indiana,2023,45.87020648967552
18097351600,Census Tract 3516; Marion County; Indiana,2023,84.65938637545501
18097351700,Census Tract 3517; Marion County; Indiana,2023,52.00601805416249
18097351900,Census Tract 3519; Marion County; Indiana,2023,19.51822112415071
18097352100,Census Tract 3521; Marion County; Indiana,2023,5.994787141615986
18097352300,Census Tract 3523; Marion County; Indiana,2023,7.624309392265193
18097352400,Census Tract 3524; Marion County; Indiana,2023,11.822429906542055
18097352500,Census Tract 3525; Marion County; Indiana,2023,32.17115689381934
18097352600,Census Tract 3526; Marion County; Indiana,2023,16.84426229508197
18097352700,Census Tract 3527; Marion County; Indiana,2023,48.09796769150599
18097352800,Census Tract 3528; Marion County; Indiana,2023,26.582278481012654
18097353300,Census Tract 3533; Marion County; Indiana,2023,59.367816091954026
18097353500,Census Tract 3535; Marion County; Indiana,2023,61.52324431256182
18097353600,Census Tract 3536; Marion County; Indiana,2023,29.552023121387283
18097354201,Census Tract 3542.01; Marion County; Indiana,2023,60.96398305084746
18097354202,Census Tract 3542.02; Marion County; Indiana,2023,63.681592039801
18097354400,Census Tract 3544; Marion County; Indiana,2023,56.36363636363637
18097354500,Census Tract 3545; Marion County; Indiana,2023,40.19471488178025
18097354700,Census Tract 3547; Marion County; Indiana,2023,37.17001055966209
18097354800,Census Tract 3548; Marion County; Indiana,2023,21.646090534979425
18097354900,Census Tract 3549; Marion County; Indiana,2023,10.904255319148936
18097355000,Census Tract 3550; Marion County; Indiana,2023,17.405913978494624
18097355100,Census Tract 3551; Marion County; Indiana,2023,15.33382245047689
18097355300,Census Tract 3553; Marion County; Indiana,2023,33.290978398983484
18097355400,Census Tract 3554; Marion County; Indiana,2023,21.93698949824971
18097355500,Census Tract 3555; Marion County; Indiana,2023,21.125703564727957
18097355600,Census Tract 3556; Marion County; Indiana,2023,17.72151898734177
18097355700,Census Tract 3557; Marion County; Indiana,2023,9.81448234590066
18097355900,Census Tract 3559; Marion County; Indiana,2023,61.288450377248985
18097356200,Census Tract 3562; Marion County; Indiana,2023,33.91119221411192
18097356400,Census Tract 3564; Marion County; Indiana,2023,33.049864708156164
18097356900,Census Tract 3569; Marion County; Indiana,2023,37.95774647887324
18097357000,Census Tract 3570; Marion County; Indiana,2023,39.501312335958005
18097357100,Census Tract 3571; Marion County; Indiana,2023,50.12547051442911
18097357200,Census Tract 3572; Marion County; Indiana,2023,37.088204038257174
18097357300,Census Tract 3573; Marion County; Indiana,2023,6.7921990585070615
18097357400,Census Tract 3574; Marion County; Indiana,2023,6.929510155316607
18097357500,Census Tract 3575; Marion County; Indiana,2023,22.4364592462752
18097357601,Census Tract 3576.01; Marion County; Indiana,2023,5.756988652089676
18097357602,Census Tract 3576.02; Marion County; Indiana,2023,10.340775558166865
18097357800,Census Tract 3578; Marion County; Indiana,2023,30.95014111006585
18097357900,Census Tract 3579; Marion County; Indiana,2023,30.411171450737005
18097358000,Census Tract 3580; Marion County; Indiana,2023,24.88425925925926
18097358100,Census Tract 3581; Marion County; Indiana,2023,17.41176470588235
18097360101,Census Tract 3601.01; Marion County; Indiana,2023,10.138805069402537
18097360102,Census Tract 3601.02; Marion County; Indiana,2023,7.670654468684026
18097360201,Census Tract 3602.01; Marion County; Indiana,2023,10.126582278481012
18097360202,Census Tract 3602.02; Marion County; Indiana,2023,12.317130722038698
18097360301,Census Tract 3603.01; Marion County; Indiana,2023,12.18961625282167
18097360302,Census Tract 3603.02; Marion County; Indiana,2023,6.5494238932686475
18097360401,Census Tract 3604.01; Marion County; Indiana,2023,17.37321196358908
18097360402,Census Tract 3604.02; Marion County; Indiana,2023,12.557427258805513
18097360405,Census Tract 3604.05; Marion County; Indiana,2023,32.51322143021384
18097360406,Census Tract 3604.06; Marion County; Indiana,2023,8.159243200630666
18097360407,Census Tract 3604.07; Marion County; Indiana,2023,11.174934725848564
18097360501,Census Tract 3605.01; Marion County; Indiana,2023,18.097155801661213
18097360502,Census Tract 3605.02; Marion County; Indiana,2023,24.689616252821672
18097360601,Census Tract 3606.01; Marion County; Indiana,2023,25.241207594148772
18097360602,Census Tract 3606.02; Marion County; Indiana,2023,15.799950236377208
18097360700,Census Tract 3607; Marion County; Indiana,2023,44.87359550561798
18097360800,Census Tract 3608; Marion County; Indiana,2023,19.875776397515526
18097360900,Census Tract 3609; Marion County; Indiana,2023,22.138593303919023
18097361000,Census Tract 3610; Marion County; Indiana,2023,63.34149326805385
18097361100,Census Tract 3611; Marion County; Indiana,2023,48.84169884169884
18097361200,Census Tract 3612; Marion County; Indiana,2023,36.03881782090869
18097361300,Census Tract 3613; Marion County; Indiana,2023,12.22879684418146
18097361401,Census Tract 3614.01; Marion County; Indiana,2023,23.84910485933504
18097361402,Census Tract 3614.02; Marion County; Indiana,2023,16.613756613756614
18097361601,Census Tract 3616.01; Marion County; Indiana,2023,36.52365236523652
18097361602,Census Tract 3616.02; Marion County; Indiana,2023,53.39491916859122
18097370201,Census Tract 3702.01; Marion County; Indiana,2023,7.894736842105263
18097370203,Census Tract 3702.03; Marion County; Indiana,2023,26.701570680628272
18097370204,Census Tract 3702.04; Marion County; Indiana,2023,9.275730622617536
18097370303,Census Tract 3703.03; Marion County; Indiana,2023,22.132337689276085
18097370304,Census Tract 3703.04; Marion County; Indiana,2023,28.08706571787359
18097370305,Census Tract 3703.05; Marion County; Indiana,2023,16.440501043841337
18097370306,Census Tract 3703.06; Marion County; Indiana,2023,23.24610244988864
18097380101,Census Tract 3801.01; Marion County; Indiana,2023,35.963133640552996
18097380102,Census Tract 3801.02; Marion County; Indiana,2023,23.97291196388262
18097380103,Census Tract 3801.03; Marion County; Indiana,2023,39.16708818074524
18097380200,Census Tract 3802; Marion County; Indiana,2023,23.58620689655172
18097380301,Census Tract 3803.01; Marion County; Indiana,2023,5.321354526606773
18097380302,Census Tract 3803.02; Marion County; Indiana,2023,12.5
18097380402,Census Tract 3804.02; Marion County; Indiana,2023,22.134905042567127
18097380403,Census Tract 3804.03; Marion County; Indiana,2023,16.666666666666668
18097380404,Census Tract 3804.04; Marion County; Indiana,2023,19.92818671454219
18097380501,Census Tract 3805.01; Marion County; Indiana,2023,16.678297278436848
18097380502,Census Tract 3805.02; Marion County; Indiana,2023,17.596972563859982
18097380600,Census Tract 3806; Marion County; Indiana,2023,18.38865096359743
18097380700,Census Tract 3807; Marion County; Indiana,2023,24.169256514463303
18097380800,Census Tract 3808; Marion County; Indiana,2023,8.735968765251343
18097380901,Census Tract 3809.01; Marion County; Indiana,2023,29.903713892709767
18097380902,Census Tract 3809.02; Marion County; Indiana,2023,38.189655172413794
18097381002,Census Tract 3810.02; Marion County; Indiana,2023,45.58763725091501
18097381003,Census Tract 3810.03; Marion County; Indiana,2023,18.043087971274687
18097381004,Census Tract 3810.04; Marion County; Indiana,2023,24.081237911025145
18097381101,Census Tract 3811.01; Marion County; Indiana,2023,34.25948896055569
18097381102,Census Tract 3811.02; Marion County; Indiana,2023,22.466289691170076
18097381203,Census Tract 3812.03; Marion County; Indiana,2023,10.677618069815194
18097381204,Census Tract 3812.04; Marion County; Indiana,2023,15.419094576423127
18097381205,Census Tract 3812.05; Marion County; Indiana,2023,22.934272300469484
18097381206,Census Tract 3812.06; Marion County; Indiana,2023,35.91850147880381
18097381207,Census Tract 3812.07; Marion County; Indiana,2023,38.37386018237082
18097390102,Census Tract 3901.02; Marion County; Indiana,2023,18.353931107020777
18097390103,Census Tract 3901.03; Marion County; Indiana,2023,37.964942283026936
18097390104,Census Tract 3901.04; Marion County; Indiana,2023,34.96534764140398
18097390200,Census Tract 3902; Marion County; Indiana,2023,34.69879518072289
18097390300,Census Tract 3903; Marion County; Indiana,2023,36.68846333489024
18097390405,Census Tract 3904.05; Marion County; Indiana,2023,41.9622882710131
18097390406,Census Tract 3904.06; Marion County; Indiana,2023,45.35588086824836
18097390407,Census Tract 3904.07; Marion County; Indiana,2023,58.60366713681241
18097390408,Census Tract 3904.08; Marion County; Indiana,2023,42.99487797529376
18097390409,Census Tract 3904.09; Marion County; Indiana,2023,45.2617240708309
18097390410,Census Tract 3904.10; Marion County; Indiana,2023,47.93893129770992
18097390411,Census Tract 3904.11; Marion County; Indiana,2023,17.77178103315343
18097390500,Census Tract 3905; Marion County; Indiana,2023,22.654081066074404
18097390601,Census Tract 3906.01; Marion County; Indiana,2023,79.71602434077079
18097390602,Census Tract 3906.02; Marion County; Indiana,2023,55.290901991409605
18097390700,Census Tract 3907; Marion County; Indiana,2023,10.63009001285898
18097390801,Census Tract 3908.01; Marion County; Indiana,2023,NA
18097390802,Census Tract 3908.02; Marion County; Indiana,2023,19.59619952494062
18097390900,Census Tract 3909; Marion County; Indiana,2023,76.30371297455152
18097391001,Census Tract 3910.01; Marion County; Indiana,2023,65.54809843400447
18097391002,Census Tract 3910.02; Marion County; Indiana,2023,83.57800447872606
