GEOID,NAME,year,value
18097320800,"Census Tract 3208, Marion County, Indiana",2015,8.708938120702827
18097321200,"Census Tract 3212, Marion County, Indiana",2015,3.88646288209607
18097330401,"Census Tract 3304.01, Marion County, Indiana",2015,10.98360655737705
18097330900,"Census Tract 3309, Marion County, Indiana",2015,27.583557433730313
18097340101,"Census Tract 3401.01, Marion County, Indiana",2015,16.412446613788894
18097340600,"Census Tract 3406, Marion County, Indiana",2015,16.520938794293603
18097341100,"Census Tract 3411, Marion County, Indiana",2015,19.463087248322147
18097342000,"Census Tract 3420, Marion County, Indiana",2015,6.346483704974271
18097350800,"Census Tract 3508, Marion County, Indiana",2015,22.432210353327857
18097351200,"Census Tract 3512, Marion County, Indiana",2015,46.90721649484536
18097352100,"Census Tract 3521, Marion County, Indiana",2015,32.379248658318424
18097356200,"Census Tract 3562, Marion County, Indiana",2015,11.608093716719916
18097357900,"Census Tract 3579, Marion County, Indiana",2015,19.530102790014684
18097360101,"Census Tract 3601.01, Marion County, Indiana",2015,28.207236842105264
18097360402,"Census Tract 3604.02, Marion County, Indiana",2015,20.64516129032258
18097360700,"Census Tract 3607, Marion County, Indiana",2015,13.808463251670378
18097360900,"Census Tract 3609, Marion County, Indiana",2015,12.229650019661817
18097361000,"Census Tract 3610, Marion County, Indiana",2015,14.083080040526848
18097310201,"Census Tract 3102.01, Marion County, Indiana",2015,11.760925449871465
18097352400,"Census Tract 3524, Marion County, Indiana",2015,11.214333112143333
18097352700,"Census Tract 3527, Marion County, Indiana",2015,30.80474934036939
18097330700,"Census Tract 3307, Marion County, Indiana",2015,6.462585034013605
18097350100,"Census Tract 3501, Marion County, Indiana",2015,25.899280575539567
18097340400,"Census Tract 3404, Marion County, Indiana",2015,17.364447494852435
18097342400,"Census Tract 3424, Marion County, Indiana",2015,9.815078236130867
18097342500,"Census Tract 3425, Marion County, Indiana",2015,14.488348530901725
18097350500,"Census Tract 3505, Marion County, Indiana",2015,30.15748031496063
18097350600,"Census Tract 3506, Marion County, Indiana",2015,16.17987946221604
18097351600,"Census Tract 3516, Marion County, Indiana",2015,26.40761300555115
18097352500,"Census Tract 3525, Marion County, Indiana",2015,20.17751479289941
18097352800,"Census Tract 3528, Marion County, Indiana",2015,38.57566765578635
18097353600,"Census Tract 3536, Marion County, Indiana",2015,26.518391787852867
18097354900,"Census Tract 3549, Marion County, Indiana",2015,28.818443804034583
18097355900,"Census Tract 3559, Marion County, Indiana",2015,30.695443645083937
18097357000,"Census Tract 3570, Marion County, Indiana",2015,26.176713459950456
18097360102,"Census Tract 3601.02, Marion County, Indiana",2015,21.66538164996145
18097380700,"Census Tract 3807, Marion County, Indiana",2015,9.24574209245742
18097361400,"Census Tract 3614, Marion County, Indiana",2015,6.498704968212856
18097361600,"Census Tract 3616, Marion County, Indiana",2015,5.575838035180883
18097380300,"Census Tract 3803, Marion County, Indiana",2015,15.074906367041198
18097381001,"Census Tract 3810.01, Marion County, Indiana",2015,8.338557993730408
18097380100,"Census Tract 3801, Marion County, Indiana",2015,4.612280196021908
18097381201,"Census Tract 3812.01, Marion County, Indiana",2015,6.279434850863423
18097381205,"Census Tract 3812.05, Marion County, Indiana",2015,0
18097321400,"Census Tract 3214, Marion County, Indiana",2015,4.81651376146789
18097322300,"Census Tract 3223, Marion County, Indiana",2015,5.606694560669456
18097330105,"Census Tract 3301.05, Marion County, Indiana",2015,6.027293404094011
18097340108,"Census Tract 3401.08, Marion County, Indiana",2015,40.74074074074074
18097350400,"Census Tract 3504, Marion County, Indiana",2015,22.70351008215086
18097350700,"Census Tract 3507, Marion County, Indiana",2015,28.349282296650717
18097350900,"Census Tract 3509, Marion County, Indiana",2015,40.862656072644725
18097351700,"Census Tract 3517, Marion County, Indiana",2015,33.50923482849604
18097361100,"Census Tract 3611, Marion County, Indiana",2015,18.846373500856657
18097370201,"Census Tract 3702.01, Marion County, Indiana",2015,12.977983777520278
18097381002,"Census Tract 3810.02, Marion County, Indiana",2015,9.097978227060652
18097390200,"Census Tract 3902, Marion County, Indiana",2015,16.083916083916083
18097390403,"Census Tract 3904.03, Marion County, Indiana",2015,3.2791642484039465
18097310103,"Census Tract 3101.03, Marion County, Indiana",2015,8.736407949006374
18097310105,"Census Tract 3101.05, Marion County, Indiana",2015,1.3496932515337423
18097310108,"Census Tract 3101.08, Marion County, Indiana",2015,4.322200392927308
18097320203,"Census Tract 3202.03, Marion County, Indiana",2015,3.4729878721058434
18097320500,"Census Tract 3205, Marion County, Indiana",2015,5.88628762541806
18097320901,"Census Tract 3209.01, Marion County, Indiana",2015,3.830420230568985
18097360301,"Census Tract 3603.01, Marion County, Indiana",2015,12.727272727272728
18097360401,"Census Tract 3604.01, Marion County, Indiana",2015,15.758526068208546
18097380501,"Census Tract 3805.01, Marion County, Indiana",2015,9.558160504959424
18097390402,"Census Tract 3904.02, Marion County, Indiana",2015,3.4644613321412607
18097321300,"Census Tract 3213, Marion County, Indiana",2015,12.18773656320969
18097330103,"Census Tract 3301.03, Marion County, Indiana",2015,3.088235294117647
18097330600,"Census Tract 3306, Marion County, Indiana",2015,14.032757857459051
18097322600,"Census Tract 3226, Marion County, Indiana",2015,10.634239389604195
18097321100,"Census Tract 3211, Marion County, Indiana",2015,7.728894173602853
18097320400,"Census Tract 3204, Marion County, Indiana",2015,5.858585858585859
18097321002,"Census Tract 3210.02, Marion County, Indiana",2015,12.404214559386974
18097380600,"Census Tract 3806, Marion County, Indiana",2015,8.29858215179316
18097321800,"Census Tract 3218, Marion County, Indiana",2015,3.588807785888078
18097322200,"Census Tract 3222, Marion County, Indiana",2015,14.954337899543381
18097330203,"Census Tract 3302.03, Marion County, Indiana",2015,5.631244323342416
18097341902,"Census Tract 3419.02, Marion County, Indiana",2015,13.404507710557532
18097330204,"Census Tract 3302.04, Marion County, Indiana",2015,0
18097330500,"Census Tract 3305, Marion County, Indiana",2015,13.79188712522046
18097352300,"Census Tract 3523, Marion County, Indiana",2015,29.319371727748692
18097355100,"Census Tract 3551, Marion County, Indiana",2015,30.057251908396942
18097355300,"Census Tract 3553, Marion County, Indiana",2015,26.01156069364162
18097360602,"Census Tract 3606.02, Marion County, Indiana",2015,3.933434190620272
18097340800,"Census Tract 3408, Marion County, Indiana",2015,11.48886283704572
18097351500,"Census Tract 3515, Marion County, Indiana",2015,30.55793991416309
18097320903,"Census Tract 3209.03, Marion County, Indiana",2015,14.17873190214678
18097360601,"Census Tract 3606.01, Marion County, Indiana",2015,5.459057071960298
18097320106,"Census Tract 3201.06, Marion County, Indiana",2015,10.124333925399643
18097322500,"Census Tract 3225, Marion County, Indiana",2015,28.13807531380753
18097342200,"Census Tract 3422, Marion County, Indiana",2015,9.777171441564349
18097355600,"Census Tract 3556, Marion County, Indiana",2015,33.46456692913386
18097310305,"Census Tract 3103.05, Marion County, Indiana",2015,11.674571324334185
18097322100,"Census Tract 3221, Marion County, Indiana",2015,5.662020905923345
18097342300,"Census Tract 3423, Marion County, Indiana",2015,9.156193895870736
18097353300,"Census Tract 3533, Marion County, Indiana",2015,11.052353252247489
18097357100,"Census Tract 3571, Marion County, Indiana",2015,21.568627450980394
18097352600,"Census Tract 3526, Marion County, Indiana",2015,38.31728332488596
18097353500,"Census Tract 3535, Marion County, Indiana",2015,11.231281198003328
18097354800,"Census Tract 3548, Marion County, Indiana",2015,35.41017653167186
18097355000,"Census Tract 3550, Marion County, Indiana",2015,39.62418300653595
18097357500,"Census Tract 3575, Marion County, Indiana",2015,8.46376811594203
18097357600,"Census Tract 3576, Marion County, Indiana",2015,8.806818181818182
18097360202,"Census Tract 3602.02, Marion County, Indiana",2015,14.39873417721519
18097310306,"Census Tract 3103.06, Marion County, Indiana",2015,13.596491228070176
18097320304,"Census Tract 3203.04, Marion County, Indiana",2015,10.539845758354756
18097321001,"Census Tract 3210.01, Marion County, Indiana",2015,11.381407471763684
18097356400,"Census Tract 3564, Marion County, Indiana",2015,23.53846153846154
18097354400,"Census Tract 3544, Marion County, Indiana",2015,21.689497716894977
18097331000,"Census Tract 3310, Marion County, Indiana",2015,15.238583889173936
18097340500,"Census Tract 3405, Marion County, Indiana",2015,18.059558117195003
18097340700,"Census Tract 3407, Marion County, Indiana",2015,14.137483787289234
18097341700,"Census Tract 3417, Marion County, Indiana",2015,21.35345221764975
18097350300,"Census Tract 3503, Marion County, Indiana",2015,34.789311408016445
18097351900,"Census Tract 3519, Marion County, Indiana",2015,8.260105448154658
18097355400,"Census Tract 3554, Marion County, Indiana",2015,18.587809293904648
18097355500,"Census Tract 3555, Marion County, Indiana",2015,15.173674588665447
18097356900,"Census Tract 3569, Marion County, Indiana",2015,23.00751879699248
18097357200,"Census Tract 3572, Marion County, Indiana",2015,41.40373470701867
18097358000,"Census Tract 3580, Marion County, Indiana",2015,24.961715160796324
18097370202,"Census Tract 3702.02, Marion County, Indiana",2015,14.855952794168692
18097360302,"Census Tract 3603.02, Marion County, Indiana",2015,29.754860524091292
18097361200,"Census Tract 3612, Marion County, Indiana",2015,12.10149642160052
18097361300,"Census Tract 3613, Marion County, Indiana",2015,12.34798877455566
18097380402,"Census Tract 3804.02, Marion County, Indiana",2015,12.261306532663315
18097360201,"Census Tract 3602.01, Marion County, Indiana",2015,13.08669243511872
18097322400,"Census Tract 3224, Marion County, Indiana",2015,19.03052064631957
18097330106,"Census Tract 3301.06, Marion County, Indiana",2015,10.170104958378571
18097330107,"Census Tract 3301.07, Marion County, Indiana",2015,1.5488482922954725
18097320105,"Census Tract 3201.05, Marion County, Indiana",2015,12.04311152764761
18097320204,"Census Tract 3202.04, Marion County, Indiana",2015,16.36245110821382
18097320600,"Census Tract 3206, Marion County, Indiana",2015,10.655090765588003
18097321700,"Census Tract 3217, Marion County, Indiana",2015,6.0324825986078885
18097330202,"Census Tract 3302.02, Marion County, Indiana",2015,11.905319896883055
18097340111,"Census Tract 3401.11, Marion County, Indiana",2015,5.353901996370236
18097340112,"Census Tract 3401.12, Marion County, Indiana",2015,16.009598902982518
18097340113,"Census Tract 3401.13, Marion County, Indiana",2015,14.746800222593212
18097340114,"Census Tract 3401.14, Marion County, Indiana",2015,7.9640718562874255
18097340201,"Census Tract 3402.01, Marion County, Indiana",2015,8.06845965770171
18097340202,"Census Tract 3402.02, Marion County, Indiana",2015,14.831874712114232
18097340902,"Census Tract 3409.02, Marion County, Indiana",2015,13.619456366237484
18097341904,"Census Tract 3419.04, Marion County, Indiana",2015,11.067961165048544
18097370301,"Census Tract 3703.01, Marion County, Indiana",2015,9.489051094890511
18097340901,"Census Tract 3409.01, Marion County, Indiana",2015,2.0408163265306123
18097341903,"Census Tract 3419.03, Marion County, Indiana",2015,9.60094824180166
18097370302,"Census Tract 3703.02, Marion County, Indiana",2015,0
18097380403,"Census Tract 3804.03, Marion County, Indiana",2015,5.893909626719057
18097360501,"Census Tract 3605.01, Marion County, Indiana",2015,8.816614420062695
18097320303,"Census Tract 3203.03, Marion County, Indiana",2015,14.605137963843958
18097320902,"Census Tract 3209.02, Marion County, Indiana",2015,17.857142857142858
18097321600,"Census Tract 3216, Marion County, Indiana",2015,12.008032128514056
18097380404,"Census Tract 3804.04, Marion County, Indiana",2015,8.456299659477866
18097390101,"Census Tract 3901.01, Marion County, Indiana",2015,5.044510385756676
18097390102,"Census Tract 3901.02, Marion County, Indiana",2015,12.483574244415244
18097390404,"Census Tract 3904.04, Marion County, Indiana",2015,10.61792863359443
18097390405,"Census Tract 3904.05, Marion County, Indiana",2015,9.843513377082282
18097390500,"Census Tract 3905, Marion County, Indiana",2015,32.90136789056876
18097390600,"Census Tract 3906, Marion County, Indiana",2015,8.202376389421234
18097390700,"Census Tract 3907, Marion County, Indiana",2015,30.76923076923077
18097390800,"Census Tract 3908, Marion County, Indiana",2015,6.2004325883201155
18097390900,"Census Tract 3909, Marion County, Indiana",2015,22.906091370558375
18097391000,"Census Tract 3910, Marion County, Indiana",2015,14.075286415711949
18097321900,"Census Tract 3219, Marion County, Indiana",2015,12.71551724137931
18097322000,"Census Tract 3220, Marion County, Indiana",2015,14.054054054054054
18097322700,"Census Tract 3227, Marion County, Indiana",2015,23.19201995012469
18097340102,"Census Tract 3401.02, Marion County, Indiana",2015,27.876682587928787
18097341000,"Census Tract 3410, Marion County, Indiana",2015,7.159090909090909
18097351000,"Census Tract 3510, Marion County, Indiana",2015,31.528662420382165
18097340300,"Census Tract 3403, Marion County, Indiana",2015,18.87524240465417
18097341200,"Census Tract 3412, Marion County, Indiana",2015,34.793597304128056
18097341600,"Census Tract 3416, Marion County, Indiana",2015,26.295585412667947
18097342101,"Census Tract 3421.01, Marion County, Indiana",2015,7.97979797979798
18097310110,"Census Tract 3101.10, Marion County, Indiana",2015,9.041835357624832
18097310111,"Census Tract 3101.11, Marion County, Indiana",2015,11.587743732590528
18097310204,"Census Tract 3102.04, Marion County, Indiana",2015,1.645435244161359
18097310310,"Census Tract 3103.10, Marion County, Indiana",2015,0.5538461538461539
18097310203,"Census Tract 3102.03, Marion County, Indiana",2015,5.2695092518101365
18097310309,"Census Tract 3103.09, Marion County, Indiana",2015,7.091775923718712
18097310311,"Census Tract 3103.11, Marion County, Indiana",2015,6.916578669482576
18097310312,"Census Tract 3103.12, Marion County, Indiana",2015,16.356107660455486
18097330108,"Census Tract 3301.08, Marion County, Indiana",2015,7.519280205655527
18097330109,"Census Tract 3301.09, Marion County, Indiana",2015,1.2003693444136658
18097330206,"Census Tract 3302.06, Marion County, Indiana",2015,0.9918319719953326
18097330209,"Census Tract 3302.09, Marion County, Indiana",2015,3.626011387473779
18097330208,"Census Tract 3302.08, Marion County, Indiana",2015,2.9220779220779223
18097330803,"Census Tract 3308.03, Marion County, Indiana",2015,35.9375
18097330804,"Census Tract 3308.04, Marion County, Indiana",2015,18.424753867791843
18097354700,"Census Tract 3547, Marion County, Indiana",2015,37.6425855513308
18097355700,"Census Tract 3557, Marion County, Indiana",2015,30.838079739625712
18097357400,"Census Tract 3574, Marion County, Indiana",2015,18.176943699731904
18097357800,"Census Tract 3578, Marion County, Indiana",2015,25.9958071278826
18097358100,"Census Tract 3581, Marion County, Indiana",2015,24.823252160251375
18097360404,"Census Tract 3604.04, Marion County, Indiana",2015,11.728772144166156
18097380502,"Census Tract 3805.02, Marion County, Indiana",2015,13.852813852813853
18097380800,"Census Tract 3808, Marion County, Indiana",2015,11.314475873544094
18097380901,"Census Tract 3809.01, Marion County, Indiana",2015,7.317073170731708
18097381101,"Census Tract 3811.01, Marion County, Indiana",2015,6.33587786259542
18097381102,"Census Tract 3811.02, Marion County, Indiana",2015,5.7412504915454186
18097381204,"Census Tract 3812.04, Marion County, Indiana",2015,16.91891891891892
18097390300,"Census Tract 3903, Marion County, Indiana",2015,7.592407592407592
18097310106,"Census Tract 3101.06, Marion County, Indiana",2015,7.18232044198895
18097320108,"Census Tract 3201.08, Marion County, Indiana",2015,20.776841333821913
18097320202,"Census Tract 3202.02, Marion County, Indiana",2015,11.571841851494696
18097320301,"Census Tract 3203.01, Marion County, Indiana",2015,3.956834532374101
18097320700,"Census Tract 3207, Marion County, Indiana",2015,12.35347159603246
18097330805,"Census Tract 3308.05, Marion County, Indiana",2015,10.144927536231885
18097330806,"Census Tract 3308.06, Marion County, Indiana",2015,25.387797311271974
18097340109,"Census Tract 3401.09, Marion County, Indiana",2015,9.572649572649572
18097340110,"Census Tract 3401.10, Marion County, Indiana",2015,15.436241610738255
18097342600,"Census Tract 3426, Marion County, Indiana",2015,25.37120723047127
18097354200,"Census Tract 3542, Marion County, Indiana",2015,9.09766980664353
18097354500,"Census Tract 3545, Marion County, Indiana",2015,24.01847575057737
18097357300,"Census Tract 3573, Marion County, Indiana",2015,11.83206106870229
18097360405,"Census Tract 3604.05, Marion County, Indiana",2015,16.922471467926012
18097360502,"Census Tract 3605.02, Marion County, Indiana",2015,7.731305449936628
18097360800,"Census Tract 3608, Marion County, Indiana",2015,21.86452045606975
18097380200,"Census Tract 3802, Marion County, Indiana",2015,14.975247524752476
18097380902,"Census Tract 3809.02, Marion County, Indiana",2015,5.414746543778802
18097381203,"Census Tract 3812.03, Marion County, Indiana",2015,1.8134715025906736
18097320109,"Census Tract 3201.09, Marion County, Indiana",2015,5.822784810126582
18097310104,"Census Tract 3101.04, Marion County, Indiana",2015,5.157170923379175
18097310308,"Census Tract 3103.08, Marion County, Indiana",2015,5.454545454545454
18097320107,"Census Tract 3201.07, Marion County, Indiana",2015,4.176904176904177
18097340300,"Census Tract 3403, Marion County, Indiana",2016,16.389548693586697
18097341200,"Census Tract 3412, Marion County, Indiana",2016,32.4486301369863
18097341600,"Census Tract 3416, Marion County, Indiana",2016,20.966183574879228
18097342101,"Census Tract 3421.01, Marion County, Indiana",2016,5.5012853470437015
18097340400,"Census Tract 3404, Marion County, Indiana",2016,13.338088445078458
18097342400,"Census Tract 3424, Marion County, Indiana",2016,5.706134094151213
18097342500,"Census Tract 3425, Marion County, Indiana",2016,14.655172413793103
18097350500,"Census Tract 3505, Marion County, Indiana",2016,28.481510621557828
18097350600,"Census Tract 3506, Marion County, Indiana",2016,17.333333333333332
18097351600,"Census Tract 3516, Marion County, Indiana",2016,25.955414012738853
18097354700,"Census Tract 3547, Marion County, Indiana",2016,32.1882951653944
18097355700,"Census Tract 3557, Marion County, Indiana",2016,27.891714520098443
18097357400,"Census Tract 3574, Marion County, Indiana",2016,16.38115631691649
18097357800,"Census Tract 3578, Marion County, Indiana",2016,21.981424148606813
18097358100,"Census Tract 3581, Marion County, Indiana",2016,23.383458646616543
18097360404,"Census Tract 3604.04, Marion County, Indiana",2016,11.921123394084256
18097380502,"Census Tract 3805.02, Marion County, Indiana",2016,15.130151843817789
18097380800,"Census Tract 3808, Marion County, Indiana",2016,12.076095947063688
18097380901,"Census Tract 3809.01, Marion County, Indiana",2016,6.373292867981791
18097381101,"Census Tract 3811.01, Marion County, Indiana",2016,4.683301343570058
18097381102,"Census Tract 3811.02, Marion County, Indiana",2016,4.745098039215686
18097381204,"Census Tract 3812.04, Marion County, Indiana",2016,16.228070175438596
18097390300,"Census Tract 3903, Marion County, Indiana",2016,4.841997961264016
18097310106,"Census Tract 3101.06, Marion County, Indiana",2016,6.893424036281179
18097320108,"Census Tract 3201.08, Marion County, Indiana",2016,20.67059690493736
18097320202,"Census Tract 3202.02, Marion County, Indiana",2016,12.569573283859
18097320301,"Census Tract 3203.01, Marion County, Indiana",2016,4.761904761904762
18097320700,"Census Tract 3207, Marion County, Indiana",2016,10.623353819139597
18097354200,"Census Tract 3542, Marion County, Indiana",2016,7.984790874524715
18097354500,"Census Tract 3545, Marion County, Indiana",2016,24.26584234930448
18097357300,"Census Tract 3573, Marion County, Indiana",2016,7.389635316698657
18097360405,"Census Tract 3604.05, Marion County, Indiana",2016,16.679596586501162
18097360502,"Census Tract 3605.02, Marion County, Indiana",2016,8.817470127729708
18097360800,"Census Tract 3608, Marion County, Indiana",2016,20.316804407713494
18097380200,"Census Tract 3802, Marion County, Indiana",2016,12.515337423312884
18097380902,"Census Tract 3809.02, Marion County, Indiana",2016,8.19359756097561
18097381203,"Census Tract 3812.03, Marion County, Indiana",2016,3.6101083032490977
18097320109,"Census Tract 3201.09, Marion County, Indiana",2016,4.6191247974068075
18097310104,"Census Tract 3101.04, Marion County, Indiana",2016,6.198547215496368
18097310308,"Census Tract 3103.08, Marion County, Indiana",2016,6.855791962174941
18097320107,"Census Tract 3201.07, Marion County, Indiana",2016,7.117852975495916
18097361100,"Census Tract 3611, Marion County, Indiana",2016,16.26336522228475
18097370201,"Census Tract 3702.01, Marion County, Indiana",2016,9.694477085781434
18097381002,"Census Tract 3810.02, Marion County, Indiana",2016,13.168086754453912
18097390200,"Census Tract 3902, Marion County, Indiana",2016,14.767025089605736
18097390403,"Census Tract 3904.03, Marion County, Indiana",2016,3.6581796897863623
18097310103,"Census Tract 3101.03, Marion County, Indiana",2016,7.788851974898487
18097310105,"Census Tract 3101.05, Marion County, Indiana",2016,1.5309246785058177
18097310108,"Census Tract 3101.08, Marion County, Indiana",2016,4.021094264996704
18097320203,"Census Tract 3202.03, Marion County, Indiana",2016,2.2777777777777777
18097320500,"Census Tract 3205, Marion County, Indiana",2016,4.013377926421405
18097320901,"Census Tract 3209.01, Marion County, Indiana",2016,4.200743494423792
18097320800,"Census Tract 3208, Marion County, Indiana",2016,7.282693813625685
18097321200,"Census Tract 3212, Marion County, Indiana",2016,9.89628349178911
18097330401,"Census Tract 3304.01, Marion County, Indiana",2016,11.90965092402464
18097330900,"Census Tract 3309, Marion County, Indiana",2016,23.560406473466315
18097340101,"Census Tract 3401.01, Marion County, Indiana",2016,12.618296529968454
18097340600,"Census Tract 3406, Marion County, Indiana",2016,16.301816488122963
18097341100,"Census Tract 3411, Marion County, Indiana",2016,25.918570009930487
18097342000,"Census Tract 3420, Marion County, Indiana",2016,6.866197183098592
18097350800,"Census Tract 3508, Marion County, Indiana",2016,26.37271214642263
18097351200,"Census Tract 3512, Marion County, Indiana",2016,42.191601049868765
18097352100,"Census Tract 3521, Marion County, Indiana",2016,32.27792436235708
18097356200,"Census Tract 3562, Marion County, Indiana",2016,14.15478615071283
18097357900,"Census Tract 3579, Marion County, Indiana",2016,19.950738916256157
18097360101,"Census Tract 3601.01, Marion County, Indiana",2016,24.65863453815261
18097360402,"Census Tract 3604.02, Marion County, Indiana",2016,19.69504447268107
18097360700,"Census Tract 3607, Marion County, Indiana",2016,10.256410256410255
18097360900,"Census Tract 3609, Marion County, Indiana",2016,10.440651052004764
18097361000,"Census Tract 3610, Marion County, Indiana",2016,9.375
18097310201,"Census Tract 3102.01, Marion County, Indiana",2016,15.602836879432624
18097352500,"Census Tract 3525, Marion County, Indiana",2016,18.850987432675044
18097352800,"Census Tract 3528, Marion County, Indiana",2016,35.61046511627907
18097353600,"Census Tract 3536, Marion County, Indiana",2016,28.77397831526272
18097354900,"Census Tract 3549, Marion County, Indiana",2016,25.7411424439624
18097355900,"Census Tract 3559, Marion County, Indiana",2016,26.788553259141494
18097357000,"Census Tract 3570, Marion County, Indiana",2016,25.31328320802005
18097360102,"Census Tract 3601.02, Marion County, Indiana",2016,21.271763815291447
18097380700,"Census Tract 3807, Marion County, Indiana",2016,11.035585765693725
18097361400,"Census Tract 3614, Marion County, Indiana",2016,5.828864537188156
18097361600,"Census Tract 3616, Marion County, Indiana",2016,3.652675424543415
18097310110,"Census Tract 3101.10, Marion County, Indiana",2016,10.740493662441628
18097310111,"Census Tract 3101.11, Marion County, Indiana",2016,5.225125069483046
18097310204,"Census Tract 3102.04, Marion County, Indiana",2016,2.8361344537815127
18097310310,"Census Tract 3103.10, Marion County, Indiana",2016,3.0172413793103448
18097310203,"Census Tract 3102.03, Marion County, Indiana",2016,7.408906882591093
18097310309,"Census Tract 3103.09, Marion County, Indiana",2016,8.891523414344991
18097310311,"Census Tract 3103.11, Marion County, Indiana",2016,3.6277602523659302
18097310312,"Census Tract 3103.12, Marion County, Indiana",2016,15.468483816013627
18097330108,"Census Tract 3301.08, Marion County, Indiana",2016,6.46606914212548
18097330109,"Census Tract 3301.09, Marion County, Indiana",2016,0.6950880444856349
18097330206,"Census Tract 3302.06, Marion County, Indiana",2016,1.343784994400896
18097330209,"Census Tract 3302.09, Marion County, Indiana",2016,4.068090017311022
18097330208,"Census Tract 3302.08, Marion County, Indiana",2016,3.03975058456742
18097330803,"Census Tract 3308.03, Marion County, Indiana",2016,38.87323943661972
18097330804,"Census Tract 3308.04, Marion County, Indiana",2016,15.74750830564784
18097330805,"Census Tract 3308.05, Marion County, Indiana",2016,11.802853437094685
18097330806,"Census Tract 3308.06, Marion County, Indiana",2016,19.85522233712513
18097340109,"Census Tract 3401.09, Marion County, Indiana",2016,8.620689655172415
18097340110,"Census Tract 3401.10, Marion County, Indiana",2016,12.064343163538874
18097342600,"Census Tract 3426, Marion County, Indiana",2016,26.710963455149503
18097380300,"Census Tract 3803, Marion County, Indiana",2016,15.776699029126211
18097381001,"Census Tract 3810.01, Marion County, Indiana",2016,6.529209621993127
18097380100,"Census Tract 3801, Marion County, Indiana",2016,6.656124209315698
18097381201,"Census Tract 3812.01, Marion County, Indiana",2016,6.580196140461879
18097381205,"Census Tract 3812.05, Marion County, Indiana",2016,0
18097321400,"Census Tract 3214, Marion County, Indiana",2016,2.840690978886756
18097322300,"Census Tract 3223, Marion County, Indiana",2016,6.086221470836856
18097330105,"Census Tract 3301.05, Marion County, Indiana",2016,5.756767060617613
18097340108,"Census Tract 3401.08, Marion County, Indiana",2016,40.18895348837209
18097350400,"Census Tract 3504, Marion County, Indiana",2016,24.945770065075923
18097350700,"Census Tract 3507, Marion County, Indiana",2016,28.485576923076923
18097350900,"Census Tract 3509, Marion County, Indiana",2016,41.84971098265896
18097351700,"Census Tract 3517, Marion County, Indiana",2016,36.34590377113134
18097322400,"Census Tract 3224, Marion County, Indiana",2016,20.44917257683215
18097330106,"Census Tract 3301.06, Marion County, Indiana",2016,8.489525909592063
18097330107,"Census Tract 3301.07, Marion County, Indiana",2016,1.3621794871794872
18097320105,"Census Tract 3201.05, Marion County, Indiana",2016,11.385459533607682
18097320204,"Census Tract 3202.04, Marion County, Indiana",2016,13.736791546589815
18097320600,"Census Tract 3206, Marion County, Indiana",2016,11.635220125786164
18097321700,"Census Tract 3217, Marion County, Indiana",2016,6.113941639647985
18097330202,"Census Tract 3302.02, Marion County, Indiana",2016,9.446847256999773
18097340111,"Census Tract 3401.11, Marion County, Indiana",2016,7.992565055762082
18097340112,"Census Tract 3401.12, Marion County, Indiana",2016,15.44602568552586
18097340113,"Census Tract 3401.13, Marion County, Indiana",2016,13.204419889502764
18097340114,"Census Tract 3401.14, Marion County, Indiana",2016,6.723716381418093
18097340201,"Census Tract 3402.01, Marion County, Indiana",2016,10.815450643776824
18097340202,"Census Tract 3402.02, Marion County, Indiana",2016,11.397423191278492
18097340902,"Census Tract 3409.02, Marion County, Indiana",2016,13.355745721271392
18097341904,"Census Tract 3419.04, Marion County, Indiana",2016,9.210526315789474
18097370301,"Census Tract 3703.01, Marion County, Indiana",2016,6.6925605019420376
18097340901,"Census Tract 3409.01, Marion County, Indiana",2016,4.393305439330544
18097341903,"Census Tract 3419.03, Marion County, Indiana",2016,13.746958637469586
18097370302,"Census Tract 3703.02, Marion County, Indiana",2016,1.9555850182300296
18097380403,"Census Tract 3804.03, Marion County, Indiana",2016,9.673444239063462
18097321002,"Census Tract 3210.02, Marion County, Indiana",2016,14.17697431018078
18097380600,"Census Tract 3806, Marion County, Indiana",2016,8.817384036773923
18097321800,"Census Tract 3218, Marion County, Indiana",2016,1.399878271454656
18097322200,"Census Tract 3222, Marion County, Indiana",2016,14.332603938730854
18097330203,"Census Tract 3302.03, Marion County, Indiana",2016,5.18348623853211
18097341902,"Census Tract 3419.02, Marion County, Indiana",2016,16.038300418910833
18097330204,"Census Tract 3302.04, Marion County, Indiana",2016,2.1847974510696404
18097330500,"Census Tract 3305, Marion County, Indiana",2016,12.06896551724138
18097352300,"Census Tract 3523, Marion County, Indiana",2016,30.05181347150259
18097355100,"Census Tract 3551, Marion County, Indiana",2016,31.796349663784824
18097355300,"Census Tract 3553, Marion County, Indiana",2016,25.319148936170212
18097360602,"Census Tract 3606.02, Marion County, Indiana",2016,8.778483376914457
18097352600,"Census Tract 3526, Marion County, Indiana",2016,36.75429726996967
18097353500,"Census Tract 3535, Marion County, Indiana",2016,8.828382838283828
18097354800,"Census Tract 3548, Marion County, Indiana",2016,29.978586723768736
18097355000,"Census Tract 3550, Marion County, Indiana",2016,32.950819672131146
18097357500,"Census Tract 3575, Marion County, Indiana",2016,8.94828588030215
18097357600,"Census Tract 3576, Marion County, Indiana",2016,15.3468815697267
18097360202,"Census Tract 3602.02, Marion County, Indiana",2016,7.566302652106084
18097310306,"Census Tract 3103.06, Marion County, Indiana",2016,13.501423342822283
18097320304,"Census Tract 3203.04, Marion County, Indiana",2016,7.140610254797106
18097321001,"Census Tract 3210.01, Marion County, Indiana",2016,14.33389544688027
18097356400,"Census Tract 3564, Marion County, Indiana",2016,21.036106750392463
18097354400,"Census Tract 3544, Marion County, Indiana",2016,17.441860465116278
18097331000,"Census Tract 3310, Marion County, Indiana",2016,15.886889460154242
18097340500,"Census Tract 3405, Marion County, Indiana",2016,17.18597857838364
18097340700,"Census Tract 3407, Marion County, Indiana",2016,12.262872628726289
18097341700,"Census Tract 3417, Marion County, Indiana",2016,20.302886890676763
18097350300,"Census Tract 3503, Marion County, Indiana",2016,31.758793969849247
18097351900,"Census Tract 3519, Marion County, Indiana",2016,9.577221742881797
18097355400,"Census Tract 3554, Marion County, Indiana",2016,20.75702075702076
18097355500,"Census Tract 3555, Marion County, Indiana",2016,15.365703749231717
18097356900,"Census Tract 3569, Marion County, Indiana",2016,18.59131859131859
18097357200,"Census Tract 3572, Marion County, Indiana",2016,41.1764705882353
18097358000,"Census Tract 3580, Marion County, Indiana",2016,26.84458398744113
18097360301,"Census Tract 3603.01, Marion County, Indiana",2016,10.971348707197764
18097360401,"Census Tract 3604.01, Marion County, Indiana",2016,14.474678760393044
18097380501,"Census Tract 3805.01, Marion County, Indiana",2016,11.77536231884058
18097390402,"Census Tract 3904.02, Marion County, Indiana",2016,4.786990380210719
18097321300,"Census Tract 3213, Marion County, Indiana",2016,11.434814275309542
18097330103,"Census Tract 3301.03, Marion County, Indiana",2016,5.680990531682447
18097330600,"Census Tract 3306, Marion County, Indiana",2016,16.630387461906835
18097322600,"Census Tract 3226, Marion County, Indiana",2016,9.13022585295531
18097321100,"Census Tract 3211, Marion County, Indiana",2016,11.11771700356718
18097320400,"Census Tract 3204, Marion County, Indiana",2016,5.656565656565657
18097340800,"Census Tract 3408, Marion County, Indiana",2016,13.595933926302417
18097351500,"Census Tract 3515, Marion County, Indiana",2016,32.24978614200171
18097320903,"Census Tract 3209.03, Marion County, Indiana",2016,16.03206412825651
18097360601,"Census Tract 3606.01, Marion County, Indiana",2016,5.533790401567091
18097320106,"Census Tract 3201.06, Marion County, Indiana",2016,10.962566844919786
18097322500,"Census Tract 3225, Marion County, Indiana",2016,27.626050420168067
18097342200,"Census Tract 3422, Marion County, Indiana",2016,9.479981592268754
18097355600,"Census Tract 3556, Marion County, Indiana",2016,28.294573643410853
18097310305,"Census Tract 3103.05, Marion County, Indiana",2016,9.27299703264095
18097322100,"Census Tract 3221, Marion County, Indiana",2016,7.487091222030981
18097342300,"Census Tract 3423, Marion County, Indiana",2016,8.162504658963847
18097353300,"Census Tract 3533, Marion County, Indiana",2016,12.415232133541991
18097357100,"Census Tract 3571, Marion County, Indiana",2016,25.81211589113257
18097370202,"Census Tract 3702.02, Marion County, Indiana",2016,15.160955347871235
18097360302,"Census Tract 3603.02, Marion County, Indiana",2016,25.164473684210527
18097361200,"Census Tract 3612, Marion County, Indiana",2016,7.474226804123711
18097361300,"Census Tract 3613, Marion County, Indiana",2016,15.018315018315018
18097380402,"Census Tract 3804.02, Marion County, Indiana",2016,7.797270955165692
18097360201,"Census Tract 3602.01, Marion County, Indiana",2016,16.612377850162865
18097360501,"Census Tract 3605.01, Marion County, Indiana",2016,11.347233360064154
18097320303,"Census Tract 3203.03, Marion County, Indiana",2016,11.795357650402654
18097320902,"Census Tract 3209.02, Marion County, Indiana",2016,17.475247524752476
18097321600,"Census Tract 3216, Marion County, Indiana",2016,12.862108922363849
18097380404,"Census Tract 3804.04, Marion County, Indiana",2016,12.29418221734358
18097390101,"Census Tract 3901.01, Marion County, Indiana",2016,4.6164065094652935
18097390102,"Census Tract 3901.02, Marion County, Indiana",2016,7.860652076820009
18097390404,"Census Tract 3904.04, Marion County, Indiana",2016,3.136042402826855
18097390405,"Census Tract 3904.05, Marion County, Indiana",2016,10.383631713554989
18097390500,"Census Tract 3905, Marion County, Indiana",2016,30.261248185776488
18097390600,"Census Tract 3906, Marion County, Indiana",2016,6.457497263772346
18097390700,"Census Tract 3907, Marion County, Indiana",2016,33.959429000751314
18097390800,"Census Tract 3908, Marion County, Indiana",2016,4.617505168849069
18097390900,"Census Tract 3909, Marion County, Indiana",2016,22.80130293159609
18097391000,"Census Tract 3910, Marion County, Indiana",2016,10.678704856787048
18097321900,"Census Tract 3219, Marion County, Indiana",2016,10.711718188353702
18097322000,"Census Tract 3220, Marion County, Indiana",2016,17.21311475409836
18097322700,"Census Tract 3227, Marion County, Indiana",2016,25.830564784053156
18097340102,"Census Tract 3401.02, Marion County, Indiana",2016,31.745344304893894
18097341000,"Census Tract 3410, Marion County, Indiana",2016,7.590361445783133
18097351000,"Census Tract 3510, Marion County, Indiana",2016,29.71246006389776
18097352400,"Census Tract 3524, Marion County, Indiana",2016,10.61415220293725
18097352700,"Census Tract 3527, Marion County, Indiana",2016,31.47410358565737
18097330700,"Census Tract 3307, Marion County, Indiana",2016,5.899814471243043
18097350100,"Census Tract 3501, Marion County, Indiana",2016,26.53061224489796
18097354200,"Census Tract 3542, Marion County, Indiana",2017,8.375690607734807
18097354500,"Census Tract 3545, Marion County, Indiana",2017,23.52059925093633
18097357300,"Census Tract 3573, Marion County, Indiana",2017,12.169811320754716
18097360405,"Census Tract 3604.05, Marion County, Indiana",2017,13.03692539562924
18097360502,"Census Tract 3605.02, Marion County, Indiana",2017,5.261011419249592
18097360800,"Census Tract 3608, Marion County, Indiana",2017,14.824797843665769
18097380300,"Census Tract 3803, Marion County, Indiana",2017,13.105835806132545
18097381001,"Census Tract 3810.01, Marion County, Indiana",2017,6.953966699314398
18097380100,"Census Tract 3801, Marion County, Indiana",2017,6.7391918621079405
18097381201,"Census Tract 3812.01, Marion County, Indiana",2017,7.020933977455717
18097381205,"Census Tract 3812.05, Marion County, Indiana",2017,0
18097321400,"Census Tract 3214, Marion County, Indiana",2017,2.426810477657935
18097322300,"Census Tract 3223, Marion County, Indiana",2017,5.852417302798982
18097330105,"Census Tract 3301.05, Marion County, Indiana",2017,7.140186915887851
18097340108,"Census Tract 3401.08, Marion County, Indiana",2017,40.780911062906725
18097350400,"Census Tract 3504, Marion County, Indiana",2017,28.02867383512545
18097350700,"Census Tract 3507, Marion County, Indiana",2017,26.399026763990268
18097350900,"Census Tract 3509, Marion County, Indiana",2017,36.342592592592595
18097351700,"Census Tract 3517, Marion County, Indiana",2017,37.983512999365885
18097352600,"Census Tract 3526, Marion County, Indiana",2017,33.63728470111449
18097353500,"Census Tract 3535, Marion County, Indiana",2017,9.390048154093098
18097354800,"Census Tract 3548, Marion County, Indiana",2017,35.42795232936078
18097355000,"Census Tract 3550, Marion County, Indiana",2017,31.829170024174054
18097357500,"Census Tract 3575, Marion County, Indiana",2017,10.79676674364896
18097357600,"Census Tract 3576, Marion County, Indiana",2017,14.801823921431076
18097310110,"Census Tract 3101.10, Marion County, Indiana",2017,8.519269776876268
18097310111,"Census Tract 3101.11, Marion County, Indiana",2017,3.220433092726263
18097310203,"Census Tract 3102.03, Marion County, Indiana",2017,7.745617611088463
18097310204,"Census Tract 3102.04, Marion County, Indiana",2017,5.061267980820459
18097310309,"Census Tract 3103.09, Marion County, Indiana",2017,9.451575262543756
18097310310,"Census Tract 3103.10, Marion County, Indiana",2017,3.306797305572566
18097310311,"Census Tract 3103.11, Marion County, Indiana",2017,4.490227152667723
18097310312,"Census Tract 3103.12, Marion County, Indiana",2017,17.93103448275862
18097330108,"Census Tract 3301.08, Marion County, Indiana",2017,6.122448979591836
18097330109,"Census Tract 3301.09, Marion County, Indiana",2017,1.7873510540788269
18097330206,"Census Tract 3302.06, Marion County, Indiana",2017,1.4325068870523416
18097330208,"Census Tract 3302.08, Marion County, Indiana",2017,4.693414080242241
18097330209,"Census Tract 3302.09, Marion County, Indiana",2017,4.93374682830561
18097330803,"Census Tract 3308.03, Marion County, Indiana",2017,35.33464566929134
18097330804,"Census Tract 3308.04, Marion County, Indiana",2017,17.13520749665328
18097330805,"Census Tract 3308.05, Marion County, Indiana",2017,11.95862960568843
18097330806,"Census Tract 3308.06, Marion County, Indiana",2017,14.824380165289256
18097340109,"Census Tract 3401.09, Marion County, Indiana",2017,12.014134275618376
18097340110,"Census Tract 3401.10, Marion County, Indiana",2017,11.485691885535084
18097340111,"Census Tract 3401.11, Marion County, Indiana",2017,9.945255474452557
18097340112,"Census Tract 3401.12, Marion County, Indiana",2017,11.387016672578929
18097340113,"Census Tract 3401.13, Marion County, Indiana",2017,9.843400447427292
18097340114,"Census Tract 3401.14, Marion County, Indiana",2017,5.790784557907846
18097340201,"Census Tract 3402.01, Marion County, Indiana",2017,10.499576629974598
18097340202,"Census Tract 3402.02, Marion County, Indiana",2017,13.410931174089068
18097340901,"Census Tract 3409.01, Marion County, Indiana",2017,6.699576868829337
18097340902,"Census Tract 3409.02, Marion County, Indiana",2017,13.675742574257423
18097341903,"Census Tract 3419.03, Marion County, Indiana",2017,17.84095591264936
18097341904,"Census Tract 3419.04, Marion County, Indiana",2017,8.085977482088024
18097370301,"Census Tract 3703.01, Marion County, Indiana",2017,6.325474410580793
18097370302,"Census Tract 3703.02, Marion County, Indiana",2017,5.055087491898898
18097380403,"Census Tract 3804.03, Marion County, Indiana",2017,8
18097380404,"Census Tract 3804.04, Marion County, Indiana",2017,11.44872490504612
18097390101,"Census Tract 3901.01, Marion County, Indiana",2017,3.772313910407545
18097390102,"Census Tract 3901.02, Marion County, Indiana",2017,4.0221914008321775
18097390404,"Census Tract 3904.04, Marion County, Indiana",2017,4.0798226164079825
18097390405,"Census Tract 3904.05, Marion County, Indiana",2017,11.881693013768484
18097390500,"Census Tract 3905, Marion County, Indiana",2017,33.333333333333336
18097390600,"Census Tract 3906, Marion County, Indiana",2017,10.094637223974765
18097390700,"Census Tract 3907, Marion County, Indiana",2017,34.795539033457246
18097390800,"Census Tract 3908, Marion County, Indiana",2017,8.724832214765101
18097390900,"Census Tract 3909, Marion County, Indiana",2017,17.137355584082158
18097391000,"Census Tract 3910, Marion County, Indiana",2017,10.565038257798705
18097380200,"Census Tract 3802, Marion County, Indiana",2017,16.88942891859052
18097380902,"Census Tract 3809.02, Marion County, Indiana",2017,6.977626090254077
18097381203,"Census Tract 3812.03, Marion County, Indiana",2017,4.915102770330653
18097360202,"Census Tract 3602.02, Marion County, Indiana",2017,7.704160246533128
18097360301,"Census Tract 3603.01, Marion County, Indiana",2017,8.991825613079019
18097360401,"Census Tract 3604.01, Marion County, Indiana",2017,14.56383377012355
18097380501,"Census Tract 3805.01, Marion County, Indiana",2017,10.516934046345812
18097390402,"Census Tract 3904.02, Marion County, Indiana",2017,4.908835904628331
18097321300,"Census Tract 3213, Marion County, Indiana",2017,8.540145985401459
18097330103,"Census Tract 3301.03, Marion County, Indiana",2017,5.03235082674335
18097330600,"Census Tract 3306, Marion County, Indiana",2017,14.43254817987152
18097322600,"Census Tract 3226, Marion County, Indiana",2017,10.15252621544328
18097321100,"Census Tract 3211, Marion County, Indiana",2017,9.33572710951526
18097320400,"Census Tract 3204, Marion County, Indiana",2017,4.76510067114094
18097340800,"Census Tract 3408, Marion County, Indiana",2017,17.23700887198986
18097354700,"Census Tract 3547, Marion County, Indiana",2017,31.22629582806574
18097355700,"Census Tract 3557, Marion County, Indiana",2017,23.67109634551495
18097357400,"Census Tract 3574, Marion County, Indiana",2017,17.19242902208202
18097357800,"Census Tract 3578, Marion County, Indiana",2017,26.549586776859503
18097358100,"Census Tract 3581, Marion County, Indiana",2017,24.102564102564106
18097360404,"Census Tract 3604.04, Marion County, Indiana",2017,15.826702033598586
18097380502,"Census Tract 3805.02, Marion County, Indiana",2017,19.858925664677155
18097380800,"Census Tract 3808, Marion County, Indiana",2017,10.891089108910892
18097380901,"Census Tract 3809.01, Marion County, Indiana",2017,5.384615384615385
18097381101,"Census Tract 3811.01, Marion County, Indiana",2017,6.04001510003775
18097381102,"Census Tract 3811.02, Marion County, Indiana",2017,4.720543806646526
18097381204,"Census Tract 3812.04, Marion County, Indiana",2017,17.650273224043715
18097390300,"Census Tract 3903, Marion County, Indiana",2017,3.6809815950920246
18097310106,"Census Tract 3101.06, Marion County, Indiana",2017,4.8335613315093475
18097320108,"Census Tract 3201.08, Marion County, Indiana",2017,18.291788856304983
18097320202,"Census Tract 3202.02, Marion County, Indiana",2017,11.718388142658638
18097320301,"Census Tract 3203.01, Marion County, Indiana",2017,8.268101761252446
18097320700,"Census Tract 3207, Marion County, Indiana",2017,7.390510948905109
18097321002,"Census Tract 3210.02, Marion County, Indiana",2017,12.476007677543189
18097380600,"Census Tract 3806, Marion County, Indiana",2017,11.463109629012088
18097321800,"Census Tract 3218, Marion County, Indiana",2017,0
18097322200,"Census Tract 3222, Marion County, Indiana",2017,11.409395973154362
18097330203,"Census Tract 3302.03, Marion County, Indiana",2017,3.906600808262236
18097341902,"Census Tract 3419.02, Marion County, Indiana",2017,14.676761793826442
18097330204,"Census Tract 3302.04, Marion County, Indiana",2017,3.408071748878924
18097330500,"Census Tract 3305, Marion County, Indiana",2017,9.634782608695652
18097352300,"Census Tract 3523, Marion County, Indiana",2017,31.029986962190353
18097355100,"Census Tract 3551, Marion County, Indiana",2017,32.662835249042146
18097355300,"Census Tract 3553, Marion County, Indiana",2017,25.192442267319805
18097320109,"Census Tract 3201.09, Marion County, Indiana",2017,3.4817813765182186
18097310104,"Census Tract 3101.04, Marion County, Indiana",2017,5.550049554013875
18097310308,"Census Tract 3103.08, Marion County, Indiana",2017,9.318715740015662
18097320107,"Census Tract 3201.07, Marion County, Indiana",2017,8.294930875576037
18097320800,"Census Tract 3208, Marion County, Indiana",2017,7.527733755942948
18097321200,"Census Tract 3212, Marion County, Indiana",2017,8.597481545809813
18097330401,"Census Tract 3304.01, Marion County, Indiana",2017,7.239263803680981
18097330900,"Census Tract 3309, Marion County, Indiana",2017,18.825301204819276
18097340101,"Census Tract 3401.01, Marion County, Indiana",2017,11.685823754789272
18097340600,"Census Tract 3406, Marion County, Indiana",2017,12.918434700612918
18097341100,"Census Tract 3411, Marion County, Indiana",2017,23.86248736097068
18097342000,"Census Tract 3420, Marion County, Indiana",2017,4.772425983208131
18097350800,"Census Tract 3508, Marion County, Indiana",2017,28.546861564918316
18097351200,"Census Tract 3512, Marion County, Indiana",2017,41.02564102564103
18097352100,"Census Tract 3521, Marion County, Indiana",2017,34.06113537117904
18097356200,"Census Tract 3562, Marion County, Indiana",2017,16.482504604051567
18097357900,"Census Tract 3579, Marion County, Indiana",2017,23.387493845396357
18097360101,"Census Tract 3601.01, Marion County, Indiana",2017,28.377298161470826
18097360402,"Census Tract 3604.02, Marion County, Indiana",2017,15.7014157014157
18097360700,"Census Tract 3607, Marion County, Indiana",2017,7.897545357524013
18097351500,"Census Tract 3515, Marion County, Indiana",2017,33.24372759856631
18097320903,"Census Tract 3209.03, Marion County, Indiana",2017,14.153846153846152
18097360601,"Census Tract 3606.01, Marion County, Indiana",2017,7.063911580970688
18097320106,"Census Tract 3201.06, Marion County, Indiana",2017,16.87612208258528
18097322500,"Census Tract 3225, Marion County, Indiana",2017,25.313807531380753
18097342200,"Census Tract 3422, Marion County, Indiana",2017,10.59204440333025
18097355600,"Census Tract 3556, Marion County, Indiana",2017,21.462945139557267
18097310305,"Census Tract 3103.05, Marion County, Indiana",2017,7.291273139403097
18097322100,"Census Tract 3221, Marion County, Indiana",2017,10.299295774647888
18097342300,"Census Tract 3423, Marion County, Indiana",2017,11.5840118430792
18097353300,"Census Tract 3533, Marion County, Indiana",2017,17.272248551869406
18097357100,"Census Tract 3571, Marion County, Indiana",2017,28.191945158526135
18097360602,"Census Tract 3606.02, Marion County, Indiana",2017,11.04135893648449
18097361100,"Census Tract 3611, Marion County, Indiana",2017,13.631346578366443
18097370201,"Census Tract 3702.01, Marion County, Indiana",2017,12.985507246376812
18097381002,"Census Tract 3810.02, Marion County, Indiana",2017,11.5814696485623
18097390200,"Census Tract 3902, Marion County, Indiana",2017,17.715458276333788
18097390403,"Census Tract 3904.03, Marion County, Indiana",2017,4.520428861199652
18097310103,"Census Tract 3101.03, Marion County, Indiana",2017,6.307977736549165
18097310105,"Census Tract 3101.05, Marion County, Indiana",2017,1.5489467162329615
18097310108,"Census Tract 3101.08, Marion County, Indiana",2017,5.022537025112685
18097320203,"Census Tract 3202.03, Marion County, Indiana",2017,2.69814502529511
18097320500,"Census Tract 3205, Marion County, Indiana",2017,3.9176626826029217
18097320901,"Census Tract 3209.01, Marion County, Indiana",2017,5.054286783976039
18097322400,"Census Tract 3224, Marion County, Indiana",2017,15.047961630695443
18097330106,"Census Tract 3301.06, Marion County, Indiana",2017,9.213401310997815
18097330107,"Census Tract 3301.07, Marion County, Indiana",2017,0.3951007506914263
18097320105,"Census Tract 3201.05, Marion County, Indiana",2017,16.88909341923608
18097320204,"Census Tract 3202.04, Marion County, Indiana",2017,17.564996829422956
18097320600,"Census Tract 3206, Marion County, Indiana",2017,11.511354737666403
18097321700,"Census Tract 3217, Marion County, Indiana",2017,6.273062730627307
18097330202,"Census Tract 3302.02, Marion County, Indiana",2017,8.069549710209541
18097340300,"Census Tract 3403, Marion County, Indiana",2017,13.335607094133698
18097341200,"Census Tract 3412, Marion County, Indiana",2017,31.27147766323024
18097341600,"Census Tract 3416, Marion County, Indiana",2017,17.43951612903226
18097342101,"Census Tract 3421.01, Marion County, Indiana",2017,5.730511099638616
18097342600,"Census Tract 3426, Marion County, Indiana",2017,25.65304755525787
18097352400,"Census Tract 3524, Marion County, Indiana",2017,11.436170212765957
18097352700,"Census Tract 3527, Marion County, Indiana",2017,27.072192513368982
18097330700,"Census Tract 3307, Marion County, Indiana",2017,5.730337078651686
18097350100,"Census Tract 3501, Marion County, Indiana",2017,29.987760097919217
18097360900,"Census Tract 3609, Marion County, Indiana",2017,6.876456876456876
18097361000,"Census Tract 3610, Marion County, Indiana",2017,6.699507389162561
18097340400,"Census Tract 3404, Marion County, Indiana",2017,11.985294117647058
18097342400,"Census Tract 3424, Marion County, Indiana",2017,8.751793400286944
18097342500,"Census Tract 3425, Marion County, Indiana",2017,14.596273291925463
18097350500,"Census Tract 3505, Marion County, Indiana",2017,29.856687898089177
18097350600,"Census Tract 3506, Marion County, Indiana",2017,21.168539325842698
18097351600,"Census Tract 3516, Marion County, Indiana",2017,20.88854247856586
18097351000,"Census Tract 3510, Marion County, Indiana",2017,32.630191166776534
18097352500,"Census Tract 3525, Marion County, Indiana",2017,13.833528722157093
18097352800,"Census Tract 3528, Marion County, Indiana",2017,34.365781710914455
18097353600,"Census Tract 3536, Marion County, Indiana",2017,30.90909090909091
18097354900,"Census Tract 3549, Marion County, Indiana",2017,22.67148014440433
18097355900,"Census Tract 3559, Marion County, Indiana",2017,30.32207384131972
18097357000,"Census Tract 3570, Marion County, Indiana",2017,29.801324503311257
18097360102,"Census Tract 3601.02, Marion County, Indiana",2017,22.972972972972972
18097380700,"Census Tract 3807, Marion County, Indiana",2017,12.844036697247706
18097361400,"Census Tract 3614, Marion County, Indiana",2017,5.023653976120748
18097361600,"Census Tract 3616, Marion County, Indiana",2017,4.814697497624327
18097310201,"Census Tract 3102.01, Marion County, Indiana",2017,17.624273724983862
18097310306,"Census Tract 3103.06, Marion County, Indiana",2017,12.361396303901437
18097320304,"Census Tract 3203.04, Marion County, Indiana",2017,4.726134585289515
18097321001,"Census Tract 3210.01, Marion County, Indiana",2017,14.592274678111588
18097356400,"Census Tract 3564, Marion County, Indiana",2017,25.261584454409565
18097354400,"Census Tract 3544, Marion County, Indiana",2017,18.830409356725145
18097331000,"Census Tract 3310, Marion County, Indiana",2017,17.480314960629922
18097340500,"Census Tract 3405, Marion County, Indiana",2017,15.422396856581532
18097340700,"Census Tract 3407, Marion County, Indiana",2017,16.62125340599455
18097341700,"Census Tract 3417, Marion County, Indiana",2017,19.92533831077928
18097350300,"Census Tract 3503, Marion County, Indiana",2017,33.82728666326009
18097351900,"Census Tract 3519, Marion County, Indiana",2017,8.152645273200347
18097355400,"Census Tract 3554, Marion County, Indiana",2017,17.95968234575443
18097355500,"Census Tract 3555, Marion County, Indiana",2017,14.489311163895486
18097356900,"Census Tract 3569, Marion County, Indiana",2017,24.112303881090007
18097357200,"Census Tract 3572, Marion County, Indiana",2017,39.19007184846505
18097358000,"Census Tract 3580, Marion County, Indiana",2017,23.017107309486786
18097370202,"Census Tract 3702.02, Marion County, Indiana",2017,15.003394433129667
18097360302,"Census Tract 3603.02, Marion County, Indiana",2017,26.108374384236452
18097361200,"Census Tract 3612, Marion County, Indiana",2017,11.735015772870662
18097361300,"Census Tract 3613, Marion County, Indiana",2017,11.780575539568344
18097380402,"Census Tract 3804.02, Marion County, Indiana",2017,5.8482358627356215
18097360201,"Census Tract 3602.01, Marion County, Indiana",2017,15.442764578833692
18097360501,"Census Tract 3605.01, Marion County, Indiana",2017,9.333849728892332
18097320303,"Census Tract 3203.03, Marion County, Indiana",2017,9.887420460107684
18097320902,"Census Tract 3209.02, Marion County, Indiana",2017,19.730941704035875
18097321600,"Census Tract 3216, Marion County, Indiana",2017,7.902852737085582
18097321900,"Census Tract 3219, Marion County, Indiana",2017,11.181882519462135
18097322000,"Census Tract 3220, Marion County, Indiana",2017,23.14917127071823
18097322700,"Census Tract 3227, Marion County, Indiana",2017,28.053097345132745
18097340102,"Census Tract 3401.02, Marion County, Indiana",2017,30.151187904967603
18097341000,"Census Tract 3410, Marion County, Indiana",2017,9.378806333739345
18097381205,"Census Tract 3812.05, Marion County, Indiana",2018,0
18097321400,"Census Tract 3214, Marion County, Indiana",2018,6.131718395155185
18097322300,"Census Tract 3223, Marion County, Indiana",2018,9.153713298791018
18097330105,"Census Tract 3301.05, Marion County, Indiana",2018,7.840440165061898
18097340108,"Census Tract 3401.08, Marion County, Indiana",2018,38.34532374100719
18097350400,"Census Tract 3504, Marion County, Indiana",2018,27.60378732702112
18097350700,"Census Tract 3507, Marion County, Indiana",2018,25.714285714285715
18097350900,"Census Tract 3509, Marion County, Indiana",2018,34.94809688581315
18097351700,"Census Tract 3517, Marion County, Indiana",2018,40.24157660521297
18097310110,"Census Tract 3101.10, Marion County, Indiana",2018,6.466984343090537
18097310111,"Census Tract 3101.11, Marion County, Indiana",2018,1.3340744858254583
18097310204,"Census Tract 3102.04, Marion County, Indiana",2018,4.736562001064396
18097310310,"Census Tract 3103.10, Marion County, Indiana",2018,3.79436964504284
18097310203,"Census Tract 3102.03, Marion County, Indiana",2018,8.238172920065253
18097310309,"Census Tract 3103.09, Marion County, Indiana",2018,10.206422018348624
18097310311,"Census Tract 3103.11, Marion County, Indiana",2018,2.6842105263157894
18097310312,"Census Tract 3103.12, Marion County, Indiana",2018,15.337001375515818
18097330108,"Census Tract 3301.08, Marion County, Indiana",2018,5.878634639696586
18097330109,"Census Tract 3301.09, Marion County, Indiana",2018,1.901813356921716
18097340300,"Census Tract 3403, Marion County, Indiana",2018,5.800139762403913
18097341200,"Census Tract 3412, Marion County, Indiana",2018,28.285465622280245
18097341600,"Census Tract 3416, Marion County, Indiana",2018,20.05813953488372
18097342101,"Census Tract 3421.01, Marion County, Indiana",2018,6.1149182920400635
18097352600,"Census Tract 3526, Marion County, Indiana",2018,33.822784810126585
18097353500,"Census Tract 3535, Marion County, Indiana",2018,10.842368640533778
18097354800,"Census Tract 3548, Marion County, Indiana",2018,39.61456102783726
18097355000,"Census Tract 3550, Marion County, Indiana",2018,31.75
18097357500,"Census Tract 3575, Marion County, Indiana",2018,11.185006045949214
18097357600,"Census Tract 3576, Marion County, Indiana",2018,17.280858676207515
18097360202,"Census Tract 3602.02, Marion County, Indiana",2018,8.630952380952381
18097354200,"Census Tract 3542, Marion County, Indiana",2018,10.906395595086828
18097354500,"Census Tract 3545, Marion County, Indiana",2018,20.617760617760617
18097357300,"Census Tract 3573, Marion County, Indiana",2018,15.0997150997151
18097360405,"Census Tract 3604.05, Marion County, Indiana",2018,12.67969037965352
18097360502,"Census Tract 3605.02, Marion County, Indiana",2018,4.559748427672956
18097360800,"Census Tract 3608, Marion County, Indiana",2018,11.89336978810663
18097380200,"Census Tract 3802, Marion County, Indiana",2018,16.37462235649547
18097380902,"Census Tract 3809.02, Marion County, Indiana",2018,8.15629742033384
18097381203,"Census Tract 3812.03, Marion County, Indiana",2018,3.766816143497758
18097320109,"Census Tract 3201.09, Marion County, Indiana",2018,3.3171521035598706
18097310104,"Census Tract 3101.04, Marion County, Indiana",2018,5.108750632271118
18097310308,"Census Tract 3103.08, Marion County, Indiana",2018,13.110938712179983
18097320107,"Census Tract 3201.07, Marion County, Indiana",2018,7.807118254879449
18097320800,"Census Tract 3208, Marion County, Indiana",2018,2.9173419773095626
18097310306,"Census Tract 3103.06, Marion County, Indiana",2018,11.866501854140914
18097320304,"Census Tract 3203.04, Marion County, Indiana",2018,3.84734719205709
18097321001,"Census Tract 3210.01, Marion County, Indiana",2018,12.714776632302405
18097356400,"Census Tract 3564, Marion County, Indiana",2018,26.06530160486995
18097354400,"Census Tract 3544, Marion County, Indiana",2018,16.729088639201
18097331000,"Census Tract 3310, Marion County, Indiana",2018,17.061855670103093
18097340500,"Census Tract 3405, Marion County, Indiana",2018,17.59634888438134
18097330206,"Census Tract 3302.06, Marion County, Indiana",2018,0
18097330209,"Census Tract 3302.09, Marion County, Indiana",2018,5.870503597122302
18097330208,"Census Tract 3302.08, Marion County, Indiana",2018,3.328050713153724
18097330803,"Census Tract 3308.03, Marion County, Indiana",2018,37.582195245321195
18097330804,"Census Tract 3308.04, Marion County, Indiana",2018,18.548939082819988
18097330805,"Census Tract 3308.05, Marion County, Indiana",2018,14.415584415584416
18097330806,"Census Tract 3308.06, Marion County, Indiana",2018,17.574786324786324
18097340109,"Census Tract 3401.09, Marion County, Indiana",2018,17.531305903398927
18097340110,"Census Tract 3401.10, Marion County, Indiana",2018,12.89547456948338
18097342600,"Census Tract 3426, Marion County, Indiana",2018,23.50515463917526
18097340700,"Census Tract 3407, Marion County, Indiana",2018,14.868603042876902
18097341700,"Census Tract 3417, Marion County, Indiana",2018,20.98531501657982
18097350300,"Census Tract 3503, Marion County, Indiana",2018,29.485887096774192
18097351900,"Census Tract 3519, Marion County, Indiana",2018,10.121107266435986
18097355400,"Census Tract 3554, Marion County, Indiana",2018,19.302615193026153
18097355500,"Census Tract 3555, Marion County, Indiana",2018,13.424821002386636
18097356900,"Census Tract 3569, Marion County, Indiana",2018,30.523731587561375
18097357200,"Census Tract 3572, Marion County, Indiana",2018,39.8406374501992
18097358000,"Census Tract 3580, Marion County, Indiana",2018,27.25903614457831
18097370202,"Census Tract 3702.02, Marion County, Indiana",2018,15.461181154611811
18097360302,"Census Tract 3603.02, Marion County, Indiana",2018,28.350934199837532
18097361200,"Census Tract 3612, Marion County, Indiana",2018,10.875
18097361300,"Census Tract 3613, Marion County, Indiana",2018,9.859154929577464
18097380402,"Census Tract 3804.02, Marion County, Indiana",2018,5.627906976744186
18097360201,"Census Tract 3602.01, Marion County, Indiana",2018,8.985200845665961
18097360501,"Census Tract 3605.01, Marion County, Indiana",2018,12.416502946954813
18097320303,"Census Tract 3203.03, Marion County, Indiana",2018,11.83490800596718
18097320902,"Census Tract 3209.02, Marion County, Indiana",2018,18.258706467661693
18097321600,"Census Tract 3216, Marion County, Indiana",2018,8.834876543209877
18097340111,"Census Tract 3401.11, Marion County, Indiana",2018,5.985267034990792
18097340112,"Census Tract 3401.12, Marion County, Indiana",2018,13.381294964028775
18097340113,"Census Tract 3401.13, Marion County, Indiana",2018,7.75462962962963
18097340114,"Census Tract 3401.14, Marion County, Indiana",2018,3.3779477374123648
18097340201,"Census Tract 3402.01, Marion County, Indiana",2018,11.589113257243197
18097340202,"Census Tract 3402.02, Marion County, Indiana",2018,11.914257228315057
18097340902,"Census Tract 3409.02, Marion County, Indiana",2018,11.848341232227488
18097341904,"Census Tract 3419.04, Marion County, Indiana",2018,3.5416666666666665
18097370301,"Census Tract 3703.01, Marion County, Indiana",2018,7.51331651247547
18097340901,"Census Tract 3409.01, Marion County, Indiana",2018,4.441260744985673
18097341903,"Census Tract 3419.03, Marion County, Indiana",2018,18.258766626360337
18097370302,"Census Tract 3703.02, Marion County, Indiana",2018,4.974651457541191
18097380403,"Census Tract 3804.03, Marion County, Indiana",2018,9.644087256027554
18097321200,"Census Tract 3212, Marion County, Indiana",2018,9.831095712429624
18097330401,"Census Tract 3304.01, Marion County, Indiana",2018,6.37765735723218
18097330900,"Census Tract 3309, Marion County, Indiana",2018,15.183823529411764
18097340101,"Census Tract 3401.01, Marion County, Indiana",2018,9.88867059593975
18097340600,"Census Tract 3406, Marion County, Indiana",2018,11.518072289156626
18097341100,"Census Tract 3411, Marion County, Indiana",2018,24.923702950152595
18097342000,"Census Tract 3420, Marion County, Indiana",2018,4.746835443037975
18097350800,"Census Tract 3508, Marion County, Indiana",2018,32.21649484536083
18097351200,"Census Tract 3512, Marion County, Indiana",2018,40.49039098740888
18097352100,"Census Tract 3521, Marion County, Indiana",2018,35.32423208191126
18097356200,"Census Tract 3562, Marion County, Indiana",2018,15.36502546689304
18097357900,"Census Tract 3579, Marion County, Indiana",2018,28.045186640471513
18097360101,"Census Tract 3601.01, Marion County, Indiana",2018,22.628304821150856
18097360402,"Census Tract 3604.02, Marion County, Indiana",2018,13.29192546583851
18097360700,"Census Tract 3607, Marion County, Indiana",2018,6.444906444906445
18097360900,"Census Tract 3609, Marion County, Indiana",2018,4.052489386337322
18097361000,"Census Tract 3610, Marion County, Indiana",2018,7.135874877810362
18097310201,"Census Tract 3102.01, Marion County, Indiana",2018,18.033813400125236
18097360301,"Census Tract 3603.01, Marion County, Indiana",2018,6.769436997319035
18097360401,"Census Tract 3604.01, Marion County, Indiana",2018,13.734061930783245
18097380501,"Census Tract 3805.01, Marion County, Indiana",2018,11.210762331838565
18097321900,"Census Tract 3219, Marion County, Indiana",2018,11.659513590844062
18097322000,"Census Tract 3220, Marion County, Indiana",2018,25.125348189415043
18097322700,"Census Tract 3227, Marion County, Indiana",2018,25.61307901907357
18097340102,"Census Tract 3401.02, Marion County, Indiana",2018,30.04882379050155
18097341000,"Census Tract 3410, Marion County, Indiana",2018,5.896805896805897
18097351000,"Census Tract 3510, Marion County, Indiana",2018,32.63157894736842
18097380404,"Census Tract 3804.04, Marion County, Indiana",2018,15.495207667731629
18097390101,"Census Tract 3901.01, Marion County, Indiana",2018,3.4506089309878214
18097390102,"Census Tract 3901.02, Marion County, Indiana",2018,4.283137962128043
18097390404,"Census Tract 3904.04, Marion County, Indiana",2018,3.877995642701525
18097390405,"Census Tract 3904.05, Marion County, Indiana",2018,11.663385826771654
18097390500,"Census Tract 3905, Marion County, Indiana",2018,34.47488584474886
18097390600,"Census Tract 3906, Marion County, Indiana",2018,8.01987224982257
18097390700,"Census Tract 3907, Marion County, Indiana",2018,32.312180889861416
18097390800,"Census Tract 3908, Marion County, Indiana",2018,12.668810289389068
18097390900,"Census Tract 3909, Marion County, Indiana",2018,16.7192429022082
18097391000,"Census Tract 3910, Marion County, Indiana",2018,6.734816596512327
18097390402,"Census Tract 3904.02, Marion County, Indiana",2018,4.442429737080689
18097321300,"Census Tract 3213, Marion County, Indiana",2018,7.870036101083032
18097330103,"Census Tract 3301.03, Marion County, Indiana",2018,1.0670731707317074
18097330600,"Census Tract 3306, Marion County, Indiana",2018,14.671467146714672
18097322600,"Census Tract 3226, Marion County, Indiana",2018,12.734962406015038
18097321100,"Census Tract 3211, Marion County, Indiana",2018,10.819070904645477
18097320400,"Census Tract 3204, Marion County, Indiana",2018,2.240325865580448
18097340800,"Census Tract 3408, Marion County, Indiana",2018,15.985130111524164
18097351500,"Census Tract 3515, Marion County, Indiana",2018,30.153015301530154
18097320903,"Census Tract 3209.03, Marion County, Indiana",2018,17.338092809790922
18097360601,"Census Tract 3606.01, Marion County, Indiana",2018,6.5481758652946676
18097320106,"Census Tract 3201.06, Marion County, Indiana",2018,19.5077484047402
18097322500,"Census Tract 3225, Marion County, Indiana",2018,19.958202716823408
18097342200,"Census Tract 3422, Marion County, Indiana",2018,6.183057448880234
18097355600,"Census Tract 3556, Marion County, Indiana",2018,18.33810888252149
18097310305,"Census Tract 3103.05, Marion County, Indiana",2018,7.072617246596066
18097322100,"Census Tract 3221, Marion County, Indiana",2018,11.44839549002602
18097342300,"Census Tract 3423, Marion County, Indiana",2018,13.443125239371888
18097353300,"Census Tract 3533, Marion County, Indiana",2018,21.637122002085505
18097357100,"Census Tract 3571, Marion County, Indiana",2018,28.87323943661972
18097361100,"Census Tract 3611, Marion County, Indiana",2018,11.980572045331892
18097370201,"Census Tract 3702.01, Marion County, Indiana",2018,8.779679734953065
18097381002,"Census Tract 3810.02, Marion County, Indiana",2018,9.47119179163378
18097390200,"Census Tract 3902, Marion County, Indiana",2018,18.66088034717917
18097390403,"Census Tract 3904.03, Marion County, Indiana",2018,2.8776978417266186
18097310103,"Census Tract 3101.03, Marion County, Indiana",2018,4.440298507462686
18097310105,"Census Tract 3101.05, Marion County, Indiana",2018,1.7676767676767675
18097310108,"Census Tract 3101.08, Marion County, Indiana",2018,6.809338521400778
18097320203,"Census Tract 3202.03, Marion County, Indiana",2018,6.418918918918919
18097320500,"Census Tract 3205, Marion County, Indiana",2018,3.884795713328868
18097320901,"Census Tract 3209.01, Marion County, Indiana",2018,8.32078313253012
18097322400,"Census Tract 3224, Marion County, Indiana",2018,14.945978391356542
18097352400,"Census Tract 3524, Marion County, Indiana",2018,10.650887573964496
18097352700,"Census Tract 3527, Marion County, Indiana",2018,22.855227882037532
18097330700,"Census Tract 3307, Marion County, Indiana",2018,3.4134988363072147
18097350100,"Census Tract 3501, Marion County, Indiana",2018,32.57287705956907
18097340400,"Census Tract 3404, Marion County, Indiana",2018,12.426470588235292
18097342400,"Census Tract 3424, Marion County, Indiana",2018,17.391304347826086
18097342500,"Census Tract 3425, Marion County, Indiana",2018,11.237785016286646
18097350500,"Census Tract 3505, Marion County, Indiana",2018,29.862792574656982
18097350600,"Census Tract 3506, Marion County, Indiana",2018,20.976886175316174
18097351600,"Census Tract 3516, Marion County, Indiana",2018,18.295543393275995
18097354700,"Census Tract 3547, Marion County, Indiana",2018,26.86375321336761
18097355700,"Census Tract 3557, Marion County, Indiana",2018,22.852376980817347
18097357400,"Census Tract 3574, Marion County, Indiana",2018,11.808118081180812
18097357800,"Census Tract 3578, Marion County, Indiana",2018,27.624872579001018
18097358100,"Census Tract 3581, Marion County, Indiana",2018,22.23816355810617
18097360404,"Census Tract 3604.04, Marion County, Indiana",2018,17.115551694178976
18097380502,"Census Tract 3805.02, Marion County, Indiana",2018,20.788912579957355
18097380800,"Census Tract 3808, Marion County, Indiana",2018,10.923076923076923
18097380901,"Census Tract 3809.01, Marion County, Indiana",2018,5.894519131334023
18097381101,"Census Tract 3811.01, Marion County, Indiana",2018,5.273213603362629
18097381102,"Census Tract 3811.02, Marion County, Indiana",2018,6.4984709480122325
18097381204,"Census Tract 3812.04, Marion County, Indiana",2018,12.458471760797345
18097390300,"Census Tract 3903, Marion County, Indiana",2018,5.789990186457311
18097310106,"Census Tract 3101.06, Marion County, Indiana",2018,4.3478260869565215
18097320108,"Census Tract 3201.08, Marion County, Indiana",2018,14.829586656997824
18097320202,"Census Tract 3202.02, Marion County, Indiana",2018,14.03071814030718
18097320301,"Census Tract 3203.01, Marion County, Indiana",2018,6.012332990750257
18097320700,"Census Tract 3207, Marion County, Indiana",2018,3.7433155080213902
18097321002,"Census Tract 3210.02, Marion County, Indiana",2018,12.929782082324456
18097380600,"Census Tract 3806, Marion County, Indiana",2018,10.680016687526074
18097321800,"Census Tract 3218, Marion County, Indiana",2018,0.42501517911353975
18097322200,"Census Tract 3222, Marion County, Indiana",2018,7.517084282460137
18097330203,"Census Tract 3302.03, Marion County, Indiana",2018,2.71370420624152
18097341902,"Census Tract 3419.02, Marion County, Indiana",2018,15.591397849462366
18097330204,"Census Tract 3302.04, Marion County, Indiana",2018,3.2497678737233056
18097330500,"Census Tract 3305, Marion County, Indiana",2018,10.163154316791298
18097352300,"Census Tract 3523, Marion County, Indiana",2018,33.59580052493438
18097355100,"Census Tract 3551, Marion County, Indiana",2018,32.05374280230326
18097355300,"Census Tract 3553, Marion County, Indiana",2018,23.986013986013987
18097360602,"Census Tract 3606.02, Marion County, Indiana",2018,13.26718118338846
18097330106,"Census Tract 3301.06, Marion County, Indiana",2018,7.569862044570216
18097330107,"Census Tract 3301.07, Marion County, Indiana",2018,0.5873140172278778
18097320105,"Census Tract 3201.05, Marion County, Indiana",2018,15.006759801712484
18097320204,"Census Tract 3202.04, Marion County, Indiana",2018,16.012759170653908
18097320600,"Census Tract 3206, Marion County, Indiana",2018,10.03921568627451
18097321700,"Census Tract 3217, Marion County, Indiana",2018,5.444392740809679
18097330202,"Census Tract 3302.02, Marion County, Indiana",2018,9.092935145977268
18097352500,"Census Tract 3525, Marion County, Indiana",2018,15.7396449704142
18097352800,"Census Tract 3528, Marion County, Indiana",2018,38.94582723279649
18097353600,"Census Tract 3536, Marion County, Indiana",2018,25.63600782778865
18097354900,"Census Tract 3549, Marion County, Indiana",2018,19.45830363506771
18097355900,"Census Tract 3559, Marion County, Indiana",2018,33.25581395348837
18097357000,"Census Tract 3570, Marion County, Indiana",2018,32.89146644573322
18097360102,"Census Tract 3601.02, Marion County, Indiana",2018,23.542274052478135
18097380700,"Census Tract 3807, Marion County, Indiana",2018,9.02834008097166
18097361400,"Census Tract 3614, Marion County, Indiana",2018,5.543138131426017
18097361600,"Census Tract 3616, Marion County, Indiana",2018,3.5071942446043165
18097380300,"Census Tract 3803, Marion County, Indiana",2018,15.510204081632653
18097381001,"Census Tract 3810.01, Marion County, Indiana",2018,11.093091144988648
18097380100,"Census Tract 3801, Marion County, Indiana",2018,4.865165415624131
18097381201,"Census Tract 3812.01, Marion County, Indiana",2018,9.034073147858706
18097342500,"Census Tract 3425, Marion County, Indiana",2019,8.617795187465026
18097350500,"Census Tract 3505, Marion County, Indiana",2019,27.43362831858407
18097350600,"Census Tract 3506, Marion County, Indiana",2019,15.745393634840871
18097351600,"Census Tract 3516, Marion County, Indiana",2019,13.611755607115237
18097352500,"Census Tract 3525, Marion County, Indiana",2019,14.645577035735208
18097352800,"Census Tract 3528, Marion County, Indiana",2019,29.41988950276243
18097353600,"Census Tract 3536, Marion County, Indiana",2019,24.047470331043098
18097354900,"Census Tract 3549, Marion County, Indiana",2019,22.46326102169349
18097355900,"Census Tract 3559, Marion County, Indiana",2019,34.504293520686964
18097357000,"Census Tract 3570, Marion County, Indiana",2019,37.191489361702125
18097360102,"Census Tract 3601.02, Marion County, Indiana",2019,25.404644616467277
18097380700,"Census Tract 3807, Marion County, Indiana",2019,6.106231702216646
18097361400,"Census Tract 3614, Marion County, Indiana",2019,9.281502511465384
18097361600,"Census Tract 3616, Marion County, Indiana",2019,3.4593960715332748
18097380300,"Census Tract 3803, Marion County, Indiana",2019,22.502574665293512
18097381001,"Census Tract 3810.01, Marion County, Indiana",2019,13.948069241011984
18097380100,"Census Tract 3801, Marion County, Indiana",2019,4.667788057190917
18097381201,"Census Tract 3812.01, Marion County, Indiana",2019,9.456416854293986
18097360301,"Census Tract 3603.01, Marion County, Indiana",2019,4.57217504898759
18097360401,"Census Tract 3604.01, Marion County, Indiana",2019,17.350746268656717
18097380501,"Census Tract 3805.01, Marion County, Indiana",2019,12.723845428840717
18097390402,"Census Tract 3904.02, Marion County, Indiana",2019,3.73117033603708
18097321300,"Census Tract 3213, Marion County, Indiana",2019,2.8925619834710745
18097330103,"Census Tract 3301.03, Marion County, Indiana",2019,2.079322294955718
18097330600,"Census Tract 3306, Marion County, Indiana",2019,8.502373759171343
18097322600,"Census Tract 3226, Marion County, Indiana",2019,13.541666666666666
18097321100,"Census Tract 3211, Marion County, Indiana",2019,7.84313725490196
18097320400,"Census Tract 3204, Marion County, Indiana",2019,4.739010989010989
18097340800,"Census Tract 3408, Marion County, Indiana",2019,8.827404479578393
18097351500,"Census Tract 3515, Marion County, Indiana",2019,29.963570127504553
18097320903,"Census Tract 3209.03, Marion County, Indiana",2019,15.074858027878165
18097360601,"Census Tract 3606.01, Marion County, Indiana",2019,6.598984771573604
18097320106,"Census Tract 3201.06, Marion County, Indiana",2019,14.455626715462031
18097322500,"Census Tract 3225, Marion County, Indiana",2019,17.598343685300208
18097342200,"Census Tract 3422, Marion County, Indiana",2019,10.95031355523396
18097355600,"Census Tract 3556, Marion County, Indiana",2019,15.454545454545457
18097310305,"Census Tract 3103.05, Marion County, Indiana",2019,7.053175775480059
18097322100,"Census Tract 3221, Marion County, Indiana",2019,16.097987751531058
18097342300,"Census Tract 3423, Marion County, Indiana",2019,12.16535433070866
18097353300,"Census Tract 3533, Marion County, Indiana",2019,24.5658835546476
18097357100,"Census Tract 3571, Marion County, Indiana",2019,28.815004262574597
18097321002,"Census Tract 3210.02, Marion County, Indiana",2019,13.359528487229865
18097380600,"Census Tract 3806, Marion County, Indiana",2019,7.477820025348542
18097321800,"Census Tract 3218, Marion County, Indiana",2019,3.022974607013301
18097322200,"Census Tract 3222, Marion County, Indiana",2019,6.841505131128848
18097330203,"Census Tract 3302.03, Marion County, Indiana",2019,3.6372007366482504
18097341902,"Census Tract 3419.02, Marion County, Indiana",2019,13.805742211362247
18097330204,"Census Tract 3302.04, Marion County, Indiana",2019,6.369710467706013
18097330500,"Census Tract 3305, Marion County, Indiana",2019,7.840486650895572
18097352300,"Census Tract 3523, Marion County, Indiana",2019,32.818532818532816
18097355100,"Census Tract 3551, Marion County, Indiana",2019,30.836575875486385
18097355300,"Census Tract 3553, Marion County, Indiana",2019,17.66735679779158
18097360602,"Census Tract 3606.02, Marion County, Indiana",2019,12.265512265512266
18097360502,"Census Tract 3605.02, Marion County, Indiana",2019,7.252058016464131
18097360800,"Census Tract 3608, Marion County, Indiana",2019,13.61368496079829
18097380200,"Census Tract 3802, Marion County, Indiana",2019,14.24129353233831
18097380902,"Census Tract 3809.02, Marion County, Indiana",2019,7.864302235929067
18097381203,"Census Tract 3812.03, Marion County, Indiana",2019,4.131455399061033
18097320109,"Census Tract 3201.09, Marion County, Indiana",2019,5.229283990345937
18097310104,"Census Tract 3101.04, Marion County, Indiana",2019,6.9122098890010095
18097310308,"Census Tract 3103.08, Marion County, Indiana",2019,12.575757575757576
18097320107,"Census Tract 3201.07, Marion County, Indiana",2019,5.611672278338945
18097320800,"Census Tract 3208, Marion County, Indiana",2019,4.400977995110025
18097321200,"Census Tract 3212, Marion County, Indiana",2019,11.039518900343642
18097330401,"Census Tract 3304.01, Marion County, Indiana",2019,4.61082910321489
18097330900,"Census Tract 3309, Marion County, Indiana",2019,12.67969037965352
18097340101,"Census Tract 3401.01, Marion County, Indiana",2019,9.261658031088082
18097340600,"Census Tract 3406, Marion County, Indiana",2019,11.99616122840691
18097341100,"Census Tract 3411, Marion County, Indiana",2019,19.21079958463136
18097342000,"Census Tract 3420, Marion County, Indiana",2019,7.019927536231884
18097350800,"Census Tract 3508, Marion County, Indiana",2019,34.04802744425386
18097351200,"Census Tract 3512, Marion County, Indiana",2019,37.3806275579809
18097352100,"Census Tract 3521, Marion County, Indiana",2019,36.76348547717842
18097356200,"Census Tract 3562, Marion County, Indiana",2019,15.937241948802642
18097361100,"Census Tract 3611, Marion County, Indiana",2019,11.987213638785295
18097370201,"Census Tract 3702.01, Marion County, Indiana",2019,5.730659025787966
18097357900,"Census Tract 3579, Marion County, Indiana",2019,29.386176897051715
18097360101,"Census Tract 3601.01, Marion County, Indiana",2019,20.40059347181009
18097360402,"Census Tract 3604.02, Marion County, Indiana",2019,13.734939759036145
18097360700,"Census Tract 3607, Marion County, Indiana",2019,7.165109034267913
18097360900,"Census Tract 3609, Marion County, Indiana",2019,6.197718631178708
18097361000,"Census Tract 3610, Marion County, Indiana",2019,2.862419205909511
18097310201,"Census Tract 3102.01, Marion County, Indiana",2019,13.933933933933934
18097381205,"Census Tract 3812.05, Marion County, Indiana",2019,0.4559270516717326
18097321400,"Census Tract 3214, Marion County, Indiana",2019,6.436955698599015
18097322300,"Census Tract 3223, Marion County, Indiana",2019,9.920983318700614
18097330105,"Census Tract 3301.05, Marion County, Indiana",2019,8.658922914466737
18097340108,"Census Tract 3401.08, Marion County, Indiana",2019,32.96943231441048
18097350400,"Census Tract 3504, Marion County, Indiana",2019,25.888324873096447
18097350700,"Census Tract 3507, Marion County, Indiana",2019,18.07081807081807
18097350900,"Census Tract 3509, Marion County, Indiana",2019,30.066815144766142
18097351700,"Census Tract 3517, Marion County, Indiana",2019,39.6168108776267
18097352600,"Census Tract 3526, Marion County, Indiana",2019,30.36701860231272
18097353500,"Census Tract 3535, Marion County, Indiana",2019,8.609271523178808
18097354800,"Census Tract 3548, Marion County, Indiana",2019,37.8803777544596
18097355000,"Census Tract 3550, Marion County, Indiana",2019,33.08080808080808
18097357500,"Census Tract 3575, Marion County, Indiana",2019,14.212874442319947
18097357600,"Census Tract 3576, Marion County, Indiana",2019,20.93437945791726
18097360202,"Census Tract 3602.02, Marion County, Indiana",2019,8.657373440939105
18097310306,"Census Tract 3103.06, Marion County, Indiana",2019,13.089430894308943
18097320304,"Census Tract 3203.04, Marion County, Indiana",2019,3.629764065335753
18097321001,"Census Tract 3210.01, Marion County, Indiana",2019,8.527131782945736
18097356400,"Census Tract 3564, Marion County, Indiana",2019,25.203252032520325
18097354400,"Census Tract 3544, Marion County, Indiana",2019,15.917375455650062
18097331000,"Census Tract 3310, Marion County, Indiana",2019,14.64935064935065
18097340500,"Census Tract 3405, Marion County, Indiana",2019,12.05673758865248
18097340700,"Census Tract 3407, Marion County, Indiana",2019,11.80167597765363
18097340300,"Census Tract 3403, Marion County, Indiana",2019,4.761904761904762
18097341200,"Census Tract 3412, Marion County, Indiana",2019,28.52017937219731
18097341600,"Census Tract 3416, Marion County, Indiana",2019,19.23444976076555
18097342101,"Census Tract 3421.01, Marion County, Indiana",2019,4.749199573105656
18097340111,"Census Tract 3401.11, Marion County, Indiana",2019,5.898876404494382
18097340112,"Census Tract 3401.12, Marion County, Indiana",2019,9.02090209020902
18097340113,"Census Tract 3401.13, Marion County, Indiana",2019,3.8112522686025407
18097340114,"Census Tract 3401.14, Marion County, Indiana",2019,2.393272962483829
18097341700,"Census Tract 3417, Marion County, Indiana",2019,18.372203712517848
18097350300,"Census Tract 3503, Marion County, Indiana",2019,29.34947049924357
18097351900,"Census Tract 3519, Marion County, Indiana",2019,9.122502172024326
18097355400,"Census Tract 3554, Marion County, Indiana",2019,16.708229426433917
18097355500,"Census Tract 3555, Marion County, Indiana",2019,12.012012012012011
18097356900,"Census Tract 3569, Marion County, Indiana",2019,35.2101506740682
18097357200,"Census Tract 3572, Marion County, Indiana",2019,38.25459317585302
18097358000,"Census Tract 3580, Marion County, Indiana",2019,24.816446402349484
18097370202,"Census Tract 3702.02, Marion County, Indiana",2019,12.229965156794425
18097381002,"Census Tract 3810.02, Marion County, Indiana",2019,6.997558991049634
18097390200,"Census Tract 3902, Marion County, Indiana",2019,16.03613777526821
18097390403,"Census Tract 3904.03, Marion County, Indiana",2019,1.7595307917888563
18097310103,"Census Tract 3101.03, Marion County, Indiana",2019,2.9220779220779223
18097310105,"Census Tract 3101.05, Marion County, Indiana",2019,2.543424317617866
18097310108,"Census Tract 3101.08, Marion County, Indiana",2019,8.966861598440547
18097320203,"Census Tract 3202.03, Marion County, Indiana",2019,5.633802816901408
18097320500,"Census Tract 3205, Marion County, Indiana",2019,3.2666666666666666
18097320901,"Census Tract 3209.01, Marion County, Indiana",2019,3.095507738769347
18097322400,"Census Tract 3224, Marion County, Indiana",2019,14.783653846153848
18097330106,"Census Tract 3301.06, Marion County, Indiana",2019,9.594496741491673
18097330107,"Census Tract 3301.07, Marion County, Indiana",2019,0
18097320105,"Census Tract 3201.05, Marion County, Indiana",2019,7.998232434821034
18097320204,"Census Tract 3202.04, Marion County, Indiana",2019,15.538847117794486
18097320600,"Census Tract 3206, Marion County, Indiana",2019,5.822187254130606
18097321700,"Census Tract 3217, Marion County, Indiana",2019,3.666817564508828
18097330202,"Census Tract 3302.02, Marion County, Indiana",2019,9.560723514211888
18097352400,"Census Tract 3524, Marion County, Indiana",2019,15.844155844155845
18097352700,"Census Tract 3527, Marion County, Indiana",2019,27.470355731225297
18097330700,"Census Tract 3307, Marion County, Indiana",2019,4.512703830109974
18097350100,"Census Tract 3501, Marion County, Indiana",2019,34.05612244897959
18097340400,"Census Tract 3404, Marion County, Indiana",2019,13.878743608473338
18097342400,"Census Tract 3424, Marion County, Indiana",2019,19.81279251170047
18097340201,"Census Tract 3402.01, Marion County, Indiana",2019,8.348134991119005
18097340202,"Census Tract 3402.02, Marion County, Indiana",2019,12.143611404435058
18097340902,"Census Tract 3409.02, Marion County, Indiana",2019,8.646373056994818
18097341904,"Census Tract 3419.04, Marion County, Indiana",2019,4.209445585215605
18097370301,"Census Tract 3703.01, Marion County, Indiana",2019,5.596465390279823
18097340901,"Census Tract 3409.01, Marion County, Indiana",2019,3.602305475504323
18097341903,"Census Tract 3419.03, Marion County, Indiana",2019,18.871753246753247
18097370302,"Census Tract 3703.02, Marion County, Indiana",2019,5.8054226475279105
18097380403,"Census Tract 3804.03, Marion County, Indiana",2019,10.990888382687928
18097380404,"Census Tract 3804.04, Marion County, Indiana",2019,14.686468646864686
18097390101,"Census Tract 3901.01, Marion County, Indiana",2019,3.1036834924965895
18097390102,"Census Tract 3901.02, Marion County, Indiana",2019,3.933649289099526
18097390404,"Census Tract 3904.04, Marion County, Indiana",2019,3.9391226499552374
18097390405,"Census Tract 3904.05, Marion County, Indiana",2019,6.630109670987039
18097390500,"Census Tract 3905, Marion County, Indiana",2019,37.89473684210526
18097390600,"Census Tract 3906, Marion County, Indiana",2019,8.728784205057153
18097390700,"Census Tract 3907, Marion County, Indiana",2019,33.45428156748911
18097390800,"Census Tract 3908, Marion County, Indiana",2019,15.77922077922078
18097390900,"Census Tract 3909, Marion County, Indiana",2019,18.170805572380377
18097391000,"Census Tract 3910, Marion County, Indiana",2019,7.062146892655368
18097310110,"Census Tract 3101.10, Marion County, Indiana",2019,4.548494983277592
18097360302,"Census Tract 3603.02, Marion County, Indiana",2019,30.126182965299684
18097361200,"Census Tract 3612, Marion County, Indiana",2019,13.136893799877225
18097361300,"Census Tract 3613, Marion County, Indiana",2019,10.865724381625444
18097380402,"Census Tract 3804.02, Marion County, Indiana",2019,3.738760056791292
18097360201,"Census Tract 3602.01, Marion County, Indiana",2019,7.814910025706941
18097360501,"Census Tract 3605.01, Marion County, Indiana",2019,9.739478957915832
18097320303,"Census Tract 3203.03, Marion County, Indiana",2019,12.164142647777236
18097320902,"Census Tract 3209.02, Marion County, Indiana",2019,18.525703200775947
18097321600,"Census Tract 3216, Marion County, Indiana",2019,9.540363074546155
18097321900,"Census Tract 3219, Marion County, Indiana",2019,9.352517985611511
18097322000,"Census Tract 3220, Marion County, Indiana",2019,27.35326688815061
18097322700,"Census Tract 3227, Marion County, Indiana",2019,26.1101243339254
18097340102,"Census Tract 3401.02, Marion County, Indiana",2019,24.95511669658887
18097341000,"Census Tract 3410, Marion County, Indiana",2019,5.784061696658098
18097351000,"Census Tract 3510, Marion County, Indiana",2019,27.834351663272233
18097354700,"Census Tract 3547, Marion County, Indiana",2019,27.649208282582215
18097355700,"Census Tract 3557, Marion County, Indiana",2019,22.677824267782427
18097357400,"Census Tract 3574, Marion County, Indiana",2019,9.538784067085954
18097357800,"Census Tract 3578, Marion County, Indiana",2019,24.43991853360489
18097358100,"Census Tract 3581, Marion County, Indiana",2019,21.161495624502784
18097360404,"Census Tract 3604.04, Marion County, Indiana",2019,17.988231997758476
18097380502,"Census Tract 3805.02, Marion County, Indiana",2019,20.910534674430917
18097380800,"Census Tract 3808, Marion County, Indiana",2019,8.131352619233777
18097380901,"Census Tract 3809.01, Marion County, Indiana",2019,5.129561078794289
18097381101,"Census Tract 3811.01, Marion County, Indiana",2019,4.6801872074882995
18097381102,"Census Tract 3811.02, Marion County, Indiana",2019,4.609785685402345
18097381204,"Census Tract 3812.04, Marion County, Indiana",2019,10.342857142857143
18097390300,"Census Tract 3903, Marion County, Indiana",2019,5.865102639296188
18097310106,"Census Tract 3101.06, Marion County, Indiana",2019,3.590909090909091
18097320108,"Census Tract 3201.08, Marion County, Indiana",2019,9.452554744525548
18097320202,"Census Tract 3202.02, Marion County, Indiana",2019,15.45380212591987
18097320301,"Census Tract 3203.01, Marion County, Indiana",2019,6.292966684294024
18097320700,"Census Tract 3207, Marion County, Indiana",2019,3.495311167945439
18097310111,"Census Tract 3101.11, Marion County, Indiana",2019,5.378061767838125
18097310204,"Census Tract 3102.04, Marion County, Indiana",2019,2.8947368421052633
18097310310,"Census Tract 3103.10, Marion County, Indiana",2019,3.392857142857143
18097310203,"Census Tract 3102.03, Marion County, Indiana",2019,10.494571773220748
18097310309,"Census Tract 3103.09, Marion County, Indiana",2019,9.791783905458638
18097310311,"Census Tract 3103.11, Marion County, Indiana",2019,4.07426508509541
18097310312,"Census Tract 3103.12, Marion County, Indiana",2019,7.577268195413759
18097330108,"Census Tract 3301.08, Marion County, Indiana",2019,3.737113402061856
18097330109,"Census Tract 3301.09, Marion County, Indiana",2019,1.9483461712732215
18097330206,"Census Tract 3302.06, Marion County, Indiana",2019,1.0365521003818876
18097330209,"Census Tract 3302.09, Marion County, Indiana",2019,4.263565891472868
18097330208,"Census Tract 3302.08, Marion County, Indiana",2019,3.607060629316961
18097330803,"Census Tract 3308.03, Marion County, Indiana",2019,37.44292237442922
18097330804,"Census Tract 3308.04, Marion County, Indiana",2019,22.64516129032258
18097330805,"Census Tract 3308.05, Marion County, Indiana",2019,18.16418875242405
18097330806,"Census Tract 3308.06, Marion County, Indiana",2019,12.805208898534998
18097340109,"Census Tract 3401.09, Marion County, Indiana",2019,13.153153153153154
18097340110,"Census Tract 3401.10, Marion County, Indiana",2019,13.092904743237948
18097342600,"Census Tract 3426, Marion County, Indiana",2019,22.922437673130194
18097354200,"Census Tract 3542, Marion County, Indiana",2019,9.555288461538462
18097354500,"Census Tract 3545, Marion County, Indiana",2019,21.615384615384617
18097357300,"Census Tract 3573, Marion County, Indiana",2019,18.606870229007633
18097360405,"Census Tract 3604.05, Marion County, Indiana",2019,10.849719101123595
18097310104,"Census Tract 3101.04, Marion County, Indiana",2020,13.709307657038057
18097310105,"Census Tract 3101.05, Marion County, Indiana",2020,0.7319819819819819
18097310106,"Census Tract 3101.06, Marion County, Indiana",2020,1.9772822885990744
18097310108,"Census Tract 3101.08, Marion County, Indiana",2020,5
18097310110,"Census Tract 3101.10, Marion County, Indiana",2020,6.884057971014493
18097310111,"Census Tract 3101.11, Marion County, Indiana",2020,6.7114093959731544
18097310112,"Census Tract 3101.12, Marion County, Indiana",2020,0
18097310113,"Census Tract 3101.13, Marion County, Indiana",2020,4.225352112676056
18097310201,"Census Tract 3102.01, Marion County, Indiana",2020,11.151515151515152
18097310203,"Census Tract 3102.03, Marion County, Indiana",2020,12.155445097153184
18097310204,"Census Tract 3102.04, Marion County, Indiana",2020,2.9166666666666665
18097310305,"Census Tract 3103.05, Marion County, Indiana",2020,10.921103769918384
18097310306,"Census Tract 3103.06, Marion County, Indiana",2020,11.53705732018985
18097310308,"Census Tract 3103.08, Marion County, Indiana",2020,13.397901533494752
18097310309,"Census Tract 3103.09, Marion County, Indiana",2020,13.836858006042297
18097310310,"Census Tract 3103.10, Marion County, Indiana",2020,2.7725563909774436
18097310311,"Census Tract 3103.11, Marion County, Indiana",2020,2.3910733262486716
18097310312,"Census Tract 3103.12, Marion County, Indiana",2020,5.832747716092761
18097320105,"Census Tract 3201.05, Marion County, Indiana",2020,6.940874035989717
18097320106,"Census Tract 3201.06, Marion County, Indiana",2020,11.906501095690285
18097320107,"Census Tract 3201.07, Marion County, Indiana",2020,5.056179775280899
18097320108,"Census Tract 3201.08, Marion County, Indiana",2020,5.646481178396072
18097320109,"Census Tract 3201.09, Marion County, Indiana",2020,2.414045354791514
18097320202,"Census Tract 3202.02, Marion County, Indiana",2020,12.29536746778126
18097320203,"Census Tract 3202.03, Marion County, Indiana",2020,8.977149075081611
18097320205,"Census Tract 3202.05, Marion County, Indiana",2020,20.406824146981627
18097320206,"Census Tract 3202.06, Marion County, Indiana",2020,16.934557979334098
18097320301,"Census Tract 3203.01, Marion County, Indiana",2020,6.108829568788501
18097320303,"Census Tract 3203.03, Marion County, Indiana",2020,12.657563025210084
18097320305,"Census Tract 3203.05, Marion County, Indiana",2020,0
18097320306,"Census Tract 3203.06, Marion County, Indiana",2020,4.0773434216057165
18097320400,"Census Tract 3204, Marion County, Indiana",2020,4.469987228607918
18097320500,"Census Tract 3205, Marion County, Indiana",2020,4.809619238476954
18097320600,"Census Tract 3206, Marion County, Indiana",2020,6.11541774332472
18097320700,"Census Tract 3207, Marion County, Indiana",2020,2.9209621993127146
18097320800,"Census Tract 3208, Marion County, Indiana",2020,4.3866774979691305
18097320901,"Census Tract 3209.01, Marion County, Indiana",2020,4.660194174757281
18097320902,"Census Tract 3209.02, Marion County, Indiana",2020,18.810371123538385
18097320903,"Census Tract 3209.03, Marion County, Indiana",2020,17.242927705433317
18097321001,"Census Tract 3210.01, Marion County, Indiana",2020,6.271186440677966
18097321002,"Census Tract 3210.02, Marion County, Indiana",2020,9.974683544303796
18097321100,"Census Tract 3211, Marion County, Indiana",2020,9.741060419235511
18097321200,"Census Tract 3212, Marion County, Indiana",2020,11.003236245954692
18097321300,"Census Tract 3213, Marion County, Indiana",2020,2.8275862068965516
18097321400,"Census Tract 3214, Marion County, Indiana",2020,5.498672734167615
18097321600,"Census Tract 3216, Marion County, Indiana",2020,10.643939393939394
18097321700,"Census Tract 3217, Marion County, Indiana",2020,3.9279112754158967
18097321800,"Census Tract 3218, Marion County, Indiana",2020,6.362467866323907
18097321900,"Census Tract 3219, Marion County, Indiana",2020,7.640949554896142
18097322000,"Census Tract 3220, Marion County, Indiana",2020,27.693116132422492
18097322100,"Census Tract 3221, Marion County, Indiana",2020,15.355805243445692
18097322200,"Census Tract 3222, Marion County, Indiana",2020,3.9691289966923926
18097322300,"Census Tract 3223, Marion County, Indiana",2020,7.169117647058823
18097322400,"Census Tract 3224, Marion County, Indiana",2020,13.687782805429864
18097322500,"Census Tract 3225, Marion County, Indiana",2020,14.54352441613588
18097322601,"Census Tract 3226.01, Marion County, Indiana",2020,23.866171003717472
18097322602,"Census Tract 3226.02, Marion County, Indiana",2020,0
18097322700,"Census Tract 3227, Marion County, Indiana",2020,25.822532402791627
18097330103,"Census Tract 3301.03, Marion County, Indiana",2020,1.8479630407391852
18097330105,"Census Tract 3301.05, Marion County, Indiana",2020,8.649415101028005
18097330106,"Census Tract 3301.06, Marion County, Indiana",2020,8.840196448809973
18097330107,"Census Tract 3301.07, Marion County, Indiana",2020,2.18978102189781
18097330108,"Census Tract 3301.08, Marion County, Indiana",2020,1.873536299765808
18097330109,"Census Tract 3301.09, Marion County, Indiana",2020,1.86278964107224
18097330203,"Census Tract 3302.03, Marion County, Indiana",2020,0.9552538964303672
18097330204,"Census Tract 3302.04, Marion County, Indiana",2020,4.195535026943803
18097330206,"Census Tract 3302.06, Marion County, Indiana",2020,1.2339055793991416
18097330208,"Census Tract 3302.08, Marion County, Indiana",2020,2.279874213836478
18097330210,"Census Tract 3302.10, Marion County, Indiana",2020,3.580901856763926
18097330211,"Census Tract 3302.11, Marion County, Indiana",2020,10.222432560340748
18097330212,"Census Tract 3302.12, Marion County, Indiana",2020,3.8698822209758834
18097330213,"Census Tract 3302.13, Marion County, Indiana",2020,3.9520958083832336
18097330401,"Census Tract 3304.01, Marion County, Indiana",2020,1.8775145283862316
18097330500,"Census Tract 3305, Marion County, Indiana",2020,5.487591751135967
18097330600,"Census Tract 3306, Marion County, Indiana",2020,7.724189902034665
18097330701,"Census Tract 3307.01, Marion County, Indiana",2020,7.591377694470478
18097330702,"Census Tract 3307.02, Marion County, Indiana",2020,0
18097330803,"Census Tract 3308.03, Marion County, Indiana",2020,33.317261330761816
18097330804,"Census Tract 3308.04, Marion County, Indiana",2020,17.803547066848566
18097330805,"Census Tract 3308.05, Marion County, Indiana",2020,21.716801173881144
18097330806,"Census Tract 3308.06, Marion County, Indiana",2020,14.85254691689008
18097330900,"Census Tract 3309, Marion County, Indiana",2020,8.76944837340877
18097331000,"Census Tract 3310, Marion County, Indiana",2020,13.81004366812227
18097340101,"Census Tract 3401.01, Marion County, Indiana",2020,1.5752032520325203
18097340102,"Census Tract 3401.02, Marion County, Indiana",2020,23.974763406940063
18097340108,"Census Tract 3401.08, Marion County, Indiana",2020,27.748294162244125
18097340111,"Census Tract 3401.11, Marion County, Indiana",2020,2.992776057791538
18097340112,"Census Tract 3401.12, Marion County, Indiana",2020,10.03627569528416
18097340113,"Census Tract 3401.13, Marion County, Indiana",2020,5.323653962492438
18097340114,"Census Tract 3401.14, Marion County, Indiana",2020,0.8097165991902834
18097340115,"Census Tract 3401.15, Marion County, Indiana",2020,12.84313725490196
18097340201,"Census Tract 3402.01, Marion County, Indiana",2020,6.843065693430657
18097340202,"Census Tract 3402.02, Marion County, Indiana",2020,11.14160263446762
18097340301,"Census Tract 3403.01, Marion County, Indiana",2020,11.28472222222222
18097340302,"Census Tract 3403.02, Marion County, Indiana",2020,4.900816802800467
18097340400,"Census Tract 3404, Marion County, Indiana",2020,15.56970983722576
18097340500,"Census Tract 3405, Marion County, Indiana",2020,9.804811620517476
18097340600,"Census Tract 3406, Marion County, Indiana",2020,11.81434599156118
18097340700,"Census Tract 3407, Marion County, Indiana",2020,7.666666666666667
18097340800,"Census Tract 3408, Marion County, Indiana",2020,11.040609137055837
18097340901,"Census Tract 3409.01, Marion County, Indiana",2020,3.9504260263361735
18097340903,"Census Tract 3409.03, Marion County, Indiana",2020,12.18809980806142
18097340904,"Census Tract 3409.04, Marion County, Indiana",2020,6.993299832495812
18097341000,"Census Tract 3410, Marion County, Indiana",2020,8.062418725617686
18097341100,"Census Tract 3411, Marion County, Indiana",2020,24.518201284796575
18097341200,"Census Tract 3412, Marion County, Indiana",2020,25.857519788918207
18097341600,"Census Tract 3416, Marion County, Indiana",2020,17.341040462427745
18097341701,"Census Tract 3417.01, Marion County, Indiana",2020,22.78797996661102
18097341702,"Census Tract 3417.02, Marion County, Indiana",2020,13.973799126637555
18097341902,"Census Tract 3419.02, Marion County, Indiana",2020,10.419161676646707
18097341903,"Census Tract 3419.03, Marion County, Indiana",2020,18.20049301561216
18097341904,"Census Tract 3419.04, Marion County, Indiana",2020,9.877913429522753
18097342000,"Census Tract 3420, Marion County, Indiana",2020,4.737091425864519
18097342101,"Census Tract 3421.01, Marion County, Indiana",2020,7.593123209169055
18097342200,"Census Tract 3422, Marion County, Indiana",2020,10.042283298097251
18097342300,"Census Tract 3423, Marion County, Indiana",2020,9.588493807431083
18097342400,"Census Tract 3424, Marion County, Indiana",2020,20.569620253164562
18097342500,"Census Tract 3425, Marion County, Indiana",2020,9.121245828698552
18097342600,"Census Tract 3426, Marion County, Indiana",2020,21.16883116883117
18097350100,"Census Tract 3501, Marion County, Indiana",2020,32.78688524590164
18097350300,"Census Tract 3503, Marion County, Indiana",2020,31.379310344827587
18097350400,"Census Tract 3504, Marion County, Indiana",2020,22.22222222222222
18097350500,"Census Tract 3505, Marion County, Indiana",2020,21.214574898785425
18097350600,"Census Tract 3506, Marion County, Indiana",2020,14.524271844660197
18097350700,"Census Tract 3507, Marion County, Indiana",2020,14.221724524076148
18097350800,"Census Tract 3508, Marion County, Indiana",2020,35.90951932139491
18097350900,"Census Tract 3509, Marion County, Indiana",2020,29.51015531660693
18097351000,"Census Tract 3510, Marion County, Indiana",2020,28.515625
18097351200,"Census Tract 3512, Marion County, Indiana",2020,31.9396847155586
18097351500,"Census Tract 3515, Marion County, Indiana",2020,21.0896309314587
18097351600,"Census Tract 3516, Marion County, Indiana",2020,9.347996857816185
18097351700,"Census Tract 3517, Marion County, Indiana",2020,38.313701177929325
18097351900,"Census Tract 3519, Marion County, Indiana",2020,10.521885521885524
18097352100,"Census Tract 3521, Marion County, Indiana",2020,32.92035398230089
18097352300,"Census Tract 3523, Marion County, Indiana",2020,25.454545454545453
18097352400,"Census Tract 3524, Marion County, Indiana",2020,17.379310344827587
18097352500,"Census Tract 3525, Marion County, Indiana",2020,10.938367573570238
18097352600,"Census Tract 3526, Marion County, Indiana",2020,28.631801373481245
18097352700,"Census Tract 3527, Marion County, Indiana",2020,34.28345209817894
18097352800,"Census Tract 3528, Marion County, Indiana",2020,24.795640326975477
18097353300,"Census Tract 3533, Marion County, Indiana",2020,24.650642817216323
18097353500,"Census Tract 3535, Marion County, Indiana",2020,5.622489959839357
18097353600,"Census Tract 3536, Marion County, Indiana",2020,22.763237979306147
18097354201,"Census Tract 3542.01, Marion County, Indiana",2020,6.252473288484369
18097354202,"Census Tract 3542.02, Marion County, Indiana",2020,15.766653527788726
18097354400,"Census Tract 3544, Marion County, Indiana",2020,16.038882138517618
18097354500,"Census Tract 3545, Marion County, Indiana",2020,21.283509341998375
18097354700,"Census Tract 3547, Marion County, Indiana",2020,28.329571106094807
18097354800,"Census Tract 3548, Marion County, Indiana",2020,39.362912400455066
18097354900,"Census Tract 3549, Marion County, Indiana",2020,15.676359039190896
18097355000,"Census Tract 3550, Marion County, Indiana",2020,29.923273657289
18097355100,"Census Tract 3551, Marion County, Indiana",2020,23.976608187134502
18097355300,"Census Tract 3553, Marion County, Indiana",2020,13.260530421216847
18097355400,"Census Tract 3554, Marion County, Indiana",2020,16.134751773049647
18097355500,"Census Tract 3555, Marion County, Indiana",2020,13.221153846153848
18097355600,"Census Tract 3556, Marion County, Indiana",2020,13.1
18097355700,"Census Tract 3557, Marion County, Indiana",2020,26.748971193415638
18097355900,"Census Tract 3559, Marion County, Indiana",2020,31.80741910023678
18097356200,"Census Tract 3562, Marion County, Indiana",2020,15.086206896551724
18097356400,"Census Tract 3564, Marion County, Indiana",2020,24.56140350877193
18097356900,"Census Tract 3569, Marion County, Indiana",2020,33.440256615878106
18097357000,"Census Tract 3570, Marion County, Indiana",2020,33.64565587734242
18097357100,"Census Tract 3571, Marion County, Indiana",2020,26.547231270358303
18097357200,"Census Tract 3572, Marion County, Indiana",2020,38.80489560835133
18097357300,"Census Tract 3573, Marion County, Indiana",2020,22.689844464775845
18097357400,"Census Tract 3574, Marion County, Indiana",2020,10.29723991507431
18097357500,"Census Tract 3575, Marion County, Indiana",2020,12.038303693570452
18097357601,"Census Tract 3576.01, Marion County, Indiana",2020,19.565217391304348
18097357602,"Census Tract 3576.02, Marion County, Indiana",2020,21.237458193979933
18097357800,"Census Tract 3578, Marion County, Indiana",2020,20.27455121436114
18097357900,"Census Tract 3579, Marion County, Indiana",2020,27.53315649867374
18097358000,"Census Tract 3580, Marion County, Indiana",2020,22.741935483870968
18097358100,"Census Tract 3581, Marion County, Indiana",2020,24.980422866092404
18097360101,"Census Tract 3601.01, Marion County, Indiana",2020,19.708029197080293
18097360102,"Census Tract 3601.02, Marion County, Indiana",2020,21.091445427728612
18097360201,"Census Tract 3602.01, Marion County, Indiana",2020,5.9871350816427515
18097360202,"Census Tract 3602.02, Marion County, Indiana",2020,6.600660066006601
18097360301,"Census Tract 3603.01, Marion County, Indiana",2020,3.242446573323508
18097360302,"Census Tract 3603.02, Marion County, Indiana",2020,23.125
18097360401,"Census Tract 3604.01, Marion County, Indiana",2020,11.9
18097360402,"Census Tract 3604.02, Marion County, Indiana",2020,6.814159292035399
18097360405,"Census Tract 3604.05, Marion County, Indiana",2020,3.0958597538231998
18097360406,"Census Tract 3604.06, Marion County, Indiana",2020,29.939819458375126
18097360407,"Census Tract 3604.07, Marion County, Indiana",2020,6.355003652300949
18097360501,"Census Tract 3605.01, Marion County, Indiana",2020,7.817836812144212
18097360502,"Census Tract 3605.02, Marion County, Indiana",2020,11.146752205292705
18097360601,"Census Tract 3606.01, Marion County, Indiana",2020,8.7018544935806
18097360602,"Census Tract 3606.02, Marion County, Indiana",2020,11.332858161083394
18097360700,"Census Tract 3607, Marion County, Indiana",2020,4.205128205128205
18097360800,"Census Tract 3608, Marion County, Indiana",2020,18.792401628222525
18097360900,"Census Tract 3609, Marion County, Indiana",2020,3.579676674364896
18097361000,"Census Tract 3610, Marion County, Indiana",2020,2.9702970297029703
18097361100,"Census Tract 3611, Marion County, Indiana",2020,9.312638580931264
18097361200,"Census Tract 3612, Marion County, Indiana",2020,12.173396674584325
18097361300,"Census Tract 3613, Marion County, Indiana",2020,7.699037620297463
18097361401,"Census Tract 3614.01, Marion County, Indiana",2020,3.986220472440945
18097361402,"Census Tract 3614.02, Marion County, Indiana",2020,6.581834137779728
18097361601,"Census Tract 3616.01, Marion County, Indiana",2020,4.7727272727272725
18097361602,"Census Tract 3616.02, Marion County, Indiana",2020,0
18097370201,"Census Tract 3702.01, Marion County, Indiana",2020,10.222531293463144
18097370203,"Census Tract 3702.03, Marion County, Indiana",2020,0
18097370204,"Census Tract 3702.04, Marion County, Indiana",2020,11.2
18097370303,"Census Tract 3703.03, Marion County, Indiana",2020,3.865979381443299
18097370304,"Census Tract 3703.04, Marion County, Indiana",2020,3.879651623119557
18097370305,"Census Tract 3703.05, Marion County, Indiana",2020,6.7143643368189325
18097370306,"Census Tract 3703.06, Marion County, Indiana",2020,4.78494623655914
18097380101,"Census Tract 3801.01, Marion County, Indiana",2020,2.1033868092691623
18097380102,"Census Tract 3801.02, Marion County, Indiana",2020,0
18097380103,"Census Tract 3801.03, Marion County, Indiana",2020,7.360492981855529
18097380200,"Census Tract 3802, Marion County, Indiana",2020,13.619854721549636
18097380301,"Census Tract 3803.01, Marion County, Indiana",2020,13.823163138231632
18097380302,"Census Tract 3803.02, Marion County, Indiana",2020,33.116883116883116
18097380402,"Census Tract 3804.02, Marion County, Indiana",2020,6.310456011054813
18097380403,"Census Tract 3804.03, Marion County, Indiana",2020,11.446945337620578
18097380404,"Census Tract 3804.04, Marion County, Indiana",2020,14.906490649064908
18097380501,"Census Tract 3805.01, Marion County, Indiana",2020,16.36904761904762
18097380502,"Census Tract 3805.02, Marion County, Indiana",2020,24.281842818428185
18097380600,"Census Tract 3806, Marion County, Indiana",2020,7.314897413024085
18097380700,"Census Tract 3807, Marion County, Indiana",2020,2.231237322515213
18097380800,"Census Tract 3808, Marion County, Indiana",2020,4.984423676012461
18097380901,"Census Tract 3809.01, Marion County, Indiana",2020,0
18097380902,"Census Tract 3809.02, Marion County, Indiana",2020,6.812093379257559
18097381002,"Census Tract 3810.02, Marion County, Indiana",2020,7.354001441961067
18097381003,"Census Tract 3810.03, Marion County, Indiana",2020,7.174048658764816
18097381004,"Census Tract 3810.04, Marion County, Indiana",2020,9.9009900990099
18097381101,"Census Tract 3811.01, Marion County, Indiana",2020,3.8793103448275863
18097381102,"Census Tract 3811.02, Marion County, Indiana",2020,2.0809685962920925
18097381203,"Census Tract 3812.03, Marion County, Indiana",2020,8.361486486486486
18097381204,"Census Tract 3812.04, Marion County, Indiana",2020,12.515337423312884
18097381205,"Census Tract 3812.05, Marion County, Indiana",2020,1.974496092143151
18097381206,"Census Tract 3812.06, Marion County, Indiana",2020,8.568443051201672
18097381207,"Census Tract 3812.07, Marion County, Indiana",2020,3.5907859078590785
18097390102,"Census Tract 3901.02, Marion County, Indiana",2020,4.933110367892977
18097390103,"Census Tract 3901.03, Marion County, Indiana",2020,0
18097390104,"Census Tract 3901.04, Marion County, Indiana",2020,1.619047619047619
18097390200,"Census Tract 3902, Marion County, Indiana",2020,8.012994044396319
18097390300,"Census Tract 3903, Marion County, Indiana",2020,5.245428296438884
18097390405,"Census Tract 3904.05, Marion County, Indiana",2020,3.9548022598870056
18097390406,"Census Tract 3904.06, Marion County, Indiana",2020,1.9955654101995568
18097390407,"Census Tract 3904.07, Marion County, Indiana",2020,0.8810572687224669
18097390408,"Census Tract 3904.08, Marion County, Indiana",2020,0
18097390409,"Census Tract 3904.09, Marion County, Indiana",2020,5.574012550756737
18097390410,"Census Tract 3904.10, Marion County, Indiana",2020,0
18097390411,"Census Tract 3904.11, Marion County, Indiana",2020,5.818414322250639
18097390500,"Census Tract 3905, Marion County, Indiana",2020,34.829833454018825
18097390601,"Census Tract 3906.01, Marion County, Indiana",2020,12.150279776179056
18097390602,"Census Tract 3906.02, Marion County, Indiana",2020,4.769475357710652
18097390700,"Census Tract 3907, Marion County, Indiana",2020,27.902097902097903
18097390801,"Census Tract 3908.01, Marion County, Indiana",2020,NA
18097390802,"Census Tract 3908.02, Marion County, Indiana",2020,13.31953071083506
18097390900,"Census Tract 3909, Marion County, Indiana",2020,17.838157117542824
18097391001,"Census Tract 3910.01, Marion County, Indiana",2020,15.384615384615383
18097391002,"Census Tract 3910.02, Marion County, Indiana",2020,4.521845401772074
18097310104,"Census Tract 3101.04, Marion County, Indiana",2021,11.874105865522177
18097310105,"Census Tract 3101.05, Marion County, Indiana",2021,0.6963042313872523
18097310106,"Census Tract 3101.06, Marion County, Indiana",2021,3.2757857459052677
18097310108,"Census Tract 3101.08, Marion County, Indiana",2021,5.542590431738623
18097310110,"Census Tract 3101.10, Marion County, Indiana",2021,5.128205128205129
18097310111,"Census Tract 3101.11, Marion County, Indiana",2021,6.888217522658611
18097310112,"Census Tract 3101.12, Marion County, Indiana",2021,1.931415057154119
18097310113,"Census Tract 3101.13, Marion County, Indiana",2021,13.910761154855644
18097310201,"Census Tract 3102.01, Marion County, Indiana",2021,9.72139893301719
18097310203,"Census Tract 3102.03, Marion County, Indiana",2021,9.090909090909092
18097310204,"Census Tract 3102.04, Marion County, Indiana",2021,3.7548315847598017
18097310305,"Census Tract 3103.05, Marion County, Indiana",2021,10.62874251497006
18097310306,"Census Tract 3103.06, Marion County, Indiana",2021,10.06820396232543
18097310308,"Census Tract 3103.08, Marion County, Indiana",2021,14.55437448896157
18097310309,"Census Tract 3103.09, Marion County, Indiana",2021,14.709371293001189
18097310310,"Census Tract 3103.10, Marion County, Indiana",2021,0.5065856129685917
18097310311,"Census Tract 3103.11, Marion County, Indiana",2021,3.989637305699482
18097310312,"Census Tract 3103.12, Marion County, Indiana",2021,5.559345156889496
18097320105,"Census Tract 3201.05, Marion County, Indiana",2021,5.231081767394617
18097320106,"Census Tract 3201.06, Marion County, Indiana",2021,10.129310344827584
18097320107,"Census Tract 3201.07, Marion County, Indiana",2021,3.027027027027027
18097320108,"Census Tract 3201.08, Marion County, Indiana",2021,8.110267678785457
18097320109,"Census Tract 3201.09, Marion County, Indiana",2021,1.2345679012345678
18097320202,"Census Tract 3202.02, Marion County, Indiana",2021,14.130052724077329
18097320203,"Census Tract 3202.03, Marion County, Indiana",2021,9.095860566448804
18097320205,"Census Tract 3202.05, Marion County, Indiana",2021,21.692111959287537
18097320206,"Census Tract 3202.06, Marion County, Indiana",2021,21.1340206185567
18097320301,"Census Tract 3203.01, Marion County, Indiana",2021,3.913491246138002
18097320303,"Census Tract 3203.03, Marion County, Indiana",2021,13.03205465055176
18097320305,"Census Tract 3203.05, Marion County, Indiana",2021,0
18097320306,"Census Tract 3203.06, Marion County, Indiana",2021,4.305200341005968
18097320400,"Census Tract 3204, Marion County, Indiana",2021,5.1914341336794285
18097320500,"Census Tract 3205, Marion County, Indiana",2021,8.916776750330252
18097320600,"Census Tract 3206, Marion County, Indiana",2021,6.184668989547038
18097320700,"Census Tract 3207, Marion County, Indiana",2021,2.168473728106755
18097320800,"Census Tract 3208, Marion County, Indiana",2021,4.4606650446066505
18097320901,"Census Tract 3209.01, Marion County, Indiana",2021,4.2965779467680605
18097320902,"Census Tract 3209.02, Marion County, Indiana",2021,14.074451810300866
18097320903,"Census Tract 3209.03, Marion County, Indiana",2021,12.818299525248166
18097321001,"Census Tract 3210.01, Marion County, Indiana",2021,8.683974932855865
18097321002,"Census Tract 3210.02, Marion County, Indiana",2021,7.209876543209877
18097321100,"Census Tract 3211, Marion County, Indiana",2021,9.085475194261804
18097321200,"Census Tract 3212, Marion County, Indiana",2021,6.484483557202409
18097321300,"Census Tract 3213, Marion County, Indiana",2021,0.7158196134574087
18097321400,"Census Tract 3214, Marion County, Indiana",2021,4.147465437788019
18097321600,"Census Tract 3216, Marion County, Indiana",2021,8.616088448341593
18097321700,"Census Tract 3217, Marion County, Indiana",2021,4.704238472286912
18097321800,"Census Tract 3218, Marion County, Indiana",2021,6.727629000653168
18097321900,"Census Tract 3219, Marion County, Indiana",2021,6.24505928853755
18097322000,"Census Tract 3220, Marion County, Indiana",2021,27.678571428571427
18097322100,"Census Tract 3221, Marion County, Indiana",2021,12.603495860165593
18097322200,"Census Tract 3222, Marion County, Indiana",2021,2.5727069351230427
18097322300,"Census Tract 3223, Marion County, Indiana",2021,9.198542805100182
18097322400,"Census Tract 3224, Marion County, Indiana",2021,12.472035794183444
18097322500,"Census Tract 3225, Marion County, Indiana",2021,16.7890870933893
18097322601,"Census Tract 3226.01, Marion County, Indiana",2021,29.314242652599848
18097322602,"Census Tract 3226.02, Marion County, Indiana",2021,3.096330275229358
18097322700,"Census Tract 3227, Marion County, Indiana",2021,17.684594348222426
18097330103,"Census Tract 3301.03, Marion County, Indiana",2021,3.234265734265734
18097330105,"Census Tract 3301.05, Marion County, Indiana",2021,10.90974990938746
18097330106,"Census Tract 3301.06, Marion County, Indiana",2021,10.645526613816534
18097330107,"Census Tract 3301.07, Marion County, Indiana",2021,2.2572402044293014
18097330108,"Census Tract 3301.08, Marion County, Indiana",2021,1.8393623543838136
18097330109,"Census Tract 3301.09, Marion County, Indiana",2021,1.873198847262248
18097330203,"Census Tract 3302.03, Marion County, Indiana",2021,1.1140583554376655
18097330204,"Census Tract 3302.04, Marion County, Indiana",2021,3.6281179138322
18097330206,"Census Tract 3302.06, Marion County, Indiana",2021,1.5516318887105405
18097330208,"Census Tract 3302.08, Marion County, Indiana",2021,3.0651340996168583
18097330210,"Census Tract 3302.10, Marion County, Indiana",2021,5.320540776275622
18097330211,"Census Tract 3302.11, Marion County, Indiana",2021,7.998061076102763
18097330212,"Census Tract 3302.12, Marion County, Indiana",2021,4.125412541254126
18097330213,"Census Tract 3302.13, Marion County, Indiana",2021,7.400828892835998
18097330401,"Census Tract 3304.01, Marion County, Indiana",2021,2.3480662983425415
18097330500,"Census Tract 3305, Marion County, Indiana",2021,3.633720930232558
18097330600,"Census Tract 3306, Marion County, Indiana",2021,9.780966767371602
18097330701,"Census Tract 3307.01, Marion County, Indiana",2021,9.66010733452594
18097330702,"Census Tract 3307.02, Marion County, Indiana",2021,0
18097330803,"Census Tract 3308.03, Marion County, Indiana",2021,32.071809801067445
18097330804,"Census Tract 3308.04, Marion County, Indiana",2021,18.419290020093772
18097330805,"Census Tract 3308.05, Marion County, Indiana",2021,21.530382595648913
18097330806,"Census Tract 3308.06, Marion County, Indiana",2021,17.88574479444741
18097330900,"Census Tract 3309, Marion County, Indiana",2021,9.412955465587045
18097331000,"Census Tract 3310, Marion County, Indiana",2021,15.96269884805266
18097340101,"Census Tract 3401.01, Marion County, Indiana",2021,4.214751630707476
18097340102,"Census Tract 3401.02, Marion County, Indiana",2021,20.13574660633484
18097340108,"Census Tract 3401.08, Marion County, Indiana",2021,20.290858725761773
18097340111,"Census Tract 3401.11, Marion County, Indiana",2021,2.2587268993839835
18097340112,"Census Tract 3401.12, Marion County, Indiana",2021,13.159968479117415
18097340113,"Census Tract 3401.13, Marion County, Indiana",2021,3.56718192627824
18097340114,"Census Tract 3401.14, Marion County, Indiana",2021,1.605231866825208
18097340115,"Census Tract 3401.15, Marion County, Indiana",2021,11.315956770502224
18097340201,"Census Tract 3402.01, Marion County, Indiana",2021,3.3387622149837135
18097340202,"Census Tract 3402.02, Marion County, Indiana",2021,7.400288322921672
18097340301,"Census Tract 3403.01, Marion County, Indiana",2021,11.576354679802956
18097340302,"Census Tract 3403.02, Marion County, Indiana",2021,6.188925081433225
18097340400,"Census Tract 3404, Marion County, Indiana",2021,11.875
18097340500,"Census Tract 3405, Marion County, Indiana",2021,9.70500213766567
18097340600,"Census Tract 3406, Marion County, Indiana",2021,11.234817813765185
18097340700,"Census Tract 3407, Marion County, Indiana",2021,8.50253807106599
18097340800,"Census Tract 3408, Marion County, Indiana",2021,12.217194570135746
18097340901,"Census Tract 3409.01, Marion County, Indiana",2021,2.637528259231349
18097340903,"Census Tract 3409.03, Marion County, Indiana",2021,5.332086061739944
18097340904,"Census Tract 3409.04, Marion County, Indiana",2021,9.173272933182332
18097341000,"Census Tract 3410, Marion County, Indiana",2021,6.752037252619325
18097341100,"Census Tract 3411, Marion County, Indiana",2021,21.29436325678497
18097341200,"Census Tract 3412, Marion County, Indiana",2021,32.58813413585555
18097341600,"Census Tract 3416, Marion County, Indiana",2021,15.354330708661417
18097341701,"Census Tract 3417.01, Marion County, Indiana",2021,23.00347222222222
18097341702,"Census Tract 3417.02, Marion County, Indiana",2021,12.39406779661017
18097341902,"Census Tract 3419.02, Marion County, Indiana",2021,7.830626450116009
18097341903,"Census Tract 3419.03, Marion County, Indiana",2021,15.98860862489829
18097341904,"Census Tract 3419.04, Marion County, Indiana",2021,4.72764645426516
18097342000,"Census Tract 3420, Marion County, Indiana",2021,5.155555555555556
18097342101,"Census Tract 3421.01, Marion County, Indiana",2021,5.46028880866426
18097342200,"Census Tract 3422, Marion County, Indiana",2021,12.075848303393212
18097342300,"Census Tract 3423, Marion County, Indiana",2021,6.953773212169103
18097342400,"Census Tract 3424, Marion County, Indiana",2021,15.619967793880836
18097342500,"Census Tract 3425, Marion County, Indiana",2021,6.630434782608695
18097342600,"Census Tract 3426, Marion County, Indiana",2021,24.71042471042471
18097350100,"Census Tract 3501, Marion County, Indiana",2021,28.198433420365536
18097350300,"Census Tract 3503, Marion County, Indiana",2021,26.53455775737071
18097350400,"Census Tract 3504, Marion County, Indiana",2021,13.757861635220126
18097350500,"Census Tract 3505, Marion County, Indiana",2021,21.71206225680934
18097350600,"Census Tract 3506, Marion County, Indiana",2021,14.678558156819026
18097350700,"Census Tract 3507, Marion County, Indiana",2021,15.376226826608503
18097350800,"Census Tract 3508, Marion County, Indiana",2021,28.971119133574007
18097350900,"Census Tract 3509, Marion County, Indiana",2021,23.93258426966292
18097351000,"Census Tract 3510, Marion County, Indiana",2021,31.01673101673102
18097351200,"Census Tract 3512, Marion County, Indiana",2021,30.446194225721783
18097351500,"Census Tract 3515, Marion County, Indiana",2021,20.03577817531306
18097351600,"Census Tract 3516, Marion County, Indiana",2021,9.219330855018589
18097351700,"Census Tract 3517, Marion County, Indiana",2021,36.12662942271881
18097351900,"Census Tract 3519, Marion County, Indiana",2021,13.157894736842104
18097352100,"Census Tract 3521, Marion County, Indiana",2021,31.68831168831169
18097352300,"Census Tract 3523, Marion County, Indiana",2021,20.385674931129476
18097352400,"Census Tract 3524, Marion County, Indiana",2021,11.476510067114091
18097352500,"Census Tract 3525, Marion County, Indiana",2021,10.071154898741106
18097352600,"Census Tract 3526, Marion County, Indiana",2021,29.92047713717694
18097352700,"Census Tract 3527, Marion County, Indiana",2021,28.626842513576417
18097352800,"Census Tract 3528, Marion County, Indiana",2021,20.30598052851182
18097353300,"Census Tract 3533, Marion County, Indiana",2021,22.58235919234857
18097353500,"Census Tract 3535, Marion County, Indiana",2021,9.559939301972683
18097353600,"Census Tract 3536, Marion County, Indiana",2021,19.876543209876544
18097354201,"Census Tract 3542.01, Marion County, Indiana",2021,7.886904761904762
18097354202,"Census Tract 3542.02, Marion County, Indiana",2021,13.911060433295326
18097354400,"Census Tract 3544, Marion County, Indiana",2021,18.480725623582767
18097354500,"Census Tract 3545, Marion County, Indiana",2021,20.52927024859663
18097354700,"Census Tract 3547, Marion County, Indiana",2021,25.164835164835164
18097354800,"Census Tract 3548, Marion County, Indiana",2021,41.89473684210526
18097354900,"Census Tract 3549, Marion County, Indiana",2021,14.03834260977118
18097355000,"Census Tract 3550, Marion County, Indiana",2021,34.5514950166113
18097355100,"Census Tract 3551, Marion County, Indiana",2021,22.285251215559157
18097355300,"Census Tract 3553, Marion County, Indiana",2021,12.527634487840825
18097355400,"Census Tract 3554, Marion County, Indiana",2021,17.0662100456621
18097355500,"Census Tract 3555, Marion County, Indiana",2021,11.355529131985731
18097355600,"Census Tract 3556, Marion County, Indiana",2021,15.250965250965251
18097355700,"Census Tract 3557, Marion County, Indiana",2021,25.549227013832382
18097355900,"Census Tract 3559, Marion County, Indiana",2021,30.309734513274336
18097356200,"Census Tract 3562, Marion County, Indiana",2021,16.80482290881688
18097356400,"Census Tract 3564, Marion County, Indiana",2021,21.186011150532185
18097356900,"Census Tract 3569, Marion County, Indiana",2021,35.98233995584989
18097357000,"Census Tract 3570, Marion County, Indiana",2021,33.3605220228385
18097357100,"Census Tract 3571, Marion County, Indiana",2021,26.103795507358637
18097357200,"Census Tract 3572, Marion County, Indiana",2021,33.011049723756905
18097357300,"Census Tract 3573, Marion County, Indiana",2021,22.683982683982684
18097357400,"Census Tract 3574, Marion County, Indiana",2021,13.198757763975156
18097357500,"Census Tract 3575, Marion County, Indiana",2021,12.148249828414553
18097357601,"Census Tract 3576.01, Marion County, Indiana",2021,16.89068100358423
18097357602,"Census Tract 3576.02, Marion County, Indiana",2021,20.230263157894736
18097357800,"Census Tract 3578, Marion County, Indiana",2021,24.63157894736842
18097357900,"Census Tract 3579, Marion County, Indiana",2021,26.90721649484536
18097358000,"Census Tract 3580, Marion County, Indiana",2021,20.47244094488189
18097358100,"Census Tract 3581, Marion County, Indiana",2021,26.878388845855927
18097360101,"Census Tract 3601.01, Marion County, Indiana",2021,24.372230428360417
18097360102,"Census Tract 3601.02, Marion County, Indiana",2021,21.96048632218845
18097360201,"Census Tract 3602.01, Marion County, Indiana",2021,3.5389765662362507
18097360202,"Census Tract 3602.02, Marion County, Indiana",2021,7.433016421780467
18097360301,"Census Tract 3603.01, Marion County, Indiana",2021,2.397003745318352
18097360302,"Census Tract 3603.02, Marion County, Indiana",2021,23.10606060606061
18097360401,"Census Tract 3604.01, Marion County, Indiana",2021,9.431392577459992
18097360402,"Census Tract 3604.02, Marion County, Indiana",2021,5.52200172562554
18097360405,"Census Tract 3604.05, Marion County, Indiana",2021,4.3087298613713
18097360406,"Census Tract 3604.06, Marion County, Indiana",2021,29.162512462612163
18097360407,"Census Tract 3604.07, Marion County, Indiana",2021,6.098457016899339
18097360501,"Census Tract 3605.01, Marion County, Indiana",2021,3.563129357087529
18097360502,"Census Tract 3605.02, Marion County, Indiana",2021,11.409942950285249
18097360601,"Census Tract 3606.01, Marion County, Indiana",2021,7.2485207100591715
18097360602,"Census Tract 3606.02, Marion County, Indiana",2021,8.75281743050338
18097360700,"Census Tract 3607, Marion County, Indiana",2021,1.5906680805938491
18097360800,"Census Tract 3608, Marion County, Indiana",2021,16.479152878888154
18097360900,"Census Tract 3609, Marion County, Indiana",2021,5.075552111584657
18097361000,"Census Tract 3610, Marion County, Indiana",2021,2.862419205909511
18097361100,"Census Tract 3611, Marion County, Indiana",2021,9.49367088607595
18097361200,"Census Tract 3612, Marion County, Indiana",2021,11.00303951367781
18097361300,"Census Tract 3613, Marion County, Indiana",2021,7.6923076923076925
18097361401,"Census Tract 3614.01, Marion County, Indiana",2021,3.604060913705584
18097361402,"Census Tract 3614.02, Marion County, Indiana",2021,7.354895879486043
18097361601,"Census Tract 3616.01, Marion County, Indiana",2021,6.124357176250585
18097361602,"Census Tract 3616.02, Marion County, Indiana",2021,0
18097370201,"Census Tract 3702.01, Marion County, Indiana",2021,12.533512064343164
18097370203,"Census Tract 3702.03, Marion County, Indiana",2021,3.536345776031434
18097370204,"Census Tract 3702.04, Marion County, Indiana",2021,10.610932475884244
18097370303,"Census Tract 3703.03, Marion County, Indiana",2021,5.0627784528149045
18097370304,"Census Tract 3703.04, Marion County, Indiana",2021,0
18097370305,"Census Tract 3703.05, Marion County, Indiana",2021,7.785753727222529
18097370306,"Census Tract 3703.06, Marion County, Indiana",2021,2.207727044656297
18097380101,"Census Tract 3801.01, Marion County, Indiana",2021,0
18097380102,"Census Tract 3801.02, Marion County, Indiana",2021,0
18097380103,"Census Tract 3801.03, Marion County, Indiana",2021,3.042198233562316
18097380200,"Census Tract 3802, Marion County, Indiana",2021,12.659698025551684
18097380301,"Census Tract 3803.01, Marion County, Indiana",2021,8.851674641148325
18097380302,"Census Tract 3803.02, Marion County, Indiana",2021,33.65890308039069
18097380402,"Census Tract 3804.02, Marion County, Indiana",2021,8.710801393728223
18097380403,"Census Tract 3804.03, Marion County, Indiana",2021,7.570977917981073
18097380404,"Census Tract 3804.04, Marion County, Indiana",2021,13.914455874390905
18097380501,"Census Tract 3805.01, Marion County, Indiana",2021,14.754098360655735
18097380502,"Census Tract 3805.02, Marion County, Indiana",2021,19.305628616517623
18097380600,"Census Tract 3806, Marion County, Indiana",2021,10.451612903225806
18097380700,"Census Tract 3807, Marion County, Indiana",2021,0.7355787843592722
18097380800,"Census Tract 3808, Marion County, Indiana",2021,6.042296072507553
18097380901,"Census Tract 3809.01, Marion County, Indiana",2021,0
18097380902,"Census Tract 3809.02, Marion County, Indiana",2021,1.896094046264695
18097381002,"Census Tract 3810.02, Marion County, Indiana",2021,6.442769019876628
18097381003,"Census Tract 3810.03, Marion County, Indiana",2021,5.515898767034393
18097381004,"Census Tract 3810.04, Marion County, Indiana",2021,9.43627450980392
18097381101,"Census Tract 3811.01, Marion County, Indiana",2021,5.646359583952452
18097381102,"Census Tract 3811.02, Marion County, Indiana",2021,1.5101289134438305
18097381203,"Census Tract 3812.03, Marion County, Indiana",2021,7.553107789142407
18097381204,"Census Tract 3812.04, Marion County, Indiana",2021,19.19953596287703
18097381205,"Census Tract 3812.05, Marion County, Indiana",2021,1.225114854517611
18097381206,"Census Tract 3812.06, Marion County, Indiana",2021,7.959401709401709
18097381207,"Census Tract 3812.07, Marion County, Indiana",2021,1.717557251908397
18097390102,"Census Tract 3901.02, Marion County, Indiana",2021,4.266274365575579
18097390103,"Census Tract 3901.03, Marion County, Indiana",2021,0
18097390104,"Census Tract 3901.04, Marion County, Indiana",2021,0.9639564124057
18097390200,"Census Tract 3902, Marion County, Indiana",2021,7.68217734855136
18097390300,"Census Tract 3903, Marion County, Indiana",2021,8.00340570455513
18097390405,"Census Tract 3904.05, Marion County, Indiana",2021,2.704081632653061
18097390406,"Census Tract 3904.06, Marion County, Indiana",2021,3.673272112131464
18097390407,"Census Tract 3904.07, Marion County, Indiana",2021,0.8268482490272373
18097390408,"Census Tract 3904.08, Marion County, Indiana",2021,0
18097390409,"Census Tract 3904.09, Marion County, Indiana",2021,0
18097390410,"Census Tract 3904.10, Marion County, Indiana",2021,0
18097390411,"Census Tract 3904.11, Marion County, Indiana",2021,8.710801393728223
18097390500,"Census Tract 3905, Marion County, Indiana",2021,31.357684355616815
18097390601,"Census Tract 3906.01, Marion County, Indiana",2021,21.978984238178633
18097390602,"Census Tract 3906.02, Marion County, Indiana",2021,1.693121693121693
18097390700,"Census Tract 3907, Marion County, Indiana",2021,25.21172638436482
18097390801,"Census Tract 3908.01, Marion County, Indiana",2021,NA
18097390802,"Census Tract 3908.02, Marion County, Indiana",2021,12.163892445582588
18097390900,"Census Tract 3909, Marion County, Indiana",2021,16.25069328896284
18097391001,"Census Tract 3910.01, Marion County, Indiana",2021,15.371024734982331
18097391002,"Census Tract 3910.02, Marion County, Indiana",2021,7.741576162628794
18097310104,Census Tract 3101.04; Marion County; Indiana,2022,11.68770453482936
18097310105,Census Tract 3101.05; Marion County; Indiana,2022,0.8465608465608465
18097310106,Census Tract 3101.06; Marion County; Indiana,2022,3.276595744680851
18097310108,Census Tract 3101.08; Marion County; Indiana,2022,3.495260663507109
18097310110,Census Tract 3101.10; Marion County; Indiana,2022,6.481481481481482
18097310111,Census Tract 3101.11; Marion County; Indiana,2022,4.088785046728972
18097310112,Census Tract 3101.12; Marion County; Indiana,2022,2.3274161735700196
18097310113,Census Tract 3101.13; Marion County; Indiana,2022,10.133333333333333
18097310201,Census Tract 3102.01; Marion County; Indiana,2022,8.839127872716558
18097310203,Census Tract 3102.03; Marion County; Indiana,2022,6.099110546378653
18097310204,Census Tract 3102.04; Marion County; Indiana,2022,4.240088105726873
18097310305,Census Tract 3103.05; Marion County; Indiana,2022,8.562019758507136
18097310306,Census Tract 3103.06; Marion County; Indiana,2022,8.551992225461614
18097310308,Census Tract 3103.08; Marion County; Indiana,2022,6.483790523690773
18097310309,Census Tract 3103.09; Marion County; Indiana,2022,15.073115860517436
18097310310,Census Tract 3103.10; Marion County; Indiana,2022,0.5083884087442806
18097310311,Census Tract 3103.11; Marion County; Indiana,2022,2.2256728778467907
18097310312,Census Tract 3103.12; Marion County; Indiana,2022,5.391828533154722
18097320105,Census Tract 3201.05; Marion County; Indiana,2022,5.083884087442806
18097320106,Census Tract 3201.06; Marion County; Indiana,2022,6.0967063770147165
18097320107,Census Tract 3201.07; Marion County; Indiana,2022,2.643171806167401
18097320108,Census Tract 3201.08; Marion County; Indiana,2022,11.176702085792996
18097320109,Census Tract 3201.09; Marion County; Indiana,2022,1.8950437317784257
18097320202,Census Tract 3202.02; Marion County; Indiana,2022,14.682675814751288
18097320203,Census Tract 3202.03; Marion County; Indiana,2022,9.914712153518124
18097320205,Census Tract 3202.05; Marion County; Indiana,2022,16.361339229311433
18097320206,Census Tract 3202.06; Marion County; Indiana,2022,25.578769057029927
18097320301,Census Tract 3203.01; Marion County; Indiana,2022,3.4805194805194803
18097320303,Census Tract 3203.03; Marion County; Indiana,2022,12.169042769857434
18097320305,Census Tract 3203.05; Marion County; Indiana,2022,0
18097320306,Census Tract 3203.06; Marion County; Indiana,2022,2.554278416347382
18097320400,Census Tract 3204; Marion County; Indiana,2022,4.835589941972921
18097320500,Census Tract 3205; Marion County; Indiana,2022,7.397622192866579
18097320600,Census Tract 3206; Marion County; Indiana,2022,8.37696335078534
18097320700,Census Tract 3207; Marion County; Indiana,2022,6.360153256704981
18097320800,Census Tract 3208; Marion County; Indiana,2022,7.341576506955178
18097320901,Census Tract 3209.01; Marion County; Indiana,2022,4.786836200448766
18097320902,Census Tract 3209.02; Marion County; Indiana,2022,15.530497180932857
18097320903,Census Tract 3209.03; Marion County; Indiana,2022,14.682372738746318
18097321001,Census Tract 3210.01; Marion County; Indiana,2022,4.6660567246111615
18097321002,Census Tract 3210.02; Marion County; Indiana,2022,7.160493827160494
18097321100,Census Tract 3211; Marion County; Indiana,2022,9.730363423212191
18097321200,Census Tract 3212; Marion County; Indiana,2022,7.617278216442173
18097321300,Census Tract 3213; Marion County; Indiana,2022,2.007168458781362
18097321400,Census Tract 3214; Marion County; Indiana,2022,2.051877661633759
18097321600,Census Tract 3216; Marion County; Indiana,2022,11.348872755063049
18097321700,Census Tract 3217; Marion County; Indiana,2022,3.1425891181988743
18097321800,Census Tract 3218; Marion County; Indiana,2022,7.9240340537000655
18097321900,Census Tract 3219; Marion County; Indiana,2022,0.9523809523809524
18097322000,Census Tract 3220; Marion County; Indiana,2022,18.22529224229543
18097322100,Census Tract 3221; Marion County; Indiana,2022,16.208791208791208
18097322200,Census Tract 3222; Marion County; Indiana,2022,2.0044543429844097
18097322300,Census Tract 3223; Marion County; Indiana,2022,12.952898550724637
18097322400,Census Tract 3224; Marion County; Indiana,2022,12.044817927170868
18097322500,Census Tract 3225; Marion County; Indiana,2022,18.553459119496857
18097322601,Census Tract 3226.01; Marion County; Indiana,2022,29.57430918595967
18097322602,Census Tract 3226.02; Marion County; Indiana,2022,6.3657407407407405
18097322700,Census Tract 3227; Marion County; Indiana,2022,20.28725314183124
18097330103,Census Tract 3301.03; Marion County; Indiana,2022,5.295138888888889
18097330105,Census Tract 3301.05; Marion County; Indiana,2022,15.026833631484797
18097330106,Census Tract 3301.06; Marion County; Indiana,2022,14.940828402366863
18097330107,Census Tract 3301.07; Marion County; Indiana,2022,3.547297297297298
18097330108,Census Tract 3301.08; Marion County; Indiana,2022,0
18097330109,Census Tract 3301.09; Marion County; Indiana,2022,2.0495710200190658
18097330203,Census Tract 3302.03; Marion County; Indiana,2022,1.372756071805702
18097330204,Census Tract 3302.04; Marion County; Indiana,2022,2.033438770899232
18097330206,Census Tract 3302.06; Marion County; Indiana,2022,1.673866090712743
18097330208,Census Tract 3302.08; Marion County; Indiana,2022,2.902979373567609
18097330210,Census Tract 3302.10; Marion County; Indiana,2022,7.142857142857143
18097330211,Census Tract 3302.11; Marion County; Indiana,2022,14.178049929345264
18097330212,Census Tract 3302.12; Marion County; Indiana,2022,3.910917979359044
18097330213,Census Tract 3302.13; Marion County; Indiana,2022,7.715674362089915
18097330401,Census Tract 3304.01; Marion County; Indiana,2022,2.370500438981563
18097330500,Census Tract 3305; Marion County; Indiana,2022,5.152394775036284
18097330600,Census Tract 3306; Marion County; Indiana,2022,8.425467022493327
18097330701,Census Tract 3307.01; Marion County; Indiana,2022,10.036496350364963
18097330702,Census Tract 3307.02; Marion County; Indiana,2022,2.0833333333333335
18097330803,Census Tract 3308.03; Marion County; Indiana,2022,29.93512511584801
18097330804,Census Tract 3308.04; Marion County; Indiana,2022,16.8923275306254
18097330805,Census Tract 3308.05; Marion County; Indiana,2022,24.77810650887574
18097330806,Census Tract 3308.06; Marion County; Indiana,2022,18.64406779661017
18097330900,Census Tract 3309; Marion County; Indiana,2022,6.718346253229974
18097331000,Census Tract 3310; Marion County; Indiana,2022,13.665594855305466
18097340101,Census Tract 3401.01; Marion County; Indiana,2022,3.0837004405286343
18097340102,Census Tract 3401.02; Marion County; Indiana,2022,17.438692098092645
18097340108,Census Tract 3401.08; Marion County; Indiana,2022,12.405757368060316
18097340111,Census Tract 3401.11; Marion County; Indiana,2022,2.441505595116989
18097340112,Census Tract 3401.12; Marion County; Indiana,2022,13.389121338912132
18097340113,Census Tract 3401.13; Marion County; Indiana,2022,5.350028457598179
18097340114,Census Tract 3401.14; Marion County; Indiana,2022,1.6870273414776034
18097340115,Census Tract 3401.15; Marion County; Indiana,2022,8.441353145747708
18097340201,Census Tract 3402.01; Marion County; Indiana,2022,5.555555555555555
18097340202,Census Tract 3402.02; Marion County; Indiana,2022,8.919961427193828
18097340301,Census Tract 3403.01; Marion County; Indiana,2022,14.626129827444537
18097340302,Census Tract 3403.02; Marion County; Indiana,2022,4.461795872838818
18097340400,Census Tract 3404; Marion County; Indiana,2022,7.479784366576819
18097340500,Census Tract 3405; Marion County; Indiana,2022,9.19790758500436
18097340600,Census Tract 3406; Marion County; Indiana,2022,12.628992628992629
18097340700,Census Tract 3407; Marion County; Indiana,2022,6.407035175879397
18097340800,Census Tract 3408; Marion County; Indiana,2022,9.080188679245284
18097340901,Census Tract 3409.01; Marion County; Indiana,2022,2.591463414634146
18097340903,Census Tract 3409.03; Marion County; Indiana,2022,4.995693367786391
18097340904,Census Tract 3409.04; Marion County; Indiana,2022,9.08739365815932
18097341000,Census Tract 3410; Marion County; Indiana,2022,5.635491606714628
18097341100,Census Tract 3411; Marion County; Indiana,2022,21.486761710794298
18097341200,Census Tract 3412; Marion County; Indiana,2022,32.38341968911917
18097341600,Census Tract 3416; Marion County; Indiana,2022,13.762376237623762
18097341701,Census Tract 3417.01; Marion County; Indiana,2022,26.86567164179105
18097341702,Census Tract 3417.02; Marion County; Indiana,2022,10.458911419423693
18097341902,Census Tract 3419.02; Marion County; Indiana,2022,5.205320994794679
18097341903,Census Tract 3419.03; Marion County; Indiana,2022,15.101877746703956
18097341904,Census Tract 3419.04; Marion County; Indiana,2022,4.395604395604396
18097342000,Census Tract 3420; Marion County; Indiana,2022,6.366530241018645
18097342101,Census Tract 3421.01; Marion County; Indiana,2022,7.597173144876325
18097342200,Census Tract 3422; Marion County; Indiana,2022,8.663366336633663
18097342300,Census Tract 3423; Marion County; Indiana,2022,5.18579011841568
18097342400,Census Tract 3424; Marion County; Indiana,2022,17.128874388254488
18097342500,Census Tract 3425; Marion County; Indiana,2022,6.328423349699945
18097342600,Census Tract 3426; Marion County; Indiana,2022,23.93721386527142
18097350100,Census Tract 3501; Marion County; Indiana,2022,21.566110397946083
18097350300,Census Tract 3503; Marion County; Indiana,2022,24.02126631222813
18097350400,Census Tract 3504; Marion County; Indiana,2022,14.385692068429238
18097350500,Census Tract 3505; Marion County; Indiana,2022,20.06149116064566
18097350600,Census Tract 3506; Marion County; Indiana,2022,10.829921845924824
18097350700,Census Tract 3507; Marion County; Indiana,2022,16.832779623477297
18097350800,Census Tract 3508; Marion County; Indiana,2022,25.984251968503937
18097350900,Census Tract 3509; Marion County; Indiana,2022,21.42051860202931
18097351000,Census Tract 3510; Marion County; Indiana,2022,33.98184176394293
18097351200,Census Tract 3512; Marion County; Indiana,2022,27.249357326478147
18097351500,Census Tract 3515; Marion County; Indiana,2022,16.554621848739497
18097351600,Census Tract 3516; Marion County; Indiana,2022,8.314606741573034
18097351700,Census Tract 3517; Marion County; Indiana,2022,29.71639950678175
18097351900,Census Tract 3519; Marion County; Indiana,2022,15.867768595041325
18097352100,Census Tract 3521; Marion County; Indiana,2022,31.893382352941178
18097352300,Census Tract 3523; Marion County; Indiana,2022,22.237380627557982
18097352400,Census Tract 3524; Marion County; Indiana,2022,12.424037812288994
18097352500,Census Tract 3525; Marion County; Indiana,2022,8.259911894273127
18097352600,Census Tract 3526; Marion County; Indiana,2022,28.27172827172827
18097352700,Census Tract 3527; Marion County; Indiana,2022,24.76114649681529
18097352800,Census Tract 3528; Marion County; Indiana,2022,19.63589076723017
18097353300,Census Tract 3533; Marion County; Indiana,2022,18.726183995645073
18097353500,Census Tract 3535; Marion County; Indiana,2022,6.268882175226586
18097353600,Census Tract 3536; Marion County; Indiana,2022,23.69578881206788
18097354201,Census Tract 3542.01; Marion County; Indiana,2022,7.605235231694376
18097354202,Census Tract 3542.02; Marion County; Indiana,2022,12.30535510824155
18097354400,Census Tract 3544; Marion County; Indiana,2022,17.60644418872267
18097354500,Census Tract 3545; Marion County; Indiana,2022,20.81174438687392
18097354700,Census Tract 3547; Marion County; Indiana,2022,23.847019122609673
18097354800,Census Tract 3548; Marion County; Indiana,2022,38.608870967741936
18097354900,Census Tract 3549; Marion County; Indiana,2022,13.65409622886866
18097355000,Census Tract 3550; Marion County; Indiana,2022,34.98293515358362
18097355100,Census Tract 3551; Marion County; Indiana,2022,18.734388009991672
18097355300,Census Tract 3553; Marion County; Indiana,2022,9.724349157733538
18097355400,Census Tract 3554; Marion County; Indiana,2022,26.387249114521843
18097355500,Census Tract 3555; Marion County; Indiana,2022,11.95388349514563
18097355600,Census Tract 3556; Marion County; Indiana,2022,13.746369796708615
18097355700,Census Tract 3557; Marion County; Indiana,2022,20.22653721682848
18097355900,Census Tract 3559; Marion County; Indiana,2022,24.548192771084334
18097356200,Census Tract 3562; Marion County; Indiana,2022,13.219616204690832
18097356400,Census Tract 3564; Marion County; Indiana,2022,15.577395577395578
18097356900,Census Tract 3569; Marion County; Indiana,2022,34.435049961568026
18097357000,Census Tract 3570; Marion County; Indiana,2022,27.73403324584427
18097357100,Census Tract 3571; Marion County; Indiana,2022,27.143981117230528
18097357200,Census Tract 3572; Marion County; Indiana,2022,32.32248520710059
18097357300,Census Tract 3573; Marion County; Indiana,2022,21.398124467178175
18097357400,Census Tract 3574; Marion County; Indiana,2022,11.57622739018088
18097357500,Census Tract 3575; Marion County; Indiana,2022,10.473457675753227
18097357601,Census Tract 3576.01; Marion County; Indiana,2022,19.825608077099588
18097357602,Census Tract 3576.02; Marion County; Indiana,2022,26.94214876033058
18097357800,Census Tract 3578; Marion County; Indiana,2022,29.36681222707423
18097357900,Census Tract 3579; Marion County; Indiana,2022,24.581307401404647
18097358000,Census Tract 3580; Marion County; Indiana,2022,16.779661016949152
18097358100,Census Tract 3581; Marion County; Indiana,2022,20.792880258899675
18097360101,Census Tract 3601.01; Marion County; Indiana,2022,18.39080459770115
18097360102,Census Tract 3601.02; Marion County; Indiana,2022,26.063418406805877
18097360201,Census Tract 3602.01; Marion County; Indiana,2022,5.491881566380134
18097360202,Census Tract 3602.02; Marion County; Indiana,2022,6.432246998284734
18097360301,Census Tract 3603.01; Marion County; Indiana,2022,2.3484848484848486
18097360302,Census Tract 3603.02; Marion County; Indiana,2022,21.308980213089804
18097360401,Census Tract 3604.01; Marion County; Indiana,2022,8.200068050357265
18097360402,Census Tract 3604.02; Marion County; Indiana,2022,4.7495682210708114
18097360405,Census Tract 3604.05; Marion County; Indiana,2022,3.252647503782148
18097360406,Census Tract 3604.06; Marion County; Indiana,2022,21.90144350423096
18097360407,Census Tract 3604.07; Marion County; Indiana,2022,9.363569861009507
18097360501,Census Tract 3605.01; Marion County; Indiana,2022,4.733492442322992
18097360502,Census Tract 3605.02; Marion County; Indiana,2022,13.025384935497296
18097360601,Census Tract 3606.01; Marion County; Indiana,2022,5.691462805791313
18097360602,Census Tract 3606.02; Marion County; Indiana,2022,5.862200228397412
18097360700,Census Tract 3607; Marion County; Indiana,2022,4.994450610432852
18097360800,Census Tract 3608; Marion County; Indiana,2022,16.64392905866303
18097360900,Census Tract 3609; Marion County; Indiana,2022,5.835649067090115
18097361000,Census Tract 3610; Marion County; Indiana,2022,2.761904761904762
18097361100,Census Tract 3611; Marion County; Indiana,2022,8.842350203606749
18097361200,Census Tract 3612; Marion County; Indiana,2022,11.478477854023703
18097361300,Census Tract 3613; Marion County; Indiana,2022,3.7433155080213902
18097361401,Census Tract 3614.01; Marion County; Indiana,2022,5.037037037037037
18097361402,Census Tract 3614.02; Marion County; Indiana,2022,7.094133697135061
18097361601,Census Tract 3616.01; Marion County; Indiana,2022,4.594978683088583
18097361602,Census Tract 3616.02; Marion County; Indiana,2022,0
18097370201,Census Tract 3702.01; Marion County; Indiana,2022,12.091503267973856
18097370203,Census Tract 3702.03; Marion County; Indiana,2022,3.10077519379845
18097370204,Census Tract 3702.04; Marion County; Indiana,2022,5.608667941363926
18097370303,Census Tract 3703.03; Marion County; Indiana,2022,3.5194174757281553
18097370304,Census Tract 3703.04; Marion County; Indiana,2022,4.341736694677871
18097370305,Census Tract 3703.05; Marion County; Indiana,2022,4.910242872228089
18097370306,Census Tract 3703.06; Marion County; Indiana,2022,0
18097380101,Census Tract 3801.01; Marion County; Indiana,2022,0
18097380102,Census Tract 3801.02; Marion County; Indiana,2022,0
18097380103,Census Tract 3801.03; Marion County; Indiana,2022,3.709625839462744
18097380200,Census Tract 3802; Marion County; Indiana,2022,8.212839791787161
18097380301,Census Tract 3803.01; Marion County; Indiana,2022,7.701564380264741
18097380302,Census Tract 3803.02; Marion County; Indiana,2022,35.26354862657758
18097380402,Census Tract 3804.02; Marion County; Indiana,2022,8.202294942626434
18097380403,Census Tract 3804.03; Marion County; Indiana,2022,7.630769230769231
18097380404,Census Tract 3804.04; Marion County; Indiana,2022,13.697164258962012
18097380501,Census Tract 3805.01; Marion County; Indiana,2022,13.035204567078972
18097380502,Census Tract 3805.02; Marion County; Indiana,2022,17.264008076728924
18097380600,Census Tract 3806; Marion County; Indiana,2022,9.812286689419794
18097380700,Census Tract 3807; Marion County; Indiana,2022,0
18097380800,Census Tract 3808; Marion County; Indiana,2022,4.584304584304585
18097380901,Census Tract 3809.01; Marion County; Indiana,2022,0.5091649694501018
18097380902,Census Tract 3809.02; Marion County; Indiana,2022,1.6257088846880907
18097381002,Census Tract 3810.02; Marion County; Indiana,2022,5.9405940594059405
18097381003,Census Tract 3810.03; Marion County; Indiana,2022,6.890243902439025
18097381004,Census Tract 3810.04; Marion County; Indiana,2022,10.42654028436019
18097381101,Census Tract 3811.01; Marion County; Indiana,2022,6.586826347305389
18097381102,Census Tract 3811.02; Marion County; Indiana,2022,1.8786127167630056
18097381203,Census Tract 3812.03; Marion County; Indiana,2022,12.509773260359657
18097381204,Census Tract 3812.04; Marion County; Indiana,2022,14.51793721973094
18097381205,Census Tract 3812.05; Marion County; Indiana,2022,3.006088280060883
18097381206,Census Tract 3812.06; Marion County; Indiana,2022,5.532359081419624
18097381207,Census Tract 3812.07; Marion County; Indiana,2022,0.9683666881859264
18097390102,Census Tract 3901.02; Marion County; Indiana,2022,4.095686843059079
18097390103,Census Tract 3901.03; Marion County; Indiana,2022,0
18097390104,Census Tract 3901.04; Marion County; Indiana,2022,3.375694996028594
18097390200,Census Tract 3902; Marion County; Indiana,2022,6.683804627249358
18097390300,Census Tract 3903; Marion County; Indiana,2022,5.648535564853557
18097390405,Census Tract 3904.05; Marion County; Indiana,2022,1.5218458517427589
18097390406,Census Tract 3904.06; Marion County; Indiana,2022,1.8216682646212847
18097390407,Census Tract 3904.07; Marion County; Indiana,2022,1.2863268222963316
18097390408,Census Tract 3904.08; Marion County; Indiana,2022,1.1302475780409045
18097390409,Census Tract 3904.09; Marion County; Indiana,2022,0
18097390410,Census Tract 3904.10; Marion County; Indiana,2022,0
18097390411,Census Tract 3904.11; Marion County; Indiana,2022,6.612995974698102
18097390500,Census Tract 3905; Marion County; Indiana,2022,24.462365591397848
18097390601,Census Tract 3906.01; Marion County; Indiana,2022,12.84080914687775
18097390602,Census Tract 3906.02; Marion County; Indiana,2022,1.0298661174047374
18097390700,Census Tract 3907; Marion County; Indiana,2022,22.171353826030085
18097390801,Census Tract 3908.01; Marion County; Indiana,2022,NA
18097390802,Census Tract 3908.02; Marion County; Indiana,2022,8.986731001206273
18097390900,Census Tract 3909; Marion County; Indiana,2022,17.02937976060936
18097391001,Census Tract 3910.01; Marion County; Indiana,2022,19.60431654676259
18097391002,Census Tract 3910.02; Marion County; Indiana,2022,8.685446009389672
18097310104,Census Tract 3101.04; Marion County; Indiana,2023,11.244239631336406
18097310105,Census Tract 3101.05; Marion County; Indiana,2023,2.6046986721144023
18097310106,Census Tract 3101.06; Marion County; Indiana,2023,1.6183986371379897
18097310108,Census Tract 3101.08; Marion County; Indiana,2023,2.3479831426851296
18097310110,Census Tract 3101.10; Marion County; Indiana,2023,6.850282485875706
18097310111,Census Tract 3101.11; Marion County; Indiana,2023,7.346690953248331
18097310112,Census Tract 3101.12; Marion County; Indiana,2023,2.853745541022592
18097310113,Census Tract 3101.13; Marion County; Indiana,2023,0
18097310201,Census Tract 3102.01; Marion County; Indiana,2023,6.400898371701292
18097310203,Census Tract 3102.03; Marion County; Indiana,2023,6.03258476442096
18097310204,Census Tract 3102.04; Marion County; Indiana,2023,3.287671232876712
18097310305,Census Tract 3103.05; Marion County; Indiana,2023,6.905099150141643
18097310306,Census Tract 3103.06; Marion County; Indiana,2023,5.493482309124767
18097310308,Census Tract 3103.08; Marion County; Indiana,2023,1.984126984126984
18097310309,Census Tract 3103.09; Marion County; Indiana,2023,12.761276127612762
18097310310,Census Tract 3103.10; Marion County; Indiana,2023,0
18097310311,Census Tract 3103.11; Marion County; Indiana,2023,3.297269448737764
18097310312,Census Tract 3103.12; Marion County; Indiana,2023,1.6909029421711197
18097320105,Census Tract 3201.05; Marion County; Indiana,2023,4.306459689534301
18097320106,Census Tract 3201.06; Marion County; Indiana,2023,4.913494809688581
18097320107,Census Tract 3201.07; Marion County; Indiana,2023,3.4482758620689653
18097320108,Census Tract 3201.08; Marion County; Indiana,2023,13.293885601577909
18097320109,Census Tract 3201.09; Marion County; Indiana,2023,1.8129079042784624
18097320202,Census Tract 3202.02; Marion County; Indiana,2023,13.49095966620306
18097320203,Census Tract 3202.03; Marion County; Indiana,2023,7.432788613600421
18097320205,Census Tract 3202.05; Marion County; Indiana,2023,20.71078431372549
18097320206,Census Tract 3202.06; Marion County; Indiana,2023,29.2722371967655
18097320301,Census Tract 3203.01; Marion County; Indiana,2023,2.738283307003686
18097320303,Census Tract 3203.03; Marion County; Indiana,2023,7.387735393529696
18097320305,Census Tract 3203.05; Marion County; Indiana,2023,0
18097320306,Census Tract 3203.06; Marion County; Indiana,2023,2.5412960609911055
18097320400,Census Tract 3204; Marion County; Indiana,2023,9.447300771208226
18097320500,Census Tract 3205; Marion County; Indiana,2023,8.00768737988469
18097320600,Census Tract 3206; Marion County; Indiana,2023,9.306409130816506
18097320700,Census Tract 3207; Marion County; Indiana,2023,8.695652173913043
18097320800,Census Tract 3208; Marion County; Indiana,2023,7.855459544383346
18097320901,Census Tract 3209.01; Marion County; Indiana,2023,3.228200371057514
18097320902,Census Tract 3209.02; Marion County; Indiana,2023,12.759643916913946
18097320903,Census Tract 3209.03; Marion County; Indiana,2023,16.701548765173712
18097321001,Census Tract 3210.01; Marion County; Indiana,2023,7.525951557093426
18097321002,Census Tract 3210.02; Marion County; Indiana,2023,8.771084337349398
18097321100,Census Tract 3211; Marion County; Indiana,2023,10.369487485101311
18097321200,Census Tract 3212; Marion County; Indiana,2023,9.082526509912402
18097321300,Census Tract 3213; Marion County; Indiana,2023,2.1489971346704873
18097321400,Census Tract 3214; Marion County; Indiana,2023,0
18097321600,Census Tract 3216; Marion County; Indiana,2023,9.444021325209444
18097321700,Census Tract 3217; Marion County; Indiana,2023,10.594795539033456
18097321800,Census Tract 3218; Marion County; Indiana,2023,5.689424364123159
18097321900,Census Tract 3219; Marion County; Indiana,2023,4.720692368214005
18097322000,Census Tract 3220; Marion County; Indiana,2023,18.16250663834307
18097322100,Census Tract 3221; Marion County; Indiana,2023,14.206642066420663
18097322200,Census Tract 3222; Marion County; Indiana,2023,1.2542759407069557
18097322300,Census Tract 3223; Marion County; Indiana,2023,10.46207497820401
18097322400,Census Tract 3224; Marion County; Indiana,2023,10.044642857142858
18097322500,Census Tract 3225; Marion County; Indiana,2023,19.791666666666668
18097322601,Census Tract 3226.01; Marion County; Indiana,2023,29.610580455547392
18097322602,Census Tract 3226.02; Marion County; Indiana,2023,7.300115874855156
18097322700,Census Tract 3227; Marion County; Indiana,2023,17.150635208711435
18097330103,Census Tract 3301.03; Marion County; Indiana,2023,7.930881701373504
18097330105,Census Tract 3301.05; Marion County; Indiana,2023,12.649510692279812
18097330106,Census Tract 3301.06; Marion County; Indiana,2023,17.739575713240672
18097330107,Census Tract 3301.07; Marion County; Indiana,2023,3.972366148531952
18097330108,Census Tract 3301.08; Marion County; Indiana,2023,1.2618296529968454
18097330109,Census Tract 3301.09; Marion County; Indiana,2023,2.238442822384428
18097330203,Census Tract 3302.03; Marion County; Indiana,2023,1.6376122556788166
18097330204,Census Tract 3302.04; Marion County; Indiana,2023,2.052919708029197
18097330206,Census Tract 3302.06; Marion County; Indiana,2023,1.8232044198895028
18097330208,Census Tract 3302.08; Marion County; Indiana,2023,3.450980392156863
18097330210,Census Tract 3302.10; Marion County; Indiana,2023,4.019488428745432
18097330211,Census Tract 3302.11; Marion County; Indiana,2023,11.291068949560389
18097330212,Census Tract 3302.12; Marion County; Indiana,2023,0.8291873963515755
18097330213,Census Tract 3302.13; Marion County; Indiana,2023,8.34386852085967
18097330401,Census Tract 3304.01; Marion County; Indiana,2023,4.776647501105705
18097330500,Census Tract 3305; Marion County; Indiana,2023,3.716090672612412
18097330600,Census Tract 3306; Marion County; Indiana,2023,6.988847583643123
18097330701,Census Tract 3307.01; Marion County; Indiana,2023,12.731871838111298
18097330702,Census Tract 3307.02; Marion County; Indiana,2023,3.675048355899419
18097330803,Census Tract 3308.03; Marion County; Indiana,2023,27.491886879925826
18097330804,Census Tract 3308.04; Marion County; Indiana,2023,13.083538083538084
18097330805,Census Tract 3308.05; Marion County; Indiana,2023,18.51851851851852
18097330806,Census Tract 3308.06; Marion County; Indiana,2023,11.38888888888889
18097330900,Census Tract 3309; Marion County; Indiana,2023,6.951871657754011
18097331000,Census Tract 3310; Marion County; Indiana,2023,12.793176972281447
18097340101,Census Tract 3401.01; Marion County; Indiana,2023,3.64663585002568
18097340102,Census Tract 3401.02; Marion County; Indiana,2023,10.9717868338558
18097340108,Census Tract 3401.08; Marion County; Indiana,2023,10.201342281879194
18097340111,Census Tract 3401.11; Marion County; Indiana,2023,1.3278855975485189
18097340112,Census Tract 3401.12; Marion County; Indiana,2023,11.550509005481596
18097340113,Census Tract 3401.13; Marion County; Indiana,2023,8.627678054429646
18097340114,Census Tract 3401.14; Marion County; Indiana,2023,1.730310262529833
18097340115,Census Tract 3401.15; Marion County; Indiana,2023,4.641485275288092
18097340201,Census Tract 3402.01; Marion County; Indiana,2023,2.490566037735849
18097340202,Census Tract 3402.02; Marion County; Indiana,2023,5.994152046783626
18097340301,Census Tract 3403.01; Marion County; Indiana,2023,13.2895816242822
18097340302,Census Tract 3403.02; Marion County; Indiana,2023,5.240410588870881
18097340400,Census Tract 3404; Marion County; Indiana,2023,10.182767624020888
18097340500,Census Tract 3405; Marion County; Indiana,2023,8.295964125560538
18097340600,Census Tract 3406; Marion County; Indiana,2023,15.62656015976036
18097340700,Census Tract 3407; Marion County; Indiana,2023,8.402291534054742
18097340800,Census Tract 3408; Marion County; Indiana,2023,6.6492829204693615
18097340901,Census Tract 3409.01; Marion County; Indiana,2023,3.968253968253968
18097340903,Census Tract 3409.03; Marion County; Indiana,2023,5.077452667814113
18097340904,Census Tract 3409.04; Marion County; Indiana,2023,8.1399921352733
18097341000,Census Tract 3410; Marion County; Indiana,2023,8.060453400503778
18097341100,Census Tract 3411; Marion County; Indiana,2023,14.86910994764398
18097341200,Census Tract 3412; Marion County; Indiana,2023,25.925925925925927
18097341600,Census Tract 3416; Marion County; Indiana,2023,14.02321083172147
18097341701,Census Tract 3417.01; Marion County; Indiana,2023,21.974248927038627
18097341702,Census Tract 3417.02; Marion County; Indiana,2023,5.949656750572083
18097341902,Census Tract 3419.02; Marion County; Indiana,2023,2.5897586815773983
18097341903,Census Tract 3419.03; Marion County; Indiana,2023,21.41405932547745
18097341904,Census Tract 3419.04; Marion County; Indiana,2023,6.075697211155378
18097342000,Census Tract 3420; Marion County; Indiana,2023,6.97463768115942
18097342101,Census Tract 3421.01; Marion County; Indiana,2023,4.772234273318872
18097342200,Census Tract 3422; Marion County; Indiana,2023,13.882352941176473
18097342300,Census Tract 3423; Marion County; Indiana,2023,9.40099833610649
18097342400,Census Tract 3424; Marion County; Indiana,2023,14.379084967320262
18097342500,Census Tract 3425; Marion County; Indiana,2023,5.2921719955898565
18097342600,Census Tract 3426; Marion County; Indiana,2023,25.547445255474457
18097350100,Census Tract 3501; Marion County; Indiana,2023,20.10178117048346
18097350300,Census Tract 3503; Marion County; Indiana,2023,22.566585956416464
18097350400,Census Tract 3504; Marion County; Indiana,2023,14.07884151246983
18097350500,Census Tract 3505; Marion County; Indiana,2023,22.96120348376881
18097350600,Census Tract 3506; Marion County; Indiana,2023,11.669184290030213
18097350700,Census Tract 3507; Marion County; Indiana,2023,14.517876489707476
18097350800,Census Tract 3508; Marion County; Indiana,2023,25.67215958369471
18097350900,Census Tract 3509; Marion County; Indiana,2023,15.141242937853107
18097351000,Census Tract 3510; Marion County; Indiana,2023,37
18097351200,Census Tract 3512; Marion County; Indiana,2023,17.498243148278284
18097351500,Census Tract 3515; Marion County; Indiana,2023,17.438921651221566
18097351600,Census Tract 3516; Marion County; Indiana,2023,5.944319036869827
18097351700,Census Tract 3517; Marion County; Indiana,2023,23.430702299564945
18097351900,Census Tract 3519; Marion County; Indiana,2023,10.699588477366255
18097352100,Census Tract 3521; Marion County; Indiana,2023,31.635388739946382
18097352300,Census Tract 3523; Marion County; Indiana,2023,18.498659517426272
18097352400,Census Tract 3524; Marion County; Indiana,2023,11.611219830397912
18097352500,Census Tract 3525; Marion County; Indiana,2023,5.656232839099396
18097352600,Census Tract 3526; Marion County; Indiana,2023,23.3
18097352700,Census Tract 3527; Marion County; Indiana,2023,23.045267489711936
18097352800,Census Tract 3528; Marion County; Indiana,2023,18.4
18097353300,Census Tract 3533; Marion County; Indiana,2023,20.46908315565032
18097353500,Census Tract 3535; Marion County; Indiana,2023,6.4753495217071375
18097353600,Census Tract 3536; Marion County; Indiana,2023,25.203252032520325
18097354201,Census Tract 3542.01; Marion County; Indiana,2023,9.452908587257618
18097354202,Census Tract 3542.02; Marion County; Indiana,2023,8.496978851963746
18097354400,Census Tract 3544; Marion County; Indiana,2023,19.655172413793103
18097354500,Census Tract 3545; Marion County; Indiana,2023,23.576512455516013
18097354700,Census Tract 3547; Marion County; Indiana,2023,25.054704595185996
18097354800,Census Tract 3548; Marion County; Indiana,2023,29.603960396039604
18097354900,Census Tract 3549; Marion County; Indiana,2023,12.443292287751134
18097355000,Census Tract 3550; Marion County; Indiana,2023,30.529054640069383
18097355100,Census Tract 3551; Marion County; Indiana,2023,16.538131962296486
18097355300,Census Tract 3553; Marion County; Indiana,2023,10.904872389791183
18097355400,Census Tract 3554; Marion County; Indiana,2023,24.69352014010508
18097355500,Census Tract 3555; Marion County; Indiana,2023,8.825319537431527
18097355600,Census Tract 3556; Marion County; Indiana,2023,14.818266542404473
18097355700,Census Tract 3557; Marion County; Indiana,2023,22.8328173374613
18097355900,Census Tract 3559; Marion County; Indiana,2023,18.332081141998497
18097356200,Census Tract 3562; Marion County; Indiana,2023,15.12770137524558
18097356400,Census Tract 3564; Marion County; Indiana,2023,14.908916586768935
18097356900,Census Tract 3569; Marion County; Indiana,2023,28.69429241594996
18097357000,Census Tract 3570; Marion County; Indiana,2023,17.004405286343612
18097357100,Census Tract 3571; Marion County; Indiana,2023,24.12213740458015
18097357200,Census Tract 3572; Marion County; Indiana,2023,23.2662192393736
18097357300,Census Tract 3573; Marion County; Indiana,2023,20.844564240790657
18097357400,Census Tract 3574; Marion County; Indiana,2023,14.23982869379015
18097357500,Census Tract 3575; Marion County; Indiana,2023,9.618104667609618
18097357601,Census Tract 3576.01; Marion County; Indiana,2023,18.863636363636363
18097357602,Census Tract 3576.02; Marion County; Indiana,2023,23.923444976076556
18097357800,Census Tract 3578; Marion County; Indiana,2023,23.562570462232244
18097357900,Census Tract 3579; Marion County; Indiana,2023,20.20364415862808
18097358000,Census Tract 3580; Marion County; Indiana,2023,14.23728813559322
18097358100,Census Tract 3581; Marion County; Indiana,2023,23.12651087832393
18097360101,Census Tract 3601.01; Marion County; Indiana,2023,17.76173285198556
18097360102,Census Tract 3601.02; Marion County; Indiana,2023,29.62962962962963
18097360201,Census Tract 3602.01; Marion County; Indiana,2023,7.492795389048991
18097360202,Census Tract 3602.02; Marion County; Indiana,2023,3.4111310592459607
18097360301,Census Tract 3603.01; Marion County; Indiana,2023,0
18097360302,Census Tract 3603.02; Marion County; Indiana,2023,15.6055900621118
18097360401,Census Tract 3604.01; Marion County; Indiana,2023,8.169491525423728
18097360402,Census Tract 3604.02; Marion County; Indiana,2023,6.9384215091066785
18097360405,Census Tract 3604.05; Marion County; Indiana,2023,3.643876784372652
18097360406,Census Tract 3604.06; Marion County; Indiana,2023,16.338582677165356
18097360407,Census Tract 3604.07; Marion County; Indiana,2023,7.106227106227106
18097360501,Census Tract 3605.01; Marion County; Indiana,2023,3.745928338762215
18097360502,Census Tract 3605.02; Marion County; Indiana,2023,13.322368421052632
18097360601,Census Tract 3606.01; Marion County; Indiana,2023,7.06605222734255
18097360602,Census Tract 3606.02; Marion County; Indiana,2023,5.510283275126116
18097360700,Census Tract 3607; Marion County; Indiana,2023,7.441860465116279
18097360800,Census Tract 3608; Marion County; Indiana,2023,21.37457044673539
18097360900,Census Tract 3609; Marion County; Indiana,2023,5.129240710823909
18097361000,Census Tract 3610; Marion County; Indiana,2023,3.536345776031434
18097361100,Census Tract 3611; Marion County; Indiana,2023,13.84062312762133
18097361200,Census Tract 3612; Marion County; Indiana,2023,9.48051948051948
18097361300,Census Tract 3613; Marion County; Indiana,2023,12.355555555555556
18097361401,Census Tract 3614.01; Marion County; Indiana,2023,8.567279767666989
18097361402,Census Tract 3614.02; Marion County; Indiana,2023,7.675244010647737
18097361601,Census Tract 3616.01; Marion County; Indiana,2023,5.726660250240616
18097361602,Census Tract 3616.02; Marion County; Indiana,2023,0
18097370201,Census Tract 3702.01; Marion County; Indiana,2023,12.107023411371236
18097370203,Census Tract 3702.03; Marion County; Indiana,2023,3.377110694183865
18097370204,Census Tract 3702.04; Marion County; Indiana,2023,3.686635944700461
18097370303,Census Tract 3703.03; Marion County; Indiana,2023,1.5987210231814548
18097370304,Census Tract 3703.04; Marion County; Indiana,2023,4.295774647887324
18097370305,Census Tract 3703.05; Marion County; Indiana,2023,6.032608695652174
18097370306,Census Tract 3703.06; Marion County; Indiana,2023,2.2289766970618032
18097380101,Census Tract 3801.01; Marion County; Indiana,2023,0
18097380102,Census Tract 3801.02; Marion County; Indiana,2023,2.6657060518731988
18097380103,Census Tract 3801.03; Marion County; Indiana,2023,6.098654708520179
18097380200,Census Tract 3802; Marion County; Indiana,2023,9.537407195888065
18097380301,Census Tract 3803.01; Marion County; Indiana,2023,5.835240274599542
18097380302,Census Tract 3803.02; Marion County; Indiana,2023,25.075075075075077
18097380402,Census Tract 3804.02; Marion County; Indiana,2023,11.82475542322416
18097380403,Census Tract 3804.03; Marion County; Indiana,2023,4.396984924623116
18097380404,Census Tract 3804.04; Marion County; Indiana,2023,8.5
18097380501,Census Tract 3805.01; Marion County; Indiana,2023,16.41929499072356
18097380502,Census Tract 3805.02; Marion County; Indiana,2023,18.177136972193615
18097380600,Census Tract 3806; Marion County; Indiana,2023,10.640920295809368
18097380700,Census Tract 3807; Marion County; Indiana,2023,0
18097380800,Census Tract 3808; Marion County; Indiana,2023,4.909365558912387
18097380901,Census Tract 3809.01; Marion County; Indiana,2023,1.9374068554396424
18097380902,Census Tract 3809.02; Marion County; Indiana,2023,0
18097381002,Census Tract 3810.02; Marion County; Indiana,2023,5.855855855855856
18097381003,Census Tract 3810.03; Marion County; Indiana,2023,6.828978622327791
18097381004,Census Tract 3810.04; Marion County; Indiana,2023,10.127314814814817
18097381101,Census Tract 3811.01; Marion County; Indiana,2023,7.113745831789552
18097381102,Census Tract 3811.02; Marion County; Indiana,2023,1.2725344644750796
18097381203,Census Tract 3812.03; Marion County; Indiana,2023,12.68368136117556
18097381204,Census Tract 3812.04; Marion County; Indiana,2023,15.651201788708777
18097381205,Census Tract 3812.05; Marion County; Indiana,2023,2.834763148079075
18097381206,Census Tract 3812.06; Marion County; Indiana,2023,4.843001596593933
18097381207,Census Tract 3812.07; Marion County; Indiana,2023,0.390625
18097390102,Census Tract 3901.02; Marion County; Indiana,2023,1.3577981651376148
18097390103,Census Tract 3901.03; Marion County; Indiana,2023,0
18097390104,Census Tract 3901.04; Marion County; Indiana,2023,2.5736665423349496
18097390200,Census Tract 3902; Marion County; Indiana,2023,6.160337552742616
18097390300,Census Tract 3903; Marion County; Indiana,2023,3.4482758620689653
18097390405,Census Tract 3904.05; Marion County; Indiana,2023,2.999016715830875
18097390406,Census Tract 3904.06; Marion County; Indiana,2023,3.609440074039796
18097390407,Census Tract 3904.07; Marion County; Indiana,2023,1.218369259606373
18097390408,Census Tract 3904.08; Marion County; Indiana,2023,1.0804970286331712
18097390409,Census Tract 3904.09; Marion County; Indiana,2023,0
18097390410,Census Tract 3904.10; Marion County; Indiana,2023,0
18097390411,Census Tract 3904.11; Marion County; Indiana,2023,12.551561579257513
18097390500,Census Tract 3905; Marion County; Indiana,2023,22.1399730820996
18097390601,Census Tract 3906.01; Marion County; Indiana,2023,15.952597994530535
18097390602,Census Tract 3906.02; Marion County; Indiana,2023,1.0390895596239484
18097390700,Census Tract 3907; Marion County; Indiana,2023,17.22488038277512
18097390801,Census Tract 3908.01; Marion County; Indiana,2023,NA
18097390802,Census Tract 3908.02; Marion County; Indiana,2023,13.171884229178971
18097390900,Census Tract 3909; Marion County; Indiana,2023,16.51855723993727
18097391001,Census Tract 3910.01; Marion County; Indiana,2023,27.946127946127945
18097391002,Census Tract 3910.02; Marion County; Indiana,2023,12.180267965895249
